date,asset_id,bid,ask,last,volume,market_cap_usd,source,event_type,precision_status,source_reference,observed_at,period_end,frequency
2021-09-30,rally-00mouton,,,13.5,0,27000.0,manual:chart_observation:exact:rally_app_chart,chart_observation,exact,Rally App,2021-09-30T00:00:00Z,2021-09-30,quarterly
2022-02-07,rally-00mouton,,,9.2,0,18400.0,manual:chart_observation:chart_estimate:rally_app_chart,chart_observation,chart_estimate,Rally App,2022-02-07T00:00:00Z,2021-12-31,quarterly
2022-03-31,rally-00mouton,,,12.35,0,24700.0,manual:chart_observation:exact:rally_app_chart,chart_observation,exact,Rally App,2022-03-31T00:00:00Z,2022-03-31,quarterly
2022-06-27,rally-00mouton,,,13.1,0,26200.0,manual:chart_observation:exact:rally_app_chart,chart_observation,exact,Rally App,2022-06-27T00:00:00Z,2022-06-30,quarterly
2022-09-29,rally-00mouton,,,14.0,0,28000.0,manual:chart_observation:exact:rally_app_chart,chart_observation,exact,Rally App,2022-09-29T00:00:00Z,2022-09-30,quarterly
2022-12-30,rally-00mouton,,,13.95,0,27900.0,manual:chart_observation:exact:rally_app_chart,chart_observation,exact,Rally App,2022-12-30T00:00:00Z,2022-12-31,quarterly
2023-03-30,rally-00mouton,,,13.4,0,26800.0,manual:chart_observation:exact:rally_app_chart,chart_observation,exact,Rally App,2023-03-30T00:00:00Z,2023-03-31,quarterly
2023-06-26,rally-00mouton,,,12.0,0,24000.0,manual:chart_observation:exact:rally_app_chart,chart_observation,exact,Rally App,2023-06-26T00:00:00Z,2023-06-30,quarterly
2023-09-28,rally-00mouton,,,13.5,0,27000.0,manual:chart_observation:exact:rally_app_chart,chart_observation,exact,Rally App,2023-09-28T00:00:00Z,2023-09-30,quarterly
2023-12-29,rally-00mouton,,,11.0,0,22000.0,manual:chart_observation:exact:rally_app_chart,chart_observation,exact,Rally App,2023-12-29T00:00:00Z,2023-12-31,quarterly
2024-03-28,rally-00mouton,,,13.0,0,26000.0,manual:chart_observation:exact:rally_app_chart,chart_observation,exact,Rally App,2024-03-28T00:00:00Z,2024-03-31,quarterly
2024-06-24,rally-00mouton,,,13.25,0,26500.0,manual:chart_observation:exact:rally_app_chart,chart_observation,exact,Rally App,2024-06-24T00:00:00Z,2024-06-30,quarterly
2024-09-26,rally-00mouton,,,11.0,0,22000.0,manual:chart_observation:exact:rally_app_chart,chart_observation,exact,Rally App,2024-09-26T00:00:00Z,2024-09-30,quarterly
2024-12-30,rally-00mouton,,,12.5,0,25000.0,manual:chart_observation:exact:rally_app_chart,chart_observation,exact,Rally App,2024-12-30T00:00:00Z,2024-12-31,quarterly
2025-03-27,rally-00mouton,,,11.75,0,23500.0,manual:chart_observation:exact:rally_app_chart,chart_observation,exact,Rally App,2025-03-27T00:00:00Z,2025-03-31,quarterly
2025-06-30,rally-00mouton,,,9.6,0,19200.0,manual:chart_observation:exact:rally_app_chart,chart_observation,exact,Rally App,2025-06-30T00:00:00Z,2025-06-30,quarterly
2025-09-25,rally-00mouton,,,9.4,0,18800.0,manual:chart_observation:exact:rally_app_chart,chart_observation,exact,Rally App,2025-09-25T00:00:00Z,2025-09-30,quarterly
2025-12-29,rally-00mouton,,,7.55,0,15100.0,manual:chart_observation:exact:rally_app_chart,chart_observation,exact,Rally App,2025-12-29T00:00:00Z,2025-12-31,quarterly
2026-03-26,rally-00mouton,,,7.85,0,15700.0,manual:chart_observation:exact:rally_app_chart,chart_observation,exact,Rally App,2026-03-26T00:00:00Z,2026-03-31,quarterly
2026-06-29,rally-00mouton,,,7.9,0,15800.0,manual:chart_observation:exact:rally_app_chart,chart_observation,exact,Rally App,2026-06-29T00:00:00Z,2026-06-30,quarterly
2021-04-20,rally-03tache,,,3.0,0,46800.0,manual:chart_observation:chart_estimate:rally_app_chart,chart_observation,chart_estimate,Rally App,2021-04-20T00:00:00Z,2021-03-31,quarterly
2021-06-25,rally-03tache,,,3.75,0,58500.0,manual:chart_observation:exact:rally_app_chart,chart_observation,exact,Rally App,2021-06-25T00:00:00Z,2021-06-30,quarterly
2021-09-10,rally-03tache,,,4.6,0,71760.0,manual:chart_observation:exact:rally_app_chart,chart_observation,exact,Rally App,2021-09-10T00:00:00Z,2021-09-30,quarterly
2022-02-14,rally-03tache,,,4.1,0,63960.0,manual:chart_observation:chart_estimate:rally_app_chart,chart_observation,chart_estimate,Rally App,2022-02-14T00:00:00Z,2022-03-31,quarterly
2022-06-30,rally-03tache,,,3.9,0,60840.0,manual:chart_observation:exact:rally_app_chart,chart_observation,exact,Rally App,2022-06-30T00:00:00Z,2022-06-30,quarterly
2022-09-26,rally-03tache,,,4.05,0,63180.0,manual:chart_observation:exact:rally_app_chart,chart_observation,exact,Rally App,2022-09-26T00:00:00Z,2022-09-30,quarterly
2022-12-29,rally-03tache,,,4.6,0,71760.0,manual:chart_observation:exact:rally_app_chart,chart_observation,exact,Rally App,2022-12-29T00:00:00Z,2022-12-31,quarterly
2023-03-27,rally-03tache,,,5.0,0,78000.0,manual:chart_observation:exact:rally_app_chart,chart_observation,exact,Rally App,2023-03-27T00:00:00Z,2023-03-31,quarterly
2023-06-29,rally-03tache,,,4.85,0,75660.0,manual:chart_observation:exact:rally_app_chart,chart_observation,exact,Rally App,2023-06-29T00:00:00Z,2023-06-30,quarterly
2023-09-25,rally-03tache,,,4.75,0,74100.0,manual:chart_observation:exact:rally_app_chart,chart_observation,exact,Rally App,2023-09-25T00:00:00Z,2023-09-30,quarterly
2023-12-28,rally-03tache,,,4.3,0,67080.0,manual:chart_observation:exact:rally_app_chart,chart_observation,exact,Rally App,2023-12-28T00:00:00Z,2023-12-31,quarterly
2024-03-25,rally-03tache,,,4.75,0,74100.0,manual:chart_observation:exact:rally_app_chart,chart_observation,exact,Rally App,2024-03-25T00:00:00Z,2024-03-31,quarterly
2024-06-27,rally-03tache,,,4.8,0,74880.0,manual:chart_observation:exact:rally_app_chart,chart_observation,exact,Rally App,2024-06-27T00:00:00Z,2024-06-30,quarterly
2024-09-30,rally-03tache,,,4.5,0,70200.0,manual:chart_observation:exact:rally_app_chart,chart_observation,exact,Rally App,2024-09-30T00:00:00Z,2024-09-30,quarterly
2024-12-26,rally-03tache,,,4.25,0,66300.0,manual:chart_observation:exact:rally_app_chart,chart_observation,exact,Rally App,2024-12-26T00:00:00Z,2024-12-31,quarterly
2025-03-31,rally-03tache,,,4.05,0,63180.0,manual:chart_observation:exact:rally_app_chart,chart_observation,exact,Rally App,2025-03-31T00:00:00Z,2025-03-31,quarterly
2025-06-26,rally-03tache,,,4.25,0,66300.0,manual:chart_observation:exact:rally_app_chart,chart_observation,exact,Rally App,2025-06-26T00:00:00Z,2025-06-30,quarterly
2025-09-29,rally-03tache,,,4.25,0,66300.0,manual:chart_observation:exact:rally_app_chart,chart_observation,exact,Rally App,2025-09-29T00:00:00Z,2025-09-30,quarterly
2025-12-31,rally-03tache,,,4.05,0,63180.0,manual:chart_observation:exact:rally_app_chart,chart_observation,exact,Rally App,2025-12-31T00:00:00Z,2025-12-31,quarterly
2026-03-30,rally-03tache,,,4.1,0,63960.0,manual:chart_observation:exact:rally_app_chart,chart_observation,exact,Rally App,2026-03-30T00:00:00Z,2026-03-31,quarterly
2026-06-25,rally-03tache,,,4.05,0,63180.0,manual:chart_observation:exact:rally_app_chart,chart_observation,exact,Rally App,2026-06-25T00:00:00Z,2026-06-30,quarterly
2020-12-22,rally-05latour,,,9.8,0,9800.0,manual:chart_observation:exact:rally_app_chart,chart_observation,exact,Rally App,2020-12-22T00:00:00Z,2020-12-31,quarterly
2021-02-25,rally-05latour,,,12.0,0,12000.0,manual:chart_observation:exact:rally_app_chart,chart_observation,exact,Rally App,2021-02-25T00:00:00Z,2021-03-31,quarterly
2021-07-20,rally-05latour,,,12.1,0,12100.0,manual:chart_observation:chart_estimate:rally_app_chart,chart_observation,chart_estimate,Rally App,2021-07-20T00:00:00Z,2021-06-30,quarterly
2021-09-27,rally-05latour,,,13.45,0,13450.0,manual:chart_observation:exact:rally_app_chart,chart_observation,exact,Rally App,2021-09-27T00:00:00Z,2021-09-30,quarterly
2022-01-31,rally-05latour,,,14.0,0,14000.0,manual:chart_observation:chart_estimate:rally_app_chart,chart_observation,chart_estimate,Rally App,2022-01-31T00:00:00Z,2021-12-31,quarterly
2022-03-31,rally-05latour,,,14.35,0,14350.0,manual:chart_observation:exact:rally_app_chart,chart_observation,exact,Rally App,2022-03-31T00:00:00Z,2022-03-31,quarterly
2022-06-30,rally-05latour,,,14.3,0,14300.0,manual:chart_observation:exact:rally_app_chart,chart_observation,exact,Rally App,2022-06-30T00:00:00Z,2022-06-30,quarterly
2022-09-29,rally-05latour,,,14.25,0,14250.0,manual:chart_observation:exact:rally_app_chart,chart_observation,exact,Rally App,2022-09-29T00:00:00Z,2022-09-30,quarterly
2022-12-29,rally-05latour,,,14.25,0,14250.0,manual:chart_observation:exact:rally_app_chart,chart_observation,exact,Rally App,2022-12-29T00:00:00Z,2022-12-31,quarterly
2023-03-30,rally-05latour,,,14.8,0,14800.0,manual:chart_observation:exact:rally_app_chart,chart_observation,exact,Rally App,2023-03-30T00:00:00Z,2023-03-31,quarterly
2023-06-29,rally-05latour,,,14.5,0,14500.0,manual:chart_observation:exact:rally_app_chart,chart_observation,exact,Rally App,2023-06-29T00:00:00Z,2023-06-30,quarterly
2023-09-28,rally-05latour,,,16.6,0,16600.0,manual:chart_observation:exact:rally_app_chart,chart_observation,exact,Rally App,2023-09-28T00:00:00Z,2023-09-30,quarterly
2023-12-28,rally-05latour,,,14.5,0,14500.0,manual:chart_observation:exact:rally_app_chart,chart_observation,exact,Rally App,2023-12-28T00:00:00Z,2023-12-31,quarterly
2024-03-28,rally-05latour,,,15.95,0,15950.0,manual:chart_observation:exact:rally_app_chart,chart_observation,exact,Rally App,2024-03-28T00:00:00Z,2024-03-31,quarterly
2024-06-28,rally-05latour,,,14.5,0,14500.0,manual:chart_observation:exact:rally_app_chart,chart_observation,exact,Rally App,2024-06-28T00:00:00Z,2024-06-30,quarterly
2024-09-27,rally-05latour,,,11.5,0,11500.0,manual:chart_observation:exact:rally_app_chart,chart_observation,exact,Rally App,2024-09-27T00:00:00Z,2024-09-30,quarterly
2024-12-27,rally-05latour,,,15.95,0,15950.0,manual:chart_observation:exact:rally_app_chart,chart_observation,exact,Rally App,2024-12-27T00:00:00Z,2024-12-31,quarterly
2025-03-28,rally-05latour,,,15.9,0,15900.0,manual:chart_observation:exact:rally_app_chart,chart_observation,exact,Rally App,2025-03-28T00:00:00Z,2025-03-31,quarterly
2025-06-27,rally-05latour,,,15.9,0,15900.0,manual:chart_observation:exact:rally_app_chart,chart_observation,exact,Rally App,2025-06-27T00:00:00Z,2025-06-30,quarterly
2025-09-26,rally-05latour,,,12.35,0,12350.0,manual:chart_observation:exact:rally_app_chart,chart_observation,exact,Rally App,2025-09-26T00:00:00Z,2025-09-30,quarterly
2025-12-26,rally-05latour,,,12.35,0,12350.0,manual:chart_observation:exact:rally_app_chart,chart_observation,exact,Rally App,2025-12-26T00:00:00Z,2025-12-31,quarterly
2026-03-27,rally-05latour,,,12.35,0,12350.0,manual:chart_observation:exact:rally_app_chart,chart_observation,exact,Rally App,2026-03-27T00:00:00Z,2026-03-31,quarterly
2026-06-26,rally-05latour,,,12.35,0,12350.0,manual:chart_observation:exact:rally_app_chart,chart_observation,exact,Rally App,2026-06-26T00:00:00Z,2026-06-30,quarterly
2021-03-16,rally-06brm,,,7.9,0,14615.0,manual:chart_observation:exact:rally_app_chart,chart_observation,exact,Rally App,2021-03-16T00:00:00Z,2021-03-31,quarterly
2021-08-20,rally-06brm,,,9.95,0,18408.0,manual:chart_observation:chart_estimate:rally_app_chart,chart_observation,chart_estimate,Rally App,2021-08-20T00:00:00Z,2021-09-30,quarterly
2022-01-18,rally-06brm,,,9.75,0,18038.0,manual:chart_observation:chart_estimate:rally_app_chart,chart_observation,chart_estimate,Rally App,2022-01-18T00:00:00Z,2021-12-31,quarterly
2022-03-25,rally-06brm,,,8.75,0,16188.0,manual:chart_observation:exact:rally_app_chart,chart_observation,exact,Rally App,2022-03-25T00:00:00Z,2022-03-31,quarterly
2022-06-27,rally-06brm,,,7.5,0,13875.0,manual:chart_observation:exact:rally_app_chart,chart_observation,exact,Rally App,2022-06-27T00:00:00Z,2022-06-30,quarterly
2022-09-28,rally-06brm,,,8.0,0,14800.0,manual:chart_observation:exact:rally_app_chart,chart_observation,exact,Rally App,2022-09-28T00:00:00Z,2022-09-30,quarterly
2022-12-30,rally-06brm,,,9.0,0,16650.0,manual:chart_observation:exact:rally_app_chart,chart_observation,exact,Rally App,2022-12-30T00:00:00Z,2022-12-31,quarterly
2023-03-27,rally-06brm,,,9.0,0,16650.0,manual:chart_observation:exact:rally_app_chart,chart_observation,exact,Rally App,2023-03-27T00:00:00Z,2023-03-31,quarterly
2023-06-29,rally-06brm,,,8.0,0,14800.0,manual:chart_observation:exact:rally_app_chart,chart_observation,exact,Rally App,2023-06-29T00:00:00Z,2023-06-30,quarterly
2023-09-29,rally-06brm,,,8.9,0,16465.0,manual:chart_observation:exact:rally_app_chart,chart_observation,exact,Rally App,2023-09-29T00:00:00Z,2023-09-30,quarterly
2023-12-29,rally-06brm,,,7.35,0,13598.0,manual:chart_observation:exact:rally_app_chart,chart_observation,exact,Rally App,2023-12-29T00:00:00Z,2023-12-31,quarterly
2024-03-28,rally-06brm,,,8.75,0,16188.0,manual:chart_observation:exact:rally_app_chart,chart_observation,exact,Rally App,2024-03-28T00:00:00Z,2024-03-31,quarterly
2024-06-24,rally-06brm,,,8.75,0,16188.0,manual:chart_observation:exact:rally_app_chart,chart_observation,exact,Rally App,2024-06-24T00:00:00Z,2024-06-30,quarterly
2024-09-25,rally-06brm,,,8.5,0,15725.0,manual:chart_observation:exact:rally_app_chart,chart_observation,exact,Rally App,2024-09-25T00:00:00Z,2024-09-30,quarterly
2024-12-27,rally-06brm,,,8.65,0,16003.0,manual:chart_observation:exact:rally_app_chart,chart_observation,exact,Rally App,2024-12-27T00:00:00Z,2024-12-31,quarterly
2025-03-31,rally-06brm,,,8.65,0,16003.0,manual:chart_observation:exact:rally_app_chart,chart_observation,exact,Rally App,2025-03-31T00:00:00Z,2025-03-31,quarterly
2025-06-25,rally-06brm,,,8.6,0,15910.0,manual:chart_observation:exact:rally_app_chart,chart_observation,exact,Rally App,2025-06-25T00:00:00Z,2025-06-30,quarterly
2025-09-26,rally-06brm,,,5.7,0,10545.0,manual:chart_observation:exact:rally_app_chart,chart_observation,exact,Rally App,2025-09-26T00:00:00Z,2025-09-30,quarterly
2025-12-29,rally-06brm,,,5.8,0,10730.0,manual:chart_observation:exact:rally_app_chart,chart_observation,exact,Rally App,2025-12-29T00:00:00Z,2025-12-31,quarterly
2026-03-26,rally-06brm,,,8.25,0,15263.0,manual:chart_observation:exact:rally_app_chart,chart_observation,exact,Rally App,2026-03-26T00:00:00Z,2026-03-31,quarterly
2026-06-26,rally-06brm,,,8.25,0,15263.0,manual:chart_observation:exact:rally_app_chart,chart_observation,exact,Rally App,2026-06-26T00:00:00Z,2026-06-30,quarterly
2021-05-19,rally-09beaux,,,3.65,0,24820.0,manual:chart_observation:exact:rally_app_chart,chart_observation,exact,Rally App,2021-05-19T00:00:00Z,2021-06-30,quarterly
2021-08-10,rally-09beaux,,,4.65,0,31620.0,manual:chart_observation:exact:rally_app_chart,chart_observation,exact,Rally App,2021-08-10T00:00:00Z,2021-09-30,quarterly
2021-11-03,rally-09beaux,,,6.8,0,46240.0,manual:chart_observation:chart_estimate:rally_app_chart,chart_observation,chart_estimate,Rally App,2021-11-03T00:00:00Z,2021-12-31,quarterly
2022-03-29,rally-09beaux,,,6.4,0,43520.0,manual:chart_observation:exact:rally_app_chart,chart_observation,exact,Rally App,2022-03-29T00:00:00Z,2022-03-31,quarterly
2022-06-29,rally-09beaux,,,4.8,0,32640.0,manual:chart_observation:exact:rally_app_chart,chart_observation,exact,Rally App,2022-06-29T00:00:00Z,2022-06-30,quarterly
2022-09-29,rally-09beaux,,,5.95,0,40460.0,manual:chart_observation:exact:rally_app_chart,chart_observation,exact,Rally App,2022-09-29T00:00:00Z,2022-09-30,quarterly
2022-12-30,rally-09beaux,,,4.45,0,30260.0,manual:chart_observation:exact:rally_app_chart,chart_observation,exact,Rally App,2022-12-30T00:00:00Z,2022-12-31,quarterly
2023-03-31,rally-09beaux,,,7.0,0,47600.0,manual:chart_observation:exact:rally_app_chart,chart_observation,exact,Rally App,2023-03-31T00:00:00Z,2023-03-31,quarterly
2023-06-26,rally-09beaux,,,7.35,0,49980.0,manual:chart_observation:exact:rally_app_chart,chart_observation,exact,Rally App,2023-06-26T00:00:00Z,2023-06-30,quarterly
2023-09-26,rally-09beaux,,,6.9,0,46920.0,manual:chart_observation:exact:rally_app_chart,chart_observation,exact,Rally App,2023-09-26T00:00:00Z,2023-09-30,quarterly
2023-12-27,rally-09beaux,,,6.75,0,45900.0,manual:chart_observation:exact:rally_app_chart,chart_observation,exact,Rally App,2023-12-27T00:00:00Z,2023-12-31,quarterly
2024-03-28,rally-09beaux,,,6.75,0,45900.0,manual:chart_observation:exact:rally_app_chart,chart_observation,exact,Rally App,2024-03-28T00:00:00Z,2024-03-31,quarterly
2024-06-28,rally-09beaux,,,6.3,0,42840.0,manual:chart_observation:exact:rally_app_chart,chart_observation,exact,Rally App,2024-06-28T00:00:00Z,2024-06-30,quarterly
2024-09-27,rally-09beaux,,,6.35,0,43180.0,manual:chart_observation:exact:rally_app_chart,chart_observation,exact,Rally App,2024-09-27T00:00:00Z,2024-09-30,quarterly
2024-12-30,rally-09beaux,,,6.1,0,41480.0,manual:chart_observation:exact:rally_app_chart,chart_observation,exact,Rally App,2024-12-30T00:00:00Z,2024-12-31,quarterly
2025-03-31,rally-09beaux,,,6.1,0,41480.0,manual:chart_observation:exact:rally_app_chart,chart_observation,exact,Rally App,2025-03-31T00:00:00Z,2025-03-31,quarterly
2025-06-25,rally-09beaux,,,5.8,0,39440.0,manual:chart_observation:exact:rally_app_chart,chart_observation,exact,Rally App,2025-06-25T00:00:00Z,2025-06-30,quarterly
2025-09-25,rally-09beaux,,,6.65,0,45220.0,manual:chart_observation:exact:rally_app_chart,chart_observation,exact,Rally App,2025-09-25T00:00:00Z,2025-09-30,quarterly
2025-12-31,rally-09beaux,,,5.45,0,37060.0,manual:chart_observation:exact:rally_app_chart,chart_observation,exact,Rally App,2025-12-31T00:00:00Z,2025-12-31,quarterly
2026-03-27,rally-09beaux,,,5.4,0,36720.0,manual:chart_observation:exact:rally_app_chart,chart_observation,exact,Rally App,2026-03-27T00:00:00Z,2026-03-31,quarterly
2026-06-29,rally-09beaux,,,5.4,0,36720.0,manual:chart_observation:exact:rally_app_chart,chart_observation,exact,Rally App,2026-06-29T00:00:00Z,2026-06-30,quarterly
2022-02-07,rally-09rbleroy,,,18.5,0,79550.0,manual:chart_observation:chart_estimate:rally_app_chart,chart_observation,chart_estimate,Rally App,2022-02-07T00:00:00Z,2021-12-31,quarterly
2022-03-30,rally-09rbleroy,,,19.5,0,83850.0,manual:chart_observation:exact:rally_app_chart,chart_observation,exact,Rally App,2022-03-30T00:00:00Z,2022-03-31,quarterly
2022-06-27,rally-09rbleroy,,,19.25,0,82775.0,manual:chart_observation:exact:rally_app_chart,chart_observation,exact,Rally App,2022-06-27T00:00:00Z,2022-06-30,quarterly
2022-09-27,rally-09rbleroy,,,20.0,0,86000.0,manual:chart_observation:exact:rally_app_chart,chart_observation,exact,Rally App,2022-09-27T00:00:00Z,2022-09-30,quarterly
2022-12-29,rally-09rbleroy,,,20.5,0,88150.0,manual:chart_observation:exact:rally_app_chart,chart_observation,exact,Rally App,2022-12-29T00:00:00Z,2022-12-31,quarterly
2023-03-27,rally-09rbleroy,,,20.5,0,88150.0,manual:chart_observation:exact:rally_app_chart,chart_observation,exact,Rally App,2023-03-27T00:00:00Z,2023-03-31,quarterly
2023-06-27,rally-09rbleroy,,,20.5,0,88150.0,manual:chart_observation:exact:rally_app_chart,chart_observation,exact,Rally App,2023-06-27T00:00:00Z,2023-06-30,quarterly
2023-09-28,rally-09rbleroy,,,22.0,0,94600.0,manual:chart_observation:exact:rally_app_chart,chart_observation,exact,Rally App,2023-09-28T00:00:00Z,2023-09-30,quarterly
2023-12-29,rally-09rbleroy,,,19.5,0,83850.0,manual:chart_observation:exact:rally_app_chart,chart_observation,exact,Rally App,2023-12-29T00:00:00Z,2023-12-31,quarterly
2024-03-26,rally-09rbleroy,,,22.85,0,98255.0,manual:chart_observation:exact:rally_app_chart,chart_observation,exact,Rally App,2024-03-26T00:00:00Z,2024-03-31,quarterly
2024-06-27,rally-09rbleroy,,,22.0,0,94600.0,manual:chart_observation:exact:rally_app_chart,chart_observation,exact,Rally App,2024-06-27T00:00:00Z,2024-06-30,quarterly
2024-09-27,rally-09rbleroy,,,22.0,0,94600.0,manual:chart_observation:exact:rally_app_chart,chart_observation,exact,Rally App,2024-09-27T00:00:00Z,2024-09-30,quarterly
2024-12-30,rally-09rbleroy,,,22.65,0,97395.0,manual:chart_observation:exact:rally_app_chart,chart_observation,exact,Rally App,2024-12-30T00:00:00Z,2024-12-31,quarterly
2025-03-27,rally-09rbleroy,,,22.0,0,94600.0,manual:chart_observation:exact:rally_app_chart,chart_observation,exact,Rally App,2025-03-27T00:00:00Z,2025-03-31,quarterly
2025-06-27,rally-09rbleroy,,,21.0,0,90300.0,manual:chart_observation:exact:rally_app_chart,chart_observation,exact,Rally App,2025-06-27T00:00:00Z,2025-06-30,quarterly
2025-09-29,rally-09rbleroy,,,21.0,0,90300.0,manual:chart_observation:exact:rally_app_chart,chart_observation,exact,Rally App,2025-09-29T00:00:00Z,2025-09-30,quarterly
2025-12-31,rally-09rbleroy,,,20.75,0,89225.0,manual:chart_observation:exact:rally_app_chart,chart_observation,exact,Rally App,2025-12-31T00:00:00Z,2025-12-31,quarterly
2026-03-30,rally-09rbleroy,,,19.85,0,85355.0,manual:chart_observation:exact:rally_app_chart,chart_observation,exact,Rally App,2026-03-30T00:00:00Z,2026-03-31,quarterly
2026-06-30,rally-09rbleroy,,,21.0,0,90300.0,manual:chart_observation:exact:rally_app_chart,chart_observation,exact,Rally App,2026-06-30T00:00:00Z,2026-06-30,quarterly
2021-07-07,rally-11belair,,,9.5,0,19000.0,manual:chart_observation:chart_estimate:rally_app_chart,chart_observation,chart_estimate,Rally App,2021-07-07T00:00:00Z,2021-06-30,quarterly
2021-09-21,rally-11belair,,,9.0,0,18000.0,manual:chart_observation:exact:rally_app_chart,chart_observation,exact,Rally App,2021-09-21T00:00:00Z,2021-09-30,quarterly
2022-03-31,rally-11belair,,,8.5,0,17000.0,manual:chart_observation:chart_estimate:rally_app_chart,chart_observation,chart_estimate,Rally App,2022-03-31T00:00:00Z,2021-12-31,quarterly
2022-03-31,rally-11belair,,,8.5,0,17000.0,manual:chart_observation:exact:rally_app_chart,chart_observation,exact,Rally App,2022-03-31T00:00:00Z,2022-03-31,quarterly
2022-06-28,rally-11belair,,,9.0,0,18000.0,manual:chart_observation:exact:rally_app_chart,chart_observation,exact,Rally App,2022-06-28T00:00:00Z,2022-06-30,quarterly
2022-09-30,rally-11belair,,,9.0,0,18000.0,manual:chart_observation:exact:rally_app_chart,chart_observation,exact,Rally App,2022-09-30T00:00:00Z,2022-09-30,quarterly
2022-12-29,rally-11belair,,,8.6,0,17200.0,manual:chart_observation:exact:rally_app_chart,chart_observation,exact,Rally App,2022-12-29T00:00:00Z,2022-12-31,quarterly
2023-03-28,rally-11belair,,,9.05,0,18100.0,manual:chart_observation:exact:rally_app_chart,chart_observation,exact,Rally App,2023-03-28T00:00:00Z,2023-03-31,quarterly
2023-06-30,rally-11belair,,,9.5,0,19000.0,manual:chart_observation:exact:rally_app_chart,chart_observation,exact,Rally App,2023-06-30T00:00:00Z,2023-06-30,quarterly
2023-09-28,rally-11belair,,,9.7,0,19400.0,manual:chart_observation:exact:rally_app_chart,chart_observation,exact,Rally App,2023-09-28T00:00:00Z,2023-09-30,quarterly
2023-12-29,rally-11belair,,,8.0,0,16000.0,manual:chart_observation:exact:rally_app_chart,chart_observation,exact,Rally App,2023-12-29T00:00:00Z,2023-12-31,quarterly
2024-03-25,rally-11belair,,,9.5,0,19000.0,manual:chart_observation:exact:rally_app_chart,chart_observation,exact,Rally App,2024-03-25T00:00:00Z,2024-03-31,quarterly
2024-06-28,rally-11belair,,,9.25,0,18500.0,manual:chart_observation:exact:rally_app_chart,chart_observation,exact,Rally App,2024-06-28T00:00:00Z,2024-06-30,quarterly
2024-09-25,rally-11belair,,,8.5,0,17000.0,manual:chart_observation:exact:rally_app_chart,chart_observation,exact,Rally App,2024-09-25T00:00:00Z,2024-09-30,quarterly
2024-12-30,rally-11belair,,,8.25,0,16500.0,manual:chart_observation:exact:rally_app_chart,chart_observation,exact,Rally App,2024-12-30T00:00:00Z,2024-12-31,quarterly
2025-03-28,rally-11belair,,,7.75,0,15500.0,manual:chart_observation:exact:rally_app_chart,chart_observation,exact,Rally App,2025-03-28T00:00:00Z,2025-03-31,quarterly
2025-06-25,rally-11belair,,,8.75,0,17500.0,manual:chart_observation:exact:rally_app_chart,chart_observation,exact,Rally App,2025-06-25T00:00:00Z,2025-06-30,quarterly
2025-09-29,rally-11belair,,,9.0,0,18000.0,manual:chart_observation:exact:rally_app_chart,chart_observation,exact,Rally App,2025-09-29T00:00:00Z,2025-09-30,quarterly
2025-12-31,rally-11belair,,,9.0,0,18000.0,manual:chart_observation:exact:rally_app_chart,chart_observation,exact,Rally App,2025-12-31T00:00:00Z,2025-12-31,quarterly
2026-03-31,rally-11belair,,,8.5,0,17000.0,manual:chart_observation:exact:rally_app_chart,chart_observation,exact,Rally App,2026-03-31T00:00:00Z,2026-03-31,quarterly
2026-06-29,rally-11belair,,,8.5,0,17000.0,manual:chart_observation:exact:rally_app_chart,chart_observation,exact,Rally App,2026-06-29T00:00:00Z,2026-06-30,quarterly
2021-02-23,rally-13beaux,,,5.0,0,25500.0,manual:chart_observation:exact:rally_app_chart,chart_observation,exact,Rally App,2021-02-23T00:00:00Z,2021-03-31,quarterly
2021-05-11,rally-13beaux,,,3.7,0,18870.0,manual:chart_observation:exact:rally_app_chart,chart_observation,exact,Rally App,2021-05-11T00:00:00Z,2021-06-30,quarterly
2021-10-04,rally-13beaux,,,6.5,0,33150.0,manual:chart_observation:exact:rally_app_chart,chart_observation,exact,Rally App,2021-10-04T00:00:00Z,2021-09-30,quarterly
2022-01-03,rally-13beaux,,,7.0,0,35700.0,manual:chart_observation:exact:rally_app_chart,chart_observation,exact,Rally App,2022-01-03T00:00:00Z,2021-12-31,quarterly
2022-03-30,rally-13beaux,,,6.75,0,34425.0,manual:chart_observation:exact:rally_app_chart,chart_observation,exact,Rally App,2022-03-30T00:00:00Z,2022-03-31,quarterly
2022-06-27,rally-13beaux,,,6.0,0,30600.0,manual:chart_observation:exact:rally_app_chart,chart_observation,exact,Rally App,2022-06-27T00:00:00Z,2022-06-30,quarterly
2022-09-29,rally-13beaux,,,6.85,0,34935.0,manual:chart_observation:exact:rally_app_chart,chart_observation,exact,Rally App,2022-09-29T00:00:00Z,2022-09-30,quarterly
2022-12-27,rally-13beaux,,,6.85,0,34935.0,manual:chart_observation:exact:rally_app_chart,chart_observation,exact,Rally App,2022-12-27T00:00:00Z,2022-12-31,quarterly
2023-03-30,rally-13beaux,,,10.7,0,54570.0,manual:chart_observation:exact:rally_app_chart,chart_observation,exact,Rally App,2023-03-30T00:00:00Z,2023-03-31,quarterly
2023-06-27,rally-13beaux,,,9.5,0,48450.0,manual:chart_observation:exact:rally_app_chart,chart_observation,exact,Rally App,2023-06-27T00:00:00Z,2023-06-30,quarterly
2023-09-29,rally-13beaux,,,9.3,0,47430.0,manual:chart_observation:exact:rally_app_chart,chart_observation,exact,Rally App,2023-09-29T00:00:00Z,2023-09-30,quarterly
2023-12-29,rally-13beaux,,,7.95,0,40545.0,manual:chart_observation:exact:rally_app_chart,chart_observation,exact,Rally App,2023-12-29T00:00:00Z,2023-12-31,quarterly
2024-03-28,rally-13beaux,,,9.0,0,45900.0,manual:chart_observation:exact:rally_app_chart,chart_observation,exact,Rally App,2024-03-28T00:00:00Z,2024-03-31,quarterly
2024-06-26,rally-13beaux,,,8.8,0,44880.0,manual:chart_observation:exact:rally_app_chart,chart_observation,exact,Rally App,2024-06-26T00:00:00Z,2024-06-30,quarterly
2024-09-30,rally-13beaux,,,8.45,0,43095.0,manual:chart_observation:exact:rally_app_chart,chart_observation,exact,Rally App,2024-09-30T00:00:00Z,2024-09-30,quarterly
2024-12-26,rally-13beaux,,,8.1,0,41310.0,manual:chart_observation:exact:rally_app_chart,chart_observation,exact,Rally App,2024-12-26T00:00:00Z,2024-12-31,quarterly
2025-03-31,rally-13beaux,,,7.95,0,40545.0,manual:chart_observation:exact:rally_app_chart,chart_observation,exact,Rally App,2025-03-31T00:00:00Z,2025-03-31,quarterly
2025-06-27,rally-13beaux,,,7.4,0,37740.0,manual:chart_observation:exact:rally_app_chart,chart_observation,exact,Rally App,2025-06-27T00:00:00Z,2025-06-30,quarterly
2025-09-29,rally-13beaux,,,7.5,0,38250.0,manual:chart_observation:exact:rally_app_chart,chart_observation,exact,Rally App,2025-09-29T00:00:00Z,2025-09-30,quarterly
2025-12-26,rally-13beaux,,,7.1,0,36210.0,manual:chart_observation:exact:rally_app_chart,chart_observation,exact,Rally App,2025-12-26T00:00:00Z,2025-12-31,quarterly
2026-03-31,rally-13beaux,,,7.9,0,40290.0,manual:chart_observation:exact:rally_app_chart,chart_observation,exact,Rally App,2026-03-31T00:00:00Z,2026-03-31,quarterly
2026-06-26,rally-13beaux,,,7.8,0,39780.0,manual:chart_observation:exact:rally_app_chart,chart_observation,exact,Rally App,2026-06-26T00:00:00Z,2026-06-30,quarterly
2020-12-22,rally-14drc,,,54.0,0,54000.0,manual:chart_observation:exact:rally_app_chart,chart_observation,exact,Rally App,2020-12-22T00:00:00Z,2020-12-31,quarterly
2021-03-04,rally-14drc,,,50.0,0,50000.0,manual:chart_observation:exact:rally_app_chart,chart_observation,exact,Rally App,2021-03-04T00:00:00Z,2021-03-31,quarterly
2021-05-21,rally-14drc,,,38.0,0,38000.0,manual:chart_observation:exact:rally_app_chart,chart_observation,exact,Rally App,2021-05-21T00:00:00Z,2021-06-30,quarterly
2021-08-13,rally-14drc,,,41.0,0,41000.0,manual:chart_observation:exact:rally_app_chart,chart_observation,exact,Rally App,2021-08-13T00:00:00Z,2021-09-30,quarterly
2021-11-11,rally-14drc,,,54.05,0,54050.0,manual:chart_observation:exact:rally_app_chart,chart_observation,exact,Rally App,2021-11-11T00:00:00Z,2021-12-31,quarterly
2022-03-30,rally-14drc,,,51.0,0,51000.0,manual:chart_observation:exact:rally_app_chart,chart_observation,exact,Rally App,2022-03-30T00:00:00Z,2022-03-31,quarterly
2022-06-29,rally-14drc,,,43.25,0,43250.0,manual:chart_observation:exact:rally_app_chart,chart_observation,exact,Rally App,2022-06-29T00:00:00Z,2022-06-30,quarterly
2022-09-28,rally-14drc,,,47.55,0,47550.0,manual:chart_observation:exact:rally_app_chart,chart_observation,exact,Rally App,2022-09-28T00:00:00Z,2022-09-30,quarterly
2022-12-28,rally-14drc,,,49.3,0,49300.0,manual:chart_observation:exact:rally_app_chart,chart_observation,exact,Rally App,2022-12-28T00:00:00Z,2022-12-31,quarterly
2023-03-29,rally-14drc,,,54.0,0,54000.0,manual:chart_observation:exact:rally_app_chart,chart_observation,exact,Rally App,2023-03-29T00:00:00Z,2023-03-31,quarterly
2023-06-28,rally-14drc,,,53.85,0,53850.0,manual:chart_observation:exact:rally_app_chart,chart_observation,exact,Rally App,2023-06-28T00:00:00Z,2023-06-30,quarterly
2023-09-27,rally-14drc,,,53.0,0,53000.0,manual:chart_observation:exact:rally_app_chart,chart_observation,exact,Rally App,2023-09-27T00:00:00Z,2023-09-30,quarterly
2023-12-29,rally-14drc,,,49.35,0,49350.0,manual:chart_observation:exact:rally_app_chart,chart_observation,exact,Rally App,2023-12-29T00:00:00Z,2023-12-31,quarterly
2024-03-27,rally-14drc,,,59.0,0,59000.0,manual:chart_observation:chart_estimate:rally_app_chart,chart_observation,chart_estimate,Rally App,2024-03-27T00:00:00Z,2024-03-31,quarterly
2024-06-26,rally-14drc,,,58.5,0,58500.0,manual:chart_observation:exact:rally_app_chart,chart_observation,exact,Rally App,2024-06-26T00:00:00Z,2024-06-30,quarterly
2024-09-25,rally-14drc,,,56.5,0,56500.0,manual:chart_observation:exact:rally_app_chart,chart_observation,exact,Rally App,2024-09-25T00:00:00Z,2024-09-30,quarterly
2024-12-31,rally-14drc,,,57.0,0,57000.0,manual:chart_observation:exact:rally_app_chart,chart_observation,exact,Rally App,2024-12-31T00:00:00Z,2024-12-31,quarterly
2025-03-26,rally-14drc,,,57.0,0,57000.0,manual:chart_observation:exact:rally_app_chart,chart_observation,exact,Rally App,2025-03-26T00:00:00Z,2025-03-31,quarterly
2025-06-25,rally-14drc,,,54.9,0,54900.0,manual:chart_observation:exact:rally_app_chart,chart_observation,exact,Rally App,2025-06-25T00:00:00Z,2025-06-30,quarterly
2025-09-24,rally-14drc,,,54.0,0,54000.0,manual:chart_observation:exact:rally_app_chart,chart_observation,exact,Rally App,2025-09-24T00:00:00Z,2025-09-30,quarterly
2025-12-31,rally-14drc,,,52.25,0,52250.0,manual:chart_observation:exact:rally_app_chart,chart_observation,exact,Rally App,2025-12-31T00:00:00Z,2025-12-31,quarterly
2026-03-25,rally-14drc,,,52.25,0,52250.0,manual:chart_observation:exact:rally_app_chart,chart_observation,exact,Rally App,2026-03-25T00:00:00Z,2026-03-31,quarterly
2026-06-24,rally-14drc,,,52.2,0,52200.0,manual:chart_observation:exact:rally_app_chart,chart_observation,exact,Rally App,2026-06-24T00:00:00Z,2026-06-30,quarterly
2021-04-01,rally-16petrus,,,4.0,0,36000.0,manual:chart_observation:chart_estimate:rally_app_chart,chart_observation,chart_estimate,Rally App,2021-04-01T00:00:00Z,2021-03-31,quarterly
2021-06-11,rally-16petrus,,,5.2,0,46800.0,manual:chart_observation:exact:rally_app_chart,chart_observation,exact,Rally App,2021-06-11T00:00:00Z,2021-06-30,quarterly
2021-08-26,rally-16petrus,,,5.25,0,47250.0,manual:chart_observation:exact:rally_app_chart,chart_observation,exact,Rally App,2021-08-26T00:00:00Z,2021-09-30,quarterly
2022-01-10,rally-16petrus,,,5.0,0,45000.0,manual:chart_observation:chart_estimate:rally_app_chart,chart_observation,chart_estimate,Rally App,2022-01-10T00:00:00Z,2021-12-31,quarterly
2022-03-28,rally-16petrus,,,4.8,0,43200.0,manual:chart_observation:exact:rally_app_chart,chart_observation,exact,Rally App,2022-03-28T00:00:00Z,2022-03-31,quarterly
2022-06-27,rally-16petrus,,,4.4,0,39600.0,manual:chart_observation:exact:rally_app_chart,chart_observation,exact,Rally App,2022-06-27T00:00:00Z,2022-06-30,quarterly
2022-09-26,rally-16petrus,,,4.2,0,37800.0,manual:chart_observation:exact:rally_app_chart,chart_observation,exact,Rally App,2022-09-26T00:00:00Z,2022-09-30,quarterly
2022-12-27,rally-16petrus,,,5.0,0,45000.0,manual:chart_observation:exact:rally_app_chart,chart_observation,exact,Rally App,2022-12-27T00:00:00Z,2022-12-31,quarterly
2023-03-27,rally-16petrus,,,5.0,0,45000.0,manual:chart_observation:exact:rally_app_chart,chart_observation,exact,Rally App,2023-03-27T00:00:00Z,2023-03-31,quarterly
2023-06-27,rally-16petrus,,,4.95,0,44550.0,manual:chart_observation:exact:rally_app_chart,chart_observation,exact,Rally App,2023-06-27T00:00:00Z,2023-06-30,quarterly
2023-09-26,rally-16petrus,,,4.75,0,42750.0,manual:chart_observation:exact:rally_app_chart,chart_observation,exact,Rally App,2023-09-26T00:00:00Z,2023-09-30,quarterly
2023-12-29,rally-16petrus,,,4.3,0,38700.0,manual:chart_observation:exact:rally_app_chart,chart_observation,exact,Rally App,2023-12-29T00:00:00Z,2023-12-31,quarterly
2024-03-27,rally-16petrus,,,4.75,0,42750.0,manual:chart_observation:exact:rally_app_chart,chart_observation,exact,Rally App,2024-03-27T00:00:00Z,2024-03-31,quarterly
2024-06-26,rally-16petrus,,,4.4,0,39600.0,manual:chart_observation:exact:rally_app_chart,chart_observation,exact,Rally App,2024-06-26T00:00:00Z,2024-06-30,quarterly
2024-09-25,rally-16petrus,,,4.65,0,41850.0,manual:chart_observation:exact:rally_app_chart,chart_observation,exact,Rally App,2024-09-25T00:00:00Z,2024-09-30,quarterly
2024-12-31,rally-16petrus,,,4.55,0,40950.0,manual:chart_observation:exact:rally_app_chart,chart_observation,exact,Rally App,2024-12-31T00:00:00Z,2024-12-31,quarterly
2025-03-27,rally-16petrus,,,4.4,0,39600.0,manual:chart_observation:exact:rally_app_chart,chart_observation,exact,Rally App,2025-03-27T00:00:00Z,2025-03-31,quarterly
2025-06-26,rally-16petrus,,,4.3,0,38700.0,manual:chart_observation:exact:rally_app_chart,chart_observation,exact,Rally App,2025-06-26T00:00:00Z,2025-06-30,quarterly
2025-09-25,rally-16petrus,,,4.2,0,37800.0,manual:chart_observation:exact:rally_app_chart,chart_observation,exact,Rally App,2025-09-25T00:00:00Z,2025-09-30,quarterly
2025-12-26,rally-16petrus,,,4.3,0,38700.0,manual:chart_observation:exact:rally_app_chart,chart_observation,exact,Rally App,2025-12-26T00:00:00Z,2025-12-31,quarterly
2026-03-27,rally-16petrus,,,4.25,0,38250.0,manual:chart_observation:exact:rally_app_chart,chart_observation,exact,Rally App,2026-03-27T00:00:00Z,2026-03-31,quarterly
2026-06-26,rally-16petrus,,,4.2,0,37800.0,manual:chart_observation:exact:rally_app_chart,chart_observation,exact,Rally App,2026-06-26T00:00:00Z,2026-06-30,quarterly
2020-12-15,rally-16screag,,,38.95,0,38950.0,manual:chart_observation:exact:rally_app_chart,chart_observation,exact,Rally App,2020-12-15T00:00:00Z,2020-12-31,quarterly
2021-03-02,rally-16screag,,,36.0,0,36000.0,manual:chart_observation:exact:rally_app_chart,chart_observation,exact,Rally App,2021-03-02T00:00:00Z,2021-03-31,quarterly
2021-08-04,rally-16screag,,,38.55,0,38550.0,manual:chart_observation:chart_estimate:rally_app_chart,chart_observation,chart_estimate,Rally App,2021-08-04T00:00:00Z,2021-09-30,quarterly
2021-10-18,rally-16screag,,,41.9,0,41900.0,manual:chart_observation:chart_estimate:rally_app_chart,chart_observation,chart_estimate,Rally App,2021-10-18T00:00:00Z,2021-12-31,quarterly
2022-03-31,rally-16screag,,,39.0,0,39000.0,manual:chart_observation:exact:rally_app_chart,chart_observation,exact,Rally App,2022-03-31T00:00:00Z,2022-03-31,quarterly
2022-06-30,rally-16screag,,,39.05,0,39050.0,manual:chart_observation:exact:rally_app_chart,chart_observation,exact,Rally App,2022-06-30T00:00:00Z,2022-06-30,quarterly
2022-09-29,rally-16screag,,,39.5,0,39500.0,manual:chart_observation:exact:rally_app_chart,chart_observation,exact,Rally App,2022-09-29T00:00:00Z,2022-09-30,quarterly
2022-12-29,rally-16screag,,,38.45,0,38450.0,manual:chart_observation:exact:rally_app_chart,chart_observation,exact,Rally App,2022-12-29T00:00:00Z,2022-12-31,quarterly
2023-03-30,rally-16screag,,,39.45,0,39450.0,manual:chart_observation:exact:rally_app_chart,chart_observation,exact,Rally App,2023-03-30T00:00:00Z,2023-03-31,quarterly
2023-06-29,rally-16screag,,,37.0,0,37000.0,manual:chart_observation:exact:rally_app_chart,chart_observation,exact,Rally App,2023-06-29T00:00:00Z,2023-06-30,quarterly
2023-09-28,rally-16screag,,,36.0,0,36000.0,manual:chart_observation:exact:rally_app_chart,chart_observation,exact,Rally App,2023-09-28T00:00:00Z,2023-09-30,quarterly
2023-12-28,rally-16screag,,,35.0,0,35000.0,manual:chart_observation:exact:rally_app_chart,chart_observation,exact,Rally App,2023-12-28T00:00:00Z,2023-12-31,quarterly
2024-03-28,rally-16screag,,,35.5,0,35500.0,manual:chart_observation:exact:rally_app_chart,chart_observation,exact,Rally App,2024-03-28T00:00:00Z,2024-03-31,quarterly
2024-06-28,rally-16screag,,,32.1,0,32100.0,manual:chart_observation:exact:rally_app_chart,chart_observation,exact,Rally App,2024-06-28T00:00:00Z,2024-06-30,quarterly
2024-09-27,rally-16screag,,,33.0,0,33000.0,manual:chart_observation:exact:rally_app_chart,chart_observation,exact,Rally App,2024-09-27T00:00:00Z,2024-09-30,quarterly
2024-12-27,rally-16screag,,,32.9,0,32900.0,manual:chart_observation:exact:rally_app_chart,chart_observation,exact,Rally App,2024-12-27T00:00:00Z,2024-12-31,quarterly
2025-03-28,rally-16screag,,,33.75,0,33750.0,manual:chart_observation:exact:rally_app_chart,chart_observation,exact,Rally App,2025-03-28T00:00:00Z,2025-03-31,quarterly
2025-06-27,rally-16screag,,,33.75,0,33750.0,manual:chart_observation:exact:rally_app_chart,chart_observation,exact,Rally App,2025-06-27T00:00:00Z,2025-06-30,quarterly
2025-09-26,rally-16screag,,,31.5,0,31500.0,manual:chart_observation:exact:rally_app_chart,chart_observation,exact,Rally App,2025-09-26T00:00:00Z,2025-09-30,quarterly
2025-12-26,rally-16screag,,,32.0,0,32000.0,manual:chart_observation:exact:rally_app_chart,chart_observation,exact,Rally App,2025-12-26T00:00:00Z,2025-12-31,quarterly
2026-03-27,rally-16screag,,,32.0,0,32000.0,manual:chart_observation:exact:rally_app_chart,chart_observation,exact,Rally App,2026-03-27T00:00:00Z,2026-03-31,quarterly
2026-06-26,rally-16screag,,,31.35,0,31350.0,manual:chart_observation:exact:rally_app_chart,chart_observation,exact,Rally App,2026-06-26T00:00:00Z,2026-06-30,quarterly
2021-06-17,rally-17dujac,,,7.85,0,25512.5,manual:chart_observation:exact:rally_app_chart,chart_observation,exact,Rally App,2021-06-17,2021-06-30,quarterly
2022-01-10,rally-17dujac,,,15.0,0,48750.0,manual:chart_observation:approx:rally_app_chart,chart_observation,approx,Rally App,2022-01-10,2021-12-31,quarterly
2022-03-28,rally-17dujac,,,9.0,0,29250.0,manual:chart_observation:exact:rally_app_chart,chart_observation,exact,Rally App,2022-03-28,2022-03-31,quarterly
2022-06-29,rally-17dujac,,,8.0,0,26000.0,manual:chart_observation:exact:rally_app_chart,chart_observation,exact,Rally App,2022-06-29,2022-06-30,quarterly
2022-09-27,rally-17dujac,,,7.15,0,23237.5,manual:chart_observation:exact:rally_app_chart,chart_observation,exact,Rally App,2022-09-27,2022-09-30,quarterly
2022-12-27,rally-17dujac,,,8.15,0,26487.5,manual:chart_observation:exact:rally_app_chart,chart_observation,exact,Rally App,2022-12-27,2022-12-31,quarterly
2023-03-29,rally-17dujac,,,11.0,0,35750.0,manual:chart_observation:exact:rally_app_chart,chart_observation,exact,Rally App,2023-03-29,2023-03-31,quarterly
2023-06-30,rally-17dujac,,,10.5,0,34125.0,manual:chart_observation:exact:rally_app_chart,chart_observation,exact,Rally App,2023-06-30,2023-06-30,quarterly
2023-09-25,rally-17dujac,,,10.8,0,35100.0,manual:chart_observation:exact:rally_app_chart,chart_observation,exact,Rally App,2023-09-25,2023-09-30,quarterly
2023-12-29,rally-17dujac,,,9.95,0,32337.5,manual:chart_observation:exact:rally_app_chart,chart_observation,exact,Rally App,2023-12-29,2023-12-31,quarterly
2024-03-28,rally-17dujac,,,10.0,0,32500.0,manual:chart_observation:exact:rally_app_chart,chart_observation,exact,Rally App,2024-03-28,2024-03-31,quarterly
2024-06-27,rally-17dujac,,,10.4,0,33800.0,manual:chart_observation:exact:rally_app_chart,chart_observation,exact,Rally App,2024-06-27,2024-06-30,quarterly
2024-09-30,rally-17dujac,,,9.85,0,32012.5,manual:chart_observation:exact:rally_app_chart,chart_observation,exact,Rally App,2024-09-30,2024-09-30,quarterly
2024-12-27,rally-17dujac,,,9.2,0,29900.0,manual:chart_observation:exact:rally_app_chart,chart_observation,exact,Rally App,2024-12-27,2024-12-31,quarterly
2025-03-27,rally-17dujac,,,9.4,0,30550.0,manual:chart_observation:exact:rally_app_chart,chart_observation,exact,Rally App,2025-03-27,2025-03-31,quarterly
2018-10-18,rally-55ps1,,,240.0,0,480000.0,manual:chart_observation:exact:manual_research,chart_observation,exact,user-provided manual Rally 55PS1 price history,2018-10-18T00:00:00Z,2018-10-18,weekly
2018-12-10,rally-55ps1,,,245.0,0,490000.0,manual:chart_observation:exact:manual_research,chart_observation,exact,user-provided manual Rally 55PS1 price history,2018-12-10T00:00:00Z,2018-12-31,quarterly
2019-03-05,rally-55ps1,,,245.0,0,490000.0,manual:chart_observation:exact:manual_research,chart_observation,exact,user-provided manual Rally 55PS1 price history,2019-03-05T00:00:00Z,2019-03-31,quarterly
2019-06-20,rally-55ps1,,,245.0,0,490000.0,manual:chart_observation:exact:manual_research,chart_observation,exact,user-provided manual Rally 55PS1 price history,2019-06-20T00:00:00Z,2019-06-30,quarterly
2019-09-05,rally-55ps1,,,246.0,0,492000.0,manual:chart_observation:exact:manual_research,chart_observation,exact,user-provided manual Rally 55PS1 price history,2019-09-05T00:00:00Z,2019-09-30,quarterly
2019-11-12,rally-55ps1,,,245.0,0,490000.0,manual:chart_observation:exact:manual_research,chart_observation,exact,user-provided manual Rally 55PS1 price history,2019-11-12T00:00:00Z,2019-12-31,quarterly
2020-02-04,rally-55ps1,,,246.8,0,493600.0,manual:chart_observation:exact:manual_research,chart_observation,exact,user-provided manual Rally 55PS1 price history,2020-02-04T00:00:00Z,2020-03-31,quarterly
2020-06-02,rally-55ps1,,,246.8,0,493600.0,manual:chart_observation:exact:manual_research,chart_observation,exact,user-provided manual Rally 55PS1 price history,2020-06-02T00:00:00Z,2020-06-30,quarterly
2020-09-15,rally-55ps1,,,250.0,0,500000.0,manual:chart_observation:exact:manual_research,chart_observation,exact,user-provided manual Rally 55PS1 price history,2020-09-15T00:00:00Z,2020-09-15,weekly
2020-09-22,rally-55ps1,,,250.0,0,500000.0,manual:chart_observation:exact:manual_research,chart_observation,exact,user-provided manual Rally 55PS1 price history,2020-09-22T00:00:00Z,2020-09-30,quarterly
2021-03-02,rally-55ps1,,,238.0,0,476000.0,manual:chart_observation:exact:manual_research,chart_observation,exact,user-provided manual Rally 55PS1 price history,2021-03-02T00:00:00Z,2021-03-31,quarterly
2021-05-17,rally-55ps1,,,220.0,0,440000.0,manual:chart_observation:exact:manual_research,chart_observation,exact,user-provided manual Rally 55PS1 price history,2021-05-17T00:00:00Z,2021-06-30,quarterly
2021-08-05,rally-55ps1,,,212.5,0,425000.0,manual:chart_observation:exact:manual_research,chart_observation,exact,user-provided manual Rally 55PS1 price history,2021-08-05T00:00:00Z,2021-09-30,quarterly
2022-02-28,rally-55ps1,,,175.0,0,350000.0,manual:chart_observation:exact:manual_research,chart_observation,exact,user-provided manual Rally 55PS1 price history,2022-02-28T00:00:00Z,2022-03-31,quarterly
2022-06-28,rally-55ps1,,,159.0,0,318000.0,manual:chart_observation:exact:manual_research,chart_observation,exact,user-provided manual Rally 55PS1 price history,2022-06-28T00:00:00Z,2022-06-30,quarterly
2022-09-29,rally-55ps1,,,148.0,0,296000.0,manual:chart_observation:exact:manual_research,chart_observation,exact,user-provided manual Rally 55PS1 price history,2022-09-29T00:00:00Z,2022-09-30,quarterly
2022-12-30,rally-55ps1,,,150.0,0,300000.0,manual:chart_observation:exact:manual_research,chart_observation,exact,user-provided manual Rally 55PS1 price history,2022-12-30T00:00:00Z,2022-12-31,quarterly
2023-03-31,rally-55ps1,,,130.0,0,260000.0,manual:chart_observation:exact:manual_research,chart_observation,exact,user-provided manual Rally 55PS1 price history,2023-03-31T00:00:00Z,2023-03-31,quarterly
2023-06-23,rally-55ps1,,,150.0,0,300000.0,manual:chart_observation:exact:manual_research,chart_observation,exact,user-provided manual Rally 55PS1 price history,2023-06-23T00:00:00Z,2023-06-30,quarterly
2023-09-25,rally-55ps1,,,155.0,0,310000.0,manual:chart_observation:exact:manual_research,chart_observation,exact,user-provided manual Rally 55PS1 price history,2023-09-25T00:00:00Z,2023-09-30,quarterly
2023-12-26,rally-55ps1,,,105.0,0,210000.0,manual:chart_observation:exact:manual_research,chart_observation,exact,user-provided manual Rally 55PS1 price history,2023-12-26T00:00:00Z,2023-12-31,quarterly
2024-03-26,rally-55ps1,,,150.0,0,300000.0,manual:chart_observation:exact:manual_research,chart_observation,exact,user-provided manual Rally 55PS1 price history,2024-03-26T00:00:00Z,2024-03-31,quarterly
2024-06-27,rally-55ps1,,,150.5,0,301000.0,manual:chart_observation:exact:manual_research,chart_observation,exact,user-provided manual Rally 55PS1 price history,2024-06-27T00:00:00Z,2024-06-30,quarterly
2024-09-27,rally-55ps1,,,145.0,0,290000.0,manual:chart_observation:exact:manual_research,chart_observation,exact,user-provided manual Rally 55PS1 price history,2024-09-27T00:00:00Z,2024-09-30,quarterly
2024-12-27,rally-55ps1,,,149.0,0,298000.0,manual:chart_observation:exact:manual_research,chart_observation,exact,user-provided manual Rally 55PS1 price history,2024-12-27T00:00:00Z,2024-12-31,quarterly
2025-03-31,rally-55ps1,,,135.0,0,270000.0,manual:chart_observation:exact:manual_research,chart_observation,exact,user-provided manual Rally 55PS1 price history,2025-03-31T00:00:00Z,2025-03-31,quarterly
2025-06-23,rally-55ps1,,,135.0,0,270000.0,manual:chart_observation:exact:manual_research,chart_observation,exact,user-provided manual Rally 55PS1 price history,2025-06-23T00:00:00Z,2025-06-30,quarterly
2025-09-22,rally-55ps1,,,125.0,0,250000.0,manual:chart_observation:exact:manual_research,chart_observation,exact,user-provided manual Rally 55PS1 price history,2025-09-22T00:00:00Z,2025-09-30,quarterly
2025-12-24,rally-55ps1,,,142.5,0,285000.0,manual:chart_observation:exact:manual_research,chart_observation,exact,user-provided manual Rally 55PS1 price history,2025-12-24T00:00:00Z,2025-12-31,quarterly
2026-03-26,rally-55ps1,,,135.0,0,270000.0,manual:chart_observation:exact:manual_research,chart_observation,exact,user-provided manual Rally 55PS1 price history,2026-03-26T00:00:00Z,2026-03-31,quarterly
2026-06-26,rally-55ps1,,,142.5,0,285000.0,manual:chart_observation:exact:manual_research,chart_observation,exact,user-provided manual Rally 55PS1 price history,2026-06-26T00:00:00Z,2026-06-30,quarterly
2021-06-21,rally-59bond,,,6.5,0,66625.0,manual:chart_observation:exact:rally_app_chart,chart_observation,exact,Manually transcribed Rally 59BOND price history supplied 2026-07-25,2021-06-21T00:00:00Z,2021-06-30,quarterly
2021-11-09,rally-59bond,,,7.25,0,74312.5,manual:chart_observation:exact:rally_app_chart,chart_observation,exact,Manually transcribed Rally 59BOND price history supplied 2026-07-25,2021-11-09T00:00:00Z,2021-12-31,quarterly
2022-03-28,rally-59bond,,,4.85,0,49712.49999999999,manual:chart_observation:exact:rally_app_chart,chart_observation,exact,Manually transcribed Rally 59BOND price history supplied 2026-07-25,2022-03-28T00:00:00Z,2022-03-31,quarterly
2022-06-27,rally-59bond,,,4.9,0,50225.00000000001,manual:chart_observation:exact:rally_app_chart,chart_observation,exact,Manually transcribed Rally 59BOND price history supplied 2026-07-25,2022-06-27T00:00:00Z,2022-06-30,quarterly
2022-09-30,rally-59bond,,,4.0,0,41000.0,manual:chart_observation:exact:rally_app_chart,chart_observation,exact,Manually transcribed Rally 59BOND price history supplied 2026-07-25,2022-09-30T00:00:00Z,2022-09-30,quarterly
2022-12-29,rally-59bond,,,4.75,0,48687.5,manual:chart_observation:exact:rally_app_chart,chart_observation,exact,Manually transcribed Rally 59BOND price history supplied 2026-07-25,2022-12-29T00:00:00Z,2022-12-31,quarterly
2023-03-29,rally-59bond,,,3.5,0,35875.0,manual:chart_observation:exact:rally_app_chart,chart_observation,exact,Manually transcribed Rally 59BOND price history supplied 2026-07-25,2023-03-29T00:00:00Z,2023-03-31,quarterly
2023-06-27,rally-59bond,,,4.2,0,43050.0,manual:chart_observation:exact:rally_app_chart,chart_observation,exact,Manually transcribed Rally 59BOND price history supplied 2026-07-25,2023-06-27T00:00:00Z,2023-06-30,quarterly
2023-09-25,rally-59bond,,,4.15,0,42537.50000000001,manual:chart_observation:exact:rally_app_chart,chart_observation,exact,Manually transcribed Rally 59BOND price history supplied 2026-07-25,2023-09-25T00:00:00Z,2023-09-30,quarterly
2023-12-26,rally-59bond,,,2.35,0,24087.5,manual:chart_observation:exact:rally_app_chart,chart_observation,exact,Manually transcribed Rally 59BOND price history supplied 2026-07-25,2023-12-26T00:00:00Z,2023-12-31,quarterly
2024-03-28,rally-59bond,,,3.25,0,33312.5,manual:chart_observation:exact:rally_app_chart,chart_observation,exact,Manually transcribed Rally 59BOND price history supplied 2026-07-25,2024-03-28T00:00:00Z,2024-03-31,quarterly
2024-06-28,rally-59bond,,,4.4,0,45100.00000000001,manual:chart_observation:exact:rally_app_chart,chart_observation,exact,Manually transcribed Rally 59BOND price history supplied 2026-07-25,2024-06-28T00:00:00Z,2024-06-30,quarterly
2024-09-26,rally-59bond,,,3.5,0,35875.0,manual:chart_observation:exact:rally_app_chart,chart_observation,exact,Manually transcribed Rally 59BOND price history supplied 2026-07-25,2024-09-26T00:00:00Z,2024-09-30,quarterly
2024-12-31,rally-59bond,,,4.2,0,43050.0,manual:chart_observation:exact:rally_app_chart,chart_observation,exact,Manually transcribed Rally 59BOND price history supplied 2026-07-25,2024-12-31T00:00:00Z,2024-12-31,quarterly
2025-03-31,rally-59bond,,,4.15,0,42537.50000000001,manual:chart_observation:exact:rally_app_chart,chart_observation,exact,Manually transcribed Rally 59BOND price history supplied 2026-07-25,2025-03-31T00:00:00Z,2025-03-31,quarterly
2025-06-30,rally-59bond,,,3.75,0,38437.5,manual:chart_observation:exact:rally_app_chart,chart_observation,exact,Manually transcribed Rally 59BOND price history supplied 2026-07-25,2025-06-30T00:00:00Z,2025-06-30,quarterly
2025-09-26,rally-59bond,,,4.25,0,43562.5,manual:chart_observation:exact:rally_app_chart,chart_observation,exact,Manually transcribed Rally 59BOND price history supplied 2026-07-25,2025-09-26T00:00:00Z,2025-09-30,quarterly
2025-12-31,rally-59bond,,,4.1,0,42024.99999999999,manual:chart_observation:exact:rally_app_chart,chart_observation,exact,Manually transcribed Rally 59BOND price history supplied 2026-07-25,2025-12-31T00:00:00Z,2025-12-31,quarterly
2026-03-26,rally-59bond,,,3.0,0,30750.0,manual:chart_observation:exact:rally_app_chart,chart_observation,exact,Manually transcribed Rally 59BOND price history supplied 2026-07-25,2026-03-26T00:00:00Z,2026-03-31,quarterly
2026-06-30,rally-59bond,,,4.5,0,46125.0,manual:chart_observation:exact:rally_app_chart,chart_observation,exact,Manually transcribed Rally 59BOND price history supplied 2026-07-25,2026-06-30T00:00:00Z,2026-06-30,quarterly
2021-03-09,rally-59jfk,,,10.95,0,21900.0,manual:chart_observation:exact:rally_app_chart,chart_observation,exact,Manually transcribed Rally 59JFK price history supplied 2026-07-25,2021-03-09T00:00:00Z,2021-03-31,quarterly
2021-05-14,rally-59jfk,,,9.5,0,19000.0,manual:chart_observation:exact:rally_app_chart,chart_observation,exact,Manually transcribed Rally 59JFK price history supplied 2026-07-25,2021-05-14T00:00:00Z,2021-06-30,quarterly
2021-09-17,rally-59jfk,,,12.0,0,24000.0,manual:chart_observation:exact:rally_app_chart,chart_observation,exact,Manually transcribed Rally 59JFK price history supplied 2026-07-25,2021-09-17T00:00:00Z,2021-09-30,quarterly
2022-01-10,rally-59jfk,,,10.05,0,20100.0,manual:chart_observation:exact:rally_app_chart,chart_observation,exact,Manually transcribed Rally 59JFK price history supplied 2026-07-25,2022-01-10T00:00:00Z,2021-12-31,quarterly
2022-03-30,rally-59jfk,,,8.25,0,16500.0,manual:chart_observation:exact:rally_app_chart,chart_observation,exact,Manually transcribed Rally 59JFK price history supplied 2026-07-25,2022-03-30T00:00:00Z,2022-03-31,quarterly
2022-06-27,rally-59jfk,,,7.5,0,15000.0,manual:chart_observation:exact:rally_app_chart,chart_observation,exact,Manually transcribed Rally 59JFK price history supplied 2026-07-25,2022-06-27T00:00:00Z,2022-06-30,quarterly
2022-09-28,rally-59jfk,,,7.75,0,15500.0,manual:chart_observation:exact:rally_app_chart,chart_observation,exact,Manually transcribed Rally 59JFK price history supplied 2026-07-25,2022-09-28T00:00:00Z,2022-09-30,quarterly
2022-12-27,rally-59jfk,,,7.25,0,14500.0,manual:chart_observation:exact:rally_app_chart,chart_observation,exact,Manually transcribed Rally 59JFK price history supplied 2026-07-25,2022-12-27T00:00:00Z,2022-12-31,quarterly
2023-03-29,rally-59jfk,,,7.0,0,14000.0,manual:chart_observation:exact:rally_app_chart,chart_observation,exact,Manually transcribed Rally 59JFK price history supplied 2026-07-25,2023-03-29T00:00:00Z,2023-03-31,quarterly
2023-06-26,rally-59jfk,,,6.15,0,12300.0,manual:chart_observation:exact:rally_app_chart,chart_observation,exact,Manually transcribed Rally 59JFK price history supplied 2026-07-25,2023-06-26T00:00:00Z,2023-06-30,quarterly
2023-09-28,rally-59jfk,,,6.15,0,12300.0,manual:chart_observation:exact:rally_app_chart,chart_observation,exact,Manually transcribed Rally 59JFK price history supplied 2026-07-25,2023-09-28T00:00:00Z,2023-09-30,quarterly
2023-12-29,rally-59jfk,,,8.0,0,16000.0,manual:chart_observation:exact:rally_app_chart,chart_observation,exact,Manually transcribed Rally 59JFK price history supplied 2026-07-25,2023-12-29T00:00:00Z,2023-12-31,quarterly
2024-03-28,rally-59jfk,,,7.0,0,14000.0,manual:chart_observation:exact:rally_app_chart,chart_observation,exact,Manually transcribed Rally 59JFK price history supplied 2026-07-25,2024-03-28T00:00:00Z,2024-03-31,quarterly
2024-06-24,rally-59jfk,,,7.25,0,14500.0,manual:chart_observation:exact:rally_app_chart,chart_observation,exact,Manually transcribed Rally 59JFK price history supplied 2026-07-25,2024-06-24T00:00:00Z,2024-06-30,quarterly
2024-09-26,rally-59jfk,,,8.0,0,16000.0,manual:chart_observation:exact:rally_app_chart,chart_observation,exact,Manually transcribed Rally 59JFK price history supplied 2026-07-25,2024-09-26T00:00:00Z,2024-09-30,quarterly
2024-12-30,rally-59jfk,,,7.95,0,15900.0,manual:chart_observation:exact:rally_app_chart,chart_observation,exact,Manually transcribed Rally 59JFK price history supplied 2026-07-25,2024-12-30T00:00:00Z,2024-12-31,quarterly
2025-03-27,rally-59jfk,,,7.75,0,15500.0,manual:chart_observation:exact:rally_app_chart,chart_observation,exact,Manually transcribed Rally 59JFK price history supplied 2026-07-25,2025-03-27T00:00:00Z,2025-03-31,quarterly
2025-06-30,rally-59jfk,,,7.6,0,15200.0,manual:chart_observation:exact:rally_app_chart,chart_observation,exact,Manually transcribed Rally 59JFK price history supplied 2026-07-25,2025-06-30T00:00:00Z,2025-06-30,quarterly
2025-09-25,rally-59jfk,,,7.6,0,15200.0,manual:chart_observation:exact:rally_app_chart,chart_observation,exact,Manually transcribed Rally 59JFK price history supplied 2026-07-25,2025-09-25T00:00:00Z,2025-09-30,quarterly
2025-12-29,rally-59jfk,,,4.85,0,9700.0,manual:chart_observation:exact:rally_app_chart,chart_observation,exact,Manually transcribed Rally 59JFK price history supplied 2026-07-25,2025-12-29T00:00:00Z,2025-12-31,quarterly
2026-03-27,rally-59jfk,,,7.55,0,15100.0,manual:chart_observation:exact:rally_app_chart,chart_observation,exact,Manually transcribed Rally 59JFK price history supplied 2026-07-25,2026-03-27T00:00:00Z,2026-03-31,quarterly
2026-06-29,rally-59jfk,,,7.5,0,15000.0,manual:chart_observation:exact:rally_app_chart,chart_observation,exact,Manually transcribed Rally 59JFK price history supplied 2026-07-25,2026-06-29T00:00:00Z,2026-06-30,quarterly
2021-05-12,rally-62bond,,,3.65,0,56575.0,manual:chart_observation:exact:manual_research,chart_observation,exact,User supplied Rally quarterly chart transcription for #62BOND,2021-05-12T00:00:00Z,2021-06-30,quarterly
2021-09-14,rally-62bond,,,3.45,0,53475.0,manual:chart_observation:exact:manual_research,chart_observation,exact,User supplied Rally quarterly chart transcription for #62BOND,2021-09-14T00:00:00Z,2021-09-30,quarterly
2021-12-28,rally-62bond,,,3.8,0,58900.0,manual:chart_observation:exact:manual_research,chart_observation,exact,User supplied Rally quarterly chart transcription for #62BOND,2021-12-28T00:00:00Z,2021-12-31,quarterly
2022-03-28,rally-62bond,,,3.45,0,53475.0,manual:chart_observation:exact:manual_research,chart_observation,exact,User supplied Rally quarterly chart transcription for #62BOND,2022-03-28T00:00:00Z,2022-03-31,quarterly
2022-06-27,rally-62bond,,,3.55,0,55025.0,manual:chart_observation:exact:manual_research,chart_observation,exact,User supplied Rally quarterly chart transcription for #62BOND,2022-06-27T00:00:00Z,2022-06-30,quarterly
2022-09-26,rally-62bond,,,3.25,0,50375.0,manual:chart_observation:exact:manual_research,chart_observation,exact,User supplied Rally quarterly chart transcription for #62BOND,2022-09-26T00:00:00Z,2022-09-30,quarterly
2022-12-30,rally-62bond,,,3.6,0,55800.0,manual:chart_observation:exact:manual_research,chart_observation,exact,User supplied Rally quarterly chart transcription for #62BOND,2022-12-30T00:00:00Z,2022-12-31,quarterly
2023-03-31,rally-62bond,,,3.25,0,50375.0,manual:chart_observation:exact:manual_research,chart_observation,exact,User supplied Rally quarterly chart transcription for #62BOND,2023-03-31T00:00:00Z,2023-03-31,quarterly
2023-06-30,rally-62bond,,,3.2,0,49600.0,manual:chart_observation:exact:manual_research,chart_observation,exact,User supplied Rally quarterly chart transcription for #62BOND,2023-06-30T00:00:00Z,2023-06-30,quarterly
2023-09-29,rally-62bond,,,2.9,0,44950.0,manual:chart_observation:exact:manual_research,chart_observation,exact,User supplied Rally quarterly chart transcription for #62BOND,2023-09-29T00:00:00Z,2023-09-30,quarterly
2023-12-28,rally-62bond,,,2.0,0,31000.0,manual:chart_observation:exact:manual_research,chart_observation,exact,User supplied Rally quarterly chart transcription for #62BOND,2023-12-28T00:00:00Z,2023-12-31,quarterly
2024-03-27,rally-62bond,,,3.0,0,46500.0,manual:chart_observation:exact:manual_research,chart_observation,exact,User supplied Rally quarterly chart transcription for #62BOND,2024-03-27T00:00:00Z,2024-03-31,quarterly
2024-06-26,rally-62bond,,,2.75,0,42625.0,manual:chart_observation:exact:manual_research,chart_observation,exact,User supplied Rally quarterly chart transcription for #62BOND,2024-06-26T00:00:00Z,2024-06-30,quarterly
2024-09-24,rally-62bond,,,2.95,0,45725.0,manual:chart_observation:exact:manual_research,chart_observation,exact,User supplied Rally quarterly chart transcription for #62BOND,2024-09-24T00:00:00Z,2024-09-30,quarterly
2024-12-30,rally-62bond,,,2.95,0,45725.0,manual:chart_observation:exact:manual_research,chart_observation,exact,User supplied Rally quarterly chart transcription for #62BOND,2024-12-30T00:00:00Z,2024-12-31,quarterly
2025-03-31,rally-62bond,,,2.55,0,39525.0,manual:chart_observation:exact:manual_research,chart_observation,exact,User supplied Rally quarterly chart transcription for #62BOND,2025-03-31T00:00:00Z,2025-03-31,quarterly
2025-06-30,rally-62bond,,,2.75,0,42625.0,manual:chart_observation:exact:manual_research,chart_observation,exact,User supplied Rally quarterly chart transcription for #62BOND,2025-06-30T00:00:00Z,2025-06-30,quarterly
2025-09-29,rally-62bond,,,2.4,0,37200.0,manual:chart_observation:exact:manual_research,chart_observation,exact,User supplied Rally quarterly chart transcription for #62BOND,2025-09-29T00:00:00Z,2025-09-30,quarterly
2025-12-26,rally-62bond,,,2.85,0,44175.0,manual:chart_observation:exact:manual_research,chart_observation,exact,User supplied Rally quarterly chart transcription for #62BOND,2025-12-26T00:00:00Z,2025-12-31,quarterly
2026-03-27,rally-62bond,,,2.8,0,43400.0,manual:chart_observation:exact:manual_research,chart_observation,exact,User supplied Rally quarterly chart transcription for #62BOND,2026-03-27T00:00:00Z,2026-03-31,quarterly
2026-06-26,rally-62bond,,,2.65,0,41075.0,manual:chart_observation:exact:manual_research,chart_observation,exact,User supplied Rally quarterly chart transcription for #62BOND,2026-06-26T00:00:00Z,2026-06-30,quarterly
2019-07-11,rally-63cc1,,,67.65,0,135300.0,manual:chart_observation:exact:manual_research,chart_observation,exact,user-provided manual Rally 63CC1 price history,2019-07-11T00:00:00Z,2019-09-30,quarterly
2020-01-14,rally-63cc1,,,68.0,0,136000.0,manual:chart_observation:exact:manual_research,chart_observation,exact,user-provided manual Rally 63CC1 price history,2020-01-14T00:00:00Z,2020-03-31,quarterly
2020-04-21,rally-63cc1,,,68.0,0,136000.0,manual:chart_observation:exact:manual_research,chart_observation,exact,user-provided manual Rally 63CC1 price history,2020-04-21T00:00:00Z,2020-06-30,quarterly
2020-08-11,rally-63cc1,,,67.0,0,134000.0,manual:chart_observation:exact:manual_research,chart_observation,exact,user-provided manual Rally 63CC1 price history,2020-08-11T00:00:00Z,2020-09-30,quarterly
2020-11-10,rally-63cc1,,,69.1,0,138200.0,manual:chart_observation:exact:manual_research,chart_observation,exact,user-provided manual Rally 63CC1 price history,2020-11-10T00:00:00Z,2020-12-31,quarterly
2021-02-09,rally-63cc1,,,70.0,0,140000.0,manual:chart_observation:exact:manual_research,chart_observation,exact,user-provided manual Rally 63CC1 price history,2021-02-09T00:00:00Z,2021-03-31,quarterly
2021-04-22,rally-63cc1,,,70.0,0,140000.0,manual:chart_observation:exact:manual_research,chart_observation,exact,user-provided manual Rally 63CC1 price history,2021-04-22T00:00:00Z,2021-06-30,quarterly
2021-07-22,rally-63cc1,,,71.0,0,142000.0,manual:chart_observation:exact:manual_research,chart_observation,exact,user-provided manual Rally 63CC1 price history,2021-07-22T00:00:00Z,2021-09-30,quarterly
2021-11-04,rally-63cc1,,,78.0,0,156000.0,manual:chart_observation:exact:manual_research,chart_observation,exact,user-provided manual Rally 63CC1 price history,2021-11-04T00:00:00Z,2021-12-31,quarterly
2022-04-11,rally-63cc1,,,78.0,0,156000.0,manual:chart_observation:exact:manual_research,chart_observation,exact,user-provided manual Rally 63CC1 price history,2022-04-11T00:00:00Z,2022-06-30,quarterly
2022-07-01,rally-63cc1,,,60.0,0,120000.0,manual:chart_observation:exact:manual_research,chart_observation,exact,user-provided manual Rally 63CC1 price history,2022-07-01T00:00:00Z,2022-09-30,quarterly
2022-09-30,rally-63cc1,,,62.0,0,124000.0,manual:chart_observation:exact:manual_research,chart_observation,exact,user-provided manual Rally 63CC1 price history,2022-09-30T00:00:00Z,2022-09-30,quarterly
2022-12-30,rally-63cc1,,,51.0,0,102000.0,manual:chart_observation:exact:manual_research,chart_observation,exact,user-provided manual Rally 63CC1 price history,2022-12-30T00:00:00Z,2022-12-31,quarterly
2023-03-30,rally-63cc1,,,66.0,0,132000.0,manual:chart_observation:exact:manual_research,chart_observation,exact,user-provided manual Rally 63CC1 price history,2023-03-30T00:00:00Z,2023-03-31,quarterly
2023-06-28,rally-63cc1,,,63.0,0,126000.0,manual:chart_observation:exact:manual_research,chart_observation,exact,user-provided manual Rally 63CC1 price history,2023-06-28T00:00:00Z,2023-06-30,quarterly
2023-09-26,rally-63cc1,,,50.0,0,100000.0,manual:chart_observation:exact:manual_research,chart_observation,exact,user-provided manual Rally 63CC1 price history,2023-09-26T00:00:00Z,2023-09-30,quarterly
2023-12-29,rally-63cc1,,,49.0,0,98000.0,manual:chart_observation:exact:manual_research,chart_observation,exact,user-provided manual Rally 63CC1 price history,2023-12-29T00:00:00Z,2023-12-31,quarterly
2024-03-25,rally-63cc1,,,55.0,0,110000.0,manual:chart_observation:exact:manual_research,chart_observation,exact,user-provided manual Rally 63CC1 price history,2024-03-25T00:00:00Z,2024-03-31,quarterly
2024-07-01,rally-63cc1,,,70.0,0,140000.0,manual:chart_observation:exact:manual_research,chart_observation,exact,user-provided manual Rally 63CC1 price history,2024-07-01T00:00:00Z,2024-09-30,quarterly
2024-09-27,rally-63cc1,,,73.0,0,146000.0,manual:chart_observation:exact:manual_research,chart_observation,exact,user-provided manual Rally 63CC1 price history,2024-09-27T00:00:00Z,2024-09-30,quarterly
2024-12-27,rally-63cc1,,,74.4,0,148800.0,manual:chart_observation:exact:manual_research,chart_observation,exact,user-provided manual Rally 63CC1 price history,2024-12-27T00:00:00Z,2024-12-31,quarterly
2025-03-28,rally-63cc1,,,74.45,0,148900.0,manual:chart_observation:exact:manual_research,chart_observation,exact,user-provided manual Rally 63CC1 price history,2025-03-28T00:00:00Z,2025-03-31,quarterly
2025-06-26,rally-63cc1,,,71.0,0,142000.0,manual:chart_observation:exact:manual_research,chart_observation,exact,user-provided manual Rally 63CC1 price history,2025-06-26T00:00:00Z,2025-06-30,quarterly
2025-09-24,rally-63cc1,,,68.65,0,137300.0,manual:chart_observation:exact:manual_research,chart_observation,exact,user-provided manual Rally 63CC1 price history,2025-09-24T00:00:00Z,2025-09-30,quarterly
2025-12-31,rally-63cc1,,,69.0,0,138000.0,manual:chart_observation:exact:manual_research,chart_observation,exact,user-provided manual Rally 63CC1 price history,2025-12-31T00:00:00Z,2025-12-31,quarterly
2026-03-31,rally-63cc1,,,69.0,0,138000.0,manual:chart_observation:exact:manual_research,chart_observation,exact,user-provided manual Rally 63CC1 price history,2026-03-31T00:00:00Z,2026-03-31,quarterly
2026-06-29,rally-63cc1,,,69.0,0,138000.0,manual:chart_observation:exact:manual_research,chart_observation,exact,user-provided manual Rally 63CC1 price history,2026-06-29T00:00:00Z,2026-06-30,quarterly
2019-09-19,rally-65fm1,,,41.35,0,82700.0,manual:chart_observation:exact:manual_research,chart_observation,exact,user-provided manual Rally 65FM1 price history,2019-09-19T00:00:00Z,2019-09-30,quarterly
2019-11-05,rally-65fm1,,,47.5,0,95000.0,manual:chart_observation:exact:manual_research,chart_observation,exact,user-provided manual Rally 65FM1 price history,2019-11-05T00:00:00Z,2019-12-31,quarterly
2020-02-04,rally-65fm1,,,48.5,0,97000.0,manual:chart_observation:exact:manual_research,chart_observation,exact,user-provided manual Rally 65FM1 price history,2020-02-04T00:00:00Z,2020-03-31,quarterly
2020-05-19,rally-65fm1,,,50.5,0,101000.0,manual:chart_observation:exact:manual_research,chart_observation,exact,user-provided manual Rally 65FM1 price history,2020-05-19T00:00:00Z,2020-06-30,quarterly
2020-08-27,rally-65fm1,,,51.0,0,102000.0,manual:chart_observation:exact:manual_research,chart_observation,exact,user-provided manual Rally 65FM1 price history,2020-08-27T00:00:00Z,2020-09-30,quarterly
2020-11-24,rally-65fm1,,,52.0,0,104000.0,manual:chart_observation:exact:manual_research,chart_observation,exact,user-provided manual Rally 65FM1 price history,2020-11-24T00:00:00Z,2020-12-31,quarterly
2021-02-11,rally-65fm1,,,52.1,0,104200.0,manual:chart_observation:exact:manual_research,chart_observation,exact,user-provided manual Rally 65FM1 price history,2021-02-11T00:00:00Z,2021-03-31,quarterly
2021-05-31,rally-65fm1,,,54.9,0,109800.0,manual:chart_observation:exact:manual_research,chart_observation,exact,user-provided manual Rally 65FM1 price history,2021-05-31T00:00:00Z,2021-06-30,quarterly
2021-09-08,rally-65fm1,,,56.0,0,112000.0,manual:chart_observation:exact:manual_research,chart_observation,exact,user-provided manual Rally 65FM1 price history,2021-09-08T00:00:00Z,2021-09-30,quarterly
2022-05-09,rally-65fm1,,,39.2,0,78400.0,manual:chart_observation:exact:manual_research,chart_observation,exact,user-provided manual Rally 65FM1 price history,2022-05-09T00:00:00Z,2022-05-09,weekly
2022-06-23,rally-65fm1,,,24.95,0,49900.0,manual:chart_observation:exact:manual_research,chart_observation,exact,user-provided manual Rally 65FM1 price history,2022-06-23T00:00:00Z,2022-06-30,quarterly
2022-09-27,rally-65fm1,,,26.25,0,52500.0,manual:chart_observation:exact:manual_research,chart_observation,exact,user-provided manual Rally 65FM1 price history,2022-09-27T00:00:00Z,2022-09-30,quarterly
2022-12-23,rally-65fm1,,,29.85,0,59700.0,manual:chart_observation:exact:manual_research,chart_observation,exact,user-provided manual Rally 65FM1 price history,2022-12-23T00:00:00Z,2022-12-31,quarterly
2023-03-31,rally-65fm1,,,29.0,0,58000.0,manual:chart_observation:exact:manual_research,chart_observation,exact,user-provided manual Rally 65FM1 price history,2023-03-31T00:00:00Z,2023-03-31,quarterly
2023-06-27,rally-65fm1,,,30.25,0,60500.0,manual:chart_observation:exact:manual_research,chart_observation,exact,user-provided manual Rally 65FM1 price history,2023-06-27T00:00:00Z,2023-06-30,quarterly
2023-09-22,rally-65fm1,,,29.0,0,58000.0,manual:chart_observation:exact:manual_research,chart_observation,exact,user-provided manual Rally 65FM1 price history,2023-09-22T00:00:00Z,2023-09-30,quarterly
2023-12-28,rally-65fm1,,,27.0,0,54000.0,manual:chart_observation:exact:manual_research,chart_observation,exact,user-provided manual Rally 65FM1 price history,2023-12-28T00:00:00Z,2023-12-31,quarterly
2024-03-26,rally-65fm1,,,30.25,0,60500.0,manual:chart_observation:exact:manual_research,chart_observation,exact,user-provided manual Rally 65FM1 price history,2024-03-26T00:00:00Z,2024-03-31,quarterly
2024-06-21,rally-65fm1,,,32.0,0,64000.0,manual:chart_observation:exact:manual_research,chart_observation,exact,user-provided manual Rally 65FM1 price history,2024-06-21T00:00:00Z,2024-06-30,quarterly
2024-09-26,rally-65fm1,,,32.0,0,64000.0,manual:chart_observation:exact:manual_research,chart_observation,exact,user-provided manual Rally 65FM1 price history,2024-09-26T00:00:00Z,2024-09-30,quarterly
2024-12-31,rally-65fm1,,,30.25,0,60500.0,manual:chart_observation:exact:manual_research,chart_observation,exact,user-provided manual Rally 65FM1 price history,2024-12-31T00:00:00Z,2024-12-31,quarterly
2025-03-31,rally-65fm1,,,27.65,0,55300.0,manual:chart_observation:exact:manual_research,chart_observation,exact,user-provided manual Rally 65FM1 price history,2025-03-31T00:00:00Z,2025-03-31,quarterly
2025-06-26,rally-65fm1,,,34.95,0,69900.0,manual:chart_observation:exact:manual_research,chart_observation,exact,user-provided manual Rally 65FM1 price history,2025-06-26T00:00:00Z,2025-06-30,quarterly
2025-09-30,rally-65fm1,,,19.0,0,38000.0,manual:chart_observation:exact:manual_research,chart_observation,exact,user-provided manual Rally 65FM1 price history,2025-09-30T00:00:00Z,2025-09-30,quarterly
2025-12-26,rally-65fm1,,,29.95,0,59900.0,manual:chart_observation:exact:manual_research,chart_observation,exact,user-provided manual Rally 65FM1 price history,2025-12-26T00:00:00Z,2025-12-31,quarterly
2026-03-26,rally-65fm1,,,34.5,0,69000.0,manual:chart_observation:exact:manual_research,chart_observation,exact,user-provided manual Rally 65FM1 price history,2026-03-26T00:00:00Z,2026-03-31,quarterly
2026-06-30,rally-65fm1,,,34.9,0,69800.0,manual:chart_observation:exact:manual_research,chart_observation,exact,user-provided manual Rally 65FM1 price history,2026-06-30T00:00:00Z,2026-06-30,quarterly
2021-04-15,rally-79stella,,,2.75,0,37950.0,manual:chart_observation:exact:rally_app_chart,chart_observation,exact,Rally App,2021-04-15T00:00:00Z,2021-03-31,quarterly
2021-06-28,rally-79stella,,,3.5,0,48300.0,manual:chart_observation:exact:rally_app_chart,chart_observation,exact,Rally App,2021-06-28T00:00:00Z,2021-06-30,quarterly
2021-09-15,rally-79stella,,,5.2,0,71760.0,manual:chart_observation:exact:rally_app_chart,chart_observation,exact,Rally App,2021-09-15T00:00:00Z,2021-09-30,quarterly
2021-12-20,rally-79stella,,,5.0,0,69000.0,manual:chart_observation:exact:rally_app_chart,chart_observation,exact,Rally App,2021-12-20T00:00:00Z,2021-12-31,quarterly
2022-03-25,rally-79stella,,,4.4,0,60720.0,manual:chart_observation:exact:rally_app_chart,chart_observation,exact,Rally App,2022-03-25T00:00:00Z,2022-03-31,quarterly
2022-06-30,rally-79stella,,,3.8,0,52440.0,manual:chart_observation:exact:rally_app_chart,chart_observation,exact,Rally App,2022-06-30T00:00:00Z,2022-06-30,quarterly
2022-09-28,rally-79stella,,,4.0,0,55200.0,manual:chart_observation:exact:rally_app_chart,chart_observation,exact,Rally App,2022-09-28T00:00:00Z,2022-09-30,quarterly
2022-12-27,rally-79stella,,,3.95,0,54510.0,manual:chart_observation:exact:rally_app_chart,chart_observation,exact,Rally App,2022-12-27T00:00:00Z,2022-12-31,quarterly
2023-03-31,rally-79stella,,,6.95,0,95910.0,manual:chart_observation:exact:rally_app_chart,chart_observation,exact,Rally App,2023-03-31T00:00:00Z,2023-03-31,quarterly
2023-06-30,rally-79stella,,,6.5,0,89700.0,manual:chart_observation:exact:rally_app_chart,chart_observation,exact,Rally App,2023-06-30T00:00:00Z,2023-06-30,quarterly
2023-09-27,rally-79stella,,,5.2,0,71760.0,manual:chart_observation:exact:rally_app_chart,chart_observation,exact,Rally App,2023-09-27T00:00:00Z,2023-09-30,quarterly
2023-12-29,rally-79stella,,,4.9,0,67620.0,manual:chart_observation:exact:rally_app_chart,chart_observation,exact,Rally App,2023-12-29T00:00:00Z,2023-12-31,quarterly
2024-03-25,rally-79stella,,,4.8,0,66240.0,manual:chart_observation:exact:rally_app_chart,chart_observation,exact,Rally App,2024-03-25T00:00:00Z,2024-03-31,quarterly
2024-06-28,rally-79stella,,,4.85,0,66930.0,manual:chart_observation:exact:rally_app_chart,chart_observation,exact,Rally App,2024-06-28T00:00:00Z,2024-06-30,quarterly
2024-09-26,rally-79stella,,,6.0,0,82800.0,manual:chart_observation:exact:rally_app_chart,chart_observation,exact,Rally App,2024-09-26T00:00:00Z,2024-09-30,quarterly
2024-12-31,rally-79stella,,,5.2,0,71760.0,manual:chart_observation:exact:rally_app_chart,chart_observation,exact,Rally App,2024-12-31T00:00:00Z,2024-12-31,quarterly
2025-03-31,rally-79stella,,,4.0,0,55200.0,manual:chart_observation:exact:rally_app_chart,chart_observation,exact,Rally App,2025-03-31T00:00:00Z,2025-03-31,quarterly
2025-06-27,rally-79stella,,,4.3,0,59340.0,manual:chart_observation:exact:rally_app_chart,chart_observation,exact,Rally App,2025-06-27T00:00:00Z,2025-06-30,quarterly
2025-09-25,rally-79stella,,,4.0,0,55200.0,manual:chart_observation:exact:rally_app_chart,chart_observation,exact,Rally App,2025-09-25T00:00:00Z,2025-09-30,quarterly
2025-12-30,rally-79stella,,,5.2,0,71760.0,manual:chart_observation:exact:rally_app_chart,chart_observation,exact,Rally App,2025-12-30T00:00:00Z,2025-12-31,quarterly
2026-03-30,rally-79stella,,,4.8,0,66240.0,manual:chart_observation:exact:rally_app_chart,chart_observation,exact,Rally App,2026-03-30T00:00:00Z,2026-03-31,quarterly
2026-06-26,rally-79stella,,,5.9,0,81420.0,manual:chart_observation:exact:rally_app_chart,chart_observation,exact,Rally App,2026-06-26T00:00:00Z,2026-06-30,quarterly
2020-05-12,rally-7orlex,,,20.0,0,20000.0,manual:chart_observation:exact:rally_app_chart,chart_observation,exact,Rally App,2020-05-12,2020-06-30,quarterly
2020-08-11,rally-7orlex,,,25.0,0,25000.0,manual:chart_observation:exact:rally_app_chart,chart_observation,exact,Rally App,2020-08-11,2020-09-30,quarterly
2020-11-24,rally-7orlex,,,30.0,0,30000.0,manual:chart_observation:exact:rally_app_chart,chart_observation,exact,Rally App,2020-11-24,2020-12-31,quarterly
2022-03-25,rally-7orlex,,,20.05,0,20050.0,manual:chart_observation:exact:rally_app_chart,chart_observation,exact,Rally App,2022-03-25,2022-03-31,quarterly
2022-06-27,rally-7orlex,,,18.3,0,18300.0,manual:chart_observation:exact:rally_app_chart,chart_observation,exact,Rally App,2022-06-27,2022-06-30,quarterly
2022-09-26,rally-7orlex,,,19.0,0,19000.0,manual:chart_observation:exact:rally_app_chart,chart_observation,exact,Rally App,2022-09-26,2022-09-30,quarterly
2022-12-28,rally-7orlex,,,18.95,0,18950.0,manual:chart_observation:exact:rally_app_chart,chart_observation,exact,Rally App,2022-12-28,2022-12-31,quarterly
2023-03-31,rally-7orlex,,,19.8,0,19800.0,manual:chart_observation:exact:rally_app_chart,chart_observation,exact,Rally App,2023-03-31,2023-03-31,quarterly
2023-06-29,rally-7orlex,,,20.0,0,20000.0,manual:chart_observation:exact:rally_app_chart,chart_observation,exact,Rally App,2023-06-29,2023-06-30,quarterly
2023-09-27,rally-7orlex,,,19.5,0,19500.0,manual:chart_observation:exact:rally_app_chart,chart_observation,exact,Rally App,2023-09-27,2023-09-30,quarterly
2018-11-29,rally-83fb1,,,70.0,0,350000.0,manual:chart_observation:exact:manual_research,chart_observation,exact,user-provided manual Rally 83FB1 price history,2018-11-29T00:00:00Z,2018-12-31,quarterly
2019-02-21,rally-83fb1,,,70.0,0,350000.0,manual:chart_observation:exact:manual_research,chart_observation,exact,user-provided manual Rally 83FB1 price history,2019-02-21T00:00:00Z,2019-03-31,quarterly
2019-05-30,rally-83fb1,,,70.0,0,350000.0,manual:chart_observation:exact:manual_research,chart_observation,exact,user-provided manual Rally 83FB1 price history,2019-05-30T00:00:00Z,2019-06-30,quarterly
2019-08-29,rally-83fb1,,,71.0,0,355000.0,manual:chart_observation:exact:manual_research,chart_observation,exact,user-provided manual Rally 83FB1 price history,2019-08-29T00:00:00Z,2019-09-30,quarterly
2019-11-19,rally-83fb1,,,71.0,0,355000.0,manual:chart_observation:exact:manual_research,chart_observation,exact,user-provided manual Rally 83FB1 price history,2019-11-19T00:00:00Z,2019-12-31,quarterly
2020-02-18,rally-83fb1,,,68.9,0,344500.0,manual:chart_observation:exact:manual_research,chart_observation,exact,user-provided manual Rally 83FB1 price history,2020-02-18T00:00:00Z,2020-03-31,quarterly
2020-05-26,rally-83fb1,,,65.0,0,325000.0,manual:chart_observation:exact:manual_research,chart_observation,exact,user-provided manual Rally 83FB1 price history,2020-05-26T00:00:00Z,2020-06-30,quarterly
2020-09-01,rally-83fb1,,,57.5,0,287500.0,manual:chart_observation:exact:manual_research,chart_observation,exact,user-provided manual Rally 83FB1 price history,2020-09-01T00:00:00Z,2020-09-30,quarterly
2020-12-08,rally-83fb1,,,49.0,0,245000.0,manual:chart_observation:exact:manual_research,chart_observation,exact,user-provided manual Rally 83FB1 price history,2020-12-08T00:00:00Z,2020-12-31,quarterly
2021-02-18,rally-83fb1,,,40.0,0,200000.0,manual:chart_observation:exact:manual_research,chart_observation,exact,user-provided manual Rally 83FB1 price history,2021-02-18T00:00:00Z,2021-03-31,quarterly
2021-04-29,rally-83fb1,,,35.0,0,175000.0,manual:chart_observation:exact:manual_research,chart_observation,exact,user-provided manual Rally 83FB1 price history,2021-04-29T00:00:00Z,2021-06-30,quarterly
2021-07-27,rally-83fb1,,,42.15,0,210750.0,manual:chart_observation:exact:manual_research,chart_observation,exact,user-provided manual Rally 83FB1 price history,2021-07-27T00:00:00Z,2021-09-30,quarterly
2022-04-11,rally-83fb1,,,41.5,0,207500.0,manual:chart_observation:exact:manual_research,chart_observation,exact,user-provided manual Rally 83FB1 price history,2022-04-11T00:00:00Z,2022-06-30,quarterly
2022-07-01,rally-83fb1,,,46.5,0,232500.0,manual:chart_observation:exact:manual_research,chart_observation,exact,user-provided manual Rally 83FB1 price history,2022-07-01T00:00:00Z,2022-09-30,quarterly
2022-09-28,rally-83fb1,,,41.0,0,205000.0,manual:chart_observation:exact:manual_research,chart_observation,exact,user-provided manual Rally 83FB1 price history,2022-09-28T00:00:00Z,2022-09-30,quarterly
2022-12-27,rally-83fb1,,,40.0,0,200000.0,manual:chart_observation:exact:manual_research,chart_observation,exact,user-provided manual Rally 83FB1 price history,2022-12-27T00:00:00Z,2022-12-31,quarterly
2023-03-24,rally-83fb1,,,40.0,0,200000.0,manual:chart_observation:exact:manual_research,chart_observation,exact,user-provided manual Rally 83FB1 price history,2023-03-24T00:00:00Z,2023-03-31,quarterly
2023-06-30,rally-83fb1,,,39.0,0,195000.0,manual:chart_observation:exact:manual_research,chart_observation,exact,user-provided manual Rally 83FB1 price history,2023-06-30T00:00:00Z,2023-06-30,quarterly
2023-09-27,rally-83fb1,,,40.0,0,200000.0,manual:chart_observation:exact:manual_research,chart_observation,exact,user-provided manual Rally 83FB1 price history,2023-09-27T00:00:00Z,2023-09-30,quarterly
2023-12-29,rally-83fb1,,,36.5,0,182500.0,manual:chart_observation:exact:manual_research,chart_observation,exact,user-provided manual Rally 83FB1 price history,2023-12-29T00:00:00Z,2023-12-31,quarterly
2024-04-01,rally-83fb1,,,58.5,0,292500.0,manual:chart_observation:exact:manual_research,chart_observation,exact,user-provided manual Rally 83FB1 price history,2024-04-01T00:00:00Z,2024-06-30,quarterly
2024-06-28,rally-83fb1,,,49.0,0,245000.0,manual:chart_observation:exact:manual_research,chart_observation,exact,user-provided manual Rally 83FB1 price history,2024-06-28T00:00:00Z,2024-06-30,quarterly
2024-09-26,rally-83fb1,,,51.75,0,258750.0,manual:chart_observation:exact:manual_research,chart_observation,exact,user-provided manual Rally 83FB1 price history,2024-09-26T00:00:00Z,2024-09-30,quarterly
2024-12-23,rally-83fb1,,,59.0,0,295000.0,manual:chart_observation:exact:manual_research,chart_observation,exact,user-provided manual Rally 83FB1 price history,2024-12-23T00:00:00Z,2024-12-31,quarterly
2025-03-31,rally-83fb1,,,55.0,0,275000.0,manual:chart_observation:exact:manual_research,chart_observation,exact,user-provided manual Rally 83FB1 price history,2025-03-31T00:00:00Z,2025-03-31,quarterly
2025-06-27,rally-83fb1,,,48.45,0,242250.0,manual:chart_observation:exact:manual_research,chart_observation,exact,user-provided manual Rally 83FB1 price history,2025-06-27T00:00:00Z,2025-06-30,quarterly
2025-09-25,rally-83fb1,,,40.0,0,200000.0,manual:chart_observation:exact:manual_research,chart_observation,exact,user-provided manual Rally 83FB1 price history,2025-09-25T00:00:00Z,2025-09-30,quarterly
2025-12-31,rally-83fb1,,,46.45,0,232250.0,manual:chart_observation:exact:manual_research,chart_observation,exact,user-provided manual Rally 83FB1 price history,2025-12-31T00:00:00Z,2025-12-31,quarterly
2026-03-30,rally-83fb1,,,50.5,0,252500.0,manual:chart_observation:exact:manual_research,chart_observation,exact,user-provided manual Rally 83FB1 price history,2026-03-30T00:00:00Z,2026-03-31,quarterly
2026-06-26,rally-83fb1,,,49.1,0,245500.0,manual:chart_observation:exact:manual_research,chart_observation,exact,user-provided manual Rally 83FB1 price history,2026-06-26T00:00:00Z,2026-06-30,quarterly
2021-01-05,rally-93daytona,,,23.0,0,46000.0,manual:chart_observation:exact:rally_app_chart,chart_observation,exact,Rally App,2021-01-05T00:00:00Z,2020-12-31,quarterly
2021-03-11,rally-93daytona,,,16.6,0,33200.0,manual:chart_observation:exact:rally_app_chart,chart_observation,exact,Rally App,2021-03-11T00:00:00Z,2021-03-31,quarterly
2021-05-25,rally-93daytona,,,16.6,0,33200.0,manual:chart_observation:exact:rally_app_chart,chart_observation,exact,Rally App,2021-05-25T00:00:00Z,2021-06-30,quarterly
2021-08-10,rally-93daytona,,,21.0,0,42000.0,manual:chart_observation:exact:rally_app_chart,chart_observation,exact,Rally App,2021-08-10T00:00:00Z,2021-09-30,quarterly
2021-10-29,rally-93daytona,,,25.0,0,50000.0,manual:chart_observation:exact:rally_app_chart,chart_observation,exact,Rally App,2021-10-29T00:00:00Z,2021-12-31,quarterly
2022-03-25,rally-93daytona,,,19.5,0,39000.0,manual:chart_observation:exact:rally_app_chart,chart_observation,exact,Rally App,2022-03-25T00:00:00Z,2022-03-31,quarterly
2022-06-30,rally-93daytona,,,16.0,0,32000.0,manual:chart_observation:exact:rally_app_chart,chart_observation,exact,Rally App,2022-06-30T00:00:00Z,2022-06-30,quarterly
2022-09-28,rally-93daytona,,,17.2,0,34400.0,manual:chart_observation:exact:rally_app_chart,chart_observation,exact,Rally App,2022-09-28T00:00:00Z,2022-09-30,quarterly
2022-12-27,rally-93daytona,,,14.65,0,29300.0,manual:chart_observation:exact:rally_app_chart,chart_observation,exact,Rally App,2022-12-27T00:00:00Z,2022-12-31,quarterly
2023-03-28,rally-93daytona,,,19.0,0,38000.0,manual:chart_observation:exact:rally_app_chart,chart_observation,exact,Rally App,2023-03-28T00:00:00Z,2023-03-31,quarterly
2023-06-26,rally-93daytona,,,18.0,0,36000.0,manual:chart_observation:exact:rally_app_chart,chart_observation,exact,Rally App,2023-06-26T00:00:00Z,2023-06-30,quarterly
2023-09-29,rally-93daytona,,,16.45,0,32900.0,manual:chart_observation:exact:rally_app_chart,chart_observation,exact,Rally App,2023-09-29T00:00:00Z,2023-09-30,quarterly
2023-12-29,rally-93daytona,,,15.25,0,30500.0,manual:chart_observation:exact:rally_app_chart,chart_observation,exact,Rally App,2023-12-29T00:00:00Z,2023-12-31,quarterly
2024-03-28,rally-93daytona,,,17.0,0,34000.0,manual:chart_observation:exact:rally_app_chart,chart_observation,exact,Rally App,2024-03-28T00:00:00Z,2024-03-31,quarterly
2024-06-27,rally-93daytona,,,16.0,0,32000.0,manual:chart_observation:exact:rally_app_chart,chart_observation,exact,Rally App,2024-06-27T00:00:00Z,2024-06-30,quarterly
2024-09-25,rally-93daytona,,,16.5,0,33000.0,manual:chart_observation:exact:rally_app_chart,chart_observation,exact,Rally App,2024-09-25T00:00:00Z,2024-09-30,quarterly
2024-12-30,rally-93daytona,,,18.0,0,36000.0,manual:chart_observation:exact:rally_app_chart,chart_observation,exact,Rally App,2024-12-30T00:00:00Z,2024-12-31,quarterly
2025-03-31,rally-93daytona,,,17.7,0,35400.0,manual:chart_observation:exact:rally_app_chart,chart_observation,exact,Rally App,2025-03-31T00:00:00Z,2025-03-31,quarterly
2025-06-27,rally-93daytona,,,17.55,0,35100.0,manual:chart_observation:exact:rally_app_chart,chart_observation,exact,Rally App,2025-06-27T00:00:00Z,2025-06-30,quarterly
2025-09-26,rally-93daytona,,,14.95,0,29900.0,manual:chart_observation:exact:rally_app_chart,chart_observation,exact,Rally App,2025-09-26T00:00:00Z,2025-09-30,quarterly
2025-12-31,rally-93daytona,,,16.0,0,32000.0,manual:chart_observation:exact:rally_app_chart,chart_observation,exact,Rally App,2025-12-31T00:00:00Z,2025-12-31,quarterly
2026-03-26,rally-93daytona,,,18.1,0,36200.0,manual:chart_observation:exact:rally_app_chart,chart_observation,exact,Rally App,2026-03-26T00:00:00Z,2026-03-31,quarterly
2026-06-30,rally-93daytona,,,18.1,0,36200.0,manual:chart_observation:exact:rally_app_chart,chart_observation,exact,Rally App,2026-06-30T00:00:00Z,2026-06-30,quarterly
2019-01-29,rally-93xj1,,,98.95,0,494750.0,manual:chart_observation:exact:manual_research,chart_observation,exact,user-provided manual Rally 93XJ1 price history,2019-01-29T00:00:00Z,2019-03-31,quarterly
2019-04-25,rally-93xj1,,,95.0,0,475000.0,manual:chart_observation:exact:manual_research,chart_observation,exact,user-provided manual Rally 93XJ1 price history,2019-04-25T00:00:00Z,2019-06-30,quarterly
2019-07-16,rally-93xj1,,,85.0,0,425000.0,manual:chart_observation:exact:manual_research,chart_observation,exact,user-provided manual Rally 93XJ1 price history,2019-07-16T00:00:00Z,2019-09-30,quarterly
2019-10-03,rally-93xj1,,,69.0,0,345000.0,manual:chart_observation:exact:manual_research,chart_observation,exact,user-provided manual Rally 93XJ1 price history,2019-10-03T00:00:00Z,2019-12-31,quarterly
2020-01-07,rally-93xj1,,,59.0,0,295000.0,manual:chart_observation:exact:manual_research,chart_observation,exact,user-provided manual Rally 93XJ1 price history,2020-01-07T00:00:00Z,2020-03-31,quarterly
2020-04-28,rally-93xj1,,,52.0,0,260000.0,manual:chart_observation:exact:manual_research,chart_observation,exact,user-provided manual Rally 93XJ1 price history,2020-04-28T00:00:00Z,2020-06-30,quarterly
2020-08-04,rally-93xj1,,,52.0,0,260000.0,manual:chart_observation:exact:manual_research,chart_observation,exact,user-provided manual Rally 93XJ1 price history,2020-08-04T00:00:00Z,2020-09-30,quarterly
2020-11-03,rally-93xj1,,,52.15,0,260750.0,manual:chart_observation:exact:manual_research,chart_observation,exact,user-provided manual Rally 93XJ1 price history,2020-11-03T00:00:00Z,2020-12-31,quarterly
2021-02-02,rally-93xj1,,,60.0,0,300000.0,manual:chart_observation:exact:manual_research,chart_observation,exact,user-provided manual Rally 93XJ1 price history,2021-02-02T00:00:00Z,2021-03-31,quarterly
2021-06-22,rally-93xj1,,,63.5,0,317500.0,manual:chart_observation:exact:manual_research,chart_observation,exact,user-provided manual Rally 93XJ1 price history,2021-06-22T00:00:00Z,2021-06-30,quarterly
2021-09-21,rally-93xj1,,,63.5,0,317500.0,manual:chart_observation:exact:manual_research,chart_observation,exact,user-provided manual Rally 93XJ1 price history,2021-09-21T00:00:00Z,2021-09-30,quarterly
2022-02-28,rally-93xj1,,,55.0,0,275000.0,manual:chart_observation:exact:manual_research,chart_observation,exact,user-provided manual Rally 93XJ1 price history,2022-02-28T00:00:00Z,2022-02-28,weekly
2022-03-24,rally-93xj1,,,59.0,0,295000.0,manual:chart_observation:exact:manual_research,chart_observation,exact,user-provided manual Rally 93XJ1 price history,2022-03-24T00:00:00Z,2022-03-31,quarterly
2022-06-29,rally-93xj1,,,66.0,0,330000.0,manual:chart_observation:exact:manual_research,chart_observation,exact,user-provided manual Rally 93XJ1 price history,2022-06-29T00:00:00Z,2022-06-30,quarterly
2022-09-26,rally-93xj1,,,70.0,0,350000.0,manual:chart_observation:exact:manual_research,chart_observation,exact,user-provided manual Rally 93XJ1 price history,2022-09-26T00:00:00Z,2022-09-30,quarterly
2022-12-30,rally-93xj1,,,59.0,0,295000.0,manual:chart_observation:exact:manual_research,chart_observation,exact,user-provided manual Rally 93XJ1 price history,2022-12-30T00:00:00Z,2022-12-31,quarterly
2023-03-29,rally-93xj1,,,59.0,0,295000.0,manual:chart_observation:exact:manual_research,chart_observation,exact,user-provided manual Rally 93XJ1 price history,2023-03-29T00:00:00Z,2023-03-31,quarterly
2023-06-26,rally-93xj1,,,67.0,0,335000.0,manual:chart_observation:exact:manual_research,chart_observation,exact,user-provided manual Rally 93XJ1 price history,2023-06-26T00:00:00Z,2023-06-30,quarterly
2023-09-29,rally-93xj1,,,65.5,0,327500.0,manual:chart_observation:exact:manual_research,chart_observation,exact,user-provided manual Rally 93XJ1 price history,2023-09-29T00:00:00Z,2023-09-30,quarterly
2023-12-26,rally-93xj1,,,58.5,0,292500.0,manual:chart_observation:exact:manual_research,chart_observation,exact,user-provided manual Rally 93XJ1 price history,2023-12-26T00:00:00Z,2023-12-31,quarterly
2024-04-01,rally-93xj1,,,80.0,0,400000.0,manual:chart_observation:exact:manual_research,chart_observation,exact,user-provided manual Rally 93XJ1 price history,2024-04-01T00:00:00Z,2024-06-30,quarterly
2024-06-28,rally-93xj1,,,69.9,0,349500.0,manual:chart_observation:exact:manual_research,chart_observation,exact,user-provided manual Rally 93XJ1 price history,2024-06-28T00:00:00Z,2024-06-30,quarterly
2024-09-24,rally-93xj1,,,91.5,0,457500.0,manual:chart_observation:exact:manual_research,chart_observation,exact,user-provided manual Rally 93XJ1 price history,2024-09-24T00:00:00Z,2024-09-30,quarterly
2024-12-30,rally-93xj1,,,94.0,0,470000.0,manual:chart_observation:exact:manual_research,chart_observation,exact,user-provided manual Rally 93XJ1 price history,2024-12-30T00:00:00Z,2024-12-31,quarterly
2025-03-27,rally-93xj1,,,85.0,0,425000.0,manual:chart_observation:exact:manual_research,chart_observation,exact,user-provided manual Rally 93XJ1 price history,2025-03-27T00:00:00Z,2025-03-31,quarterly
2025-07-02,rally-93xj1,,,91.1,0,455500.0,manual:chart_observation:exact:manual_research,chart_observation,exact,user-provided manual Rally 93XJ1 price history,2025-07-02T00:00:00Z,2025-09-30,quarterly
2025-09-29,rally-93xj1,,,80.0,0,400000.0,manual:chart_observation:exact:manual_research,chart_observation,exact,user-provided manual Rally 93XJ1 price history,2025-09-29T00:00:00Z,2025-09-30,quarterly
2025-12-24,rally-93xj1,,,80.0,0,400000.0,manual:chart_observation:exact:manual_research,chart_observation,exact,user-provided manual Rally 93XJ1 price history,2025-12-24T00:00:00Z,2025-12-31,quarterly
2026-03-23,rally-93xj1,,,84.0,0,420000.0,manual:chart_observation:exact:manual_research,chart_observation,exact,user-provided manual Rally 93XJ1 price history,2026-03-23T00:00:00Z,2026-03-31,quarterly
2026-06-29,rally-93xj1,,,84.0,0,420000.0,manual:chart_observation:exact:manual_research,chart_observation,exact,user-provided manual Rally 93XJ1 price history,2026-06-29T00:00:00Z,2026-06-30,quarterly
2020-06-23,rally-aghowl,,,51.0,0,25500.0,manual:chart_observation:exact:rally_app_chart,chart_observation,exact,Manually transcribed Rally AGHOWL price history supplied 2026-07-25,2020-06-23T00:00:00Z,2020-06-30,quarterly
2020-10-13,rally-aghowl,,,52.0,0,26000.0,manual:chart_observation:exact:rally_app_chart,chart_observation,exact,Manually transcribed Rally AGHOWL price history supplied 2026-07-25,2020-10-13T00:00:00Z,2020-09-30,quarterly
2021-01-19,rally-aghowl,,,52.0,0,26000.0,manual:chart_observation:exact:rally_app_chart,chart_observation,exact,Manually transcribed Rally AGHOWL price history supplied 2026-07-25,2021-01-19T00:00:00Z,2020-12-31,quarterly
2021-03-25,rally-aghowl,,,31.0,0,15500.0,manual:chart_observation:exact:rally_app_chart,chart_observation,exact,Manually transcribed Rally AGHOWL price history supplied 2026-07-25,2021-03-25T00:00:00Z,2021-03-31,quarterly
2021-06-24,rally-aghowl,,,31.0,0,15500.0,manual:chart_observation:exact:rally_app_chart,chart_observation,exact,Manually transcribed Rally AGHOWL price history supplied 2026-07-25,2021-06-24T00:00:00Z,2021-06-30,quarterly
2021-11-04,rally-aghowl,,,38.0,0,19000.0,manual:chart_observation:exact:rally_app_chart,chart_observation,exact,Manually transcribed Rally AGHOWL price history supplied 2026-07-25,2021-11-04T00:00:00Z,2021-12-31,quarterly
2022-02-14,rally-aghowl,,,38.0,0,19000.0,manual:chart_observation:exact:rally_app_chart,chart_observation,exact,Manually transcribed Rally AGHOWL price history supplied 2026-07-25,2022-02-14T00:00:00Z,2022-02-14,weekly
2022-03-28,rally-aghowl,,,26.6,0,13300.0,manual:chart_observation:exact:rally_app_chart,chart_observation,exact,Manually transcribed Rally AGHOWL price history supplied 2026-07-25,2022-03-28T00:00:00Z,2022-03-31,quarterly
2022-06-27,rally-aghowl,,,26.5,0,13250.0,manual:chart_observation:exact:rally_app_chart,chart_observation,exact,Manually transcribed Rally AGHOWL price history supplied 2026-07-25,2022-06-27T00:00:00Z,2022-06-30,quarterly
2022-09-27,rally-aghowl,,,19.0,0,9500.0,manual:chart_observation:exact:rally_app_chart,chart_observation,exact,Manually transcribed Rally AGHOWL price history supplied 2026-07-25,2022-09-27T00:00:00Z,2022-09-30,quarterly
2022-12-28,rally-aghowl,,,14.15,0,7075.0,manual:chart_observation:exact:rally_app_chart,chart_observation,exact,Manually transcribed Rally AGHOWL price history supplied 2026-07-25,2022-12-28T00:00:00Z,2022-12-31,quarterly
2023-03-30,rally-aghowl,,,15.75,0,7875.0,manual:chart_observation:exact:rally_app_chart,chart_observation,exact,Manually transcribed Rally AGHOWL price history supplied 2026-07-25,2023-03-30T00:00:00Z,2023-03-31,quarterly
2023-06-30,rally-aghowl,,,22.1,0,11050.0,manual:chart_observation:exact:rally_app_chart,chart_observation,exact,Manually transcribed Rally AGHOWL price history supplied 2026-07-25,2023-06-30T00:00:00Z,2023-06-30,quarterly
2023-09-25,rally-aghowl,,,17.45,0,8725.0,manual:chart_observation:exact:rally_app_chart,chart_observation,exact,Manually transcribed Rally AGHOWL price history supplied 2026-07-25,2023-09-25T00:00:00Z,2023-09-30,quarterly
2023-12-29,rally-aghowl,,,23.95,0,11975.0,manual:chart_observation:exact:rally_app_chart,chart_observation,exact,Manually transcribed Rally AGHOWL price history supplied 2026-07-25,2023-12-29T00:00:00Z,2023-12-31,quarterly
2024-03-26,rally-aghowl,,,23.95,0,11975.0,manual:chart_observation:exact:rally_app_chart,chart_observation,exact,Manually transcribed Rally AGHOWL price history supplied 2026-07-25,2024-03-26T00:00:00Z,2024-03-31,quarterly
2024-06-26,rally-aghowl,,,23.95,0,11975.0,manual:chart_observation:exact:rally_app_chart,chart_observation,exact,Manually transcribed Rally AGHOWL price history supplied 2026-07-25,2024-06-26T00:00:00Z,2024-06-30,quarterly
2024-09-26,rally-aghowl,,,23.95,0,11975.0,manual:chart_observation:exact:rally_app_chart,chart_observation,exact,Manually transcribed Rally AGHOWL price history supplied 2026-07-25,2024-09-26T00:00:00Z,2024-09-30,quarterly
2024-12-27,rally-aghowl,,,23.95,0,11975.0,manual:chart_observation:exact:rally_app_chart,chart_observation,exact,Manually transcribed Rally AGHOWL price history supplied 2026-07-25,2024-12-27T00:00:00Z,2024-12-31,quarterly
2025-03-28,rally-aghowl,,,23.95,0,11975.0,manual:chart_observation:exact:rally_app_chart,chart_observation,exact,Manually transcribed Rally AGHOWL price history supplied 2026-07-25,2025-03-28T00:00:00Z,2025-03-31,quarterly
2025-06-30,rally-aghowl,,,23.95,0,11975.0,manual:chart_observation:exact:rally_app_chart,chart_observation,exact,Manually transcribed Rally AGHOWL price history supplied 2026-07-25,2025-06-30T00:00:00Z,2025-06-30,quarterly
2025-09-29,rally-aghowl,,,23.95,0,11975.0,manual:chart_observation:exact:rally_app_chart,chart_observation,exact,Manually transcribed Rally AGHOWL price history supplied 2026-07-25,2025-09-29T00:00:00Z,2025-09-30,quarterly
2025-12-30,rally-aghowl,,,12.0,0,6000.0,manual:chart_observation:exact:rally_app_chart,chart_observation,exact,Manually transcribed Rally AGHOWL price history supplied 2026-07-25,2025-12-30T00:00:00Z,2025-12-31,quarterly
2026-03-26,rally-aghowl,,,8.0,0,4000.0,manual:chart_observation:exact:rally_app_chart,chart_observation,exact,Manually transcribed Rally AGHOWL price history supplied 2026-07-25,2026-03-26T00:00:00Z,2026-03-31,quarterly
2026-06-26,rally-aghowl,,,23.95,0,11975.0,manual:chart_observation:exact:rally_app_chart,chart_observation,exact,Manually transcribed Rally AGHOWL price history supplied 2026-07-25,2026-06-26T00:00:00Z,2026-06-30,quarterly
2026-07-02,rally-aghowl,,,39.0,0,19500.0,manual:chart_observation:exact:rally_app_chart,chart_observation,exact,Manually transcribed Rally AGHOWL price history supplied 2026-07-25,2026-07-02T00:00:00Z,2026-07-02,weekly
2021-02-02,rally-alice,,,1.7,0,20400.0,manual:chart_observation:unverified:rally_app_chart,chart_observation,unverified,Manually transcribed Rally ALICE price history supplied 2026-07-22,2021-02-02T00:00:00Z,2021-03-31,quarterly
2021-04-06,rally-alice,,,1.85,0,22200.0,manual:chart_observation:exact:rally_app_chart,chart_observation,exact,Manually transcribed Rally ALICE price history supplied 2026-07-22,2021-04-06T00:00:00Z,2021-06-30,quarterly
2021-07-08,rally-alice,,,2.0,0,24000.0,manual:chart_observation:exact:rally_app_chart,chart_observation,exact,Manually transcribed Rally ALICE price history supplied 2026-07-22,2021-07-08T00:00:00Z,2021-09-30,quarterly
2021-11-15,rally-alice,,,2.15,0,25800.0,manual:chart_observation:exact:rally_app_chart,chart_observation,exact,Manually transcribed Rally ALICE price history supplied 2026-07-22,2021-11-15T00:00:00Z,2021-12-31,quarterly
2022-03-28,rally-alice,,,1.8,0,21600.0,manual:chart_observation:exact:rally_app_chart,chart_observation,exact,Manually transcribed Rally ALICE price history supplied 2026-07-22,2022-03-28T00:00:00Z,2022-03-31,quarterly
2022-06-24,rally-alice,,,1.35,0,16200.0,manual:chart_observation:exact:rally_app_chart,chart_observation,exact,Manually transcribed Rally ALICE price history supplied 2026-07-22,2022-06-24T00:00:00Z,2022-06-30,quarterly
2022-09-27,rally-alice,,,1.2,0,14400.0,manual:chart_observation:exact:rally_app_chart,chart_observation,exact,Manually transcribed Rally ALICE price history supplied 2026-07-22,2022-09-27T00:00:00Z,2022-09-30,quarterly
2022-12-27,rally-alice,,,1.25,0,15000.0,manual:chart_observation:exact:rally_app_chart,chart_observation,exact,Manually transcribed Rally ALICE price history supplied 2026-07-22,2022-12-27T00:00:00Z,2022-12-31,quarterly
2023-03-31,rally-alice,,,1.2,0,14400.0,manual:chart_observation:exact:rally_app_chart,chart_observation,exact,Manually transcribed Rally ALICE price history supplied 2026-07-22,2023-03-31T00:00:00Z,2023-03-31,quarterly
2023-06-28,rally-alice,,,1.05,0,12600.0,manual:chart_observation:exact:rally_app_chart,chart_observation,exact,Manually transcribed Rally ALICE price history supplied 2026-07-22,2023-06-28T00:00:00Z,2023-06-30,quarterly
2023-09-25,rally-alice,,,1.1,0,13200.0,manual:chart_observation:exact:rally_app_chart,chart_observation,exact,Manually transcribed Rally ALICE price history supplied 2026-07-22,2023-09-25T00:00:00Z,2023-09-30,quarterly
2023-12-29,rally-alice,,,0.95,0,11400.0,manual:chart_observation:exact:rally_app_chart,chart_observation,exact,Manually transcribed Rally ALICE price history supplied 2026-07-22,2023-12-29T00:00:00Z,2023-12-31,quarterly
2024-03-27,rally-alice,,,0.8,0,9600.0,manual:chart_observation:exact:rally_app_chart,chart_observation,exact,Manually transcribed Rally ALICE price history supplied 2026-07-22,2024-03-27T00:00:00Z,2024-03-31,quarterly
2024-06-24,rally-alice,,,0.95,0,11400.0,manual:chart_observation:exact:rally_app_chart,chart_observation,exact,Manually transcribed Rally ALICE price history supplied 2026-07-22,2024-06-24T00:00:00Z,2024-06-30,quarterly
2024-09-27,rally-alice,,,1.25,0,15000.0,manual:chart_observation:exact:rally_app_chart,chart_observation,exact,Manually transcribed Rally ALICE price history supplied 2026-07-22,2024-09-27T00:00:00Z,2024-09-30,quarterly
2024-12-31,rally-alice,,,1.25,0,15000.0,manual:chart_observation:exact:rally_app_chart,chart_observation,exact,Manually transcribed Rally ALICE price history supplied 2026-07-22,2024-12-31T00:00:00Z,2024-12-31,quarterly
2025-03-31,rally-alice,,,1.15,0,13800.0,manual:chart_observation:exact:rally_app_chart,chart_observation,exact,Manually transcribed Rally ALICE price history supplied 2026-07-22,2025-03-31T00:00:00Z,2025-03-31,quarterly
2025-06-27,rally-alice,,,1.15,0,13800.0,manual:chart_observation:exact:rally_app_chart,chart_observation,exact,Manually transcribed Rally ALICE price history supplied 2026-07-22,2025-06-27T00:00:00Z,2025-06-30,quarterly
2025-09-24,rally-alice,,,0.8,0,9600.0,manual:chart_observation:exact:rally_app_chart,chart_observation,exact,Manually transcribed Rally ALICE price history supplied 2026-07-22,2025-09-24T00:00:00Z,2025-09-30,quarterly
2025-12-29,rally-alice,,,0.85,0,10200.0,manual:chart_observation:exact:rally_app_chart,chart_observation,exact,Manually transcribed Rally ALICE price history supplied 2026-07-22,2025-12-29T00:00:00Z,2025-12-31,quarterly
2026-03-27,rally-alice,,,0.8,0,9600.0,manual:chart_observation:exact:rally_app_chart,chart_observation,exact,Manually transcribed Rally ALICE price history supplied 2026-07-22,2026-03-27T00:00:00Z,2026-03-31,quarterly
2026-06-25,rally-alice,,,2.0,0,24000.0,manual:chart_observation:exact:rally_app_chart,chart_observation,exact,Manually transcribed Rally ALICE price history supplied 2026-07-22,2026-06-25T00:00:00Z,2026-06-30,quarterly
2023-03-29,rally-andypele,,,4.05,0,26325.0,manual:chart_observation:exact:manual_research,chart_observation,exact,User-provided manual Rally ANDYPELE Art price history,2023-03-29T00:00:00Z,2023-03-31,quarterly
2023-06-28,rally-andypele,,,3.3,0,21450.0,manual:chart_observation:exact:manual_research,chart_observation,exact,User-provided manual Rally ANDYPELE Art price history,2023-06-28T00:00:00Z,2023-06-30,quarterly
2023-09-28,rally-andypele,,,2.5,0,16250.0,manual:chart_observation:exact:manual_research,chart_observation,exact,User-provided manual Rally ANDYPELE Art price history,2023-09-28T00:00:00Z,2023-09-30,quarterly
2023-12-28,rally-andypele,,,2.85,0,18525.0,manual:chart_observation:exact:manual_research,chart_observation,exact,User-provided manual Rally ANDYPELE Art price history,2023-12-28T00:00:00Z,2023-12-31,quarterly
2024-03-28,rally-andypele,,,3.0,0,19500.0,manual:chart_observation:exact:manual_research,chart_observation,exact,User-provided manual Rally ANDYPELE Art price history,2024-03-28T00:00:00Z,2024-03-31,quarterly
2024-06-28,rally-andypele,,,3.0,0,19500.0,manual:chart_observation:exact:manual_research,chart_observation,exact,User-provided manual Rally ANDYPELE Art price history,2024-06-28T00:00:00Z,2024-06-30,quarterly
2024-09-27,rally-andypele,,,2.5,0,16250.0,manual:chart_observation:exact:manual_research,chart_observation,exact,User-provided manual Rally ANDYPELE Art price history,2024-09-27T00:00:00Z,2024-09-30,quarterly
2024-12-30,rally-andypele,,,2.9,0,18850.0,manual:chart_observation:exact:manual_research,chart_observation,exact,User-provided manual Rally ANDYPELE Art price history,2024-12-30T00:00:00Z,2024-12-31,quarterly
2025-03-31,rally-andypele,,,2.6,0,16900.0,manual:chart_observation:exact:manual_research,chart_observation,exact,User-provided manual Rally ANDYPELE Art price history,2025-03-31T00:00:00Z,2025-03-31,quarterly
2025-06-30,rally-andypele,,,3.0,0,19500.0,manual:chart_observation:exact:manual_research,chart_observation,exact,User-provided manual Rally ANDYPELE Art price history,2025-06-30T00:00:00Z,2025-06-30,quarterly
2025-09-29,rally-andypele,,,3.0,0,19500.0,manual:chart_observation:exact:manual_research,chart_observation,exact,User-provided manual Rally ANDYPELE Art price history,2025-09-29T00:00:00Z,2025-09-30,quarterly
2025-12-30,rally-andypele,,,2.75,0,17875.0,manual:chart_observation:exact:manual_research,chart_observation,exact,User-provided manual Rally ANDYPELE Art price history,2025-12-30T00:00:00Z,2025-12-31,quarterly
2026-03-31,rally-andypele,,,2.5,0,16250.0,manual:chart_observation:exact:manual_research,chart_observation,exact,User-provided manual Rally ANDYPELE Art price history,2026-03-31T00:00:00Z,2026-03-31,quarterly
2026-06-26,rally-andypele,,,2.4,0,15600.0,manual:chart_observation:exact:manual_research,chart_observation,exact,User-provided manual Rally ANDYPELE Art price history,2026-06-26T00:00:00Z,2026-06-30,quarterly
2021-02-23,rally-anmlfarm,,,25.0,0,25000.0,manual:chart_observation:exact:manual_research,chart_observation,exact,user-provided manual Rally ANMLFARM price history,2021-02-23T00:00:00Z,2021-03-31,quarterly
2021-07-27,rally-anmlfarm,,,28.0,0,28000.0,manual:chart_observation:exact:manual_research,chart_observation,exact,user-provided manual Rally ANMLFARM price history,2021-07-27T00:00:00Z,2021-09-30,quarterly
2021-12-31,rally-anmlfarm,,,25.0,0,25000.0,manual:chart_observation:exact:manual_research,chart_observation,exact,user-provided manual Rally ANMLFARM price history,2021-12-31T00:00:00Z,2021-12-31,quarterly
2022-03-28,rally-anmlfarm,,,22.45,0,22450.0,manual:chart_observation:exact:manual_research,chart_observation,exact,user-provided manual Rally ANMLFARM price history,2022-03-28T00:00:00Z,2022-03-31,quarterly
2022-06-27,rally-anmlfarm,,,15.0,0,15000.0,manual:chart_observation:exact:manual_research,chart_observation,exact,user-provided manual Rally ANMLFARM price history,2022-06-27T00:00:00Z,2022-06-30,quarterly
2022-09-28,rally-anmlfarm,,,13.0,0,13000.0,manual:chart_observation:exact:manual_research,chart_observation,exact,user-provided manual Rally ANMLFARM price history,2022-09-28T00:00:00Z,2022-09-30,quarterly
2022-12-29,rally-anmlfarm,,,15.0,0,15000.0,manual:chart_observation:exact:manual_research,chart_observation,exact,user-provided manual Rally ANMLFARM price history,2022-12-29T00:00:00Z,2022-12-31,quarterly
2023-03-31,rally-anmlfarm,,,13.0,0,13000.0,manual:chart_observation:exact:manual_research,chart_observation,exact,user-provided manual Rally ANMLFARM price history,2023-03-31T00:00:00Z,2023-03-31,quarterly
2023-06-26,rally-anmlfarm,,,15.5,0,15500.0,manual:chart_observation:exact:manual_research,chart_observation,exact,user-provided manual Rally ANMLFARM price history,2023-06-26T00:00:00Z,2023-06-30,quarterly
2023-09-26,rally-anmlfarm,,,15.5,0,15500.0,manual:chart_observation:exact:manual_research,chart_observation,exact,user-provided manual Rally ANMLFARM price history,2023-09-26T00:00:00Z,2023-09-30,quarterly
2023-12-28,rally-anmlfarm,,,15.5,0,15500.0,manual:chart_observation:exact:manual_research,chart_observation,exact,user-provided manual Rally ANMLFARM price history,2023-12-28T00:00:00Z,2023-12-31,quarterly
2024-03-28,rally-anmlfarm,,,15.0,0,15000.0,manual:chart_observation:exact:manual_research,chart_observation,exact,user-provided manual Rally ANMLFARM price history,2024-03-28T00:00:00Z,2024-03-31,quarterly
2024-06-24,rally-anmlfarm,,,15.0,0,15000.0,manual:chart_observation:exact:manual_research,chart_observation,exact,user-provided manual Rally ANMLFARM price history,2024-06-24T00:00:00Z,2024-06-30,quarterly
2024-09-30,rally-anmlfarm,,,15.25,0,15250.0,manual:chart_observation:exact:manual_research,chart_observation,exact,user-provided manual Rally ANMLFARM price history,2024-09-30T00:00:00Z,2024-09-30,quarterly
2024-12-26,rally-anmlfarm,,,15.3,0,15300.0,manual:chart_observation:exact:manual_research,chart_observation,exact,user-provided manual Rally ANMLFARM price history,2024-12-26T00:00:00Z,2024-12-31,quarterly
2025-03-28,rally-anmlfarm,,,15.3,0,15300.0,manual:chart_observation:exact:manual_research,chart_observation,exact,user-provided manual Rally ANMLFARM price history,2025-03-28T00:00:00Z,2025-03-31,quarterly
2025-06-27,rally-anmlfarm,,,16.3,0,16300.0,manual:chart_observation:exact:manual_research,chart_observation,exact,user-provided manual Rally ANMLFARM price history,2025-06-27T00:00:00Z,2025-06-30,quarterly
2025-09-29,rally-anmlfarm,,,12.0,0,12000.0,manual:chart_observation:exact:manual_research,chart_observation,exact,user-provided manual Rally ANMLFARM price history,2025-09-29T00:00:00Z,2025-09-30,quarterly
2025-12-30,rally-anmlfarm,,,12.0,0,12000.0,manual:chart_observation:exact:manual_research,chart_observation,exact,user-provided manual Rally ANMLFARM price history,2025-12-30T00:00:00Z,2025-12-31,quarterly
2026-03-26,rally-anmlfarm,,,20.7,0,20700.0,manual:chart_observation:exact:manual_research,chart_observation,exact,user-provided manual Rally ANMLFARM price history,2026-03-26T00:00:00Z,2026-03-31,quarterly
2026-06-26,rally-anmlfarm,,,20.7,0,20700.0,manual:chart_observation:exact:manual_research,chart_observation,exact,user-provided manual Rally ANMLFARM price history,2026-06-26T00:00:00Z,2026-06-30,quarterly
2026-07-23,rally-anmlfarm,,,23.45,0,23450.0,manual:chart_observation:exact:manual_research,chart_observation,exact,user-provided manual Rally ANMLFARM price history,2026-07-23T00:00:00Z,2026-07-23,weekly
2020-06-02,rally-aproak,,,74.0,0,74000.0,manual:chart_observation:exact:rally_app_chart,chart_observation,exact,Rally App,2020-06-02,2020-06-30,quarterly
2020-09-15,rally-aproak,,,70.25,0,70250.0,manual:chart_observation:exact:rally_app_chart,chart_observation,exact,Rally App,2020-09-15,2020-09-30,quarterly
2020-12-22,rally-aproak,,,53.0,0,53000.0,manual:chart_observation:exact:rally_app_chart,chart_observation,exact,Rally App,2020-12-22,2020-12-31,quarterly
2021-03-02,rally-aproak,,,40.5,0,40500.0,manual:chart_observation:exact:rally_app_chart,chart_observation,exact,Rally App,2021-03-02,2021-03-31,quarterly
2021-05-10,rally-aproak,,,40.65,0,40650.0,manual:chart_observation:exact:rally_app_chart,chart_observation,exact,Rally App,2021-05-10,2021-06-30,quarterly
2020-04-28,rally-birkinblu,,,61.5,0,61500.0,manual:chart_observation:exact:rally_app_chart,chart_observation,exact,Rally App,2020-04-28T00:00:00Z,2020-06-30,quarterly
2020-08-04,rally-birkinblu,,,61.55,0,61550.0,manual:chart_observation:exact:rally_app_chart,chart_observation,exact,Rally App,2020-08-04T00:00:00Z,2020-09-30,quarterly
2020-11-05,rally-birkinblu,,,62.1,0,62100.0,manual:chart_observation:exact:rally_app_chart,chart_observation,exact,Rally App,2020-11-05T00:00:00Z,2020-12-31,quarterly
2021-03-30,rally-birkinblu,,,55.1,0,55100.0,manual:chart_observation:exact:rally_app_chart,chart_observation,exact,Rally App,2021-03-30T00:00:00Z,2021-03-31,quarterly
2021-06-16,rally-birkinblu,,,58.0,0,58000.0,manual:chart_observation:exact:rally_app_chart,chart_observation,exact,Rally App,2021-06-16T00:00:00Z,2021-06-30,quarterly
2021-08-30,rally-birkinblu,,,58.25,0,58250.0,manual:chart_observation:exact:rally_app_chart,chart_observation,exact,Rally App,2021-08-30T00:00:00Z,2021-09-30,quarterly
2021-11-17,rally-birkinblu,,,66.7,0,66700.0,manual:chart_observation:exact:rally_app_chart,chart_observation,exact,Rally App,2021-11-17T00:00:00Z,2021-12-31,quarterly
2022-03-07,rally-birkinblu,,,60.0,0,60000.0,manual:chart_observation:exact:rally_app_chart,chart_observation,exact,Rally App,2022-03-07T00:00:00Z,2022-03-31,quarterly
2022-06-29,rally-birkinblu,,,49.0,0,49000.0,manual:chart_observation:exact:rally_app_chart,chart_observation,exact,Rally App,2022-06-29T00:00:00Z,2022-06-30,quarterly
2022-09-27,rally-birkinblu,,,45.0,0,45000.0,manual:chart_observation:exact:rally_app_chart,chart_observation,exact,Rally App,2022-09-27T00:00:00Z,2022-09-30,quarterly
2022-12-27,rally-birkinblu,,,39.0,0,39000.0,manual:chart_observation:exact:rally_app_chart,chart_observation,exact,Rally App,2022-12-27T00:00:00Z,2022-12-31,quarterly
2023-03-31,rally-birkinblu,,,44.7,0,44700.0,manual:chart_observation:exact:rally_app_chart,chart_observation,exact,Rally App,2023-03-31T00:00:00Z,2023-03-31,quarterly
2023-06-29,rally-birkinblu,,,44.75,0,44750.0,manual:chart_observation:exact:rally_app_chart,chart_observation,exact,Rally App,2023-06-29T00:00:00Z,2023-06-30,quarterly
2023-09-26,rally-birkinblu,,,31.0,0,31000.0,manual:chart_observation:exact:rally_app_chart,chart_observation,exact,Rally App,2023-09-26T00:00:00Z,2023-09-30,quarterly
2023-12-29,rally-birkinblu,,,32.0,0,32000.0,manual:chart_observation:exact:rally_app_chart,chart_observation,exact,Rally App,2023-12-29T00:00:00Z,2023-12-31,quarterly
2024-03-28,rally-birkinblu,,,32.05,0,32050.0,manual:chart_observation:exact:rally_app_chart,chart_observation,exact,Rally App,2024-03-28T00:00:00Z,2024-03-31,quarterly
2024-06-27,rally-birkinblu,,,31.75,0,31750.0,manual:chart_observation:exact:rally_app_chart,chart_observation,exact,Rally App,2024-06-27T00:00:00Z,2024-06-30,quarterly
2024-09-25,rally-birkinblu,,,29.95,0,29950.0,manual:chart_observation:exact:rally_app_chart,chart_observation,exact,Rally App,2024-09-25T00:00:00Z,2024-09-30,quarterly
2024-12-30,rally-birkinblu,,,34.0,0,34000.0,manual:chart_observation:exact:rally_app_chart,chart_observation,exact,Rally App,2024-12-30T00:00:00Z,2024-12-31,quarterly
2025-03-24,rally-birkinblu,,,30.9,0,30900.0,manual:chart_observation:exact:rally_app_chart,chart_observation,exact,Rally App,2025-03-24T00:00:00Z,2025-03-31,quarterly
2020-12-01,rally-birkinbor,,,30.0,0,60000.0,manual:chart_observation:exact:rally_app_chart,chart_observation,exact,Rally App,2020-12-01T00:00:00Z,2020-12-31,quarterly
2021-04-15,rally-birkinbor,,,20.0,0,40000.0,manual:chart_observation:exact:rally_app_chart,chart_observation,exact,Rally App,2021-04-15T00:00:00Z,2021-03-31,quarterly
2021-06-23,rally-birkinbor,,,23.0,0,46000.0,manual:chart_observation:exact:rally_app_chart,chart_observation,exact,Rally App,2021-06-23T00:00:00Z,2021-06-30,quarterly
2021-09-13,rally-birkinbor,,,20.5,0,41000.0,manual:chart_observation:exact:rally_app_chart,chart_observation,exact,Rally App,2021-09-13T00:00:00Z,2021-09-30,quarterly
2022-03-29,rally-birkinbor,,,15.0,0,30000.0,manual:chart_observation:exact:rally_app_chart,chart_observation,exact,Rally App,2022-03-29T00:00:00Z,2022-03-31,quarterly
2022-06-30,rally-birkinbor,,,18.0,0,36000.0,manual:chart_observation:exact:rally_app_chart,chart_observation,exact,Rally App,2022-06-30T00:00:00Z,2022-06-30,quarterly
2022-09-30,rally-birkinbor,,,20.0,0,40000.0,manual:chart_observation:exact:rally_app_chart,chart_observation,exact,Rally App,2022-09-30T00:00:00Z,2022-09-30,quarterly
2022-12-30,rally-birkinbor,,,19.0,0,38000.0,manual:chart_observation:exact:rally_app_chart,chart_observation,exact,Rally App,2022-12-30T00:00:00Z,2022-12-31,quarterly
2023-03-27,rally-birkinbor,,,16.95,0,33900.0,manual:chart_observation:exact:rally_app_chart,chart_observation,exact,Rally App,2023-03-27T00:00:00Z,2023-03-31,quarterly
2023-06-27,rally-birkinbor,,,19.0,0,38000.0,manual:chart_observation:exact:rally_app_chart,chart_observation,exact,Rally App,2023-06-27T00:00:00Z,2023-06-30,quarterly
2023-09-28,rally-birkinbor,,,14.25,0,28500.0,manual:chart_observation:exact:rally_app_chart,chart_observation,exact,Rally App,2023-09-28T00:00:00Z,2023-09-30,quarterly
2023-12-29,rally-birkinbor,,,12.15,0,24300.0,manual:chart_observation:exact:rally_app_chart,chart_observation,exact,Rally App,2023-12-29T00:00:00Z,2023-12-31,quarterly
2024-03-22,rally-birkinbor,,,16.35,0,32700.0,manual:chart_observation:exact:rally_app_chart,chart_observation,exact,Rally App,2024-03-22T00:00:00Z,2024-03-31,quarterly
2024-06-24,rally-birkinbor,,,16.25,0,32500.0,manual:chart_observation:exact:rally_app_chart,chart_observation,exact,Rally App,2024-06-24T00:00:00Z,2024-06-30,quarterly
2024-09-24,rally-birkinbor,,,17.95,0,35900.0,manual:chart_observation:exact:rally_app_chart,chart_observation,exact,Rally App,2024-09-24T00:00:00Z,2024-09-30,quarterly
2024-12-26,rally-birkinbor,,,19.95,0,39900.0,manual:chart_observation:exact:rally_app_chart,chart_observation,exact,Rally App,2024-12-26T00:00:00Z,2024-12-31,quarterly
2025-03-28,rally-birkinbor,,,15.0,0,30000.0,manual:chart_observation:exact:rally_app_chart,chart_observation,exact,Rally App,2025-03-28T00:00:00Z,2025-03-31,quarterly
2025-06-27,rally-birkinbor,,,20.64,0,41280.0,manual:chart_observation:exact:rally_app_chart,chart_observation,exact,Rally App,2025-06-27T00:00:00Z,2025-06-30,quarterly
2025-09-29,rally-birkinbor,,,23.35,0,46700.0,manual:chart_observation:exact:rally_app_chart,chart_observation,exact,Rally App,2025-09-29T00:00:00Z,2025-09-30,quarterly
2025-12-30,rally-birkinbor,,,21.0,0,42000.0,manual:chart_observation:exact:rally_app_chart,chart_observation,exact,Rally App,2025-12-30T00:00:00Z,2025-12-31,quarterly
2026-03-25,rally-birkinbor,,,20.9,0,41800.0,manual:chart_observation:exact:rally_app_chart,chart_observation,exact,Rally App,2026-03-25T00:00:00Z,2026-03-31,quarterly
2026-06-26,rally-birkinbor,,,17.0,0,34000.0,manual:chart_observation:exact:rally_app_chart,chart_observation,exact,Rally App,2026-06-26T00:00:00Z,2026-06-30,quarterly
2022-09-30,rally-birkintan,,,28.0,0,28000.0,manual:chart_observation:exact:rally_app_chart,chart_observation,exact,Rally App,2022-09-30T00:00:00Z,2022-09-30,quarterly
2022-12-27,rally-birkintan,,,20.0,0,20000.0,manual:chart_observation:exact:rally_app_chart,chart_observation,exact,Rally App,2022-12-27T00:00:00Z,2022-12-31,quarterly
2023-03-31,rally-birkintan,,,19.25,0,19250.0,manual:chart_observation:exact:rally_app_chart,chart_observation,exact,Rally App,2023-03-31T00:00:00Z,2023-03-31,quarterly
2023-06-27,rally-birkintan,,,17.5,0,17500.0,manual:chart_observation:exact:rally_app_chart,chart_observation,exact,Rally App,2023-06-27T00:00:00Z,2023-06-30,quarterly
2023-09-29,rally-birkintan,,,21.0,0,21000.0,manual:chart_observation:exact:rally_app_chart,chart_observation,exact,Rally App,2023-09-29T00:00:00Z,2023-09-30,quarterly
2023-12-29,rally-birkintan,,,28.5,0,28500.0,manual:chart_observation:exact:rally_app_chart,chart_observation,exact,Rally App,2023-12-29T00:00:00Z,2023-12-31,quarterly
2024-03-28,rally-birkintan,,,28.5,0,28500.0,manual:chart_observation:exact:rally_app_chart,chart_observation,exact,Rally App,2024-03-28T00:00:00Z,2024-03-31,quarterly
2024-06-24,rally-birkintan,,,28.5,0,28500.0,manual:chart_observation:exact:rally_app_chart,chart_observation,exact,Rally App,2024-06-24T00:00:00Z,2024-06-30,quarterly
2024-09-26,rally-birkintan,,,25.0,0,25000.0,manual:chart_observation:exact:rally_app_chart,chart_observation,exact,Rally App,2024-09-26T00:00:00Z,2024-09-30,quarterly
2024-12-30,rally-birkintan,,,28.65,0,28650.0,manual:chart_observation:exact:rally_app_chart,chart_observation,exact,Rally App,2024-12-30T00:00:00Z,2024-12-31,quarterly
2025-03-26,rally-birkintan,,,28.65,0,28650.0,manual:chart_observation:exact:rally_app_chart,chart_observation,exact,Rally App,2025-03-26T00:00:00Z,2025-03-31,quarterly
2025-06-27,rally-birkintan,,,33.6,0,33600.0,manual:chart_observation:exact:rally_app_chart,chart_observation,exact,Rally App,2025-06-27T00:00:00Z,2025-06-30,quarterly
2025-10-01,rally-birkintan,,,30.0,0,30000.0,manual:chart_observation:exact:rally_app_chart,chart_observation,exact,Rally App,2025-10-01T00:00:00Z,2025-09-30,quarterly
2025-12-26,rally-birkintan,,,29.95,0,29950.0,manual:chart_observation:exact:rally_app_chart,chart_observation,exact,Rally App,2025-12-26T00:00:00Z,2025-12-31,quarterly
2026-03-31,rally-birkintan,,,29.95,0,29950.0,manual:chart_observation:exact:rally_app_chart,chart_observation,exact,Rally App,2026-03-31T00:00:00Z,2026-03-31,quarterly
2026-06-26,rally-birkintan,,,25.6,0,25600.0,manual:chart_observation:exact:rally_app_chart,chart_observation,exact,Rally App,2026-06-26T00:00:00Z,2026-06-30,quarterly
2020-10-06,rally-bond1,,,42.05,0,42050.0,manual:chart_observation:exact:rally_app_chart,chart_observation,exact,Manually transcribed Rally BOND1 price history supplied 2026-07-25,2020-10-06T00:00:00Z,2020-09-30,quarterly
2021-01-12,rally-bond1,,,42.05,0,42050.0,manual:chart_observation:exact:rally_app_chart,chart_observation,exact,Manually transcribed Rally BOND1 price history supplied 2026-07-25,2021-01-12T00:00:00Z,2020-12-31,quarterly
2021-03-23,rally-bond1,,,42.05,0,42050.0,manual:chart_observation:exact:rally_app_chart,chart_observation,exact,Manually transcribed Rally BOND1 price history supplied 2026-07-25,2021-03-23T00:00:00Z,2021-03-31,quarterly
2021-05-06,rally-bond1,,,41.0,0,41000.0,manual:chart_observation:exact:rally_app_chart,chart_observation,exact,Manually transcribed Rally BOND1 price history supplied 2026-07-25,2021-05-06T00:00:00Z,2021-06-30,quarterly
2021-09-08,rally-bond1,,,41.05,0,41050.0,manual:chart_observation:exact:rally_app_chart,chart_observation,exact,Manually transcribed Rally BOND1 price history supplied 2026-07-25,2021-09-08T00:00:00Z,2021-09-30,quarterly
2022-01-24,rally-bond1,,,39.0,0,39000.0,manual:chart_observation:exact:rally_app_chart,chart_observation,exact,Manually transcribed Rally BOND1 price history supplied 2026-07-25,2022-01-24T00:00:00Z,2021-12-31,quarterly
2022-03-28,rally-bond1,,,35.0,0,35000.0,manual:chart_observation:exact:rally_app_chart,chart_observation,exact,Manually transcribed Rally BOND1 price history supplied 2026-07-25,2022-03-28T00:00:00Z,2022-03-31,quarterly
2022-07-01,rally-bond1,,,34.15,0,34150.0,manual:chart_observation:exact:rally_app_chart,chart_observation,exact,Manually transcribed Rally BOND1 price history supplied 2026-07-25,2022-07-01T00:00:00Z,2022-06-30,quarterly
2022-09-27,rally-bond1,,,33.0,0,33000.0,manual:chart_observation:exact:rally_app_chart,chart_observation,exact,Manually transcribed Rally BOND1 price history supplied 2026-07-25,2022-09-27T00:00:00Z,2022-09-30,quarterly
2022-12-30,rally-bond1,,,25.0,0,25000.0,manual:chart_observation:exact:rally_app_chart,chart_observation,exact,Manually transcribed Rally BOND1 price history supplied 2026-07-25,2022-12-30T00:00:00Z,2022-12-31,quarterly
2023-03-30,rally-bond1,,,26.0,0,26000.0,manual:chart_observation:exact:rally_app_chart,chart_observation,exact,Manually transcribed Rally BOND1 price history supplied 2026-07-25,2023-03-30T00:00:00Z,2023-03-31,quarterly
2023-06-27,rally-bond1,,,23.0,0,23000.0,manual:chart_observation:exact:rally_app_chart,chart_observation,exact,Manually transcribed Rally BOND1 price history supplied 2026-07-25,2023-06-27T00:00:00Z,2023-06-30,quarterly
2023-09-29,rally-bond1,,,23.0,0,23000.0,manual:chart_observation:exact:rally_app_chart,chart_observation,exact,Manually transcribed Rally BOND1 price history supplied 2026-07-25,2023-09-29T00:00:00Z,2023-09-30,quarterly
2023-12-27,rally-bond1,,,23.0,0,23000.0,manual:chart_observation:exact:rally_app_chart,chart_observation,exact,Manually transcribed Rally BOND1 price history supplied 2026-07-25,2023-12-27T00:00:00Z,2023-12-31,quarterly
2024-03-25,rally-bond1,,,22.0,0,22000.0,manual:chart_observation:exact:rally_app_chart,chart_observation,exact,Manually transcribed Rally BOND1 price history supplied 2026-07-25,2024-03-25T00:00:00Z,2024-03-31,quarterly
2024-06-28,rally-bond1,,,22.5,0,22500.0,manual:chart_observation:exact:rally_app_chart,chart_observation,exact,Manually transcribed Rally BOND1 price history supplied 2026-07-25,2024-06-28T00:00:00Z,2024-06-30,quarterly
2024-09-25,rally-bond1,,,20.0,0,20000.0,manual:chart_observation:exact:rally_app_chart,chart_observation,exact,Manually transcribed Rally BOND1 price history supplied 2026-07-25,2024-09-25T00:00:00Z,2024-09-30,quarterly
2024-12-30,rally-bond1,,,15.25,0,15250.0,manual:chart_observation:exact:rally_app_chart,chart_observation,exact,Manually transcribed Rally BOND1 price history supplied 2026-07-25,2024-12-30T00:00:00Z,2024-12-31,quarterly
2025-03-28,rally-bond1,,,15.25,0,15250.0,manual:chart_observation:exact:rally_app_chart,chart_observation,exact,Manually transcribed Rally BOND1 price history supplied 2026-07-25,2025-03-28T00:00:00Z,2025-03-31,quarterly
2025-06-24,rally-bond1,,,18.95,0,18950.0,manual:chart_observation:exact:rally_app_chart,chart_observation,exact,Manually transcribed Rally BOND1 price history supplied 2026-07-25,2025-06-24T00:00:00Z,2025-06-30,quarterly
2025-09-26,rally-bond1,,,18.95,0,18950.0,manual:chart_observation:exact:rally_app_chart,chart_observation,exact,Manually transcribed Rally BOND1 price history supplied 2026-07-25,2025-09-26T00:00:00Z,2025-09-30,quarterly
2025-12-31,rally-bond1,,,15.05,0,15050.0,manual:chart_observation:exact:rally_app_chart,chart_observation,exact,Manually transcribed Rally BOND1 price history supplied 2026-07-25,2025-12-31T00:00:00Z,2025-12-31,quarterly
2026-03-30,rally-bond1,,,15.1,0,15100.0,manual:chart_observation:exact:rally_app_chart,chart_observation,exact,Manually transcribed Rally BOND1 price history supplied 2026-07-25,2026-03-30T00:00:00Z,2026-03-31,quarterly
2026-06-26,rally-bond1,,,15.1,0,15100.0,manual:chart_observation:exact:rally_app_chart,chart_observation,exact,Manually transcribed Rally BOND1 price history supplied 2026-07-25,2026-06-26T00:00:00Z,2026-06-30,quarterly
2022-10-10,rally-bondwatch,,,2.0,0,40000.0,manual:chart_observation:exact:rally_app_chart,chart_observation,exact,Rally App,2022-10-10T00:00:00Z,2022-09-30,quarterly
2022-12-29,rally-bondwatch,,,1.75,0,35000.0,manual:chart_observation:exact:rally_app_chart,chart_observation,exact,Rally App,2022-12-29T00:00:00Z,2022-12-31,quarterly
2023-03-28,rally-bondwatch,,,2.4,0,48000.0,manual:chart_observation:exact:rally_app_chart,chart_observation,exact,Rally App,2023-03-28T00:00:00Z,2023-03-31,quarterly
2023-06-30,rally-bondwatch,,,2.25,0,45000.0,manual:chart_observation:exact:rally_app_chart,chart_observation,exact,Rally App,2023-06-30T00:00:00Z,2023-06-30,quarterly
2023-09-28,rally-bondwatch,,,2.2,0,44000.0,manual:chart_observation:exact:rally_app_chart,chart_observation,exact,Rally App,2023-09-28T00:00:00Z,2023-09-30,quarterly
2023-12-29,rally-bondwatch,,,1.9,0,38000.0,manual:chart_observation:exact:rally_app_chart,chart_observation,exact,Rally App,2023-12-29T00:00:00Z,2023-12-31,quarterly
2024-03-25,rally-bondwatch,,,2.3,0,46000.0,manual:chart_observation:exact:rally_app_chart,chart_observation,exact,Rally App,2024-03-25T00:00:00Z,2024-03-31,quarterly
2024-06-27,rally-bondwatch,,,2.25,0,45000.0,manual:chart_observation:exact:rally_app_chart,chart_observation,exact,Rally App,2024-06-27T00:00:00Z,2024-06-30,quarterly
2024-09-30,rally-bondwatch,,,2.75,0,55000.0,manual:chart_observation:exact:rally_app_chart,chart_observation,exact,Rally App,2024-09-30T00:00:00Z,2024-09-30,quarterly
2024-12-27,rally-bondwatch,,,2.45,0,49000.0,manual:chart_observation:exact:rally_app_chart,chart_observation,exact,Rally App,2024-12-27T00:00:00Z,2024-12-31,quarterly
2025-03-28,rally-bondwatch,,,2.35,0,47000.0,manual:chart_observation:exact:rally_app_chart,chart_observation,exact,Rally App,2025-03-28T00:00:00Z,2025-03-31,quarterly
2025-06-30,rally-bondwatch,,,2.2,0,44000.0,manual:chart_observation:exact:rally_app_chart,chart_observation,exact,Rally App,2025-06-30T00:00:00Z,2025-06-30,quarterly
2025-09-29,rally-bondwatch,,,2.2,0,44000.0,manual:chart_observation:exact:rally_app_chart,chart_observation,exact,Rally App,2025-09-29T00:00:00Z,2025-09-30,quarterly
2025-12-31,rally-bondwatch,,,2.0,0,40000.0,manual:chart_observation:exact:rally_app_chart,chart_observation,exact,Rally App,2025-12-31T00:00:00Z,2025-12-31,quarterly
2026-03-31,rally-bondwatch,,,2.25,0,45000.0,manual:chart_observation:exact:rally_app_chart,chart_observation,exact,Rally App,2026-03-31T00:00:00Z,2026-03-31,quarterly
2026-06-29,rally-bondwatch,,,2.05,0,41000.0,manual:chart_observation:exact:rally_app_chart,chart_observation,exact,Rally App,2026-06-29T00:00:00Z,2026-06-30,quarterly
2022-10-10,rally-bradbury,,,7.0,0,14000.0,manual:chart_observation:exact:rally_app_chart,chart_observation,exact,Manually transcribed Rally BRADBURY price history supplied 2026-07-25,2022-10-10T00:00:00Z,2022-09-30,quarterly
2022-12-29,rally-bradbury,,,9.05,0,18100.0,manual:chart_observation:exact:rally_app_chart,chart_observation,exact,Manually transcribed Rally BRADBURY price history supplied 2026-07-25,2022-12-29T00:00:00Z,2022-12-31,quarterly
2023-03-31,rally-bradbury,,,7.0,0,14000.0,manual:chart_observation:exact:rally_app_chart,chart_observation,exact,Manually transcribed Rally BRADBURY price history supplied 2026-07-25,2023-03-31T00:00:00Z,2023-03-31,quarterly
2023-06-28,rally-bradbury,,,8.5,0,17000.0,manual:chart_observation:exact:rally_app_chart,chart_observation,exact,Manually transcribed Rally BRADBURY price history supplied 2026-07-25,2023-06-28T00:00:00Z,2023-06-30,quarterly
2023-09-29,rally-bradbury,,,7.0,0,14000.0,manual:chart_observation:exact:rally_app_chart,chart_observation,exact,Manually transcribed Rally BRADBURY price history supplied 2026-07-25,2023-09-29T00:00:00Z,2023-09-30,quarterly
2023-12-29,rally-bradbury,,,7.0,0,14000.0,manual:chart_observation:exact:rally_app_chart,chart_observation,exact,Manually transcribed Rally BRADBURY price history supplied 2026-07-25,2023-12-29T00:00:00Z,2023-12-31,quarterly
2024-03-28,rally-bradbury,,,7.0,0,14000.0,manual:chart_observation:exact:rally_app_chart,chart_observation,exact,Manually transcribed Rally BRADBURY price history supplied 2026-07-25,2024-03-28T00:00:00Z,2024-03-31,quarterly
2024-06-28,rally-bradbury,,,5.2,0,10400.0,manual:chart_observation:exact:rally_app_chart,chart_observation,exact,Manually transcribed Rally BRADBURY price history supplied 2026-07-25,2024-06-28T00:00:00Z,2024-06-30,quarterly
2024-09-30,rally-bradbury,,,7.0,0,14000.0,manual:chart_observation:exact:rally_app_chart,chart_observation,exact,Manually transcribed Rally BRADBURY price history supplied 2026-07-25,2024-09-30T00:00:00Z,2024-09-30,quarterly
2024-12-27,rally-bradbury,,,6.25,0,12500.0,manual:chart_observation:exact:rally_app_chart,chart_observation,exact,Manually transcribed Rally BRADBURY price history supplied 2026-07-25,2024-12-27T00:00:00Z,2024-12-31,quarterly
2025-03-31,rally-bradbury,,,6.0,0,12000.0,manual:chart_observation:exact:rally_app_chart,chart_observation,exact,Manually transcribed Rally BRADBURY price history supplied 2026-07-25,2025-03-31T00:00:00Z,2025-03-31,quarterly
2025-06-27,rally-bradbury,,,6.0,0,12000.0,manual:chart_observation:exact:rally_app_chart,chart_observation,exact,Manually transcribed Rally BRADBURY price history supplied 2026-07-25,2025-06-27T00:00:00Z,2025-06-30,quarterly
2025-09-29,rally-bradbury,,,5.0,0,10000.0,manual:chart_observation:exact:rally_app_chart,chart_observation,exact,Manually transcribed Rally BRADBURY price history supplied 2026-07-25,2025-09-29T00:00:00Z,2025-09-30,quarterly
2025-12-30,rally-bradbury,,,6.0,0,12000.0,manual:chart_observation:exact:rally_app_chart,chart_observation,exact,Manually transcribed Rally BRADBURY price history supplied 2026-07-25,2025-12-30T00:00:00Z,2025-12-31,quarterly
2026-03-27,rally-bradbury,,,5.25,0,10500.0,manual:chart_observation:exact:rally_app_chart,chart_observation,exact,Manually transcribed Rally BRADBURY price history supplied 2026-07-25,2026-03-27T00:00:00Z,2026-03-31,quarterly
2026-06-25,rally-bradbury,,,5.0,0,10000.0,manual:chart_observation:exact:rally_app_chart,chart_observation,exact,Manually transcribed Rally BRADBURY price history supplied 2026-07-25,2026-06-25T00:00:00Z,2026-06-30,quarterly
2022-01-24,rally-brosgrimm,,,12.05,0,60250.0,manual:chart_observation:exact:manual_transcription,chart_observation,exact,"User-provided Rally chart transcription, 2026-07-23",2022-01-24T00:00:00Z,2021-12-31,quarterly
2022-03-28,rally-brosgrimm,,,17.0,0,85000.0,manual:chart_observation:exact:manual_transcription,chart_observation,exact,"User-provided Rally chart transcription, 2026-07-23",2022-03-28T00:00:00Z,2022-03-31,quarterly
2022-06-27,rally-brosgrimm,,,19.0,0,95000.0,manual:chart_observation:exact:manual_transcription,chart_observation,exact,"User-provided Rally chart transcription, 2026-07-23",2022-06-27T00:00:00Z,2022-06-30,quarterly
2022-09-30,rally-brosgrimm,,,20.2,0,101000.0,manual:chart_observation:exact:manual_transcription,chart_observation,exact,"User-provided Rally chart transcription, 2026-07-23",2022-09-30T00:00:00Z,2022-09-30,quarterly
2022-12-30,rally-brosgrimm,,,18.25,0,91250.0,manual:chart_observation:exact:manual_transcription,chart_observation,exact,"User-provided Rally chart transcription, 2026-07-23",2022-12-30T00:00:00Z,2022-12-31,quarterly
2023-03-30,rally-brosgrimm,,,17.5,0,87500.0,manual:chart_observation:exact:manual_transcription,chart_observation,exact,"User-provided Rally chart transcription, 2026-07-23",2023-03-30T00:00:00Z,2023-03-31,quarterly
2023-06-29,rally-brosgrimm,,,15.0,0,75000.0,manual:chart_observation:exact:manual_transcription,chart_observation,exact,"User-provided Rally chart transcription, 2026-07-23",2023-06-29T00:00:00Z,2023-06-30,quarterly
2023-09-27,rally-brosgrimm,,,13.95,0,69750.0,manual:chart_observation:exact:manual_transcription,chart_observation,exact,"User-provided Rally chart transcription, 2026-07-23",2023-09-27T00:00:00Z,2023-09-30,quarterly
2023-12-29,rally-brosgrimm,,,13.5,0,67500.0,manual:chart_observation:exact:manual_transcription,chart_observation,exact,"User-provided Rally chart transcription, 2026-07-23",2023-12-29T00:00:00Z,2023-12-31,quarterly
2024-03-26,rally-brosgrimm,,,14.95,0,74750.0,manual:chart_observation:exact:manual_transcription,chart_observation,exact,"User-provided Rally chart transcription, 2026-07-23",2024-03-26T00:00:00Z,2024-03-31,quarterly
2024-06-24,rally-brosgrimm,,,18.9,0,94500.0,manual:chart_observation:exact:manual_transcription,chart_observation,exact,"User-provided Rally chart transcription, 2026-07-23",2024-06-24T00:00:00Z,2024-06-30,quarterly
2024-09-27,rally-brosgrimm,,,15.0,0,75000.0,manual:chart_observation:exact:manual_transcription,chart_observation,exact,"User-provided Rally chart transcription, 2026-07-23",2024-09-27T00:00:00Z,2024-09-30,quarterly
2024-12-27,rally-brosgrimm,,,13.0,0,65000.0,manual:chart_observation:exact:manual_transcription,chart_observation,exact,"User-provided Rally chart transcription, 2026-07-23",2024-12-27T00:00:00Z,2024-12-31,quarterly
2025-03-28,rally-brosgrimm,,,14.5,0,72500.0,manual:chart_observation:exact:manual_transcription,chart_observation,exact,"User-provided Rally chart transcription, 2026-07-23",2025-03-28T00:00:00Z,2025-03-31,quarterly
2025-06-27,rally-brosgrimm,,,13.05,0,65250.0,manual:chart_observation:exact:manual_transcription,chart_observation,exact,"User-provided Rally chart transcription, 2026-07-23",2025-06-27T00:00:00Z,2025-06-30,quarterly
2025-09-25,rally-brosgrimm,,,12.95,0,64750.0,manual:chart_observation:exact:manual_transcription,chart_observation,exact,"User-provided Rally chart transcription, 2026-07-23",2025-09-25T00:00:00Z,2025-09-30,quarterly
2025-12-30,rally-brosgrimm,,,12.95,0,64750.0,manual:chart_observation:exact:manual_transcription,chart_observation,exact,"User-provided Rally chart transcription, 2026-07-23",2025-12-30T00:00:00Z,2025-12-31,quarterly
2026-03-31,rally-brosgrimm,,,13.0,0,65000.0,manual:chart_observation:exact:manual_transcription,chart_observation,exact,"User-provided Rally chart transcription, 2026-07-23",2026-03-31T00:00:00Z,2026-03-31,quarterly
2026-06-29,rally-brosgrimm,,,12.5,0,62500.0,manual:chart_observation:exact:manual_transcription,chart_observation,exact,"User-provided Rally chart transcription, 2026-07-23",2026-06-29T00:00:00Z,2026-06-30,quarterly
2026-07-23,rally-brosgrimm,,,20.0,0,100000.0,manual:chart_observation:exact:manual_transcription,chart_observation,exact,"User-provided Rally chart transcription, 2026-07-23",2026-07-23T00:00:00Z,2026-07-23,weekly
2020-11-17,rally-churchill,,,1.8,0,13500.0,manual:chart_observation:exact:rally_app_chart,chart_observation,exact,Manually transcribed Rally CHURCHILL price history supplied 2026-07-22,2020-11-17T00:00:00Z,2020-12-31,quarterly
2021-02-09,rally-churchill,,,3.0,0,22500.0,manual:chart_observation:exact:rally_app_chart,chart_observation,exact,Manually transcribed Rally CHURCHILL price history supplied 2026-07-22,2021-02-09T00:00:00Z,2021-03-31,quarterly
2021-04-13,rally-churchill,,,2.6,0,19500.0,manual:chart_observation:exact:rally_app_chart,chart_observation,exact,Manually transcribed Rally CHURCHILL price history supplied 2026-07-22,2021-04-13T00:00:00Z,2021-06-30,quarterly
2021-08-24,rally-churchill,,,3.0,0,22500.0,manual:chart_observation:exact:rally_app_chart,chart_observation,exact,Manually transcribed Rally CHURCHILL price history supplied 2026-07-22,2021-08-24T00:00:00Z,2021-09-30,quarterly
2021-11-10,rally-churchill,,,5.6,0,42000.0,manual:chart_observation:exact:rally_app_chart,chart_observation,exact,Manually transcribed Rally CHURCHILL price history supplied 2026-07-22,2021-11-10T00:00:00Z,2021-12-31,quarterly
2022-03-31,rally-churchill,,,1.5,0,11250.0,manual:chart_observation:exact:rally_app_chart,chart_observation,exact,Manually transcribed Rally CHURCHILL price history supplied 2026-07-22,2022-03-31T00:00:00Z,2022-03-31,quarterly
2022-06-24,rally-churchill,,,2.0,0,15000.0,manual:chart_observation:exact:rally_app_chart,chart_observation,exact,Manually transcribed Rally CHURCHILL price history supplied 2026-07-22,2022-06-24T00:00:00Z,2022-06-30,quarterly
2022-09-30,rally-churchill,,,1.95,0,14625.0,manual:chart_observation:exact:rally_app_chart,chart_observation,exact,Manually transcribed Rally CHURCHILL price history supplied 2026-07-22,2022-09-30T00:00:00Z,2022-09-30,quarterly
2022-12-30,rally-churchill,,,1.5,0,11250.0,manual:chart_observation:exact:rally_app_chart,chart_observation,exact,Manually transcribed Rally CHURCHILL price history supplied 2026-07-22,2022-12-30T00:00:00Z,2022-12-31,quarterly
2023-03-31,rally-churchill,,,1.25,0,9375.0,manual:chart_observation:exact:rally_app_chart,chart_observation,exact,Manually transcribed Rally CHURCHILL price history supplied 2026-07-22,2023-03-31T00:00:00Z,2023-03-31,quarterly
2023-06-30,rally-churchill,,,1.35,0,10125.0,manual:chart_observation:exact:rally_app_chart,chart_observation,exact,Manually transcribed Rally CHURCHILL price history supplied 2026-07-22,2023-06-30T00:00:00Z,2023-06-30,quarterly
2023-09-29,rally-churchill,,,1.7,0,12750.0,manual:chart_observation:exact:rally_app_chart,chart_observation,exact,Manually transcribed Rally CHURCHILL price history supplied 2026-07-22,2023-09-29T00:00:00Z,2023-09-30,quarterly
2023-12-29,rally-churchill,,,1.6,0,12000.0,manual:chart_observation:exact:rally_app_chart,chart_observation,exact,Manually transcribed Rally CHURCHILL price history supplied 2026-07-22,2023-12-29T00:00:00Z,2023-12-31,quarterly
2024-03-25,rally-churchill,,,1.6,0,12000.0,manual:chart_observation:exact:rally_app_chart,chart_observation,exact,Manually transcribed Rally CHURCHILL price history supplied 2026-07-22,2024-03-25T00:00:00Z,2024-03-31,quarterly
2024-06-24,rally-churchill,,,2.0,0,15000.0,manual:chart_observation:exact:rally_app_chart,chart_observation,exact,Manually transcribed Rally CHURCHILL price history supplied 2026-07-22,2024-06-24T00:00:00Z,2024-06-30,quarterly
2024-09-30,rally-churchill,,,2.1,0,15750.0,manual:chart_observation:exact:rally_app_chart,chart_observation,exact,Manually transcribed Rally CHURCHILL price history supplied 2026-07-22,2024-09-30T00:00:00Z,2024-09-30,quarterly
2024-12-30,rally-churchill,,,2.0,0,15000.0,manual:chart_observation:exact:rally_app_chart,chart_observation,exact,Manually transcribed Rally CHURCHILL price history supplied 2026-07-22,2024-12-30T00:00:00Z,2024-12-31,quarterly
2025-03-31,rally-churchill,,,2.1,0,15750.0,manual:chart_observation:exact:rally_app_chart,chart_observation,exact,Manually transcribed Rally CHURCHILL price history supplied 2026-07-22,2025-03-31T00:00:00Z,2025-03-31,quarterly
2025-06-24,rally-churchill,,,2.7,0,20250.0,manual:chart_observation:exact:rally_app_chart,chart_observation,exact,Manually transcribed Rally CHURCHILL price history supplied 2026-07-22,2025-06-24T00:00:00Z,2025-06-30,quarterly
2025-09-30,rally-churchill,,,3.2,0,24000.0,manual:chart_observation:exact:rally_app_chart,chart_observation,exact,Manually transcribed Rally CHURCHILL price history supplied 2026-07-22,2025-09-30T00:00:00Z,2025-09-30,quarterly
2025-12-30,rally-churchill,,,3.2,0,24000.0,manual:chart_observation:exact:rally_app_chart,chart_observation,exact,Manually transcribed Rally CHURCHILL price history supplied 2026-07-22,2025-12-30T00:00:00Z,2025-12-31,quarterly
2026-03-25,rally-churchill,,,3.9,0,29250.0,manual:chart_observation:exact:rally_app_chart,chart_observation,exact,Manually transcribed Rally CHURCHILL price history supplied 2026-07-22,2026-03-25T00:00:00Z,2026-03-31,quarterly
2026-06-24,rally-churchill,,,3.15,0,23625.0,manual:chart_observation:exact:rally_app_chart,chart_observation,exact,Manually transcribed Rally CHURCHILL price history supplied 2026-07-22,2026-06-24T00:00:00Z,2026-06-30,quarterly
2021-11-08,rally-congress,,,19.0,0,95000.0,manual:chart_observation:exact:manual_research,chart_observation,exact,user-provided manual Rally CONGRESS price history,2021-11-08T00:00:00Z,2021-09-30,quarterly
2022-01-31,rally-congress,,,15.5,0,77500.0,manual:chart_observation:exact:manual_research,chart_observation,exact,user-provided manual Rally CONGRESS price history,2022-01-31T00:00:00Z,2021-12-31,quarterly
2022-03-28,rally-congress,,,15.0,0,75000.0,manual:chart_observation:exact:manual_research,chart_observation,exact,user-provided manual Rally CONGRESS price history,2022-03-28T00:00:00Z,2022-03-31,quarterly
2022-06-27,rally-congress,,,14.95,0,74750.0,manual:chart_observation:exact:manual_research,chart_observation,exact,user-provided manual Rally CONGRESS price history,2022-06-27T00:00:00Z,2022-06-30,quarterly
2022-09-30,rally-congress,,,13.0,0,65000.0,manual:chart_observation:exact:manual_research,chart_observation,exact,user-provided manual Rally CONGRESS price history,2022-09-30T00:00:00Z,2022-09-30,quarterly
2022-12-29,rally-congress,,,12.25,0,61250.0,manual:chart_observation:exact:manual_research,chart_observation,exact,user-provided manual Rally CONGRESS price history,2022-12-29T00:00:00Z,2022-12-31,quarterly
2023-03-29,rally-congress,,,11.2,0,56000.0,manual:chart_observation:exact:manual_research,chart_observation,exact,user-provided manual Rally CONGRESS price history,2023-03-29T00:00:00Z,2023-03-31,quarterly
2023-06-26,rally-congress,,,9.95,0,49750.0,manual:chart_observation:exact:manual_research,chart_observation,exact,user-provided manual Rally CONGRESS price history,2023-06-26T00:00:00Z,2023-06-30,quarterly
2023-09-29,rally-congress,,,9.2,0,46000.0,manual:chart_observation:exact:manual_research,chart_observation,exact,user-provided manual Rally CONGRESS price history,2023-09-29T00:00:00Z,2023-09-30,quarterly
2023-12-29,rally-congress,,,7.0,0,35000.0,manual:chart_observation:exact:manual_research,chart_observation,exact,user-provided manual Rally CONGRESS price history,2023-12-29T00:00:00Z,2023-12-31,quarterly
2024-03-28,rally-congress,,,8.5,0,42500.0,manual:chart_observation:exact:manual_research,chart_observation,exact,user-provided manual Rally CONGRESS price history,2024-03-28T00:00:00Z,2024-03-31,quarterly
2024-06-26,rally-congress,,,9.75,0,48750.0,manual:chart_observation:exact:manual_research,chart_observation,exact,user-provided manual Rally CONGRESS price history,2024-06-26T00:00:00Z,2024-06-30,quarterly
2024-09-30,rally-congress,,,7.75,0,38750.0,manual:chart_observation:exact:manual_research,chart_observation,exact,user-provided manual Rally CONGRESS price history,2024-09-30T00:00:00Z,2024-09-30,quarterly
2024-12-27,rally-congress,,,8.6,0,43000.0,manual:chart_observation:exact:manual_research,chart_observation,exact,user-provided manual Rally CONGRESS price history,2024-12-27T00:00:00Z,2024-12-31,quarterly
2025-03-28,rally-congress,,,8.95,0,44750.0,manual:chart_observation:exact:manual_research,chart_observation,exact,user-provided manual Rally CONGRESS price history,2025-03-28T00:00:00Z,2025-03-31,quarterly
2025-06-26,rally-congress,,,9.0,0,45000.0,manual:chart_observation:exact:manual_research,chart_observation,exact,user-provided manual Rally CONGRESS price history,2025-06-26T00:00:00Z,2025-06-30,quarterly
2025-09-29,rally-congress,,,9.0,0,45000.0,manual:chart_observation:exact:manual_research,chart_observation,exact,user-provided manual Rally CONGRESS price history,2025-09-29T00:00:00Z,2025-09-30,quarterly
2025-12-29,rally-congress,,,11.4,0,57000.0,manual:chart_observation:exact:manual_research,chart_observation,exact,user-provided manual Rally CONGRESS price history,2025-12-29T00:00:00Z,2025-12-31,quarterly
2026-03-27,rally-congress,,,13.1,0,65500.0,manual:chart_observation:exact:manual_research,chart_observation,exact,user-provided manual Rally CONGRESS price history,2026-03-27T00:00:00Z,2026-03-31,quarterly
2026-06-26,rally-congress,,,13.0,0,65000.0,manual:chart_observation:exact:manual_research,chart_observation,exact,user-provided manual Rally CONGRESS price history,2026-06-26T00:00:00Z,2026-06-30,quarterly
2021-05-24,rally-deaton,,,17.5,0,199500.0,manual:chart_observation:exact:rally_app_chart,chart_observation,exact,Rally App,2021-05-24,2021-06-30,
2021-08-05,rally-deaton,,,24.0,0,273600.0,manual:chart_observation:exact:rally_app_chart,chart_observation,exact,Rally App,2021-08-05,2021-09-30,
2021-12-30,rally-deaton,,,17.5,0,199500.0,manual:chart_observation:exact:rally_app_chart,chart_observation,exact,Rally App,2021-12-30,2021-12-31,
2022-03-30,rally-deaton,,,18.7,0,213180.0,manual:chart_observation:exact:rally_app_chart,chart_observation,exact,Rally App,2022-03-30,2022-03-31,
2022-06-28,rally-deaton,,,16.0,0,182400.0,manual:chart_observation:exact:rally_app_chart,chart_observation,exact,Rally App,2022-06-28,2022-06-30,
2022-09-26,rally-deaton,,,19.0,0,216600.0,manual:chart_observation:exact:rally_app_chart,chart_observation,exact,Rally App,2022-09-26,2022-09-30,
2022-12-30,rally-deaton,,,16.0,0,182400.0,manual:chart_observation:exact:rally_app_chart,chart_observation,exact,Rally App,2022-12-30,2022-12-31,
2023-03-30,rally-deaton,,,20.5,0,233700.0,manual:chart_observation:exact:rally_app_chart,chart_observation,exact,Rally App,2023-03-30,2023-03-31,
2023-06-28,rally-deaton,,,24.0,0,273600.0,manual:chart_observation:exact:rally_app_chart,chart_observation,exact,Rally App,2023-06-28,2023-06-30,
2023-09-26,rally-deaton,,,24.0,0,273600.0,manual:chart_observation:exact:rally_app_chart,chart_observation,exact,Rally App,2023-09-26,2023-09-30,
2023-12-26,rally-deaton,,,23.5,0,267900.0,manual:chart_observation:exact:rally_app_chart,chart_observation,exact,Rally App,2023-12-26,2023-12-31,
2024-03-25,rally-deaton,,,24.75,0,282150.0,manual:chart_observation:exact:rally_app_chart,chart_observation,exact,Rally App,2024-03-25,2024-03-31,
2024-06-27,rally-deaton,,,23.0,0,262200.0,manual:chart_observation:exact:rally_app_chart,chart_observation,exact,Rally App,2024-06-27,2024-06-30,
2024-09-25,rally-deaton,,,25.85,0,294690.0,manual:chart_observation:exact:rally_app_chart,chart_observation,exact,Rally App,2024-09-25,2024-09-30,
2024-12-30,rally-deaton,,,27.5,0,313500.0,manual:chart_observation:exact:rally_app_chart,chart_observation,exact,Rally App,2024-12-30,2024-12-31,
2025-03-31,rally-deaton,,,27.75,0,316350.0,manual:chart_observation:exact:rally_app_chart,chart_observation,exact,Rally App,2025-03-31,2025-03-31,
2025-06-27,rally-deaton,,,27.0,0,307800.0,manual:chart_observation:exact:rally_app_chart,chart_observation,exact,Rally App,2025-06-27,2025-06-30,
2025-09-26,rally-deaton,,,24.0,0,273600.0,manual:chart_observation:exact:rally_app_chart,chart_observation,exact,Rally App,2025-09-26,2025-09-30,
2025-12-30,rally-deaton,,,24.15,0,275310.0,manual:chart_observation:exact:rally_app_chart,chart_observation,exact,Rally App,2025-12-30,2025-12-31,
2026-03-30,rally-deaton,,,24.0,0,273600.0,manual:chart_observation:exact:rally_app_chart,chart_observation,exact,Rally App,2026-03-30,2026-03-31,
2026-06-22,rally-deaton,,,23.75,0,270750.0,manual:chart_observation:exact:rally_app_chart,chart_observation,exact,Rally App,2026-06-22,2026-06-30,
2021-02-18,rally-dimaggio2,,,18.0,0,36000.0,manual:chart_observation:exact:rally_app_chart,chart_observation,exact,Rally App,2021-02-18T00:00:00Z,2021-03-31,quarterly
2021-04-22,rally-dimaggio2,,,12.0,0,24000.0,manual:chart_observation:exact:rally_app_chart,chart_observation,exact,Rally App,2021-04-22T00:00:00Z,2021-06-30,quarterly
2021-07-20,rally-dimaggio2,,,10.0,0,20000.0,manual:chart_observation:exact:rally_app_chart,chart_observation,exact,Rally App,2021-07-20T00:00:00Z,2021-09-30,quarterly
2022-01-24,rally-dimaggio2,,,7.75,0,15500.0,manual:chart_observation:exact:rally_app_chart,chart_observation,exact,Rally App,2022-01-24T00:00:00Z,2021-12-31,quarterly
2022-03-29,rally-dimaggio2,,,10.0,0,20000.0,manual:chart_observation:exact:rally_app_chart,chart_observation,exact,Rally App,2022-03-29T00:00:00Z,2022-03-31,quarterly
2022-06-24,rally-dimaggio2,,,9.0,0,18000.0,manual:chart_observation:exact:rally_app_chart,chart_observation,exact,Rally App,2022-06-24T00:00:00Z,2022-06-30,quarterly
2022-09-28,rally-dimaggio2,,,7.0,0,14000.0,manual:chart_observation:exact:rally_app_chart,chart_observation,exact,Rally App,2022-09-28T00:00:00Z,2022-09-30,quarterly
2022-12-30,rally-dimaggio2,,,10.0,0,20000.0,manual:chart_observation:exact:rally_app_chart,chart_observation,exact,Rally App,2022-12-30T00:00:00Z,2022-12-31,quarterly
2023-03-29,rally-dimaggio2,,,10.95,0,21900.0,manual:chart_observation:exact:rally_app_chart,chart_observation,exact,Rally App,2023-03-29T00:00:00Z,2023-03-31,quarterly
2023-06-30,rally-dimaggio2,,,10.95,0,21900.0,manual:chart_observation:exact:rally_app_chart,chart_observation,exact,Rally App,2023-06-30T00:00:00Z,2023-06-30,quarterly
2023-09-28,rally-dimaggio2,,,10.0,0,20000.0,manual:chart_observation:exact:rally_app_chart,chart_observation,exact,Rally App,2023-09-28T00:00:00Z,2023-09-30,quarterly
2023-12-29,rally-dimaggio2,,,9.0,0,18000.0,manual:chart_observation:exact:rally_app_chart,chart_observation,exact,Rally App,2023-12-29T00:00:00Z,2023-12-31,quarterly
2024-03-28,rally-dimaggio2,,,8.9,0,17800.0,manual:chart_observation:exact:rally_app_chart,chart_observation,exact,Rally App,2024-03-28T00:00:00Z,2024-03-31,quarterly
2024-06-24,rally-dimaggio2,,,9.5,0,19000.0,manual:chart_observation:exact:rally_app_chart,chart_observation,exact,Rally App,2024-06-24T00:00:00Z,2024-06-30,quarterly
2024-09-27,rally-dimaggio2,,,9.0,0,18000.0,manual:chart_observation:exact:rally_app_chart,chart_observation,exact,Rally App,2024-09-27T00:00:00Z,2024-09-30,quarterly
2024-12-30,rally-dimaggio2,,,9.0,0,18000.0,manual:chart_observation:exact:rally_app_chart,chart_observation,exact,Rally App,2024-12-30T00:00:00Z,2024-12-31,quarterly
2025-03-28,rally-dimaggio2,,,8.95,0,17900.0,manual:chart_observation:exact:rally_app_chart,chart_observation,exact,Rally App,2025-03-28T00:00:00Z,2025-03-31,quarterly
2025-06-30,rally-dimaggio2,,,7.55,0,15100.0,manual:chart_observation:exact:rally_app_chart,chart_observation,exact,Rally App,2025-06-30T00:00:00Z,2025-06-30,quarterly
2025-09-26,rally-dimaggio2,,,8.95,0,17900.0,manual:chart_observation:exact:rally_app_chart,chart_observation,exact,Rally App,2025-09-26T00:00:00Z,2025-09-30,quarterly
2025-12-30,rally-dimaggio2,,,8.05,0,16100.0,manual:chart_observation:exact:rally_app_chart,chart_observation,exact,Rally App,2025-12-30T00:00:00Z,2025-12-31,quarterly
2026-03-27,rally-dimaggio2,,,10.0,0,20000.0,manual:chart_observation:exact:rally_app_chart,chart_observation,exact,Rally App,2026-03-27T00:00:00Z,2026-03-31,quarterly
2026-06-30,rally-dimaggio2,,,10.0,0,20000.0,manual:chart_observation:exact:rally_app_chart,chart_observation,exact,Rally App,2026-06-30T00:00:00Z,2026-06-30,quarterly
2021-05-04,rally-dominos,,,6.1,0,12200.0,manual:chart_observation:exact:rally_app_chart,chart_observation,exact,Rally App,2021-05-04T00:00:00Z,2021-06-30,quarterly
2021-07-23,rally-dominos,,,5.0,0,10000.0,manual:chart_observation:exact:rally_app_chart,chart_observation,exact,Rally App,2021-07-23T00:00:00Z,2021-09-30,quarterly
2021-10-21,rally-dominos,,,7.75,0,15500.0,manual:chart_observation:exact:rally_app_chart,chart_observation,exact,Rally App,2021-10-21T00:00:00Z,2021-12-31,quarterly
2022-03-28,rally-dominos,,,5.0,0,10000.0,manual:chart_observation:exact:rally_app_chart,chart_observation,exact,Rally App,2022-03-28T00:00:00Z,2022-03-31,quarterly
2022-06-27,rally-dominos,,,5.5,0,11000.0,manual:chart_observation:exact:rally_app_chart,chart_observation,exact,Rally App,2022-06-27T00:00:00Z,2022-06-30,quarterly
2022-09-26,rally-dominos,,,5.45,0,10900.0,manual:chart_observation:exact:rally_app_chart,chart_observation,exact,Rally App,2022-09-26T00:00:00Z,2022-09-30,quarterly
2022-12-27,rally-dominos,,,5.45,0,10900.0,manual:chart_observation:exact:rally_app_chart,chart_observation,exact,Rally App,2022-12-27T00:00:00Z,2022-12-31,quarterly
2023-03-27,rally-dominos,,,5.5,0,11000.0,manual:chart_observation:exact:rally_app_chart,chart_observation,exact,Rally App,2023-03-27T00:00:00Z,2023-03-31,quarterly
2023-06-26,rally-dominos,,,5.65,0,11300.0,manual:chart_observation:exact:rally_app_chart,chart_observation,exact,Rally App,2023-06-26T00:00:00Z,2023-06-30,quarterly
2023-09-26,rally-dominos,,,5.7,0,11400.0,manual:chart_observation:exact:rally_app_chart,chart_observation,exact,Rally App,2023-09-26T00:00:00Z,2023-09-30,quarterly
2023-12-29,rally-dominos,,,3.25,0,6500.0,manual:chart_observation:exact:rally_app_chart,chart_observation,exact,Rally App,2023-12-29T00:00:00Z,2023-12-31,quarterly
2024-03-26,rally-dominos,,,5.6,0,11200.0,manual:chart_observation:exact:rally_app_chart,chart_observation,exact,Rally App,2024-03-26T00:00:00Z,2024-03-31,quarterly
2024-06-25,rally-dominos,,,4.5,0,9000.0,manual:chart_observation:exact:rally_app_chart,chart_observation,exact,Rally App,2024-06-25T00:00:00Z,2024-06-30,quarterly
2024-09-30,rally-dominos,,,5.0,0,10000.0,manual:chart_observation:exact:rally_app_chart,chart_observation,exact,Rally App,2024-09-30T00:00:00Z,2024-09-30,quarterly
2024-12-31,rally-dominos,,,5.1,0,10200.0,manual:chart_observation:exact:rally_app_chart,chart_observation,exact,Rally App,2024-12-31T00:00:00Z,2024-12-31,quarterly
2025-03-26,rally-dominos,,,4.3,0,8600.0,manual:chart_observation:exact:rally_app_chart,chart_observation,exact,Rally App,2025-03-26T00:00:00Z,2025-03-31,quarterly
2025-06-25,rally-dominos,,,5.5,0,11000.0,manual:chart_observation:exact:rally_app_chart,chart_observation,exact,Rally App,2025-06-25T00:00:00Z,2025-06-30,quarterly
2025-09-30,rally-dominos,,,5.45,0,10900.0,manual:chart_observation:exact:rally_app_chart,chart_observation,exact,Rally App,2025-09-30T00:00:00Z,2025-09-30,quarterly
2025-12-30,rally-dominos,,,5.15,0,10300.0,manual:chart_observation:exact:rally_app_chart,chart_observation,exact,Rally App,2025-12-30T00:00:00Z,2025-12-31,quarterly
2026-03-26,rally-dominos,,,5.9,0,11800.0,manual:chart_observation:exact:rally_app_chart,chart_observation,exact,Rally App,2026-03-26T00:00:00Z,2026-03-31,quarterly
2026-06-25,rally-dominos,,,5.1,0,10200.0,manual:chart_observation:exact:rally_app_chart,chart_observation,exact,Rally App,2026-06-25T00:00:00Z,2026-06-30,quarterly
2021-03-23,rally-dune,,,20.0,0,20000.0,manual:chart_observation:exact:manual_research,chart_observation,exact,user-provided manual Rally DUNE price history,2021-03-23T00:00:00Z,2021-03-31,quarterly
2021-06-15,rally-dune,,,31.5,0,31500.0,manual:chart_observation:exact:manual_research,chart_observation,exact,user-provided manual Rally DUNE price history,2021-06-15T00:00:00Z,2021-06-30,quarterly
2021-10-18,rally-dune,,,40.0,0,40000.0,manual:chart_observation:exact:manual_research,chart_observation,exact,user-provided manual Rally DUNE price history,2021-10-18T00:00:00Z,2021-09-30,quarterly
2022-01-03,rally-dune,,,39.0,0,39000.0,manual:chart_observation:exact:manual_research,chart_observation,exact,user-provided manual Rally DUNE price history,2022-01-03T00:00:00Z,2021-12-31,quarterly
2022-03-29,rally-dune,,,36.9,0,36900.0,manual:chart_observation:exact:manual_research,chart_observation,exact,user-provided manual Rally DUNE price history,2022-03-29T00:00:00Z,2022-03-31,quarterly
2022-06-30,rally-dune,,,32.3,0,32300.0,manual:chart_observation:exact:manual_research,chart_observation,exact,user-provided manual Rally DUNE price history,2022-06-30T00:00:00Z,2022-06-30,quarterly
2022-09-26,rally-dune,,,40.0,0,40000.0,manual:chart_observation:exact:manual_research,chart_observation,exact,user-provided manual Rally DUNE price history,2022-09-26T00:00:00Z,2022-09-30,quarterly
2022-12-28,rally-dune,,,40.0,0,40000.0,manual:chart_observation:exact:manual_research,chart_observation,exact,user-provided manual Rally DUNE price history,2022-12-28T00:00:00Z,2022-12-31,quarterly
2023-03-31,rally-dune,,,25.0,0,25000.0,manual:chart_observation:exact:manual_research,chart_observation,exact,user-provided manual Rally DUNE price history,2023-03-31T00:00:00Z,2023-03-31,quarterly
2023-06-27,rally-dune,,,20.0,0,20000.0,manual:chart_observation:exact:manual_research,chart_observation,exact,user-provided manual Rally DUNE price history,2023-06-27T00:00:00Z,2023-06-30,quarterly
2023-09-29,rally-dune,,,34.15,0,34150.0,manual:chart_observation:exact:manual_research,chart_observation,exact,user-provided manual Rally DUNE price history,2023-09-29T00:00:00Z,2023-09-30,quarterly
2023-12-29,rally-dune,,,22.0,0,22000.0,manual:chart_observation:exact:manual_research,chart_observation,exact,user-provided manual Rally DUNE price history,2023-12-29T00:00:00Z,2023-12-31,quarterly
2024-03-28,rally-dune,,,34.6,0,34600.0,manual:chart_observation:exact:manual_research,chart_observation,exact,user-provided manual Rally DUNE price history,2024-03-28T00:00:00Z,2024-03-31,quarterly
2024-06-28,rally-dune,,,33.95,0,33950.0,manual:chart_observation:exact:manual_research,chart_observation,exact,user-provided manual Rally DUNE price history,2024-06-28T00:00:00Z,2024-06-30,quarterly
2024-09-25,rally-dune,,,27.0,0,27000.0,manual:chart_observation:exact:manual_research,chart_observation,exact,user-provided manual Rally DUNE price history,2024-09-25T00:00:00Z,2024-09-30,quarterly
2024-12-27,rally-dune,,,33.0,0,33000.0,manual:chart_observation:exact:manual_research,chart_observation,exact,user-provided manual Rally DUNE price history,2024-12-27T00:00:00Z,2024-12-31,quarterly
2025-03-31,rally-dune,,,30.0,0,30000.0,manual:chart_observation:exact:manual_research,chart_observation,exact,user-provided manual Rally DUNE price history,2025-03-31T00:00:00Z,2025-03-31,quarterly
2025-06-26,rally-dune,,,27.0,0,27000.0,manual:chart_observation:exact:manual_research,chart_observation,exact,user-provided manual Rally DUNE price history,2025-06-26T00:00:00Z,2025-06-30,quarterly
2025-09-29,rally-dune,,,26.4,0,26400.0,manual:chart_observation:exact:manual_research,chart_observation,exact,user-provided manual Rally DUNE price history,2025-09-29T00:00:00Z,2025-09-30,quarterly
2025-12-30,rally-dune,,,26.4,0,26400.0,manual:chart_observation:exact:manual_research,chart_observation,exact,user-provided manual Rally DUNE price history,2025-12-30T00:00:00Z,2025-12-31,quarterly
2026-03-27,rally-dune,,,25.55,0,25550.0,manual:chart_observation:exact:manual_research,chart_observation,exact,user-provided manual Rally DUNE price history,2026-03-27T00:00:00Z,2026-03-31,quarterly
2026-06-29,rally-dune,,,26.35,0,26350.0,manual:chart_observation:exact:manual_research,chart_observation,exact,user-provided manual Rally DUNE price history,2026-06-29T00:00:00Z,2026-06-30,quarterly
2020-12-30,rally-faubourg,,,74.95,0,149900.0,manual:chart_observation:exact:rally_app_chart,chart_observation,exact,Rally App,2020-12-30,2020-12-31,quarterly
2021-03-09,rally-faubourg,,,74.0,0,148000.0,manual:chart_observation:exact:rally_app_chart,chart_observation,exact,Rally App,2021-03-09,2021-03-31,quarterly
2021-05-13,rally-faubourg,,,45.5,0,91000.0,manual:chart_observation:exact:rally_app_chart,chart_observation,exact,Rally App,2021-05-13,2021-06-30,quarterly
2021-09-28,rally-faubourg,,,62.05,0,124100.0,manual:chart_observation:exact:rally_app_chart,chart_observation,exact,Rally App,2021-09-28,2021-09-30,quarterly
2022-03-31,rally-faubourg,,,45.0,0,90000.0,manual:chart_observation:exact:rally_app_chart,chart_observation,exact,Rally App,2022-03-31,2022-03-31,quarterly
2022-06-30,rally-faubourg,,,40.0,0,80000.0,manual:chart_observation:exact:rally_app_chart,chart_observation,exact,Rally App,2022-06-30,2022-06-30,quarterly
2022-09-30,rally-faubourg,,,45.0,0,90000.0,manual:chart_observation:exact:rally_app_chart,chart_observation,exact,Rally App,2022-09-30,2022-09-30,quarterly
2022-12-30,rally-faubourg,,,57.5,0,115000.0,manual:chart_observation:exact:rally_app_chart,chart_observation,exact,Rally App,2022-12-30,2022-12-31,quarterly
2023-03-31,rally-faubourg,,,58.7,0,117400.0,manual:chart_observation:exact:rally_app_chart,chart_observation,exact,Rally App,2023-03-31,2023-03-31,quarterly
2021-06-18,rally-faubourg2,,,14.75,0,162250.0,manual:chart_observation:exact:rally_app_chart,chart_observation,exact,Rally App,2021-06-18T00:00:00Z,2021-06-30,quarterly
2021-09-03,rally-faubourg2,,,14.0,0,154000.0,manual:chart_observation:exact:rally_app_chart,chart_observation,exact,Rally App,2021-09-03T00:00:00Z,2021-09-30,quarterly
2022-01-10,rally-faubourg2,,,13.8,0,151800.0,manual:chart_observation:exact:rally_app_chart,chart_observation,exact,Rally App,2022-01-10T00:00:00Z,2021-12-31,quarterly
2022-03-31,rally-faubourg2,,,10.2,0,112200.0,manual:chart_observation:exact:rally_app_chart,chart_observation,exact,Rally App,2022-03-31T00:00:00Z,2022-03-31,quarterly
2022-06-29,rally-faubourg2,,,10.5,0,115500.0,manual:chart_observation:exact:rally_app_chart,chart_observation,exact,Rally App,2022-06-29T00:00:00Z,2022-06-30,quarterly
2022-09-30,rally-faubourg2,,,9.0,0,99000.0,manual:chart_observation:exact:rally_app_chart,chart_observation,exact,Rally App,2022-09-30T00:00:00Z,2022-09-30,quarterly
2022-12-28,rally-faubourg2,,,11.0,0,121000.0,manual:chart_observation:exact:rally_app_chart,chart_observation,exact,Rally App,2022-12-28T00:00:00Z,2022-12-31,quarterly
2023-03-31,rally-faubourg2,,,11.25,0,123750.0,manual:chart_observation:exact:rally_app_chart,chart_observation,exact,Rally App,2023-03-31T00:00:00Z,2023-03-31,quarterly
2023-06-29,rally-faubourg2,,,13.75,0,151250.0,manual:chart_observation:exact:rally_app_chart,chart_observation,exact,Rally App,2023-06-29T00:00:00Z,2023-06-30,quarterly
2023-09-26,rally-faubourg2,,,13.5,0,148500.0,manual:chart_observation:exact:rally_app_chart,chart_observation,exact,Rally App,2023-09-26T00:00:00Z,2023-09-30,quarterly
2023-12-29,rally-faubourg2,,,12.5,0,137500.0,manual:chart_observation:exact:rally_app_chart,chart_observation,exact,Rally App,2023-12-29T00:00:00Z,2023-12-31,quarterly
2024-03-27,rally-faubourg2,,,14.5,0,159500.0,manual:chart_observation:exact:rally_app_chart,chart_observation,exact,Rally App,2024-03-27T00:00:00Z,2024-03-31,quarterly
2024-06-28,rally-faubourg2,,,15.0,0,165000.0,manual:chart_observation:exact:rally_app_chart,chart_observation,exact,Rally App,2024-06-28T00:00:00Z,2024-06-30,quarterly
2024-09-26,rally-faubourg2,,,15.0,0,165000.0,manual:chart_observation:exact:rally_app_chart,chart_observation,exact,Rally App,2024-09-26T00:00:00Z,2024-09-30,quarterly
2020-04-21,rally-frost,,,69.85,0,13970.0,manual:chart_observation:exact:manual_research,chart_observation,exact,user-provided manual Rally FROST price history,2020-04-21T00:00:00Z,2020-03-31,quarterly
2020-07-28,rally-frost,,,72.55,0,14510.0,manual:chart_observation:exact:manual_research,chart_observation,exact,user-provided manual Rally FROST price history,2020-07-28T00:00:00Z,2020-06-30,quarterly
2020-10-27,rally-frost,,,73.0,0,14600.0,manual:chart_observation:exact:manual_research,chart_observation,exact,user-provided manual Rally FROST price history,2020-10-27T00:00:00Z,2020-09-30,quarterly
2021-04-06,rally-frost,,,73.0,0,14600.0,manual:chart_observation:exact:manual_research,chart_observation,exact,user-provided manual Rally FROST price history,2021-04-06T00:00:00Z,2021-03-31,quarterly
2021-07-06,rally-frost,,,76.0,0,15200.0,manual:chart_observation:exact:manual_research,chart_observation,exact,user-provided manual Rally FROST price history,2021-07-06T00:00:00Z,2021-06-30,quarterly
2021-11-11,rally-frost,,,80.0,0,16000.0,manual:chart_observation:exact:manual_research,chart_observation,exact,user-provided manual Rally FROST price history,2021-11-11T00:00:00Z,2021-09-30,quarterly
2022-01-24,rally-frost,,,82.5,0,16500.0,manual:chart_observation:exact:manual_research,chart_observation,exact,user-provided manual Rally FROST price history,2022-01-24T00:00:00Z,2021-12-31,quarterly
2022-03-25,rally-frost,,,82.5,0,16500.0,manual:chart_observation:exact:manual_research,chart_observation,exact,user-provided manual Rally FROST price history,2022-03-25T00:00:00Z,2022-03-31,quarterly
2022-04-01,rally-frost,,,58.0,0,11600.0,manual:chart_observation:exact:manual_research,chart_observation,exact,user-provided manual Rally FROST price history,2022-04-01T00:00:00Z,2022-04-01,weekly
2022-06-30,rally-frost,,,57.5,0,11500.0,manual:chart_observation:exact:manual_research,chart_observation,exact,user-provided manual Rally FROST price history,2022-06-30T00:00:00Z,2022-06-30,quarterly
2022-09-27,rally-frost,,,57.5,0,11500.0,manual:chart_observation:exact:manual_research,chart_observation,exact,user-provided manual Rally FROST price history,2022-09-27T00:00:00Z,2022-09-30,quarterly
2022-12-27,rally-frost,,,55.5,0,11100.0,manual:chart_observation:exact:manual_research,chart_observation,exact,user-provided manual Rally FROST price history,2022-12-27T00:00:00Z,2022-12-31,quarterly
2023-03-31,rally-frost,,,39.0,0,7800.0,manual:chart_observation:exact:manual_research,chart_observation,exact,user-provided manual Rally FROST price history,2023-03-31T00:00:00Z,2023-03-31,quarterly
2023-06-29,rally-frost,,,45.0,0,9000.0,manual:chart_observation:exact:manual_research,chart_observation,exact,user-provided manual Rally FROST price history,2023-06-29T00:00:00Z,2023-06-30,quarterly
2023-09-26,rally-frost,,,31.05,0,6210.0,manual:chart_observation:exact:manual_research,chart_observation,exact,user-provided manual Rally FROST price history,2023-09-26T00:00:00Z,2023-09-30,quarterly
2023-12-29,rally-frost,,,28.25,0,5650.0,manual:chart_observation:exact:manual_research,chart_observation,exact,user-provided manual Rally FROST price history,2023-12-29T00:00:00Z,2023-12-31,quarterly
2024-03-28,rally-frost,,,39.0,0,7800.0,manual:chart_observation:exact:manual_research,chart_observation,exact,user-provided manual Rally FROST price history,2024-03-28T00:00:00Z,2024-03-31,quarterly
2024-06-27,rally-frost,,,25.0,0,5000.0,manual:chart_observation:exact:manual_research,chart_observation,exact,user-provided manual Rally FROST price history,2024-06-27T00:00:00Z,2024-06-30,quarterly
2024-09-24,rally-frost,,,53.95,0,10790.0,manual:chart_observation:exact:manual_research,chart_observation,exact,user-provided manual Rally FROST price history,2024-09-24T00:00:00Z,2024-09-30,quarterly
2024-12-30,rally-frost,,,50.0,0,10000.0,manual:chart_observation:exact:manual_research,chart_observation,exact,user-provided manual Rally FROST price history,2024-12-30T00:00:00Z,2024-12-31,quarterly
2025-03-28,rally-frost,,,47.5,0,9500.0,manual:chart_observation:exact:manual_research,chart_observation,exact,user-provided manual Rally FROST price history,2025-03-28T00:00:00Z,2025-03-31,quarterly
2025-06-25,rally-frost,,,47.5,0,9500.0,manual:chart_observation:exact:manual_research,chart_observation,exact,user-provided manual Rally FROST price history,2025-06-25T00:00:00Z,2025-06-30,quarterly
2025-09-30,rally-frost,,,47.8,0,9560.0,manual:chart_observation:exact:manual_research,chart_observation,exact,user-provided manual Rally FROST price history,2025-09-30T00:00:00Z,2025-09-30,quarterly
2025-12-29,rally-frost,,,47.8,0,9560.0,manual:chart_observation:exact:manual_research,chart_observation,exact,user-provided manual Rally FROST price history,2025-12-29T00:00:00Z,2025-12-31,quarterly
2026-03-27,rally-frost,,,48.5,0,9700.0,manual:chart_observation:exact:manual_research,chart_observation,exact,user-provided manual Rally FROST price history,2026-03-27T00:00:00Z,2026-03-31,quarterly
2026-06-24,rally-frost,,,48.5,0,9700.0,manual:chart_observation:exact:manual_research,chart_observation,exact,user-provided manual Rally FROST price history,2026-06-24T00:00:00Z,2026-06-30,quarterly
2026-07-09,rally-frost,,,78.9,0,15780.0,manual:chart_observation:exact:manual_research,chart_observation,exact,user-provided manual Rally FROST price history,2026-07-09T00:00:00Z,2026-07-09,weekly
2021-01-05,rally-gatsby,,,40.1,0,160400.0,manual:chart_observation:exact:rally_app_chart,chart_observation,exact,Manually transcribed Rally GATSBY price history supplied 2026-07-23,2021-01-05T00:00:00Z,2021-03-31,quarterly
2021-04-13,rally-gatsby,,,33.95,0,135800.0,manual:chart_observation:exact:rally_app_chart,chart_observation,exact,Manually transcribed Rally GATSBY price history supplied 2026-07-23,2021-04-13T00:00:00Z,2021-06-30,quarterly
2021-07-16,rally-gatsby,,,33.95,0,135800.0,manual:chart_observation:exact:rally_app_chart,chart_observation,exact,Manually transcribed Rally GATSBY price history supplied 2026-07-23,2021-07-16T00:00:00Z,2021-09-30,quarterly
2022-01-03,rally-gatsby,,,38.0,0,152000.0,manual:chart_observation:exact:rally_app_chart,chart_observation,exact,Manually transcribed Rally GATSBY price history supplied 2026-07-23,2022-01-03T00:00:00Z,2021-12-31,quarterly
2022-03-29,rally-gatsby,,,29.45,0,117800.0,manual:chart_observation:exact:rally_app_chart,chart_observation,exact,Manually transcribed Rally GATSBY price history supplied 2026-07-23,2022-03-29T00:00:00Z,2022-03-31,quarterly
2022-06-27,rally-gatsby,,,29.0,0,116000.0,manual:chart_observation:exact:rally_app_chart,chart_observation,exact,Manually transcribed Rally GATSBY price history supplied 2026-07-23,2022-06-27T00:00:00Z,2022-06-30,quarterly
2022-09-29,rally-gatsby,,,19.1,0,76400.0,manual:chart_observation:exact:rally_app_chart,chart_observation,exact,Manually transcribed Rally GATSBY price history supplied 2026-07-23,2022-09-29T00:00:00Z,2022-09-30,quarterly
2022-12-27,rally-gatsby,,,20.0,0,80000.0,manual:chart_observation:exact:rally_app_chart,chart_observation,exact,Manually transcribed Rally GATSBY price history supplied 2026-07-23,2022-12-27T00:00:00Z,2022-12-31,quarterly
2023-03-31,rally-gatsby,,,23.0,0,92000.0,manual:chart_observation:exact:rally_app_chart,chart_observation,exact,Manually transcribed Rally GATSBY price history supplied 2026-07-23,2023-03-31T00:00:00Z,2023-03-31,quarterly
2023-06-28,rally-gatsby,,,22.25,0,89000.0,manual:chart_observation:exact:rally_app_chart,chart_observation,exact,Manually transcribed Rally GATSBY price history supplied 2026-07-23,2023-06-28T00:00:00Z,2023-06-30,quarterly
2023-09-25,rally-gatsby,,,22.5,0,90000.0,manual:chart_observation:exact:rally_app_chart,chart_observation,exact,Manually transcribed Rally GATSBY price history supplied 2026-07-23,2023-09-25T00:00:00Z,2023-09-30,quarterly
2023-12-28,rally-gatsby,,,22.4,0,89600.0,manual:chart_observation:exact:rally_app_chart,chart_observation,exact,Manually transcribed Rally GATSBY price history supplied 2026-07-23,2023-12-28T00:00:00Z,2023-12-31,quarterly
2024-03-25,rally-gatsby,,,23.0,0,92000.0,manual:chart_observation:exact:rally_app_chart,chart_observation,exact,Manually transcribed Rally GATSBY price history supplied 2026-07-23,2024-03-25T00:00:00Z,2024-03-31,quarterly
2024-06-28,rally-gatsby,,,26.5,0,106000.0,manual:chart_observation:exact:rally_app_chart,chart_observation,exact,Manually transcribed Rally GATSBY price history supplied 2026-07-23,2024-06-28T00:00:00Z,2024-06-30,quarterly
2024-09-25,rally-gatsby,,,25.0,0,100000.0,manual:chart_observation:exact:rally_app_chart,chart_observation,exact,Manually transcribed Rally GATSBY price history supplied 2026-07-23,2024-09-25T00:00:00Z,2024-09-30,quarterly
2024-12-30,rally-gatsby,,,25.95,0,103800.0,manual:chart_observation:exact:rally_app_chart,chart_observation,exact,Manually transcribed Rally GATSBY price history supplied 2026-07-23,2024-12-30T00:00:00Z,2024-12-31,quarterly
2025-03-27,rally-gatsby,,,18.5,0,74000.0,manual:chart_observation:exact:rally_app_chart,chart_observation,exact,Manually transcribed Rally GATSBY price history supplied 2026-07-23,2025-03-27T00:00:00Z,2025-03-31,quarterly
2025-06-24,rally-gatsby,,,22.0,0,88000.0,manual:chart_observation:exact:rally_app_chart,chart_observation,exact,Manually transcribed Rally GATSBY price history supplied 2026-07-23,2025-06-24T00:00:00Z,2025-06-30,quarterly
2025-09-26,rally-gatsby,,,20.0,0,80000.0,manual:chart_observation:exact:rally_app_chart,chart_observation,exact,Manually transcribed Rally GATSBY price history supplied 2026-07-23,2025-09-26T00:00:00Z,2025-09-30,quarterly
2025-12-31,rally-gatsby,,,21.9,0,87600.0,manual:chart_observation:exact:rally_app_chart,chart_observation,exact,Manually transcribed Rally GATSBY price history supplied 2026-07-23,2025-12-31T00:00:00Z,2025-12-31,quarterly
2026-03-30,rally-gatsby,,,21.0,0,84000.0,manual:chart_observation:exact:rally_app_chart,chart_observation,exact,Manually transcribed Rally GATSBY price history supplied 2026-07-23,2026-03-30T00:00:00Z,2026-03-31,quarterly
2026-06-26,rally-gatsby,,,24.0,0,96000.0,manual:chart_observation:exact:rally_app_chart,chart_observation,exact,Manually transcribed Rally GATSBY price history supplied 2026-07-23,2026-06-26T00:00:00Z,2026-06-30,quarterly
2020-10-13,rally-gmtblack1,,,28.0,0,28000.0,manual:chart_observation:exact:rally_app_chart,chart_observation,exact,Rally App,2020-10-13T00:00:00Z,2020-09-30,quarterly
2021-01-14,rally-gmtblack1,,,28.0,0,28000.0,manual:chart_observation:exact:rally_app_chart,chart_observation,exact,Rally App,2021-01-14T00:00:00Z,2020-12-31,quarterly
2021-03-18,rally-gmtblack1,,,25.0,0,25000.0,manual:chart_observation:exact:rally_app_chart,chart_observation,exact,Rally App,2021-03-18T00:00:00Z,2021-03-31,quarterly
2021-06-01,rally-gmtblack1,,,25.5,0,25500.0,manual:chart_observation:exact:rally_app_chart,chart_observation,exact,Rally App,2021-06-01T00:00:00Z,2021-06-30,quarterly
2021-08-19,rally-gmtblack1,,,28.0,0,28000.0,manual:chart_observation:exact:rally_app_chart,chart_observation,exact,Rally App,2021-08-19T00:00:00Z,2021-09-30,quarterly
2022-01-10,rally-gmtblack1,,,26.0,0,26000.0,manual:chart_observation:exact:rally_app_chart,chart_observation,exact,Rally App,2022-01-10T00:00:00Z,2021-12-31,quarterly
2022-03-28,rally-gmtblack1,,,26.3,0,26300.0,manual:chart_observation:exact:rally_app_chart,chart_observation,exact,Rally App,2022-03-28T00:00:00Z,2022-03-31,quarterly
2022-06-29,rally-gmtblack1,,,25.5,0,25500.0,manual:chart_observation:exact:rally_app_chart,chart_observation,exact,Rally App,2022-06-29T00:00:00Z,2022-06-30,quarterly
2022-09-26,rally-gmtblack1,,,26.65,0,26650.0,manual:chart_observation:exact:rally_app_chart,chart_observation,exact,Rally App,2022-09-26T00:00:00Z,2022-09-30,quarterly
2022-12-28,rally-gmtblack1,,,26.65,0,26650.0,manual:chart_observation:exact:rally_app_chart,chart_observation,exact,Rally App,2022-12-28T00:00:00Z,2022-12-31,quarterly
2023-03-27,rally-gmtblack1,,,26.65,0,26650.0,manual:chart_observation:exact:rally_app_chart,chart_observation,exact,Rally App,2023-03-27T00:00:00Z,2023-03-31,quarterly
2023-06-28,rally-gmtblack1,,,26.25,0,26250.0,manual:chart_observation:exact:rally_app_chart,chart_observation,exact,Rally App,2023-06-28T00:00:00Z,2023-06-30,quarterly
2023-09-29,rally-gmtblack1,,,25.1,0,25100.0,manual:chart_observation:exact:rally_app_chart,chart_observation,exact,Rally App,2023-09-29T00:00:00Z,2023-09-30,quarterly
2023-12-29,rally-gmtblack1,,,25.5,0,25500.0,manual:chart_observation:exact:rally_app_chart,chart_observation,exact,Rally App,2023-12-29T00:00:00Z,2023-12-31,quarterly
2024-03-22,rally-gmtblack1,,,24.0,0,24000.0,manual:chart_observation:exact:rally_app_chart,chart_observation,exact,Rally App,2024-03-22T00:00:00Z,2024-03-31,quarterly
2024-06-26,rally-gmtblack1,,,22.25,0,22250.0,manual:chart_observation:exact:rally_app_chart,chart_observation,exact,Rally App,2024-06-26T00:00:00Z,2024-06-30,quarterly
2024-09-27,rally-gmtblack1,,,25.45,0,25450.0,manual:chart_observation:exact:rally_app_chart,chart_observation,exact,Rally App,2024-09-27T00:00:00Z,2024-09-30,quarterly
2024-12-31,rally-gmtblack1,,,30.0,0,30000.0,manual:chart_observation:exact:rally_app_chart,chart_observation,exact,Rally App,2024-12-31T00:00:00Z,2024-12-31,quarterly
2025-03-28,rally-gmtblack1,,,29.95,0,29950.0,manual:chart_observation:exact:rally_app_chart,chart_observation,exact,Rally App,2025-03-28T00:00:00Z,2025-03-31,quarterly
2025-06-24,rally-gmtblack1,,,29.95,0,29950.0,manual:chart_observation:exact:rally_app_chart,chart_observation,exact,Rally App,2025-06-24T00:00:00Z,2025-06-30,quarterly
2025-09-26,rally-gmtblack1,,,23.75,0,23750.0,manual:chart_observation:exact:rally_app_chart,chart_observation,exact,Rally App,2025-09-26T00:00:00Z,2025-09-30,quarterly
2025-12-30,rally-gmtblack1,,,21.0,0,21000.0,manual:chart_observation:exact:rally_app_chart,chart_observation,exact,Rally App,2025-12-30T00:00:00Z,2025-12-31,quarterly
2026-03-27,rally-gmtblack1,,,27.6,0,27600.0,manual:chart_observation:exact:rally_app_chart,chart_observation,exact,Rally App,2026-03-27T00:00:00Z,2026-03-31,quarterly
2026-06-30,rally-gmtblack1,,,28.5,0,28500.0,manual:chart_observation:exact:rally_app_chart,chart_observation,exact,Rally App,2026-06-30T00:00:00Z,2026-06-30,quarterly
2021-03-16,rally-grapes,,,19.45,0,38900.0,manual:chart_observation:exact:manual_research,chart_observation,exact,user-provided manual Rally GRAPES price history,2021-03-16T00:00:00Z,2021-03-31,quarterly
2021-06-03,rally-grapes,,,19.45,0,38900.0,manual:chart_observation:exact:manual_research,chart_observation,exact,user-provided manual Rally GRAPES price history,2021-06-03T00:00:00Z,2021-06-30,quarterly
2021-10-01,rally-grapes,,,19.4,0,38800.0,manual:chart_observation:exact:manual_research,chart_observation,exact,user-provided manual Rally GRAPES price history,2021-10-01T00:00:00Z,2021-09-30,quarterly
2022-03-28,rally-grapes,,,15.75,0,31500.0,manual:chart_observation:exact:manual_research,chart_observation,exact,user-provided manual Rally GRAPES price history,2022-03-28T00:00:00Z,2022-03-31,quarterly
2022-06-30,rally-grapes,,,18.5,0,37000.0,manual:chart_observation:exact:manual_research,chart_observation,exact,user-provided manual Rally GRAPES price history,2022-06-30T00:00:00Z,2022-06-30,quarterly
2022-09-26,rally-grapes,,,16.4,0,32800.0,manual:chart_observation:exact:manual_research,chart_observation,exact,user-provided manual Rally GRAPES price history,2022-09-26T00:00:00Z,2022-09-30,quarterly
2022-12-29,rally-grapes,,,10.0,0,20000.0,manual:chart_observation:exact:manual_research,chart_observation,exact,user-provided manual Rally GRAPES price history,2022-12-29T00:00:00Z,2022-12-31,quarterly
2023-03-27,rally-grapes,,,15.0,0,30000.0,manual:chart_observation:exact:manual_research,chart_observation,exact,user-provided manual Rally GRAPES price history,2023-03-27T00:00:00Z,2023-03-31,quarterly
2023-06-29,rally-grapes,,,14.0,0,28000.0,manual:chart_observation:exact:manual_research,chart_observation,exact,user-provided manual Rally GRAPES price history,2023-06-29T00:00:00Z,2023-06-30,quarterly
2023-09-25,rally-grapes,,,14.75,0,29500.0,manual:chart_observation:exact:manual_research,chart_observation,exact,user-provided manual Rally GRAPES price history,2023-09-25T00:00:00Z,2023-09-30,quarterly
2023-12-29,rally-grapes,,,13.0,0,26000.0,manual:chart_observation:exact:manual_research,chart_observation,exact,user-provided manual Rally GRAPES price history,2023-12-29T00:00:00Z,2023-12-31,quarterly
2024-03-25,rally-grapes,,,9.25,0,18500.0,manual:chart_observation:exact:manual_research,chart_observation,exact,user-provided manual Rally GRAPES price history,2024-03-25T00:00:00Z,2024-03-31,quarterly
2024-06-26,rally-grapes,,,12.95,0,25900.0,manual:chart_observation:exact:manual_research,chart_observation,exact,user-provided manual Rally GRAPES price history,2024-06-26T00:00:00Z,2024-06-30,quarterly
2024-09-27,rally-grapes,,,12.95,0,25900.0,manual:chart_observation:exact:manual_research,chart_observation,exact,user-provided manual Rally GRAPES price history,2024-09-27T00:00:00Z,2024-09-30,quarterly
2024-12-31,rally-grapes,,,10.25,0,20500.0,manual:chart_observation:exact:manual_research,chart_observation,exact,user-provided manual Rally GRAPES price history,2024-12-31T00:00:00Z,2024-12-31,quarterly
2025-03-28,rally-grapes,,,11.0,0,22000.0,manual:chart_observation:exact:manual_research,chart_observation,exact,user-provided manual Rally GRAPES price history,2025-03-28T00:00:00Z,2025-03-31,quarterly
2025-06-24,rally-grapes,,,8.95,0,17900.0,manual:chart_observation:exact:manual_research,chart_observation,exact,user-provided manual Rally GRAPES price history,2025-06-24T00:00:00Z,2025-06-30,quarterly
2025-12-29,rally-grapes,,,9.5,0,19000.0,manual:chart_observation:exact:manual_research,chart_observation,exact,user-provided manual Rally GRAPES price history,2025-12-29T00:00:00Z,2025-12-31,quarterly
2026-03-27,rally-grapes,,,9.0,0,18000.0,manual:chart_observation:exact:manual_research,chart_observation,exact,user-provided manual Rally GRAPES price history,2026-03-27T00:00:00Z,2026-03-31,quarterly
2026-06-29,rally-grapes,,,12.95,0,25900.0,manual:chart_observation:exact:manual_research,chart_observation,exact,user-provided manual Rally GRAPES price history,2026-06-29T00:00:00Z,2026-06-30,quarterly
2023-03-29,rally-grateful1,,,14.9,0,186250.0,manual:chart_observation:exact:manual_research,chart_observation,exact,User-provided manual Rally GRATEFUL1 Art price history,2023-03-29T00:00:00Z,2023-03-31,quarterly
2023-06-29,rally-grateful1,,,12.5,0,156250.0,manual:chart_observation:exact:manual_research,chart_observation,exact,User-provided manual Rally GRATEFUL1 Art price history,2023-06-29T00:00:00Z,2023-06-30,quarterly
2023-09-29,rally-grateful1,,,13.8,0,172500.0,manual:chart_observation:exact:manual_research,chart_observation,exact,User-provided manual Rally GRATEFUL1 Art price history,2023-09-29T00:00:00Z,2023-09-30,quarterly
2023-12-29,rally-grateful1,,,13.3,0,166250.0,manual:chart_observation:exact:manual_research,chart_observation,exact,User-provided manual Rally GRATEFUL1 Art price history,2023-12-29T00:00:00Z,2023-12-31,quarterly
2024-03-26,rally-grateful1,,,10.5,0,131250.0,manual:chart_observation:exact:manual_research,chart_observation,exact,User-provided manual Rally GRATEFUL1 Art price history,2024-03-26T00:00:00Z,2024-03-31,quarterly
2024-06-26,rally-grateful1,,,11.5,0,143750.0,manual:chart_observation:exact:manual_research,chart_observation,exact,User-provided manual Rally GRATEFUL1 Art price history,2024-06-26T00:00:00Z,2024-06-30,quarterly
2024-09-30,rally-grateful1,,,12.9,0,161250.0,manual:chart_observation:exact:manual_research,chart_observation,exact,User-provided manual Rally GRATEFUL1 Art price history,2024-09-30T00:00:00Z,2024-09-30,quarterly
2024-12-31,rally-grateful1,,,10.3,0,128750.0,manual:chart_observation:exact:manual_research,chart_observation,exact,User-provided manual Rally GRATEFUL1 Art price history,2024-12-31T00:00:00Z,2024-12-31,quarterly
2025-03-28,rally-grateful1,,,12.5,0,156250.0,manual:chart_observation:exact:manual_research,chart_observation,exact,User-provided manual Rally GRATEFUL1 Art price history,2025-03-28T00:00:00Z,2025-03-31,quarterly
2025-06-30,rally-grateful1,,,11.0,0,137500.0,manual:chart_observation:exact:manual_research,chart_observation,exact,User-provided manual Rally GRATEFUL1 Art price history,2025-06-30T00:00:00Z,2025-06-30,quarterly
2025-09-29,rally-grateful1,,,10.3,0,128750.0,manual:chart_observation:exact:manual_research,chart_observation,exact,User-provided manual Rally GRATEFUL1 Art price history,2025-09-29T00:00:00Z,2025-09-30,quarterly
2025-12-30,rally-grateful1,,,9.95,0,124375.0,manual:chart_observation:exact:manual_research,chart_observation,exact,User-provided manual Rally GRATEFUL1 Art price history,2025-12-30T00:00:00Z,2025-12-31,quarterly
2026-03-27,rally-grateful1,,,8.1,0,101250.0,manual:chart_observation:exact:manual_research,chart_observation,exact,User-provided manual Rally GRATEFUL1 Art price history,2026-03-27T00:00:00Z,2026-03-31,quarterly
2026-06-29,rally-grateful1,,,7.2,0,90000.0,manual:chart_observation:exact:manual_research,chart_observation,exact,User-provided manual Rally GRATEFUL1 Art price history,2026-06-29T00:00:00Z,2026-06-30,quarterly
2022-09-26,rally-gwtw,,,4.0,0,20000.0,manual:chart_observation:exact:manual_research,chart_observation,exact,user-provided manual Rally GWTW price history,2022-09-26T00:00:00Z,2022-09-30,quarterly
2022-12-30,rally-gwtw,,,4.85,0,24250.0,manual:chart_observation:exact:manual_research,chart_observation,exact,user-provided manual Rally GWTW price history,2022-12-30T00:00:00Z,2022-12-31,quarterly
2023-03-29,rally-gwtw,,,3.25,0,16250.0,manual:chart_observation:exact:manual_research,chart_observation,exact,user-provided manual Rally GWTW price history,2023-03-29T00:00:00Z,2023-03-31,quarterly
2023-06-30,rally-gwtw,,,3.3,0,16500.0,manual:chart_observation:exact:manual_research,chart_observation,exact,user-provided manual Rally GWTW price history,2023-06-30T00:00:00Z,2023-06-30,quarterly
2023-09-26,rally-gwtw,,,4.0,0,20000.0,manual:chart_observation:exact:manual_research,chart_observation,exact,user-provided manual Rally GWTW price history,2023-09-26T00:00:00Z,2023-09-30,quarterly
2023-12-29,rally-gwtw,,,2.9,0,14500.0,manual:chart_observation:exact:manual_research,chart_observation,exact,user-provided manual Rally GWTW price history,2023-12-29T00:00:00Z,2023-12-31,quarterly
2024-03-28,rally-gwtw,,,2.5,0,12500.0,manual:chart_observation:exact:manual_research,chart_observation,exact,user-provided manual Rally GWTW price history,2024-03-28T00:00:00Z,2024-03-31,quarterly
2024-06-25,rally-gwtw,,,2.55,0,12750.0,manual:chart_observation:exact:manual_research,chart_observation,exact,user-provided manual Rally GWTW price history,2024-06-25T00:00:00Z,2024-06-30,quarterly
2024-09-26,rally-gwtw,,,2.75,0,13750.0,manual:chart_observation:exact:manual_research,chart_observation,exact,user-provided manual Rally GWTW price history,2024-09-26T00:00:00Z,2024-09-30,quarterly
2024-12-27,rally-gwtw,,,2.95,0,14750.0,manual:chart_observation:exact:manual_research,chart_observation,exact,user-provided manual Rally GWTW price history,2024-12-27T00:00:00Z,2024-12-31,quarterly
2025-03-31,rally-gwtw,,,2.55,0,12750.0,manual:chart_observation:exact:manual_research,chart_observation,exact,user-provided manual Rally GWTW price history,2025-03-31T00:00:00Z,2025-03-31,quarterly
2025-06-26,rally-gwtw,,,2.6,0,13000.0,manual:chart_observation:exact:manual_research,chart_observation,exact,user-provided manual Rally GWTW price history,2025-06-26T00:00:00Z,2025-06-30,quarterly
2025-09-26,rally-gwtw,,,1.9,0,9500.0,manual:chart_observation:exact:manual_research,chart_observation,exact,user-provided manual Rally GWTW price history,2025-09-26T00:00:00Z,2025-09-30,quarterly
2025-12-29,rally-gwtw,,,4.0,0,20000.0,manual:chart_observation:exact:manual_research,chart_observation,exact,user-provided manual Rally GWTW price history,2025-12-29T00:00:00Z,2025-12-31,quarterly
2026-03-26,rally-gwtw,,,3.75,0,18750.0,manual:chart_observation:exact:manual_research,chart_observation,exact,user-provided manual Rally GWTW price history,2026-03-26T00:00:00Z,2026-03-31,quarterly
2026-06-26,rally-gwtw,,,3.4,0,17000.0,manual:chart_observation:exact:manual_research,chart_observation,exact,user-provided manual Rally GWTW price history,2026-06-26T00:00:00Z,2026-06-30,quarterly
2021-11-01,rally-hgwells,,,5.85,0,43875.0,manual:chart_observation:chart_estimate:manual_research,chart_observation,chart_estimate,User supplied Rally quarterly chart transcription for #HGWELLS,2021-11-01T00:00:00Z,2021-09-30,quarterly
2022-03-29,rally-hgwells,,,4.0,0,30000.0,manual:chart_observation:chart_estimate:manual_research,chart_observation,chart_estimate,User supplied Rally quarterly chart transcription for #HGWELLS,2022-03-29T00:00:00Z,2022-03-31,quarterly
2022-06-27,rally-hgwells,,,4.25,0,31875.0,manual:chart_observation:chart_estimate:manual_research,chart_observation,chart_estimate,User supplied Rally quarterly chart transcription for #HGWELLS,2022-06-27T00:00:00Z,2022-06-30,quarterly
2022-12-30,rally-hgwells,,,3.4,0,25500.0,manual:chart_observation:chart_estimate:manual_research,chart_observation,chart_estimate,User supplied Rally quarterly chart transcription for #HGWELLS,2022-12-30T00:00:00Z,2022-12-31,quarterly
2023-03-30,rally-hgwells,,,3.4,0,25500.0,manual:chart_observation:chart_estimate:manual_research,chart_observation,chart_estimate,User supplied Rally quarterly chart transcription for #HGWELLS,2023-03-30T00:00:00Z,2023-03-31,quarterly
2023-06-27,rally-hgwells,,,2.95,0,22125.0,manual:chart_observation:chart_estimate:manual_research,chart_observation,chart_estimate,User supplied Rally quarterly chart transcription for #HGWELLS,2023-06-27T00:00:00Z,2023-06-30,quarterly
2023-09-29,rally-hgwells,,,2.0,0,15000.0,manual:chart_observation:chart_estimate:manual_research,chart_observation,chart_estimate,User supplied Rally quarterly chart transcription for #HGWELLS,2023-09-29T00:00:00Z,2023-09-30,quarterly
2023-12-29,rally-hgwells,,,2.0,0,15000.0,manual:chart_observation:chart_estimate:manual_research,chart_observation,chart_estimate,User supplied Rally quarterly chart transcription for #HGWELLS,2023-12-29T00:00:00Z,2023-12-31,quarterly
2024-03-25,rally-hgwells,,,2.7,0,20250.0,manual:chart_observation:chart_estimate:manual_research,chart_observation,chart_estimate,User supplied Rally quarterly chart transcription for #HGWELLS,2024-03-25T00:00:00Z,2024-03-31,quarterly
2024-06-27,rally-hgwells,,,2.4,0,18000.0,manual:chart_observation:chart_estimate:manual_research,chart_observation,chart_estimate,User supplied Rally quarterly chart transcription for #HGWELLS,2024-06-27T00:00:00Z,2024-06-30,quarterly
2024-09-30,rally-hgwells,,,2.75,0,20625.0,manual:chart_observation:chart_estimate:manual_research,chart_observation,chart_estimate,User supplied Rally quarterly chart transcription for #HGWELLS,2024-09-30T00:00:00Z,2024-09-30,quarterly
2024-12-26,rally-hgwells,,,2.5,0,18750.0,manual:chart_observation:chart_estimate:manual_research,chart_observation,chart_estimate,User supplied Rally quarterly chart transcription for #HGWELLS,2024-12-26T00:00:00Z,2024-12-31,quarterly
2025-03-31,rally-hgwells,,,2.5,0,18750.0,manual:chart_observation:chart_estimate:manual_research,chart_observation,chart_estimate,User supplied Rally quarterly chart transcription for #HGWELLS,2025-03-31T00:00:00Z,2025-03-31,quarterly
2025-06-27,rally-hgwells,,,2.5,0,18750.0,manual:chart_observation:chart_estimate:manual_research,chart_observation,chart_estimate,User supplied Rally quarterly chart transcription for #HGWELLS,2025-06-27T00:00:00Z,2025-06-30,quarterly
2025-09-30,rally-hgwells,,,2.45,0,18375.0,manual:chart_observation:chart_estimate:manual_research,chart_observation,chart_estimate,User supplied Rally quarterly chart transcription for #HGWELLS,2025-09-30T00:00:00Z,2025-09-30,quarterly
2025-12-26,rally-hgwells,,,2.35,0,17625.0,manual:chart_observation:chart_estimate:manual_research,chart_observation,chart_estimate,User supplied Rally quarterly chart transcription for #HGWELLS,2025-12-26T00:00:00Z,2025-12-31,quarterly
2026-03-26,rally-hgwells,,,2.4,0,18000.0,manual:chart_observation:chart_estimate:manual_research,chart_observation,chart_estimate,User supplied Rally quarterly chart transcription for #HGWELLS,2026-03-26T00:00:00Z,2026-03-31,quarterly
2026-06-29,rally-hgwells,,,2.3,0,17250.0,manual:chart_observation:chart_estimate:manual_research,chart_observation,chart_estimate,User supplied Rally quarterly chart transcription for #HGWELLS,2026-06-29T00:00:00Z,2026-06-30,quarterly
2020-09-15,rally-himalaya,,,75.0,0,150000.0,manual:chart_observation:exact:rally_app_chart,chart_observation,exact,Rally App,2020-09-15T00:00:00Z,2020-09-30,quarterly
2020-12-15,rally-himalaya,,,50.0,0,100000.0,manual:chart_observation:exact:rally_app_chart,chart_observation,exact,Rally App,2020-12-15T00:00:00Z,2020-12-31,quarterly
2021-03-02,rally-himalaya,,,40.0,0,80000.0,manual:chart_observation:exact:rally_app_chart,chart_observation,exact,Rally App,2021-03-02T00:00:00Z,2021-03-31,quarterly
2021-07-26,rally-himalaya,,,60.0,0,120000.0,manual:chart_observation:exact:rally_app_chart,chart_observation,exact,Rally App,2021-07-26T00:00:00Z,2021-06-30,quarterly
2021-09-22,rally-himalaya,,,60.0,0,120000.0,manual:chart_observation:exact:rally_app_chart,chart_observation,exact,Rally App,2021-09-22T00:00:00Z,2021-09-30,quarterly
2022-01-31,rally-himalaya,,,48.55,0,97100.0,manual:chart_observation:exact:rally_app_chart,chart_observation,exact,Rally App,2022-01-31T00:00:00Z,2021-12-31,quarterly
2022-03-28,rally-himalaya,,,55.0,0,110000.0,manual:chart_observation:exact:rally_app_chart,chart_observation,exact,Rally App,2022-03-28T00:00:00Z,2022-03-31,quarterly
2022-06-30,rally-himalaya,,,54.0,0,108000.0,manual:chart_observation:exact:rally_app_chart,chart_observation,exact,Rally App,2022-06-30T00:00:00Z,2022-06-30,quarterly
2022-09-27,rally-himalaya,,,50.0,0,100000.0,manual:chart_observation:exact:rally_app_chart,chart_observation,exact,Rally App,2022-09-27T00:00:00Z,2022-09-30,quarterly
2022-12-30,rally-himalaya,,,63.0,0,126000.0,manual:chart_observation:exact:rally_app_chart,chart_observation,exact,Rally App,2022-12-30T00:00:00Z,2022-12-31,quarterly
2023-03-30,rally-himalaya,,,57.95,0,115900.0,manual:chart_observation:exact:rally_app_chart,chart_observation,exact,Rally App,2023-03-30T00:00:00Z,2023-03-31,quarterly
2023-06-26,rally-himalaya,,,59.4,0,118800.0,manual:chart_observation:exact:rally_app_chart,chart_observation,exact,Rally App,2023-06-26T00:00:00Z,2023-06-30,quarterly
2023-09-29,rally-himalaya,,,54.0,0,108000.0,manual:chart_observation:exact:rally_app_chart,chart_observation,exact,Rally App,2023-09-29T00:00:00Z,2023-09-30,quarterly
2023-12-29,rally-himalaya,,,54.15,0,108300.0,manual:chart_observation:exact:rally_app_chart,chart_observation,exact,Rally App,2023-12-29T00:00:00Z,2023-12-31,quarterly
2024-03-25,rally-himalaya,,,55.0,0,110000.0,manual:chart_observation:exact:rally_app_chart,chart_observation,exact,Rally App,2024-03-25T00:00:00Z,2024-03-31,quarterly
2024-06-28,rally-himalaya,,,50.0,0,100000.0,manual:chart_observation:exact:rally_app_chart,chart_observation,exact,Rally App,2024-06-28T00:00:00Z,2024-06-30,quarterly
2024-09-24,rally-himalaya,,,49.0,0,98000.0,manual:chart_observation:exact:rally_app_chart,chart_observation,exact,Rally App,2024-09-24T00:00:00Z,2024-09-30,quarterly
2024-12-30,rally-himalaya,,,39.05,0,78100.0,manual:chart_observation:exact:rally_app_chart,chart_observation,exact,Rally App,2024-12-30T00:00:00Z,2024-12-31,quarterly
2025-03-27,rally-himalaya,,,45.0,0,90000.0,manual:chart_observation:exact:rally_app_chart,chart_observation,exact,Rally App,2025-03-27T00:00:00Z,2025-03-31,quarterly
2025-06-24,rally-himalaya,,,43.2,0,86400.0,manual:chart_observation:exact:rally_app_chart,chart_observation,exact,Rally App,2025-06-24T00:00:00Z,2025-06-30,quarterly
2025-09-26,rally-himalaya,,,45.05,0,90100.0,manual:chart_observation:exact:rally_app_chart,chart_observation,exact,Rally App,2025-09-26T00:00:00Z,2025-09-30,quarterly
2025-12-31,rally-himalaya,,,48.95,0,97900.0,manual:chart_observation:exact:rally_app_chart,chart_observation,exact,Rally App,2025-12-31T00:00:00Z,2025-12-31,quarterly
2026-03-30,rally-himalaya,,,49.0,0,98000.0,manual:chart_observation:exact:rally_app_chart,chart_observation,exact,Rally App,2026-03-30T00:00:00Z,2026-03-31,quarterly
2026-06-26,rally-himalaya,,,46.9,0,93800.0,manual:chart_observation:exact:rally_app_chart,chart_observation,exact,Rally App,2026-06-26T00:00:00Z,2026-06-30,quarterly
2022-10-10,rally-hirst1,,,4.05,0,20250.0,manual:chart_observation:exact:manual_research,chart_observation,exact,User-provided manual Rally HIRST1 Art price history,2022-10-10T00:00:00Z,2022-10-10,weekly
2022-12-30,rally-hirst1,,,2.95,0,14750.0,manual:chart_observation:exact:manual_research,chart_observation,exact,User-provided manual Rally HIRST1 Art price history,2022-12-30T00:00:00Z,2022-12-31,quarterly
2023-03-29,rally-hirst1,,,3.75,0,18750.0,manual:chart_observation:exact:manual_research,chart_observation,exact,User-provided manual Rally HIRST1 Art price history,2023-03-29T00:00:00Z,2023-03-31,quarterly
2023-06-29,rally-hirst1,,,3.95,0,19750.0,manual:chart_observation:exact:manual_research,chart_observation,exact,User-provided manual Rally HIRST1 Art price history,2023-06-29T00:00:00Z,2023-06-30,quarterly
2023-09-29,rally-hirst1,,,3.15,0,15750.0,manual:chart_observation:exact:manual_research,chart_observation,exact,User-provided manual Rally HIRST1 Art price history,2023-09-29T00:00:00Z,2023-09-30,quarterly
2023-12-29,rally-hirst1,,,4.0,0,20000.0,manual:chart_observation:exact:manual_research,chart_observation,exact,User-provided manual Rally HIRST1 Art price history,2023-12-29T00:00:00Z,2023-12-31,quarterly
2024-06-25,rally-hirst1,,,4.0,0,20000.0,manual:chart_observation:exact:manual_research,chart_observation,exact,User-provided manual Rally HIRST1 Art price history,2024-06-25T00:00:00Z,2024-06-30,quarterly
2024-09-26,rally-hirst1,,,3.0,0,15000.0,manual:chart_observation:exact:manual_research,chart_observation,exact,User-provided manual Rally HIRST1 Art price history,2024-09-26T00:00:00Z,2024-09-30,quarterly
2024-12-27,rally-hirst1,,,2.05,0,10250.0,manual:chart_observation:exact:manual_research,chart_observation,exact,User-provided manual Rally HIRST1 Art price history,2024-12-27T00:00:00Z,2024-12-31,quarterly
2025-03-31,rally-hirst1,,,3.3,0,16500.0,manual:chart_observation:exact:manual_research,chart_observation,exact,User-provided manual Rally HIRST1 Art price history,2025-03-31T00:00:00Z,2025-03-31,quarterly
2025-06-26,rally-hirst1,,,3.8,0,19000.0,manual:chart_observation:exact:manual_research,chart_observation,exact,User-provided manual Rally HIRST1 Art price history,2025-06-26T00:00:00Z,2025-06-30,quarterly
2025-09-26,rally-hirst1,,,3.0,0,15000.0,manual:chart_observation:exact:manual_research,chart_observation,exact,User-provided manual Rally HIRST1 Art price history,2025-09-26T00:00:00Z,2025-09-30,quarterly
2025-12-29,rally-hirst1,,,3.8,0,19000.0,manual:chart_observation:exact:manual_research,chart_observation,exact,User-provided manual Rally HIRST1 Art price history,2025-12-29T00:00:00Z,2025-12-31,quarterly
2026-03-27,rally-hirst1,,,3.5,0,17500.0,manual:chart_observation:exact:manual_research,chart_observation,exact,User-provided manual Rally HIRST1 Art price history,2026-03-27T00:00:00Z,2026-03-31,quarterly
2026-06-29,rally-hirst1,,,3.0,0,15000.0,manual:chart_observation:exact:manual_research,chart_observation,exact,User-provided manual Rally HIRST1 Art price history,2026-06-29T00:00:00Z,2026-06-30,quarterly
2022-03-31,rally-holmes,,,9.5,0,23750.0,manual:chart_observation:exact:rally_app_chart,chart_observation,exact,Manually transcribed Rally HOLMES price history supplied 2026-07-25,2022-03-31T00:00:00Z,2022-03-31,quarterly
2022-06-27,rally-holmes,,,9.4,0,23500.0,manual:chart_observation:exact:rally_app_chart,chart_observation,exact,Manually transcribed Rally HOLMES price history supplied 2026-07-25,2022-06-27T00:00:00Z,2022-06-30,quarterly
2022-09-30,rally-holmes,,,9.4,0,23500.0,manual:chart_observation:exact:rally_app_chart,chart_observation,exact,Manually transcribed Rally HOLMES price history supplied 2026-07-25,2022-09-30T00:00:00Z,2022-09-30,quarterly
2022-12-27,rally-holmes,,,7.5,0,18750.0,manual:chart_observation:exact:rally_app_chart,chart_observation,exact,Manually transcribed Rally HOLMES price history supplied 2026-07-25,2022-12-27T00:00:00Z,2022-12-31,quarterly
2023-03-30,rally-holmes,,,8.9,0,22250.0,manual:chart_observation:exact:rally_app_chart,chart_observation,exact,Manually transcribed Rally HOLMES price history supplied 2026-07-25,2023-03-30T00:00:00Z,2023-03-31,quarterly
2023-06-30,rally-holmes,,,7.85,0,19625.0,manual:chart_observation:exact:rally_app_chart,chart_observation,exact,Manually transcribed Rally HOLMES price history supplied 2026-07-25,2023-06-30T00:00:00Z,2023-06-30,quarterly
2023-09-29,rally-holmes,,,7.7,0,19250.0,manual:chart_observation:exact:rally_app_chart,chart_observation,exact,Manually transcribed Rally HOLMES price history supplied 2026-07-25,2023-09-29T00:00:00Z,2023-09-30,quarterly
2023-12-29,rally-holmes,,,7.5,0,18750.0,manual:chart_observation:exact:rally_app_chart,chart_observation,exact,Manually transcribed Rally HOLMES price history supplied 2026-07-25,2023-12-29T00:00:00Z,2023-12-31,quarterly
2024-03-27,rally-holmes,,,7.0,0,17500.0,manual:chart_observation:exact:rally_app_chart,chart_observation,exact,Manually transcribed Rally HOLMES price history supplied 2026-07-25,2024-03-27T00:00:00Z,2024-03-31,quarterly
2024-06-27,rally-holmes,,,6.7,0,16750.0,manual:chart_observation:exact:rally_app_chart,chart_observation,exact,Manually transcribed Rally HOLMES price history supplied 2026-07-25,2024-06-27T00:00:00Z,2024-06-30,quarterly
2024-09-27,rally-holmes,,,7.0,0,17500.0,manual:chart_observation:exact:rally_app_chart,chart_observation,exact,Manually transcribed Rally HOLMES price history supplied 2026-07-25,2024-09-27T00:00:00Z,2024-09-30,quarterly
2024-12-27,rally-holmes,,,6.95,0,17375.0,manual:chart_observation:exact:rally_app_chart,chart_observation,exact,Manually transcribed Rally HOLMES price history supplied 2026-07-25,2024-12-27T00:00:00Z,2024-12-31,quarterly
2025-03-31,rally-holmes,,,7.0,0,17500.0,manual:chart_observation:exact:rally_app_chart,chart_observation,exact,Manually transcribed Rally HOLMES price history supplied 2026-07-25,2025-03-31T00:00:00Z,2025-03-31,quarterly
2025-06-30,rally-holmes,,,7.0,0,17500.0,manual:chart_observation:exact:rally_app_chart,chart_observation,exact,Manually transcribed Rally HOLMES price history supplied 2026-07-25,2025-06-30T00:00:00Z,2025-06-30,quarterly
2025-09-30,rally-holmes,,,6.5,0,16250.0,manual:chart_observation:exact:rally_app_chart,chart_observation,exact,Manually transcribed Rally HOLMES price history supplied 2026-07-25,2025-09-30T00:00:00Z,2025-09-30,quarterly
2025-12-31,rally-holmes,,,6.5,0,16250.0,manual:chart_observation:exact:rally_app_chart,chart_observation,exact,Manually transcribed Rally HOLMES price history supplied 2026-07-25,2025-12-31T00:00:00Z,2025-12-31,quarterly
2026-03-27,rally-holmes,,,6.45,0,16125.0,manual:chart_observation:exact:rally_app_chart,chart_observation,exact,Manually transcribed Rally HOLMES price history supplied 2026-07-25,2026-03-27T00:00:00Z,2026-03-31,quarterly
2026-06-29,rally-holmes,,,6.45,0,16125.0,manual:chart_observation:exact:rally_app_chart,chart_observation,exact,Manually transcribed Rally HOLMES price history supplied 2026-07-25,2026-06-29T00:00:00Z,2026-06-30,quarterly
2021-10-28,rally-huckfinn,,,10.9,0,21800.0,manual:chart_observation:exact:manual_research,chart_observation,exact,User supplied Rally quarterly chart transcription for #HUCKFINN,2021-10-28T00:00:00Z,2021-09-30,quarterly
2022-01-24,rally-huckfinn,,,7.9,0,15800.0,manual:chart_observation:exact:manual_research,chart_observation,exact,User supplied Rally quarterly chart transcription for #HUCKFINN,2022-01-24T00:00:00Z,2021-12-31,quarterly
2022-03-29,rally-huckfinn,,,5.75,0,11500.0,manual:chart_observation:exact:manual_research,chart_observation,exact,User supplied Rally quarterly chart transcription for #HUCKFINN,2022-03-29T00:00:00Z,2022-03-31,quarterly
2022-06-29,rally-huckfinn,,,10.5,0,21000.0,manual:chart_observation:exact:manual_research,chart_observation,exact,User supplied Rally quarterly chart transcription for #HUCKFINN,2022-06-29T00:00:00Z,2022-06-30,quarterly
2022-09-28,rally-huckfinn,,,8.8,0,17600.0,manual:chart_observation:exact:manual_research,chart_observation,exact,User supplied Rally quarterly chart transcription for #HUCKFINN,2022-09-28T00:00:00Z,2022-09-30,quarterly
2022-12-29,rally-huckfinn,,,9.85,0,19700.0,manual:chart_observation:exact:manual_research,chart_observation,exact,User supplied Rally quarterly chart transcription for #HUCKFINN,2022-12-29T00:00:00Z,2022-12-31,quarterly
2023-03-30,rally-huckfinn,,,8.05,0,16100.0,manual:chart_observation:exact:manual_research,chart_observation,exact,User supplied Rally quarterly chart transcription for #HUCKFINN,2023-03-30T00:00:00Z,2023-03-31,quarterly
2023-06-30,rally-huckfinn,,,9.75,0,19500.0,manual:chart_observation:exact:manual_research,chart_observation,exact,User supplied Rally quarterly chart transcription for #HUCKFINN,2023-06-30T00:00:00Z,2023-06-30,quarterly
2023-09-29,rally-huckfinn,,,8.0,0,16000.0,manual:chart_observation:exact:manual_research,chart_observation,exact,User supplied Rally quarterly chart transcription for #HUCKFINN,2023-09-29T00:00:00Z,2023-09-30,quarterly
2023-12-26,rally-huckfinn,,,9.5,0,19000.0,manual:chart_observation:exact:manual_research,chart_observation,exact,User supplied Rally quarterly chart transcription for #HUCKFINN,2023-12-26T00:00:00Z,2023-12-31,quarterly
2024-03-25,rally-huckfinn,,,8.85,0,17700.0,manual:chart_observation:exact:manual_research,chart_observation,exact,User supplied Rally quarterly chart transcription for #HUCKFINN,2024-03-25T00:00:00Z,2024-03-31,quarterly
2024-06-24,rally-huckfinn,,,8.75,0,17500.0,manual:chart_observation:exact:manual_research,chart_observation,exact,User supplied Rally quarterly chart transcription for #HUCKFINN,2024-06-24T00:00:00Z,2024-06-30,quarterly
2024-09-30,rally-huckfinn,,,8.0,0,16000.0,manual:chart_observation:exact:manual_research,chart_observation,exact,User supplied Rally quarterly chart transcription for #HUCKFINN,2024-09-30T00:00:00Z,2024-09-30,quarterly
2024-12-31,rally-huckfinn,,,5.35,0,10700.0,manual:chart_observation:exact:manual_research,chart_observation,exact,User supplied Rally quarterly chart transcription for #HUCKFINN,2024-12-31T00:00:00Z,2024-12-31,quarterly
2025-03-26,rally-huckfinn,,,5.95,0,11900.0,manual:chart_observation:exact:manual_research,chart_observation,exact,User supplied Rally quarterly chart transcription for #HUCKFINN,2025-03-26T00:00:00Z,2025-03-31,quarterly
2025-09-26,rally-huckfinn,,,6.85,0,13700.0,manual:chart_observation:exact:manual_research,chart_observation,exact,User supplied Rally quarterly chart transcription for #HUCKFINN,2025-09-26T00:00:00Z,2025-09-30,quarterly
2025-12-26,rally-huckfinn,,,5.55,0,11100.0,manual:chart_observation:exact:manual_research,chart_observation,exact,User supplied Rally quarterly chart transcription for #HUCKFINN,2025-12-26T00:00:00Z,2025-12-31,quarterly
2026-03-27,rally-huckfinn,,,6.5,0,13000.0,manual:chart_observation:exact:manual_research,chart_observation,exact,User supplied Rally quarterly chart transcription for #HUCKFINN,2026-03-27T00:00:00Z,2026-03-31,quarterly
2026-06-29,rally-huckfinn,,,5.4,0,10800.0,manual:chart_observation:exact:manual_research,chart_observation,exact,User supplied Rally quarterly chart transcription for #HUCKFINN,2026-06-29T00:00:00Z,2026-06-30,quarterly
2022-03-28,rally-irobot,,,10.25,0,10250.0,manual:chart_observation:exact:rally_app_chart,chart_observation,exact,Manually transcribed Rally IROBOT price history supplied 2026-07-25,2022-03-28T00:00:00Z,2022-03-31,quarterly
2022-06-27,rally-irobot,,,7.95,0,7950.0,manual:chart_observation:exact:rally_app_chart,chart_observation,exact,Manually transcribed Rally IROBOT price history supplied 2026-07-25,2022-06-27T00:00:00Z,2022-06-30,quarterly
2022-09-29,rally-irobot,,,5.9,0,5900.0,manual:chart_observation:exact:rally_app_chart,chart_observation,exact,Manually transcribed Rally IROBOT price history supplied 2026-07-25,2022-09-29T00:00:00Z,2022-09-30,quarterly
2022-12-29,rally-irobot,,,6.95,0,6950.0,manual:chart_observation:exact:rally_app_chart,chart_observation,exact,Manually transcribed Rally IROBOT price history supplied 2026-07-25,2022-12-29T00:00:00Z,2022-12-31,quarterly
2023-03-30,rally-irobot,,,7.75,0,7750.0,manual:chart_observation:exact:rally_app_chart,chart_observation,exact,Manually transcribed Rally IROBOT price history supplied 2026-07-25,2023-03-30T00:00:00Z,2023-03-31,quarterly
2023-06-28,rally-irobot,,,7.55,0,7550.0,manual:chart_observation:exact:rally_app_chart,chart_observation,exact,Manually transcribed Rally IROBOT price history supplied 2026-07-25,2023-06-28T00:00:00Z,2023-06-30,quarterly
2023-09-27,rally-irobot,,,7.5,0,7500.0,manual:chart_observation:exact:rally_app_chart,chart_observation,exact,Manually transcribed Rally IROBOT price history supplied 2026-07-25,2023-09-27T00:00:00Z,2023-09-30,quarterly
2023-12-29,rally-irobot,,,6.55,0,6550.0,manual:chart_observation:exact:rally_app_chart,chart_observation,exact,Manually transcribed Rally IROBOT price history supplied 2026-07-25,2023-12-29T00:00:00Z,2023-12-31,quarterly
2024-03-26,rally-irobot,,,7.0,0,7000.0,manual:chart_observation:exact:rally_app_chart,chart_observation,exact,Manually transcribed Rally IROBOT price history supplied 2026-07-25,2024-03-26T00:00:00Z,2024-03-31,quarterly
2024-06-28,rally-irobot,,,7.0,0,7000.0,manual:chart_observation:exact:rally_app_chart,chart_observation,exact,Manually transcribed Rally IROBOT price history supplied 2026-07-25,2024-06-28T00:00:00Z,2024-06-30,quarterly
2024-09-27,rally-irobot,,,7.0,0,7000.0,manual:chart_observation:exact:rally_app_chart,chart_observation,exact,Manually transcribed Rally IROBOT price history supplied 2026-07-25,2024-09-27T00:00:00Z,2024-09-30,quarterly
2024-12-27,rally-irobot,,,6.0,0,6000.0,manual:chart_observation:exact:rally_app_chart,chart_observation,exact,Manually transcribed Rally IROBOT price history supplied 2026-07-25,2024-12-27T00:00:00Z,2024-12-31,quarterly
2025-03-28,rally-irobot,,,9.0,0,9000.0,manual:chart_observation:exact:rally_app_chart,chart_observation,exact,Manually transcribed Rally IROBOT price history supplied 2026-07-25,2025-03-28T00:00:00Z,2025-03-31,quarterly
2025-06-27,rally-irobot,,,9.25,0,9250.0,manual:chart_observation:exact:rally_app_chart,chart_observation,exact,Manually transcribed Rally IROBOT price history supplied 2026-07-25,2025-06-27T00:00:00Z,2025-06-30,quarterly
2025-09-30,rally-irobot,,,10.0,0,10000.0,manual:chart_observation:exact:rally_app_chart,chart_observation,exact,Manually transcribed Rally IROBOT price history supplied 2026-07-25,2025-09-30T00:00:00Z,2025-09-30,quarterly
2025-12-30,rally-irobot,,,12.95,0,12950.0,manual:chart_observation:exact:rally_app_chart,chart_observation,exact,Manually transcribed Rally IROBOT price history supplied 2026-07-25,2025-12-30T00:00:00Z,2025-12-31,quarterly
2026-03-30,rally-irobot,,,12.95,0,12950.0,manual:chart_observation:exact:rally_app_chart,chart_observation,exact,Manually transcribed Rally IROBOT price history supplied 2026-07-25,2026-03-30T00:00:00Z,2026-03-31,quarterly
2026-06-29,rally-irobot,,,9.1,0,9100.0,manual:chart_observation:exact:rally_app_chart,chart_observation,exact,Manually transcribed Rally IROBOT price history supplied 2026-07-25,2026-06-29T00:00:00Z,2026-06-30,quarterly
2022-12-28,rally-jekyll,,,2.85,0,14250.0,manual:chart_observation:exact:manual_research,chart_observation,exact,User-provided JEKYLL manual Rally price history,2022-12-28T00:00:00Z,2022-12-31,quarterly
2023-03-27,rally-jekyll,,,3.0,0,15000.0,manual:chart_observation:exact:manual_research,chart_observation,exact,User-provided JEKYLL manual Rally price history,2023-03-27T00:00:00Z,2023-03-31,quarterly
2023-06-26,rally-jekyll,,,3.0,0,15000.0,manual:chart_observation:exact:manual_research,chart_observation,exact,User-provided JEKYLL manual Rally price history,2023-06-26T00:00:00Z,2023-06-30,quarterly
2023-09-26,rally-jekyll,,,2.1,0,10500.0,manual:chart_observation:exact:manual_research,chart_observation,exact,User-provided JEKYLL manual Rally price history,2023-09-26T00:00:00Z,2023-09-30,quarterly
2023-12-29,rally-jekyll,,,2.15,0,10750.0,manual:chart_observation:exact:manual_research,chart_observation,exact,User-provided JEKYLL manual Rally price history,2023-12-29T00:00:00Z,2023-12-31,quarterly
2024-03-28,rally-jekyll,,,2.05,0,10250.0,manual:chart_observation:exact:manual_research,chart_observation,exact,User-provided JEKYLL manual Rally price history,2024-03-28T00:00:00Z,2024-03-31,quarterly
2024-06-25,rally-jekyll,,,1.9,0,9500.0,manual:chart_observation:exact:manual_research,chart_observation,exact,User-provided JEKYLL manual Rally price history,2024-06-25T00:00:00Z,2024-06-30,quarterly
2024-09-30,rally-jekyll,,,1.8,0,9000.0,manual:chart_observation:exact:manual_research,chart_observation,exact,User-provided JEKYLL manual Rally price history,2024-09-30T00:00:00Z,2024-09-30,quarterly
2024-12-27,rally-jekyll,,,3.0,0,15000.0,manual:chart_observation:exact:manual_research,chart_observation,exact,User-provided JEKYLL manual Rally price history,2024-12-27T00:00:00Z,2024-12-31,quarterly
2025-03-28,rally-jekyll,,,1.75,0,8750.0,manual:chart_observation:exact:manual_research,chart_observation,exact,User-provided JEKYLL manual Rally price history,2025-03-28T00:00:00Z,2025-03-31,quarterly
2025-06-30,rally-jekyll,,,2.95,0,14750.0,manual:chart_observation:exact:manual_research,chart_observation,exact,User-provided JEKYLL manual Rally price history,2025-06-30T00:00:00Z,2025-06-30,quarterly
2025-09-30,rally-jekyll,,,1.25,0,6250.0,manual:chart_observation:exact:manual_research,chart_observation,exact,User-provided JEKYLL manual Rally price history,2025-09-30T00:00:00Z,2025-09-30,quarterly
2025-12-31,rally-jekyll,,,2.25,0,11250.0,manual:chart_observation:exact:manual_research,chart_observation,exact,User-provided JEKYLL manual Rally price history,2025-12-31T00:00:00Z,2025-12-31,quarterly
2026-03-30,rally-jekyll,,,1.8,0,9000.0,manual:chart_observation:exact:manual_research,chart_observation,exact,User-provided JEKYLL manual Rally price history,2026-03-30T00:00:00Z,2026-03-31,quarterly
2026-06-30,rally-jekyll,,,2.8,0,14000.0,manual:chart_observation:exact:manual_research,chart_observation,exact,User-provided JEKYLL manual Rally price history,2026-06-30T00:00:00Z,2026-06-30,quarterly
2022-03-31,rally-karuizawa,,,5.25,0,68250.0,manual:chart_observation:exact:rally_app_chart,chart_observation,exact,Rally App,2022-03-31T00:00:00Z,2022-03-31,quarterly
2022-06-27,rally-karuizawa,,,6.0,0,78000.0,manual:chart_observation:exact:rally_app_chart,chart_observation,exact,Rally App,2022-06-27T00:00:00Z,2022-06-30,quarterly
2022-09-28,rally-karuizawa,,,6.0,0,78000.0,manual:chart_observation:exact:rally_app_chart,chart_observation,exact,Rally App,2022-09-28T00:00:00Z,2022-09-30,quarterly
2022-12-30,rally-karuizawa,,,5.95,0,77350.0,manual:chart_observation:exact:rally_app_chart,chart_observation,exact,Rally App,2022-12-30T00:00:00Z,2022-12-31,quarterly
2023-03-28,rally-karuizawa,,,5.9,0,76700.0,manual:chart_observation:exact:rally_app_chart,chart_observation,exact,Rally App,2023-03-28T00:00:00Z,2023-03-31,quarterly
2023-06-29,rally-karuizawa,,,5.5,0,71500.0,manual:chart_observation:exact:rally_app_chart,chart_observation,exact,Rally App,2023-06-29T00:00:00Z,2023-06-30,quarterly
2023-09-29,rally-karuizawa,,,4.5,0,58500.0,manual:chart_observation:exact:rally_app_chart,chart_observation,exact,Rally App,2023-09-29T00:00:00Z,2023-09-30,quarterly
2023-12-29,rally-karuizawa,,,4.0,0,52000.0,manual:chart_observation:exact:rally_app_chart,chart_observation,exact,Rally App,2023-12-29T00:00:00Z,2023-12-31,quarterly
2024-03-28,rally-karuizawa,,,4.5,0,58500.0,manual:chart_observation:exact:rally_app_chart,chart_observation,exact,Rally App,2024-03-28T00:00:00Z,2024-03-31,quarterly
2024-06-25,rally-karuizawa,,,4.3,0,55900.0,manual:chart_observation:exact:rally_app_chart,chart_observation,exact,Rally App,2024-06-25T00:00:00Z,2024-06-30,quarterly
2024-09-26,rally-karuizawa,,,3.8,0,49400.0,manual:chart_observation:exact:rally_app_chart,chart_observation,exact,Rally App,2024-09-26T00:00:00Z,2024-09-30,quarterly
2024-12-27,rally-karuizawa,,,3.85,0,50050.0,manual:chart_observation:exact:rally_app_chart,chart_observation,exact,Rally App,2024-12-27T00:00:00Z,2024-12-31,quarterly
2025-03-31,rally-karuizawa,,,3.75,0,48750.0,manual:chart_observation:exact:rally_app_chart,chart_observation,exact,Rally App,2025-03-31T00:00:00Z,2025-03-31,quarterly
2025-06-27,rally-karuizawa,,,3.55,0,46150.0,manual:chart_observation:exact:rally_app_chart,chart_observation,exact,Rally App,2025-06-27T00:00:00Z,2025-06-30,quarterly
2025-09-29,rally-karuizawa,,,3.5,0,45500.0,manual:chart_observation:exact:rally_app_chart,chart_observation,exact,Rally App,2025-09-29T00:00:00Z,2025-09-30,quarterly
2025-12-30,rally-karuizawa,,,3.0,0,39000.0,manual:chart_observation:exact:rally_app_chart,chart_observation,exact,Rally App,2025-12-30T00:00:00Z,2025-12-31,quarterly
2026-03-27,rally-karuizawa,,,3.0,0,39000.0,manual:chart_observation:exact:rally_app_chart,chart_observation,exact,Rally App,2026-03-27T00:00:00Z,2026-03-31,quarterly
2026-06-29,rally-karuizawa,,,3.25,0,42250.0,manual:chart_observation:exact:rally_app_chart,chart_observation,exact,Rally App,2026-06-29T00:00:00Z,2026-06-30,quarterly
2022-10-03,rally-keller,,,5.0,0,15000.0,manual:chart_observation:exact:manual_research,chart_observation,exact,User-provided KELLER manual price history,2022-10-03T00:00:00Z,2022-09-30,quarterly
2022-12-29,rally-keller,,,3.95,0,11850.0,manual:chart_observation:exact:manual_research,chart_observation,exact,User-provided KELLER manual price history,2022-12-29T00:00:00Z,2022-12-31,quarterly
2023-03-30,rally-keller,,,2.95,0,8850.0,manual:chart_observation:exact:manual_research,chart_observation,exact,User-provided KELLER manual price history,2023-03-30T00:00:00Z,2023-03-31,quarterly
2023-06-29,rally-keller,,,3.95,0,11850.0,manual:chart_observation:exact:manual_research,chart_observation,exact,User-provided KELLER manual price history,2023-06-29T00:00:00Z,2023-06-30,quarterly
2023-09-28,rally-keller,,,3.85,0,11550.0,manual:chart_observation:exact:manual_research,chart_observation,exact,User-provided KELLER manual price history,2023-09-28T00:00:00Z,2023-09-30,quarterly
2023-12-29,rally-keller,,,1.95,0,5850.0,manual:chart_observation:exact:manual_research,chart_observation,exact,User-provided KELLER manual price history,2023-12-29T00:00:00Z,2023-12-31,quarterly
2024-03-27,rally-keller,,,2.95,0,8850.0,manual:chart_observation:exact:manual_research,chart_observation,exact,User-provided KELLER manual price history,2024-03-27T00:00:00Z,2024-03-31,quarterly
2024-06-26,rally-keller,,,2.5,0,7500.0,manual:chart_observation:exact:manual_research,chart_observation,exact,User-provided KELLER manual price history,2024-06-26T00:00:00Z,2024-06-30,quarterly
2024-09-30,rally-keller,,,3.75,0,11250.0,manual:chart_observation:exact:manual_research,chart_observation,exact,User-provided KELLER manual price history,2024-09-30T00:00:00Z,2024-09-30,quarterly
2024-12-30,rally-keller,,,2.5,0,7500.0,manual:chart_observation:exact:manual_research,chart_observation,exact,User-provided KELLER manual price history,2024-12-30T00:00:00Z,2024-12-31,quarterly
2025-03-31,rally-keller,,,3.55,0,10650.0,manual:chart_observation:exact:manual_research,chart_observation,exact,User-provided KELLER manual price history,2025-03-31T00:00:00Z,2025-03-31,quarterly
2025-06-30,rally-keller,,,3.0,0,9000.0,manual:chart_observation:exact:manual_research,chart_observation,exact,User-provided KELLER manual price history,2025-06-30T00:00:00Z,2025-06-30,quarterly
2025-09-29,rally-keller,,,3.0,0,9000.0,manual:chart_observation:exact:manual_research,chart_observation,exact,User-provided KELLER manual price history,2025-09-29T00:00:00Z,2025-09-30,quarterly
2025-12-29,rally-keller,,,2.5,0,7500.0,manual:chart_observation:exact:manual_research,chart_observation,exact,User-provided KELLER manual price history,2025-12-29T00:00:00Z,2025-12-31,quarterly
2026-03-30,rally-keller,,,2.0,0,6000.0,manual:chart_observation:exact:manual_research,chart_observation,exact,User-provided KELLER manual price history,2026-03-30T00:00:00Z,2026-03-31,quarterly
2026-06-29,rally-keller,,,2.5,0,7500.0,manual:chart_observation:exact:manual_research,chart_observation,exact,User-provided KELLER manual price history,2026-06-29T00:00:00Z,2026-06-30,quarterly
2026-07-08,rally-keller,,,3.55,0,10650.0,manual:chart_observation:exact:manual_research,chart_observation,exact,User-provided KELLER manual price history,2026-07-08T00:00:00Z,2026-09-30,weekly
2021-05-17,rally-kerouac,,,7.05,0,34545.0,manual:chart_observation:exact:manual_research,chart_observation,exact,user-provided manual Rally KEROUAC price history,2021-05-17T00:00:00Z,2021-06-30,quarterly
2021-09-22,rally-kerouac,,,11.85,0,58065.0,manual:chart_observation:exact:manual_research,chart_observation,exact,user-provided manual Rally KEROUAC price history,2021-09-22T00:00:00Z,2021-09-30,quarterly
2022-01-03,rally-kerouac,,,12.25,0,60025.0,manual:chart_observation:exact:manual_research,chart_observation,exact,user-provided manual Rally KEROUAC price history,2022-01-03T00:00:00Z,2021-12-31,quarterly
2022-04-01,rally-kerouac,,,8.7,0,42630.0,manual:chart_observation:exact:manual_research,chart_observation,exact,user-provided manual Rally KEROUAC price history,2022-04-01T00:00:00Z,2022-03-31,quarterly
2022-06-27,rally-kerouac,,,8.0,0,39200.0,manual:chart_observation:exact:manual_research,chart_observation,exact,user-provided manual Rally KEROUAC price history,2022-06-27T00:00:00Z,2022-06-30,quarterly
2022-09-29,rally-kerouac,,,7.95,0,38955.0,manual:chart_observation:exact:manual_research,chart_observation,exact,user-provided manual Rally KEROUAC price history,2022-09-29T00:00:00Z,2022-09-30,quarterly
2022-12-30,rally-kerouac,,,6.0,0,29400.0,manual:chart_observation:exact:manual_research,chart_observation,exact,user-provided manual Rally KEROUAC price history,2022-12-30T00:00:00Z,2022-12-31,quarterly
2023-03-28,rally-kerouac,,,8.25,0,40425.0,manual:chart_observation:exact:manual_research,chart_observation,exact,user-provided manual Rally KEROUAC price history,2023-03-28T00:00:00Z,2023-03-31,quarterly
2023-06-29,rally-kerouac,,,8.4,0,41160.0,manual:chart_observation:exact:manual_research,chart_observation,exact,user-provided manual Rally KEROUAC price history,2023-06-29T00:00:00Z,2023-06-30,quarterly
2023-09-25,rally-kerouac,,,5.8,0,28420.0,manual:chart_observation:exact:manual_research,chart_observation,exact,user-provided manual Rally KEROUAC price history,2023-09-25T00:00:00Z,2023-09-30,quarterly
2023-12-29,rally-kerouac,,,7.45,0,36505.0,manual:chart_observation:exact:manual_research,chart_observation,exact,user-provided manual Rally KEROUAC price history,2023-12-29T00:00:00Z,2023-12-31,quarterly
2024-03-28,rally-kerouac,,,8.0,0,39200.0,manual:chart_observation:exact:manual_research,chart_observation,exact,user-provided manual Rally KEROUAC price history,2024-03-28T00:00:00Z,2024-03-31,quarterly
2024-06-25,rally-kerouac,,,6.8,0,33320.0,manual:chart_observation:exact:manual_research,chart_observation,exact,user-provided manual Rally KEROUAC price history,2024-06-25T00:00:00Z,2024-06-30,quarterly
2024-10-02,rally-kerouac,,,7.5,0,36750.0,manual:chart_observation:exact:manual_research,chart_observation,exact,user-provided manual Rally KEROUAC price history,2024-10-02T00:00:00Z,2024-09-30,quarterly
2024-12-27,rally-kerouac,,,7.8,0,38220.0,manual:chart_observation:exact:manual_research,chart_observation,exact,user-provided manual Rally KEROUAC price history,2024-12-27T00:00:00Z,2024-12-31,quarterly
2025-04-01,rally-kerouac,,,6.95,0,34055.0,manual:chart_observation:exact:manual_research,chart_observation,exact,user-provided manual Rally KEROUAC price history,2025-04-01T00:00:00Z,2025-03-31,quarterly
2025-06-27,rally-kerouac,,,7.25,0,35525.0,manual:chart_observation:exact:manual_research,chart_observation,exact,user-provided manual Rally KEROUAC price history,2025-06-27T00:00:00Z,2025-06-30,quarterly
2025-09-29,rally-kerouac,,,6.75,0,33075.0,manual:chart_observation:exact:manual_research,chart_observation,exact,user-provided manual Rally KEROUAC price history,2025-09-29T00:00:00Z,2025-09-30,quarterly
2025-12-31,rally-kerouac,,,5.55,0,27195.0,manual:chart_observation:exact:manual_research,chart_observation,exact,user-provided manual Rally KEROUAC price history,2025-12-31T00:00:00Z,2025-12-31,quarterly
2026-03-27,rally-kerouac,,,4.9,0,24010.0,manual:chart_observation:exact:manual_research,chart_observation,exact,user-provided manual Rally KEROUAC price history,2026-03-27T00:00:00Z,2026-03-31,quarterly
2026-06-29,rally-kerouac,,,5.95,0,29155.0,manual:chart_observation:exact:manual_research,chart_observation,exact,user-provided manual Rally KEROUAC price history,2026-06-29T00:00:00Z,2026-06-30,quarterly
2022-09-29,rally-lotf,,,4.0,0,8000.0,manual:chart_observation:exact:rally_app_chart,chart_observation,exact,Manually transcribed Rally LOTF price history supplied 2026-07-25,2022-09-29T00:00:00Z,2022-09-30,quarterly
2022-12-30,rally-lotf,,,4.55,0,9100.0,manual:chart_observation:exact:rally_app_chart,chart_observation,exact,Manually transcribed Rally LOTF price history supplied 2026-07-25,2022-12-30T00:00:00Z,2022-12-31,quarterly
2023-03-31,rally-lotf,,,4.5,0,9000.0,manual:chart_observation:exact:rally_app_chart,chart_observation,exact,Manually transcribed Rally LOTF price history supplied 2026-07-25,2023-03-31T00:00:00Z,2023-03-31,quarterly
2023-06-27,rally-lotf,,,3.85,0,7700.0,manual:chart_observation:exact:rally_app_chart,chart_observation,exact,Manually transcribed Rally LOTF price history supplied 2026-07-25,2023-06-27T00:00:00Z,2023-06-30,quarterly
2023-09-27,rally-lotf,,,4.5,0,9000.0,manual:chart_observation:exact:rally_app_chart,chart_observation,exact,Manually transcribed Rally LOTF price history supplied 2026-07-25,2023-09-27T00:00:00Z,2023-09-30,quarterly
2023-12-29,rally-lotf,,,5.5,0,11000.0,manual:chart_observation:exact:rally_app_chart,chart_observation,exact,Manually transcribed Rally LOTF price history supplied 2026-07-25,2023-12-29T00:00:00Z,2023-12-31,quarterly
2024-03-28,rally-lotf,,,5.5,0,11000.0,manual:chart_observation:exact:rally_app_chart,chart_observation,exact,Manually transcribed Rally LOTF price history supplied 2026-07-25,2024-03-28T00:00:00Z,2024-03-31,quarterly
2024-06-28,rally-lotf,,,6.95,0,13900.0,manual:chart_observation:exact:rally_app_chart,chart_observation,exact,Manually transcribed Rally LOTF price history supplied 2026-07-25,2024-06-28T00:00:00Z,2024-06-30,quarterly
2024-09-30,rally-lotf,,,6.9,0,13800.0,manual:chart_observation:exact:rally_app_chart,chart_observation,exact,Manually transcribed Rally LOTF price history supplied 2026-07-25,2024-09-30T00:00:00Z,2024-09-30,quarterly
2024-12-30,rally-lotf,,,6.45,0,12900.0,manual:chart_observation:exact:rally_app_chart,chart_observation,exact,Manually transcribed Rally LOTF price history supplied 2026-07-25,2024-12-30T00:00:00Z,2024-12-31,quarterly
2025-03-27,rally-lotf,,,5.95,0,11900.0,manual:chart_observation:exact:rally_app_chart,chart_observation,exact,Manually transcribed Rally LOTF price history supplied 2026-07-25,2025-03-27T00:00:00Z,2025-03-31,quarterly
2025-06-27,rally-lotf,,,5.95,0,11900.0,manual:chart_observation:exact:rally_app_chart,chart_observation,exact,Manually transcribed Rally LOTF price history supplied 2026-07-25,2025-06-27T00:00:00Z,2025-06-30,quarterly
2025-09-26,rally-lotf,,,4.2,0,8400.0,manual:chart_observation:exact:rally_app_chart,chart_observation,exact,Manually transcribed Rally LOTF price history supplied 2026-07-25,2025-09-26T00:00:00Z,2025-09-30,quarterly
2025-12-29,rally-lotf,,,2.95,0,5900.0,manual:chart_observation:exact:rally_app_chart,chart_observation,exact,Manually transcribed Rally LOTF price history supplied 2026-07-25,2025-12-29T00:00:00Z,2025-12-31,quarterly
2026-03-30,rally-lotf,,,4.05,0,8100.0,manual:chart_observation:exact:rally_app_chart,chart_observation,exact,Manually transcribed Rally LOTF price history supplied 2026-07-25,2026-03-30T00:00:00Z,2026-03-31,quarterly
2026-06-30,rally-lotf,,,3.75,0,7500.0,manual:chart_observation:exact:rally_app_chart,chart_observation,exact,Manually transcribed Rally LOTF price history supplied 2026-07-25,2026-06-30T00:00:00Z,2026-06-30,quarterly
2020-09-29,rally-lotr,,,32.0,0,32000.0,manual:chart_observation:exact:rally_app_chart,chart_observation,exact,Manually transcribed Rally LOTR price history supplied 2026-07-22,2020-09-29T00:00:00Z,2020-09-30,quarterly
2020-12-29,rally-lotr,,,35.5,0,35500.0,manual:chart_observation:exact:rally_app_chart,chart_observation,exact,Manually transcribed Rally LOTR price history supplied 2026-07-22,2020-12-29T00:00:00Z,2020-12-31,quarterly
2021-04-13,rally-lotr,,,50.0,0,50000.0,manual:chart_observation:exact:rally_app_chart,chart_observation,exact,Manually transcribed Rally LOTR price history supplied 2026-07-22,2021-04-13T00:00:00Z,2021-03-31,quarterly
2021-07-30,rally-lotr,,,65.0,0,65000.0,manual:chart_observation:exact:rally_app_chart,chart_observation,exact,Manually transcribed Rally LOTR price history supplied 2026-07-22,2021-07-30T00:00:00Z,2021-06-30,quarterly
2022-01-18,rally-lotr,,,65.0,0,65000.0,manual:chart_observation:exact:rally_app_chart,chart_observation,exact,Manually transcribed Rally LOTR price history supplied 2026-07-22,2022-01-18T00:00:00Z,2021-12-31,quarterly
2022-03-30,rally-lotr,,,60.0,0,60000.0,manual:chart_observation:exact:rally_app_chart,chart_observation,exact,Manually transcribed Rally LOTR price history supplied 2026-07-22,2022-03-30T00:00:00Z,2022-03-31,quarterly
2022-06-30,rally-lotr,,,39.3,0,39300.0,manual:chart_observation:exact:rally_app_chart,chart_observation,exact,Manually transcribed Rally LOTR price history supplied 2026-07-22,2022-06-30T00:00:00Z,2022-06-30,quarterly
2022-09-30,rally-lotr,,,35.2,0,35200.0,manual:chart_observation:exact:rally_app_chart,chart_observation,exact,Manually transcribed Rally LOTR price history supplied 2026-07-22,2022-09-30T00:00:00Z,2022-09-30,quarterly
2022-12-27,rally-lotr,,,40.2,0,40200.0,manual:chart_observation:exact:rally_app_chart,chart_observation,exact,Manually transcribed Rally LOTR price history supplied 2026-07-22,2022-12-27T00:00:00Z,2022-12-31,quarterly
2023-03-28,rally-lotr,,,42.95,0,42950.0,manual:chart_observation:exact:rally_app_chart,chart_observation,exact,Manually transcribed Rally LOTR price history supplied 2026-07-22,2023-03-28T00:00:00Z,2023-03-31,quarterly
2023-06-29,rally-lotr,,,47.0,0,47000.0,manual:chart_observation:exact:rally_app_chart,chart_observation,exact,Manually transcribed Rally LOTR price history supplied 2026-07-22,2023-06-29T00:00:00Z,2023-06-30,quarterly
2023-09-29,rally-lotr,,,42.5,0,42500.0,manual:chart_observation:exact:rally_app_chart,chart_observation,exact,Manually transcribed Rally LOTR price history supplied 2026-07-22,2023-09-29T00:00:00Z,2023-09-30,quarterly
2023-12-29,rally-lotr,,,24.9,0,24900.0,manual:chart_observation:exact:rally_app_chart,chart_observation,exact,Manually transcribed Rally LOTR price history supplied 2026-07-22,2023-12-29T00:00:00Z,2023-12-31,quarterly
2024-03-26,rally-lotr,,,35.0,0,35000.0,manual:chart_observation:exact:rally_app_chart,chart_observation,exact,Manually transcribed Rally LOTR price history supplied 2026-07-22,2024-03-26T00:00:00Z,2024-03-31,quarterly
2024-06-26,rally-lotr,,,31.95,0,31950.0,manual:chart_observation:exact:rally_app_chart,chart_observation,exact,Manually transcribed Rally LOTR price history supplied 2026-07-22,2024-06-26T00:00:00Z,2024-06-30,quarterly
2024-09-27,rally-lotr,,,35.85,0,35850.0,manual:chart_observation:exact:rally_app_chart,chart_observation,exact,Manually transcribed Rally LOTR price history supplied 2026-07-22,2024-09-27T00:00:00Z,2024-09-30,quarterly
2024-12-30,rally-lotr,,,35.0,0,35000.0,manual:chart_observation:exact:rally_app_chart,chart_observation,exact,Manually transcribed Rally LOTR price history supplied 2026-07-22,2024-12-30T00:00:00Z,2024-12-31,quarterly
2025-03-31,rally-lotr,,,30.35,0,30350.0,manual:chart_observation:exact:rally_app_chart,chart_observation,exact,Manually transcribed Rally LOTR price history supplied 2026-07-22,2025-03-31T00:00:00Z,2025-03-31,quarterly
2025-06-25,rally-lotr,,,35.5,0,35500.0,manual:chart_observation:exact:rally_app_chart,chart_observation,exact,Manually transcribed Rally LOTR price history supplied 2026-07-22,2025-06-25T00:00:00Z,2025-06-30,quarterly
2025-09-26,rally-lotr,,,30.0,0,30000.0,manual:chart_observation:exact:rally_app_chart,chart_observation,exact,Manually transcribed Rally LOTR price history supplied 2026-07-22,2025-09-26T00:00:00Z,2025-09-30,quarterly
2025-12-26,rally-lotr,,,37.45,0,37450.0,manual:chart_observation:exact:rally_app_chart,chart_observation,exact,Manually transcribed Rally LOTR price history supplied 2026-07-22,2025-12-26T00:00:00Z,2025-12-31,quarterly
2026-03-30,rally-lotr,,,36.0,0,36000.0,manual:chart_observation:exact:rally_app_chart,chart_observation,exact,Manually transcribed Rally LOTR price history supplied 2026-07-22,2026-03-30T00:00:00Z,2026-03-31,quarterly
2026-07-01,rally-lotr,,,75.0,0,75000.0,manual:chart_observation:exact:rally_app_chart,chart_observation,exact,Manually transcribed Rally LOTR price history supplied 2026-07-22,2026-07-01T00:00:00Z,2026-06-30,quarterly
2022-03-30,rally-macallan1,,,18.0,0,18000.0,manual:chart_observation:exact:rally_app_chart,chart_observation,exact,Rally App,2022-03-30T00:00:00Z,2022-03-31,quarterly
2022-06-27,rally-macallan1,,,18.25,0,18250.0,manual:chart_observation:exact:rally_app_chart,chart_observation,exact,Rally App,2022-06-27T00:00:00Z,2022-06-30,quarterly
2022-09-28,rally-macallan1,,,22.5,0,22500.0,manual:chart_observation:exact:rally_app_chart,chart_observation,exact,Rally App,2022-09-28T00:00:00Z,2022-09-30,quarterly
2022-12-30,rally-macallan1,,,24.5,0,24500.0,manual:chart_observation:exact:rally_app_chart,chart_observation,exact,Rally App,2022-12-30T00:00:00Z,2022-12-31,quarterly
2023-03-29,rally-macallan1,,,24.9,0,24900.0,manual:chart_observation:exact:rally_app_chart,chart_observation,exact,Rally App,2023-03-29T00:00:00Z,2023-03-31,quarterly
2023-06-30,rally-macallan1,,,21.5,0,21500.0,manual:chart_observation:exact:rally_app_chart,chart_observation,exact,Rally App,2023-06-30T00:00:00Z,2023-06-30,quarterly
2023-09-27,rally-macallan1,,,15.0,0,15000.0,manual:chart_observation:exact:rally_app_chart,chart_observation,exact,Rally App,2023-09-27T00:00:00Z,2023-09-30,quarterly
2023-12-29,rally-macallan1,,,13.35,0,13350.0,manual:chart_observation:exact:rally_app_chart,chart_observation,exact,Rally App,2023-12-29T00:00:00Z,2023-12-31,quarterly
2024-03-28,rally-macallan1,,,15.0,0,15000.0,manual:chart_observation:exact:rally_app_chart,chart_observation,exact,Rally App,2024-03-28T00:00:00Z,2024-03-31,quarterly
2024-06-28,rally-macallan1,,,17.75,0,17750.0,manual:chart_observation:exact:rally_app_chart,chart_observation,exact,Rally App,2024-06-28T00:00:00Z,2024-06-30,quarterly
2024-09-26,rally-macallan1,,,12.9,0,12900.0,manual:chart_observation:exact:rally_app_chart,chart_observation,exact,Rally App,2024-09-26T00:00:00Z,2024-09-30,quarterly
2024-12-30,rally-macallan1,,,14.0,0,14000.0,manual:chart_observation:exact:rally_app_chart,chart_observation,exact,Rally App,2024-12-30T00:00:00Z,2024-12-31,quarterly
2025-03-27,rally-macallan1,,,14.5,0,14500.0,manual:chart_observation:exact:rally_app_chart,chart_observation,exact,Rally App,2025-03-27T00:00:00Z,2025-03-31,quarterly
2025-06-30,rally-macallan1,,,17.9,0,17900.0,manual:chart_observation:exact:rally_app_chart,chart_observation,exact,Rally App,2025-06-30T00:00:00Z,2025-06-30,quarterly
2025-09-25,rally-macallan1,,,17.75,0,17750.0,manual:chart_observation:exact:rally_app_chart,chart_observation,exact,Rally App,2025-09-25T00:00:00Z,2025-09-30,quarterly
2025-12-29,rally-macallan1,,,16.75,0,16750.0,manual:chart_observation:exact:rally_app_chart,chart_observation,exact,Rally App,2025-12-29T00:00:00Z,2025-12-31,quarterly
2026-03-27,rally-macallan1,,,15.0,0,15000.0,manual:chart_observation:exact:rally_app_chart,chart_observation,exact,Rally App,2026-03-27T00:00:00Z,2026-03-31,quarterly
2026-06-29,rally-macallan1,,,12.5,0,12500.0,manual:chart_observation:exact:rally_app_chart,chart_observation,exact,Rally App,2026-06-29T00:00:00Z,2026-06-30,quarterly
2022-06-27,rally-macallan2,,,6.0,0,30000.0,manual:chart_observation:exact:rally_app_chart,chart_observation,exact,Rally App,2022-06-27T00:00:00Z,2022-06-30,quarterly
2022-09-29,rally-macallan2,,,8.75,0,43750.0,manual:chart_observation:exact:rally_app_chart,chart_observation,exact,Rally App,2022-09-29T00:00:00Z,2022-09-30,quarterly
2022-12-30,rally-macallan2,,,8.85,0,44250.0,manual:chart_observation:exact:rally_app_chart,chart_observation,exact,Rally App,2022-12-30T00:00:00Z,2022-12-31,quarterly
2023-03-29,rally-macallan2,,,11.95,0,59750.0,manual:chart_observation:exact:rally_app_chart,chart_observation,exact,Rally App,2023-03-29T00:00:00Z,2023-03-31,quarterly
2023-06-30,rally-macallan2,,,9.95,0,49750.0,manual:chart_observation:exact:rally_app_chart,chart_observation,exact,Rally App,2023-06-30T00:00:00Z,2023-06-30,quarterly
2023-09-26,rally-macallan2,,,7.0,0,35000.0,manual:chart_observation:exact:rally_app_chart,chart_observation,exact,Rally App,2023-09-26T00:00:00Z,2023-09-30,quarterly
2023-12-29,rally-macallan2,,,9.0,0,45000.0,manual:chart_observation:exact:rally_app_chart,chart_observation,exact,Rally App,2023-12-29T00:00:00Z,2023-12-31,quarterly
2024-03-28,rally-macallan2,,,8.0,0,40000.0,manual:chart_observation:exact:rally_app_chart,chart_observation,exact,Rally App,2024-03-28T00:00:00Z,2024-03-31,quarterly
2024-06-26,rally-macallan2,,,6.05,0,30250.0,manual:chart_observation:exact:rally_app_chart,chart_observation,exact,Rally App,2024-06-26T00:00:00Z,2024-06-30,quarterly
2024-09-27,rally-macallan2,,,9.0,0,45000.0,manual:chart_observation:exact:rally_app_chart,chart_observation,exact,Rally App,2024-09-27T00:00:00Z,2024-09-30,quarterly
2024-12-27,rally-macallan2,,,6.7,0,33500.0,manual:chart_observation:exact:rally_app_chart,chart_observation,exact,Rally App,2024-12-27T00:00:00Z,2024-12-31,quarterly
2025-03-31,rally-macallan2,,,7.45,0,37250.0,manual:chart_observation:exact:rally_app_chart,chart_observation,exact,Rally App,2025-03-31T00:00:00Z,2025-03-31,quarterly
2025-06-27,rally-macallan2,,,7.0,0,35000.0,manual:chart_observation:exact:rally_app_chart,chart_observation,exact,Rally App,2025-06-27T00:00:00Z,2025-06-30,quarterly
2025-09-29,rally-macallan2,,,6.85,0,34250.0,manual:chart_observation:exact:rally_app_chart,chart_observation,exact,Rally App,2025-09-29T00:00:00Z,2025-09-30,quarterly
2025-12-30,rally-macallan2,,,7.3,0,36500.0,manual:chart_observation:exact:rally_app_chart,chart_observation,exact,Rally App,2025-12-30T00:00:00Z,2025-12-31,quarterly
2026-03-27,rally-macallan2,,,6.0,0,30000.0,manual:chart_observation:exact:rally_app_chart,chart_observation,exact,Rally App,2026-03-27T00:00:00Z,2026-03-31,quarterly
2026-06-29,rally-macallan2,,,5.8,0,29000.0,manual:chart_observation:exact:rally_app_chart,chart_observation,exact,Rally App,2026-06-29T00:00:00Z,2026-06-30,quarterly
2022-12-30,rally-macallan3,,,6.5,0,26650.0,manual:chart_observation:exact:rally_app_chart,chart_observation,exact,Rally App,2022-12-30T00:00:00Z,2022-12-31,quarterly
2023-03-31,rally-macallan3,,,7.25,0,29725.0,manual:chart_observation:exact:rally_app_chart,chart_observation,exact,Rally App,2023-03-31T00:00:00Z,2023-03-31,quarterly
2023-06-29,rally-macallan3,,,7.15,0,29315.0,manual:chart_observation:exact:rally_app_chart,chart_observation,exact,Rally App,2023-06-29T00:00:00Z,2023-06-30,quarterly
2023-09-26,rally-macallan3,,,6.9,0,28290.0,manual:chart_observation:exact:rally_app_chart,chart_observation,exact,Rally App,2023-09-26T00:00:00Z,2023-09-30,quarterly
2023-12-29,rally-macallan3,,,6.9,0,28290.0,manual:chart_observation:exact:rally_app_chart,chart_observation,exact,Rally App,2023-12-29T00:00:00Z,2023-12-31,quarterly
2024-03-28,rally-macallan3,,,5.9,0,24190.0,manual:chart_observation:exact:rally_app_chart,chart_observation,exact,Rally App,2024-03-28T00:00:00Z,2024-03-31,quarterly
2024-06-26,rally-macallan3,,,5.9,0,24190.0,manual:chart_observation:exact:rally_app_chart,chart_observation,exact,Rally App,2024-06-26T00:00:00Z,2024-06-30,quarterly
2024-09-27,rally-macallan3,,,6.8,0,27880.0,manual:chart_observation:exact:rally_app_chart,chart_observation,exact,Rally App,2024-09-27T00:00:00Z,2024-09-30,quarterly
2024-12-31,rally-macallan3,,,6.3,0,25830.0,manual:chart_observation:exact:rally_app_chart,chart_observation,exact,Rally App,2024-12-31T00:00:00Z,2024-12-31,quarterly
2025-03-31,rally-macallan3,,,6.3,0,25830.0,manual:chart_observation:exact:rally_app_chart,chart_observation,exact,Rally App,2025-03-31T00:00:00Z,2025-03-31,quarterly
2025-06-27,rally-macallan3,,,5.55,0,22755.0,manual:chart_observation:exact:rally_app_chart,chart_observation,exact,Rally App,2025-06-27T00:00:00Z,2025-06-30,quarterly
2025-09-30,rally-macallan3,,,6.4,0,26240.0,manual:chart_observation:exact:rally_app_chart,chart_observation,exact,Rally App,2025-09-30T00:00:00Z,2025-09-30,quarterly
2025-12-29,rally-macallan3,,,6.3,0,25830.0,manual:chart_observation:exact:rally_app_chart,chart_observation,exact,Rally App,2025-12-29T00:00:00Z,2025-12-31,quarterly
2026-03-27,rally-macallan3,,,6.3,0,25830.0,manual:chart_observation:exact:rally_app_chart,chart_observation,exact,Rally App,2026-03-27T00:00:00Z,2026-03-31,quarterly
2026-06-26,rally-macallan3,,,6.3,0,25830.0,manual:chart_observation:exact:rally_app_chart,chart_observation,exact,Rally App,2026-06-26T00:00:00Z,2026-06-30,quarterly
2022-02-22,rally-marx,,,14.0,0,112000.0,manual:chart_observation:exact:manual_research,chart_observation,exact,User-provided MARX manual Rally price history,2022-02-22T00:00:00Z,2021-12-31,quarterly
2022-03-29,rally-marx,,,10.2,0,81600.0,manual:chart_observation:exact:manual_research,chart_observation,exact,User-provided MARX manual Rally price history,2022-03-29T00:00:00Z,2022-03-31,quarterly
2022-06-27,rally-marx,,,9.0,0,72000.0,manual:chart_observation:exact:manual_research,chart_observation,exact,User-provided MARX manual Rally price history,2022-06-27T00:00:00Z,2022-06-30,quarterly
2022-09-29,rally-marx,,,7.5,0,60000.0,manual:chart_observation:exact:manual_research,chart_observation,exact,User-provided MARX manual Rally price history,2022-09-29T00:00:00Z,2022-09-30,quarterly
2022-12-30,rally-marx,,,7.0,0,56000.0,manual:chart_observation:exact:manual_research,chart_observation,exact,User-provided MARX manual Rally price history,2022-12-30T00:00:00Z,2022-12-31,quarterly
2023-03-31,rally-marx,,,8.5,0,68000.0,manual:chart_observation:exact:manual_research,chart_observation,exact,User-provided MARX manual Rally price history,2023-03-31T00:00:00Z,2023-03-31,quarterly
2023-06-28,rally-marx,,,7.95,0,63600.0,manual:chart_observation:exact:manual_research,chart_observation,exact,User-provided MARX manual Rally price history,2023-06-28T00:00:00Z,2023-06-30,quarterly
2023-09-29,rally-marx,,,7.3,0,58400.0,manual:chart_observation:exact:manual_research,chart_observation,exact,User-provided MARX manual Rally price history,2023-09-29T00:00:00Z,2023-09-30,quarterly
2023-12-29,rally-marx,,,6.65,0,53200.0,manual:chart_observation:exact:manual_research,chart_observation,exact,User-provided MARX manual Rally price history,2023-12-29T00:00:00Z,2023-12-31,quarterly
2024-03-26,rally-marx,,,6.25,0,50000.0,manual:chart_observation:exact:manual_research,chart_observation,exact,User-provided MARX manual Rally price history,2024-03-26T00:00:00Z,2024-03-31,quarterly
2024-06-28,rally-marx,,,6.0,0,48000.0,manual:chart_observation:exact:manual_research,chart_observation,exact,User-provided MARX manual Rally price history,2024-06-28T00:00:00Z,2024-06-30,quarterly
2024-09-30,rally-marx,,,7.1,0,56800.0,manual:chart_observation:exact:manual_research,chart_observation,exact,User-provided MARX manual Rally price history,2024-09-30T00:00:00Z,2024-09-30,quarterly
2024-12-27,rally-marx,,,7.0,0,56000.0,manual:chart_observation:exact:manual_research,chart_observation,exact,User-provided MARX manual Rally price history,2024-12-27T00:00:00Z,2024-12-31,quarterly
2025-03-27,rally-marx,,,5.5,0,44000.0,manual:chart_observation:exact:manual_research,chart_observation,exact,User-provided MARX manual Rally price history,2025-03-27T00:00:00Z,2025-03-31,quarterly
2025-06-30,rally-marx,,,6.5,0,52000.0,manual:chart_observation:exact:manual_research,chart_observation,exact,User-provided MARX manual Rally price history,2025-06-30T00:00:00Z,2025-06-30,quarterly
2025-09-26,rally-marx,,,5.9,0,47200.0,manual:chart_observation:exact:manual_research,chart_observation,exact,User-provided MARX manual Rally price history,2025-09-26T00:00:00Z,2025-09-30,quarterly
2025-12-30,rally-marx,,,5.05,0,40400.0,manual:chart_observation:exact:manual_research,chart_observation,exact,User-provided MARX manual Rally price history,2025-12-30T00:00:00Z,2025-12-31,quarterly
2026-03-27,rally-marx,,,5.2,0,41600.0,manual:chart_observation:exact:manual_research,chart_observation,exact,User-provided MARX manual Rally price history,2026-03-27T00:00:00Z,2026-03-31,quarterly
2026-06-25,rally-marx,,,4.6,0,36800.0,manual:chart_observation:exact:manual_research,chart_observation,exact,User-provided MARX manual Rally price history,2026-06-25T00:00:00Z,2026-06-30,quarterly
2022-12-30,rally-megalodon,,,4.5,0,135000.0,manual:chart_observation:exact:rally_app_chart,chart_observation,exact,Rally App,2022-12-30T00:00:00Z,2022-12-31,quarterly
2023-03-29,rally-megalodon,,,4.75,0,142500.0,manual:chart_observation:exact:rally_app_chart,chart_observation,exact,Rally App,2023-03-29T00:00:00Z,2023-03-31,quarterly
2023-06-30,rally-megalodon,,,5.0,0,150000.0,manual:chart_observation:exact:rally_app_chart,chart_observation,exact,Rally App,2023-06-30T00:00:00Z,2023-06-30,quarterly
2023-09-27,rally-megalodon,,,4.95,0,148500.0,manual:chart_observation:exact:rally_app_chart,chart_observation,exact,Rally App,2023-09-27T00:00:00Z,2023-09-30,quarterly
2023-12-29,rally-megalodon,,,3.2,0,96000.0,manual:chart_observation:exact:rally_app_chart,chart_observation,exact,Rally App,2023-12-29T00:00:00Z,2023-12-31,quarterly
2024-03-28,rally-megalodon,,,4.85,0,145500.0,manual:chart_observation:exact:rally_app_chart,chart_observation,exact,Rally App,2024-03-28T00:00:00Z,2024-03-31,quarterly
2024-06-24,rally-megalodon,,,4.7,0,141000.0,manual:chart_observation:exact:rally_app_chart,chart_observation,exact,Rally App,2024-06-24T00:00:00Z,2024-06-30,quarterly
2024-09-26,rally-megalodon,,,4.75,0,142500.0,manual:chart_observation:exact:rally_app_chart,chart_observation,exact,Rally App,2024-09-26T00:00:00Z,2024-09-30,quarterly
2024-12-30,rally-megalodon,,,6.65,0,199500.0,manual:chart_observation:exact:rally_app_chart,chart_observation,exact,Rally App,2024-12-30T00:00:00Z,2024-12-31,quarterly
2025-03-28,rally-megalodon,,,7.15,0,214500.0,manual:chart_observation:exact:rally_app_chart,chart_observation,exact,Rally App,2025-03-28T00:00:00Z,2025-03-31,quarterly
2025-06-30,rally-megalodon,,,5.6,0,168000.0,manual:chart_observation:exact:rally_app_chart,chart_observation,exact,Rally App,2025-06-30T00:00:00Z,2025-06-30,quarterly
2025-09-26,rally-megalodon,,,5.4,0,162000.0,manual:chart_observation:exact:rally_app_chart,chart_observation,exact,Rally App,2025-09-26T00:00:00Z,2025-09-30,quarterly
2025-12-29,rally-megalodon,,,5.15,0,154500.0,manual:chart_observation:exact:rally_app_chart,chart_observation,exact,Rally App,2025-12-29T00:00:00Z,2025-12-31,quarterly
2026-03-27,rally-megalodon,,,4.95,0,148500.0,manual:chart_observation:exact:rally_app_chart,chart_observation,exact,Rally App,2026-03-27T00:00:00Z,2026-03-31,quarterly
2026-06-30,rally-megalodon,,,5.95,0,178500.0,manual:chart_observation:exact:rally_app_chart,chart_observation,exact,Rally App,2026-06-30T00:00:00Z,2026-06-30,quarterly
2022-03-28,rally-mobydick,,,5.25,0,52500.0,manual:chart_observation:exact:rally_app_chart,chart_observation,exact,Manually transcribed Rally MOBYDICK price history supplied 2026-07-25,2022-03-28T00:00:00Z,2022-03-31,quarterly
2022-06-27,rally-mobydick,,,4.2,0,42000.0,manual:chart_observation:exact:rally_app_chart,chart_observation,exact,Manually transcribed Rally MOBYDICK price history supplied 2026-07-25,2022-06-27T00:00:00Z,2022-06-30,quarterly
2022-09-30,rally-mobydick,,,6.0,0,60000.0,manual:chart_observation:exact:rally_app_chart,chart_observation,exact,Manually transcribed Rally MOBYDICK price history supplied 2026-07-25,2022-09-30T00:00:00Z,2022-09-30,quarterly
2022-12-30,rally-mobydick,,,5.75,0,57500.0,manual:chart_observation:exact:rally_app_chart,chart_observation,exact,Manually transcribed Rally MOBYDICK price history supplied 2026-07-25,2022-12-30T00:00:00Z,2022-12-31,quarterly
2023-03-31,rally-mobydick,,,5.45,0,54500.0,manual:chart_observation:exact:rally_app_chart,chart_observation,exact,Manually transcribed Rally MOBYDICK price history supplied 2026-07-25,2023-03-31T00:00:00Z,2023-03-31,quarterly
2023-06-30,rally-mobydick,,,5.0,0,50000.0,manual:chart_observation:exact:rally_app_chart,chart_observation,exact,Manually transcribed Rally MOBYDICK price history supplied 2026-07-25,2023-06-30T00:00:00Z,2023-06-30,quarterly
2023-09-29,rally-mobydick,,,3.5,0,35000.0,manual:chart_observation:exact:rally_app_chart,chart_observation,exact,Manually transcribed Rally MOBYDICK price history supplied 2026-07-25,2023-09-29T00:00:00Z,2023-09-30,quarterly
2023-12-28,rally-mobydick,,,4.4,0,44000.0,manual:chart_observation:exact:rally_app_chart,chart_observation,exact,Manually transcribed Rally MOBYDICK price history supplied 2026-07-25,2023-12-28T00:00:00Z,2023-12-31,quarterly
2024-03-28,rally-mobydick,,,3.75,0,37500.0,manual:chart_observation:exact:rally_app_chart,chart_observation,exact,Manually transcribed Rally MOBYDICK price history supplied 2026-07-25,2024-03-28T00:00:00Z,2024-03-31,quarterly
2024-06-27,rally-mobydick,,,5.45,0,54500.0,manual:chart_observation:exact:rally_app_chart,chart_observation,exact,Manually transcribed Rally MOBYDICK price history supplied 2026-07-25,2024-06-27T00:00:00Z,2024-06-30,quarterly
2024-09-26,rally-mobydick,,,5.45,0,54500.0,manual:chart_observation:exact:rally_app_chart,chart_observation,exact,Manually transcribed Rally MOBYDICK price history supplied 2026-07-25,2024-09-26T00:00:00Z,2024-09-30,quarterly
2024-12-31,rally-mobydick,,,6.0,0,60000.0,manual:chart_observation:exact:rally_app_chart,chart_observation,exact,Manually transcribed Rally MOBYDICK price history supplied 2026-07-25,2024-12-31T00:00:00Z,2024-12-31,quarterly
2025-03-27,rally-mobydick,,,7.45,0,74500.0,manual:chart_observation:exact:rally_app_chart,chart_observation,exact,Manually transcribed Rally MOBYDICK price history supplied 2026-07-25,2025-03-27T00:00:00Z,2025-03-31,quarterly
2025-06-30,rally-mobydick,,,7.45,0,74500.0,manual:chart_observation:exact:rally_app_chart,chart_observation,exact,Manually transcribed Rally MOBYDICK price history supplied 2026-07-25,2025-06-30T00:00:00Z,2025-06-30,quarterly
2025-09-29,rally-mobydick,,,6.0,0,60000.0,manual:chart_observation:exact:rally_app_chart,chart_observation,exact,Manually transcribed Rally MOBYDICK price history supplied 2026-07-25,2025-09-29T00:00:00Z,2025-09-30,quarterly
2025-12-29,rally-mobydick,,,4.0,0,40000.0,manual:chart_observation:exact:rally_app_chart,chart_observation,exact,Manually transcribed Rally MOBYDICK price history supplied 2026-07-25,2025-12-29T00:00:00Z,2025-12-31,quarterly
2026-03-30,rally-mobydick,,,3.0,0,30000.0,manual:chart_observation:exact:rally_app_chart,chart_observation,exact,Manually transcribed Rally MOBYDICK price history supplied 2026-07-25,2026-03-30T00:00:00Z,2026-03-31,quarterly
2026-06-29,rally-mobydick,,,3.35,0,33500.0,manual:chart_observation:exact:rally_app_chart,chart_observation,exact,Manually transcribed Rally MOBYDICK price history supplied 2026-07-25,2026-06-29T00:00:00Z,2026-06-30,quarterly
2021-06-21,rally-mosasaur,,,5.05,0,30300.0,manual:chart_observation:exact:rally_app_chart,chart_observation,exact,Rally App,2021-06-21T00:00:00Z,2021-06-30,quarterly
2021-09-20,rally-mosasaur,,,5.3,0,31800.0,manual:chart_observation:exact:rally_app_chart,chart_observation,exact,Rally App,2021-09-20T00:00:00Z,2021-09-30,quarterly
2022-01-10,rally-mosasaur,,,4.85,0,29100.0,manual:chart_observation:exact:rally_app_chart,chart_observation,exact,Rally App,2022-01-10T00:00:00Z,2021-12-31,quarterly
2022-03-29,rally-mosasaur,,,4.4,0,26400.0,manual:chart_observation:exact:rally_app_chart,chart_observation,exact,Rally App,2022-03-29T00:00:00Z,2022-03-31,quarterly
2022-06-27,rally-mosasaur,,,4.5,0,27100.0,manual:chart_observation:exact:rally_app_chart,chart_observation,exact,Rally App,2022-06-27T00:00:00Z,2022-06-30,quarterly
2022-09-30,rally-mosasaur,,,4.7,0,28200.0,manual:chart_observation:exact:rally_app_chart,chart_observation,exact,Rally App,2022-09-30T00:00:00Z,2022-09-30,quarterly
2022-12-28,rally-mosasaur,,,3.6,0,21600.0,manual:chart_observation:exact:rally_app_chart,chart_observation,exact,Rally App,2022-12-28T00:00:00Z,2022-12-31,quarterly
2023-03-28,rally-mosasaur,,,4.4,0,26400.0,manual:chart_observation:exact:rally_app_chart,chart_observation,exact,Rally App,2023-03-28T00:00:00Z,2023-03-31,quarterly
2023-06-26,rally-mosasaur,,,3.0,0,18000.0,manual:chart_observation:exact:rally_app_chart,chart_observation,exact,Rally App,2023-06-26T00:00:00Z,2023-06-30,quarterly
2023-09-29,rally-mosasaur,,,3.5,0,21000.0,manual:chart_observation:exact:rally_app_chart,chart_observation,exact,Rally App,2023-09-29T00:00:00Z,2023-09-30,quarterly
2023-12-29,rally-mosasaur,,,2.9,0,17400.0,manual:chart_observation:exact:rally_app_chart,chart_observation,exact,Rally App,2023-12-29T00:00:00Z,2023-12-31,quarterly
2024-03-26,rally-mosasaur,,,3.95,0,23700.0,manual:chart_observation:exact:rally_app_chart,chart_observation,exact,Rally App,2024-03-26T00:00:00Z,2024-03-31,quarterly
2024-06-24,rally-mosasaur,,,4.75,0,28500.0,manual:chart_observation:exact:rally_app_chart,chart_observation,exact,Rally App,2024-06-24T00:00:00Z,2024-06-30,quarterly
2024-09-27,rally-mosasaur,,,5.25,0,31500.0,manual:chart_observation:exact:rally_app_chart,chart_observation,exact,Rally App,2024-09-27T00:00:00Z,2024-09-30,quarterly
2024-12-26,rally-mosasaur,,,8.2,0,49200.0,manual:chart_observation:exact:rally_app_chart,chart_observation,exact,Rally App,2024-12-26T00:00:00Z,2024-12-31,quarterly
2025-03-31,rally-mosasaur,,,5.5,0,33000.0,manual:chart_observation:exact:rally_app_chart,chart_observation,exact,Rally App,2025-03-31T00:00:00Z,2025-03-31,quarterly
2025-06-30,rally-mosasaur,,,4.0,0,24000.0,manual:chart_observation:exact:rally_app_chart,chart_observation,exact,Rally App,2025-06-30T00:00:00Z,2025-06-30,quarterly
2025-09-26,rally-mosasaur,,,4.65,0,27900.0,manual:chart_observation:exact:rally_app_chart,chart_observation,exact,Rally App,2025-09-26T00:00:00Z,2025-09-30,quarterly
2025-12-31,rally-mosasaur,,,5.7,0,34200.0,manual:chart_observation:exact:rally_app_chart,chart_observation,exact,Rally App,2025-12-31T00:00:00Z,2025-12-31,quarterly
2026-03-31,rally-mosasaur,,,4.75,0,28500.0,manual:chart_observation:exact:rally_app_chart,chart_observation,exact,Rally App,2026-03-31T00:00:00Z,2026-03-31,quarterly
2026-06-29,rally-mosasaur,,,5.7,0,34200.0,manual:chart_observation:exact:rally_app_chart,chart_observation,exact,Rally App,2026-06-29T00:00:00Z,2026-06-30,quarterly
2021-10-22,rally-newton,,,10.0,0,300000.0,manual:chart_observation:exact:manual_research,chart_observation,exact,User supplied Rally quarterly chart transcription for #NEWTON,2021-10-22T00:00:00Z,2021-09-30,quarterly
2022-01-10,rally-newton,,,9.0,0,270000.0,manual:chart_observation:exact:manual_research,chart_observation,exact,User supplied Rally quarterly chart transcription for #NEWTON,2022-01-10T00:00:00Z,2021-12-31,quarterly
2022-03-30,rally-newton,,,7.75,0,232500.0,manual:chart_observation:exact:manual_research,chart_observation,exact,User supplied Rally quarterly chart transcription for #NEWTON,2022-03-30T00:00:00Z,2022-03-31,quarterly
2022-06-29,rally-newton,,,7.9,0,237000.0,manual:chart_observation:exact:manual_research,chart_observation,exact,User supplied Rally quarterly chart transcription for #NEWTON,2022-06-29T00:00:00Z,2022-06-30,quarterly
2022-09-28,rally-newton,,,6.9,0,207000.0,manual:chart_observation:exact:manual_research,chart_observation,exact,User supplied Rally quarterly chart transcription for #NEWTON,2022-09-28T00:00:00Z,2022-09-30,quarterly
2022-12-28,rally-newton,,,7.95,0,238500.0,manual:chart_observation:exact:manual_research,chart_observation,exact,User supplied Rally quarterly chart transcription for #NEWTON,2022-12-28T00:00:00Z,2022-12-31,quarterly
2023-03-28,rally-newton,,,7.25,0,217500.0,manual:chart_observation:exact:manual_research,chart_observation,exact,User supplied Rally quarterly chart transcription for #NEWTON,2023-03-28T00:00:00Z,2023-03-31,quarterly
2023-06-27,rally-newton,,,7.25,0,217500.0,manual:chart_observation:exact:manual_research,chart_observation,exact,User supplied Rally quarterly chart transcription for #NEWTON,2023-06-27T00:00:00Z,2023-06-30,quarterly
2023-09-26,rally-newton,,,6.5,0,195000.0,manual:chart_observation:exact:manual_research,chart_observation,exact,User supplied Rally quarterly chart transcription for #NEWTON,2023-09-26T00:00:00Z,2023-09-30,quarterly
2023-12-29,rally-newton,,,6.0,0,180000.0,manual:chart_observation:exact:manual_research,chart_observation,exact,User supplied Rally quarterly chart transcription for #NEWTON,2023-12-29T00:00:00Z,2023-12-31,quarterly
2024-03-26,rally-newton,,,6.75,0,202500.0,manual:chart_observation:exact:manual_research,chart_observation,exact,User supplied Rally quarterly chart transcription for #NEWTON,2024-03-26T00:00:00Z,2024-03-31,quarterly
2024-06-25,rally-newton,,,7.0,0,210000.0,manual:chart_observation:exact:manual_research,chart_observation,exact,User supplied Rally quarterly chart transcription for #NEWTON,2024-06-25T00:00:00Z,2024-06-30,quarterly
2024-09-30,rally-newton,,,7.1,0,213000.0,manual:chart_observation:exact:manual_research,chart_observation,exact,User supplied Rally quarterly chart transcription for #NEWTON,2024-09-30T00:00:00Z,2024-09-30,quarterly
2024-12-30,rally-newton,,,7.15,0,214500.0,manual:chart_observation:exact:manual_research,chart_observation,exact,User supplied Rally quarterly chart transcription for #NEWTON,2024-12-30T00:00:00Z,2024-12-31,quarterly
2025-03-31,rally-newton,,,6.8,0,204000.0,manual:chart_observation:exact:manual_research,chart_observation,exact,User supplied Rally quarterly chart transcription for #NEWTON,2025-03-31T00:00:00Z,2025-03-31,quarterly
2025-06-30,rally-newton,,,6.4,0,192000.0,manual:chart_observation:exact:manual_research,chart_observation,exact,User supplied Rally quarterly chart transcription for #NEWTON,2025-06-30T00:00:00Z,2025-06-30,quarterly
2025-09-29,rally-newton,,,6.4,0,192000.0,manual:chart_observation:exact:manual_research,chart_observation,exact,User supplied Rally quarterly chart transcription for #NEWTON,2025-09-29T00:00:00Z,2025-09-30,quarterly
2025-12-29,rally-newton,,,5.9,0,177000.0,manual:chart_observation:exact:manual_research,chart_observation,exact,User supplied Rally quarterly chart transcription for #NEWTON,2025-12-29T00:00:00Z,2025-12-31,quarterly
2026-03-30,rally-newton,,,6.55,0,196500.0,manual:chart_observation:exact:manual_research,chart_observation,exact,User supplied Rally quarterly chart transcription for #NEWTON,2026-03-30T00:00:00Z,2026-03-31,quarterly
2026-06-29,rally-newton,,,6.85,0,205500.0,manual:chart_observation:exact:manual_research,chart_observation,exact,User supplied Rally quarterly chart transcription for #NEWTON,2026-06-29T00:00:00Z,2026-06-30,quarterly
2022-10-17,rally-newworld,,,3.55,0,7100.0,manual:chart_observation:exact:rally_app_chart,chart_observation,exact,Manually transcribed Rally NEWWORLD price history supplied 2026-07-22,2022-10-17T00:00:00Z,2022-09-30,quarterly
2022-12-29,rally-newworld,,,4.0,0,8000.0,manual:chart_observation:exact:rally_app_chart,chart_observation,exact,Manually transcribed Rally NEWWORLD price history supplied 2026-07-22,2022-12-29T00:00:00Z,2022-12-31,quarterly
2023-03-28,rally-newworld,,,4.9,0,9800.0,manual:chart_observation:exact:rally_app_chart,chart_observation,exact,Manually transcribed Rally NEWWORLD price history supplied 2026-07-22,2023-03-28T00:00:00Z,2023-03-31,quarterly
2023-06-30,rally-newworld,,,4.55,0,9100.0,manual:chart_observation:exact:rally_app_chart,chart_observation,exact,Manually transcribed Rally NEWWORLD price history supplied 2026-07-22,2023-06-30T00:00:00Z,2023-06-30,quarterly
2023-09-27,rally-newworld,,,4.45,0,8900.0,manual:chart_observation:exact:rally_app_chart,chart_observation,exact,Manually transcribed Rally NEWWORLD price history supplied 2026-07-22,2023-09-27T00:00:00Z,2023-09-30,quarterly
2023-12-29,rally-newworld,,,4.3,0,8600.0,manual:chart_observation:exact:rally_app_chart,chart_observation,exact,Manually transcribed Rally NEWWORLD price history supplied 2026-07-22,2023-12-29T00:00:00Z,2023-12-31,quarterly
2024-03-28,rally-newworld,,,4.3,0,8600.0,manual:chart_observation:exact:rally_app_chart,chart_observation,exact,Manually transcribed Rally NEWWORLD price history supplied 2026-07-22,2024-03-28T00:00:00Z,2024-03-31,quarterly
2024-06-25,rally-newworld,,,2.65,0,5300.0,manual:chart_observation:exact:rally_app_chart,chart_observation,exact,Manually transcribed Rally NEWWORLD price history supplied 2026-07-22,2024-06-25T00:00:00Z,2024-06-30,quarterly
2024-09-27,rally-newworld,,,3.5,0,7000.0,manual:chart_observation:exact:rally_app_chart,chart_observation,exact,Manually transcribed Rally NEWWORLD price history supplied 2026-07-22,2024-09-27T00:00:00Z,2024-09-30,quarterly
2024-12-30,rally-newworld,,,3.9,0,7800.0,manual:chart_observation:exact:rally_app_chart,chart_observation,exact,Manually transcribed Rally NEWWORLD price history supplied 2026-07-22,2024-12-30T00:00:00Z,2024-12-31,quarterly
2025-03-28,rally-newworld,,,4.0,0,8000.0,manual:chart_observation:exact:rally_app_chart,chart_observation,exact,Manually transcribed Rally NEWWORLD price history supplied 2026-07-22,2025-03-28T00:00:00Z,2025-03-31,quarterly
2025-06-30,rally-newworld,,,4.0,0,8000.0,manual:chart_observation:exact:rally_app_chart,chart_observation,exact,Manually transcribed Rally NEWWORLD price history supplied 2026-07-22,2025-06-30T00:00:00Z,2025-06-30,quarterly
2025-09-26,rally-newworld,,,4.3,0,8600.0,manual:chart_observation:exact:rally_app_chart,chart_observation,exact,Manually transcribed Rally NEWWORLD price history supplied 2026-07-22,2025-09-26T00:00:00Z,2025-09-30,quarterly
2025-12-30,rally-newworld,,,3.15,0,6300.0,manual:chart_observation:exact:rally_app_chart,chart_observation,exact,Manually transcribed Rally NEWWORLD price history supplied 2026-07-22,2025-12-30T00:00:00Z,2025-12-31,quarterly
2026-03-30,rally-newworld,,,2.95,0,5900.0,manual:chart_observation:exact:rally_app_chart,chart_observation,exact,Manually transcribed Rally NEWWORLD price history supplied 2026-07-22,2026-03-30T00:00:00Z,2026-03-31,quarterly
2026-06-26,rally-newworld,,,2.95,0,5900.0,manual:chart_observation:exact:rally_app_chart,chart_observation,exact,Manually transcribed Rally NEWWORLD price history supplied 2026-07-22,2026-06-26T00:00:00Z,2026-06-30,quarterly
2026-07-22,rally-newworld,,,5.8,0,11600.0,manual:chart_observation:exact:rally_app_chart,chart_observation,exact,Manually transcribed Rally NEWWORLD price history supplied 2026-07-22,2026-07-22T00:00:00Z,2026-09-30,weekly
2022-12-28,rally-pappy1,,,17.75,0,35500.0,manual:chart_observation:exact:rally_app_chart,chart_observation,exact,Rally App,2022-12-28T00:00:00Z,2022-12-31,quarterly
2023-03-30,rally-pappy1,,,29.95,0,59900.0,manual:chart_observation:exact:rally_app_chart,chart_observation,exact,Rally App,2023-03-30T00:00:00Z,2023-03-31,quarterly
2023-06-29,rally-pappy1,,,24.95,0,49900.0,manual:chart_observation:exact:rally_app_chart,chart_observation,exact,Rally App,2023-06-29T00:00:00Z,2023-06-30,quarterly
2023-09-28,rally-pappy1,,,27.0,0,54000.0,manual:chart_observation:exact:rally_app_chart,chart_observation,exact,Rally App,2023-09-28T00:00:00Z,2023-09-30,quarterly
2023-12-28,rally-pappy1,,,29.4,0,58800.0,manual:chart_observation:exact:rally_app_chart,chart_observation,exact,Rally App,2023-12-28T00:00:00Z,2023-12-31,quarterly
2024-03-28,rally-pappy1,,,41.25,0,82500.0,manual:chart_observation:exact:rally_app_chart,chart_observation,exact,Rally App,2024-03-28T00:00:00Z,2024-03-31,quarterly
2024-06-27,rally-pappy1,,,27.0,0,54000.0,manual:chart_observation:exact:rally_app_chart,chart_observation,exact,Rally App,2024-06-27T00:00:00Z,2024-06-30,quarterly
2024-09-23,rally-pappy1,,,28.0,0,56000.0,manual:chart_observation:exact:rally_app_chart,chart_observation,exact,Rally App,2024-09-23T00:00:00Z,2024-09-30,quarterly
2024-12-27,rally-pappy1,,,37.25,0,74500.0,manual:chart_observation:exact:rally_app_chart,chart_observation,exact,Rally App,2024-12-27T00:00:00Z,2024-12-31,quarterly
2025-03-28,rally-pappy1,,,36.25,0,72500.0,manual:chart_observation:exact:rally_app_chart,chart_observation,exact,Rally App,2025-03-28T00:00:00Z,2025-03-31,quarterly
2025-06-27,rally-pappy1,,,37.3,0,74600.0,manual:chart_observation:exact:rally_app_chart,chart_observation,exact,Rally App,2025-06-27T00:00:00Z,2025-06-30,quarterly
2025-09-30,rally-pappy1,,,39.0,0,78000.0,manual:chart_observation:exact:rally_app_chart,chart_observation,exact,Rally App,2025-09-30T00:00:00Z,2025-09-30,quarterly
2025-12-31,rally-pappy1,,,36.9,0,73800.0,manual:chart_observation:exact:rally_app_chart,chart_observation,exact,Rally App,2025-12-31T00:00:00Z,2025-12-31,quarterly
2026-03-27,rally-pappy1,,,35.0,0,70000.0,manual:chart_observation:exact:rally_app_chart,chart_observation,exact,Rally App,2026-03-27T00:00:00Z,2026-03-31,quarterly
2026-06-26,rally-pappy1,,,32.55,0,65100.0,manual:chart_observation:exact:rally_app_chart,chart_observation,exact,Rally App,2026-06-26T00:00:00Z,2026-06-30,quarterly
2021-04-29,rally-picnic,,,15.0,0,30000.0,manual:chart_observation:exact:rally_app_chart,chart_observation,exact,Rally App,2021-04-29T00:00:00Z,2021-03-31,quarterly
2021-07-14,rally-picnic,,,24.5,0,49000.0,manual:chart_observation:exact:rally_app_chart,chart_observation,exact,Rally App,2021-07-14T00:00:00Z,2021-06-30,quarterly
2021-09-15,rally-picnic,,,26.1,0,52200.0,manual:chart_observation:exact:rally_app_chart,chart_observation,exact,Rally App,2021-09-15T00:00:00Z,2021-09-30,quarterly
2022-04-11,rally-picnic,,,25.6,0,51200.0,manual:chart_observation:exact:rally_app_chart,chart_observation,exact,Rally App,2022-04-11T00:00:00Z,2022-03-31,quarterly
2022-06-27,rally-picnic,,,16.0,0,32000.0,manual:chart_observation:exact:rally_app_chart,chart_observation,exact,Rally App,2022-06-27T00:00:00Z,2022-06-30,quarterly
2022-09-27,rally-picnic,,,14.95,0,29900.0,manual:chart_observation:exact:rally_app_chart,chart_observation,exact,Rally App,2022-09-27T00:00:00Z,2022-09-30,quarterly
2022-12-29,rally-picnic,,,13.9,0,27800.0,manual:chart_observation:exact:rally_app_chart,chart_observation,exact,Rally App,2022-12-29T00:00:00Z,2022-12-31,quarterly
2023-03-27,rally-picnic,,,14.95,0,29900.0,manual:chart_observation:exact:rally_app_chart,chart_observation,exact,Rally App,2023-03-27T00:00:00Z,2023-03-31,quarterly
2023-06-27,rally-picnic,,,23.0,0,46000.0,manual:chart_observation:exact:rally_app_chart,chart_observation,exact,Rally App,2023-06-27T00:00:00Z,2023-06-30,quarterly
2023-09-28,rally-picnic,,,17.0,0,34000.0,manual:chart_observation:exact:rally_app_chart,chart_observation,exact,Rally App,2023-09-28T00:00:00Z,2023-09-30,quarterly
2023-12-29,rally-picnic,,,17.0,0,34000.0,manual:chart_observation:exact:rally_app_chart,chart_observation,exact,Rally App,2023-12-29T00:00:00Z,2023-12-31,quarterly
2024-03-25,rally-picnic,,,16.85,0,33700.0,manual:chart_observation:exact:rally_app_chart,chart_observation,exact,Rally App,2024-03-25T00:00:00Z,2024-03-31,quarterly
2024-06-26,rally-picnic,,,15.35,0,30700.0,manual:chart_observation:exact:rally_app_chart,chart_observation,exact,Rally App,2024-06-26T00:00:00Z,2024-06-30,quarterly
2024-09-27,rally-picnic,,,15.5,0,31000.0,manual:chart_observation:exact:rally_app_chart,chart_observation,exact,Rally App,2024-09-27T00:00:00Z,2024-09-30,quarterly
2024-12-30,rally-picnic,,,12.3,0,24600.0,manual:chart_observation:exact:rally_app_chart,chart_observation,exact,Rally App,2024-12-30T00:00:00Z,2024-12-31,quarterly
2025-03-26,rally-picnic,,,12.9,0,25800.0,manual:chart_observation:exact:rally_app_chart,chart_observation,exact,Rally App,2025-03-26T00:00:00Z,2025-03-31,quarterly
2025-06-27,rally-picnic,,,11.05,0,22100.0,manual:chart_observation:exact:rally_app_chart,chart_observation,exact,Rally App,2025-06-27T00:00:00Z,2025-06-30,quarterly
2025-09-29,rally-picnic,,,17.0,0,34000.0,manual:chart_observation:exact:rally_app_chart,chart_observation,exact,Rally App,2025-09-29T00:00:00Z,2025-09-30,quarterly
2025-12-30,rally-picnic,,,17.9,0,35800.0,manual:chart_observation:exact:rally_app_chart,chart_observation,exact,Rally App,2025-12-30T00:00:00Z,2025-12-31,quarterly
2026-03-27,rally-picnic,,,21.0,0,42000.0,manual:chart_observation:exact:rally_app_chart,chart_observation,exact,Rally App,2026-03-27T00:00:00Z,2026-03-31,quarterly
2026-06-29,rally-picnic,,,13.3,0,26600.0,manual:chart_observation:exact:rally_app_chart,chart_observation,exact,Rally App,2026-06-29T00:00:00Z,2026-06-30,quarterly
2023-03-13,rally-rabbit,,,4.0,0,40000.0,manual:chart_observation:exact:manual_research,chart_observation,exact,user-provided manual Rally RABBIT price history,2023-03-13T00:00:00Z,2023-03-31,quarterly
2023-06-30,rally-rabbit,,,3.0,0,30000.0,manual:chart_observation:exact:manual_research,chart_observation,exact,user-provided manual Rally RABBIT price history,2023-06-30T00:00:00Z,2023-06-30,quarterly
2023-09-29,rally-rabbit,,,2.7,0,27000.0,manual:chart_observation:exact:manual_research,chart_observation,exact,user-provided manual Rally RABBIT price history,2023-09-29T00:00:00Z,2023-09-30,quarterly
2023-12-29,rally-rabbit,,,2.35,0,23500.0,manual:chart_observation:exact:manual_research,chart_observation,exact,user-provided manual Rally RABBIT price history,2023-12-29T00:00:00Z,2023-12-31,quarterly
2024-03-28,rally-rabbit,,,2.4,0,24000.0,manual:chart_observation:exact:manual_research,chart_observation,exact,user-provided manual Rally RABBIT price history,2024-03-28T00:00:00Z,2024-03-31,quarterly
2024-06-28,rally-rabbit,,,2.3,0,23000.0,manual:chart_observation:exact:manual_research,chart_observation,exact,user-provided manual Rally RABBIT price history,2024-06-28T00:00:00Z,2024-06-30,quarterly
2024-09-27,rally-rabbit,,,2.4,0,24000.0,manual:chart_observation:exact:manual_research,chart_observation,exact,user-provided manual Rally RABBIT price history,2024-09-27T00:00:00Z,2024-09-30,quarterly
2024-12-31,rally-rabbit,,,2.4,0,24000.0,manual:chart_observation:exact:manual_research,chart_observation,exact,user-provided manual Rally RABBIT price history,2024-12-31T00:00:00Z,2024-12-31,quarterly
2025-03-28,rally-rabbit,,,2.3,0,23000.0,manual:chart_observation:exact:manual_research,chart_observation,exact,user-provided manual Rally RABBIT price history,2025-03-28T00:00:00Z,2025-03-31,quarterly
2025-06-27,rally-rabbit,,,2.3,0,23000.0,manual:chart_observation:exact:manual_research,chart_observation,exact,user-provided manual Rally RABBIT price history,2025-06-27T00:00:00Z,2025-06-30,quarterly
2025-09-26,rally-rabbit,,,2.25,0,22500.0,manual:chart_observation:exact:manual_research,chart_observation,exact,user-provided manual Rally RABBIT price history,2025-09-26T00:00:00Z,2025-09-30,quarterly
2025-12-30,rally-rabbit,,,2.2,0,22000.0,manual:chart_observation:exact:manual_research,chart_observation,exact,user-provided manual Rally RABBIT price history,2025-12-30T00:00:00Z,2025-12-31,quarterly
2026-03-31,rally-rabbit,,,2.2,0,22000.0,manual:chart_observation:exact:manual_research,chart_observation,exact,user-provided manual Rally RABBIT price history,2026-03-31T00:00:00Z,2026-03-31,quarterly
2026-06-30,rally-rabbit,,,2.45,0,24500.0,manual:chart_observation:exact:manual_research,chart_observation,exact,user-provided manual Rally RABBIT price history,2026-06-30T00:00:00Z,2026-06-30,quarterly
2026-07-09,rally-rabbit,,,4.75,0,47500.0,manual:chart_observation:exact:manual_research,chart_observation,exact,user-provided manual Rally RABBIT price history,2026-07-09T00:00:00Z,2026-07-09,weekly
2021-09-30,rally-riviera,,,5.05,0,30300.0,manual:chart_observation:exact:rally_app_chart,chart_observation,exact,Rally App,2021-09-30T00:00:00Z,2021-09-30,quarterly
2022-01-03,rally-riviera,,,5.0,0,30000.0,manual:chart_observation:exact:rally_app_chart,chart_observation,exact,Rally App,2022-01-03T00:00:00Z,2021-12-31,quarterly
2022-03-28,rally-riviera,,,4.5,0,27000.0,manual:chart_observation:exact:rally_app_chart,chart_observation,exact,Rally App,2022-03-28T00:00:00Z,2022-03-31,quarterly
2022-06-30,rally-riviera,,,3.5,0,21000.0,manual:chart_observation:exact:rally_app_chart,chart_observation,exact,Rally App,2022-06-30T00:00:00Z,2022-06-30,quarterly
2022-09-30,rally-riviera,,,4.15,0,24900.0,manual:chart_observation:exact:rally_app_chart,chart_observation,exact,Rally App,2022-09-30T00:00:00Z,2022-09-30,quarterly
2022-12-27,rally-riviera,,,4.25,0,25500.0,manual:chart_observation:exact:rally_app_chart,chart_observation,exact,Rally App,2022-12-27T00:00:00Z,2022-12-31,quarterly
2023-03-31,rally-riviera,,,4.5,0,27000.0,manual:chart_observation:exact:rally_app_chart,chart_observation,exact,Rally App,2023-03-31T00:00:00Z,2023-03-31,quarterly
2023-06-26,rally-riviera,,,5.0,0,30000.0,manual:chart_observation:exact:rally_app_chart,chart_observation,exact,Rally App,2023-06-26T00:00:00Z,2023-06-30,quarterly
2023-09-27,rally-riviera,,,4.0,0,24000.0,manual:chart_observation:exact:rally_app_chart,chart_observation,exact,Rally App,2023-09-27T00:00:00Z,2023-09-30,quarterly
2023-12-29,rally-riviera,,,4.95,0,29700.0,manual:chart_observation:exact:rally_app_chart,chart_observation,exact,Rally App,2023-12-29T00:00:00Z,2023-12-31,quarterly
2024-03-26,rally-riviera,,,4.9,0,29400.0,manual:chart_observation:exact:rally_app_chart,chart_observation,exact,Rally App,2024-03-26T00:00:00Z,2024-03-31,quarterly
2024-06-27,rally-riviera,,,3.25,0,19500.0,manual:chart_observation:exact:rally_app_chart,chart_observation,exact,Rally App,2024-06-27T00:00:00Z,2024-06-30,quarterly
2024-09-27,rally-riviera,,,3.7,0,22200.0,manual:chart_observation:exact:rally_app_chart,chart_observation,exact,Rally App,2024-09-27T00:00:00Z,2024-09-30,quarterly
2024-12-31,rally-riviera,,,4.1,0,24600.0,manual:chart_observation:exact:rally_app_chart,chart_observation,exact,Rally App,2024-12-31T00:00:00Z,2024-12-31,quarterly
2025-03-28,rally-riviera,,,4.5,0,27000.0,manual:chart_observation:exact:rally_app_chart,chart_observation,exact,Rally App,2025-03-28T00:00:00Z,2025-03-31,quarterly
2025-06-30,rally-riviera,,,4.3,0,25800.0,manual:chart_observation:exact:rally_app_chart,chart_observation,exact,Rally App,2025-06-30T00:00:00Z,2025-06-30,quarterly
2025-09-25,rally-riviera,,,4.0,0,24000.0,manual:chart_observation:exact:rally_app_chart,chart_observation,exact,Rally App,2025-09-25T00:00:00Z,2025-09-30,quarterly
2025-12-26,rally-riviera,,,3.85,0,23100.0,manual:chart_observation:exact:rally_app_chart,chart_observation,exact,Rally App,2025-12-26T00:00:00Z,2025-12-31,quarterly
2026-03-30,rally-riviera,,,4.0,0,24000.0,manual:chart_observation:exact:rally_app_chart,chart_observation,exact,Rally App,2026-03-30T00:00:00Z,2026-03-31,quarterly
2026-06-26,rally-riviera,,,3.3,0,19800.0,manual:chart_observation:exact:rally_app_chart,chart_observation,exact,Rally App,2026-06-26T00:00:00Z,2026-06-30,quarterly
2020-03-17,rally-rlexpepsi,,,10.0,0,20000.0,manual:chart_observation:exact:rally_app_chart,chart_observation,exact,Rally App,2020-03-17T00:00:00Z,2020-03-31,quarterly
2020-06-30,rally-rlexpepsi,,,13.5,0,27000.0,manual:chart_observation:exact:rally_app_chart,chart_observation,exact,Rally App,2020-06-30T00:00:00Z,2020-06-30,quarterly
2020-10-20,rally-rlexpepsi,,,13.5,0,27000.0,manual:chart_observation:exact:rally_app_chart,chart_observation,exact,Rally App,2020-10-20T00:00:00Z,2020-09-30,quarterly
2021-01-21,rally-rlexpepsi,,,14.25,0,28500.0,manual:chart_observation:exact:rally_app_chart,chart_observation,exact,Rally App,2021-01-21T00:00:00Z,2020-12-31,quarterly
2021-03-23,rally-rlexpepsi,,,10.25,0,20500.0,manual:chart_observation:exact:rally_app_chart,chart_observation,exact,Rally App,2021-03-23T00:00:00Z,2021-03-31,quarterly
2021-06-07,rally-rlexpepsi,,,11.0,0,22000.0,manual:chart_observation:exact:rally_app_chart,chart_observation,exact,Rally App,2021-06-07T00:00:00Z,2021-06-30,quarterly
2021-08-25,rally-rlexpepsi,,,14.25,0,28500.0,manual:chart_observation:exact:rally_app_chart,chart_observation,exact,Rally App,2021-08-25T00:00:00Z,2021-09-30,quarterly
2022-01-24,rally-rlexpepsi,,,14.25,0,28500.0,manual:chart_observation:exact:rally_app_chart,chart_observation,exact,Rally App,2022-01-24T00:00:00Z,2021-12-31,quarterly
2022-03-28,rally-rlexpepsi,,,14.25,0,28500.0,manual:chart_observation:exact:rally_app_chart,chart_observation,exact,Rally App,2022-03-28T00:00:00Z,2022-03-31,quarterly
2022-06-24,rally-rlexpepsi,,,13.0,0,26000.0,manual:chart_observation:exact:rally_app_chart,chart_observation,exact,Rally App,2022-06-24T00:00:00Z,2022-06-30,quarterly
2022-09-29,rally-rlexpepsi,,,16.5,0,33000.0,manual:chart_observation:exact:rally_app_chart,chart_observation,exact,Rally App,2022-09-29T00:00:00Z,2022-09-30,quarterly
2022-12-27,rally-rlexpepsi,,,13.8,0,27600.0,manual:chart_observation:exact:rally_app_chart,chart_observation,exact,Rally App,2022-12-27T00:00:00Z,2022-12-31,quarterly
2023-03-27,rally-rlexpepsi,,,11.15,0,22300.0,manual:chart_observation:exact:rally_app_chart,chart_observation,exact,Rally App,2023-03-27T00:00:00Z,2023-03-31,quarterly
2023-06-30,rally-rlexpepsi,,,11.0,0,22000.0,manual:chart_observation:exact:rally_app_chart,chart_observation,exact,Rally App,2023-06-30T00:00:00Z,2023-06-30,quarterly
2023-09-28,rally-rlexpepsi,,,12.7,0,25400.0,manual:chart_observation:exact:rally_app_chart,chart_observation,exact,Rally App,2023-09-28T00:00:00Z,2023-09-30,quarterly
2023-12-27,rally-rlexpepsi,,,13.0,0,26000.0,manual:chart_observation:exact:rally_app_chart,chart_observation,exact,Rally App,2023-12-27T00:00:00Z,2023-12-31,quarterly
2024-03-25,rally-rlexpepsi,,,13.0,0,26000.0,manual:chart_observation:exact:rally_app_chart,chart_observation,exact,Rally App,2024-03-25T00:00:00Z,2024-03-31,quarterly
2024-06-21,rally-rlexpepsi,,,11.5,0,23000.0,manual:chart_observation:exact:rally_app_chart,chart_observation,exact,Rally App,2024-06-21T00:00:00Z,2024-06-30,quarterly
2024-09-27,rally-rlexpepsi,,,11.2,0,22400.0,manual:chart_observation:exact:rally_app_chart,chart_observation,exact,Rally App,2024-09-27T00:00:00Z,2024-09-30,quarterly
2024-12-24,rally-rlexpepsi,,,10.9,0,21800.0,manual:chart_observation:exact:rally_app_chart,chart_observation,exact,Rally App,2024-12-24T00:00:00Z,2024-12-31,quarterly
2025-03-24,rally-rlexpepsi,,,10.9,0,21800.0,manual:chart_observation:exact:rally_app_chart,chart_observation,exact,Rally App,2025-03-24T00:00:00Z,2025-03-31,quarterly
2025-06-30,rally-rlexpepsi,,,10.85,0,21700.0,manual:chart_observation:exact:rally_app_chart,chart_observation,exact,Rally App,2025-06-30T00:00:00Z,2025-06-30,quarterly
2025-09-26,rally-rlexpepsi,,,10.7,0,21400.0,manual:chart_observation:exact:rally_app_chart,chart_observation,exact,Rally App,2025-09-26T00:00:00Z,2025-09-30,quarterly
2025-12-31,rally-rlexpepsi,,,10.7,0,21400.0,manual:chart_observation:exact:rally_app_chart,chart_observation,exact,Rally App,2025-12-31T00:00:00Z,2025-12-31,quarterly
2026-03-31,rally-rlexpepsi,,,11.0,0,22000.0,manual:chart_observation:exact:rally_app_chart,chart_observation,exact,Rally App,2026-03-31T00:00:00Z,2026-03-31,quarterly
2026-06-29,rally-rlexpepsi,,,10.0,0,20000.0,manual:chart_observation:exact:rally_app_chart,chart_observation,exact,Rally App,2026-06-29T00:00:00Z,2026-06-30,quarterly
2020-06-09,rally-roosevelt,,,25.0,0,25000.0,manual:chart_observation:exact:rally_app_chart,chart_observation,exact,Rally App manual transcription,2020-06-09T00:00:00Z,2020-06-30,quarterly
2020-09-15,rally-roosevelt,,,26.5,0,26500.0,manual:chart_observation:exact:rally_app_chart,chart_observation,exact,Rally App manual transcription,2020-09-15T00:00:00Z,2020-09-30,quarterly
2020-12-15,rally-roosevelt,,,29.5,0,29500.0,manual:chart_observation:exact:rally_app_chart,chart_observation,exact,Rally App manual transcription,2020-12-15T00:00:00Z,2020-12-31,quarterly
2021-04-13,rally-roosevelt,,,29.5,0,29500.0,manual:chart_observation:exact:rally_app_chart,chart_observation,exact,Rally App manual transcription,2021-04-13T00:00:00Z,2021-03-31,quarterly
2021-08-27,rally-roosevelt,,,40.0,0,40000.0,manual:chart_observation:exact:rally_app_chart,chart_observation,exact,Rally App manual transcription,2021-08-27T00:00:00Z,2021-09-30,quarterly
2022-01-31,rally-roosevelt,,,40.0,0,40000.0,manual:chart_observation:exact:rally_app_chart,chart_observation,exact,Rally App manual transcription,2022-01-31T00:00:00Z,2021-12-31,quarterly
2022-03-25,rally-roosevelt,,,14.25,0,14250.0,manual:chart_observation:exact:rally_app_chart,chart_observation,exact,Rally App manual transcription,2022-03-25T00:00:00Z,2022-03-31,quarterly
2022-06-29,rally-roosevelt,,,7.0,0,7000.0,manual:chart_observation:exact:rally_app_chart,chart_observation,exact,Rally App manual transcription,2022-06-29T00:00:00Z,2022-06-30,quarterly
2022-09-26,rally-roosevelt,,,9.85,0,9850.0,manual:chart_observation:exact:rally_app_chart,chart_observation,exact,Rally App manual transcription,2022-09-26T00:00:00Z,2022-09-30,quarterly
2022-12-30,rally-roosevelt,,,10.0,0,10000.0,manual:chart_observation:exact:rally_app_chart,chart_observation,exact,Rally App manual transcription,2022-12-30T00:00:00Z,2022-12-31,quarterly
2023-03-31,rally-roosevelt,,,7.0,0,7000.0,manual:chart_observation:exact:rally_app_chart,chart_observation,exact,Rally App manual transcription,2023-03-31T00:00:00Z,2023-03-31,quarterly
2023-06-28,rally-roosevelt,,,20.0,0,20000.0,manual:chart_observation:exact:rally_app_chart,chart_observation,exact,Rally App manual transcription,2023-06-28T00:00:00Z,2023-06-30,quarterly
2023-09-25,rally-roosevelt,,,20.0,0,20000.0,manual:chart_observation:exact:rally_app_chart,chart_observation,exact,Rally App manual transcription,2023-09-25T00:00:00Z,2023-09-30,quarterly
2023-12-29,rally-roosevelt,,,19.95,0,19950.0,manual:chart_observation:exact:rally_app_chart,chart_observation,exact,Rally App manual transcription,2023-12-29T00:00:00Z,2023-12-31,quarterly
2024-03-28,rally-roosevelt,,,13.15,0,13150.0,manual:chart_observation:exact:rally_app_chart,chart_observation,exact,Rally App manual transcription,2024-03-28T00:00:00Z,2024-03-31,quarterly
2024-06-25,rally-roosevelt,,,12.95,0,12950.0,manual:chart_observation:exact:rally_app_chart,chart_observation,exact,Rally App manual transcription,2024-06-25T00:00:00Z,2024-06-30,quarterly
2024-09-30,rally-roosevelt,,,8.05,0,8050.0,manual:chart_observation:exact:rally_app_chart,chart_observation,exact,Rally App manual transcription,2024-09-30T00:00:00Z,2024-09-30,quarterly
2024-12-27,rally-roosevelt,,,13.0,0,13000.0,manual:chart_observation:exact:rally_app_chart,chart_observation,exact,Rally App manual transcription,2024-12-27T00:00:00Z,2024-12-31,quarterly
2025-03-27,rally-roosevelt,,,13.0,0,13000.0,manual:chart_observation:exact:rally_app_chart,chart_observation,exact,Rally App manual transcription,2025-03-27T00:00:00Z,2025-03-31,quarterly
2025-06-24,rally-roosevelt,,,13.0,0,13000.0,manual:chart_observation:exact:rally_app_chart,chart_observation,exact,Rally App manual transcription,2025-06-24T00:00:00Z,2025-06-30,quarterly
2025-09-29,rally-roosevelt,,,8.0,0,8000.0,manual:chart_observation:exact:rally_app_chart,chart_observation,exact,Rally App manual transcription,2025-09-29T00:00:00Z,2025-09-30,quarterly
2025-12-26,rally-roosevelt,,,8.1,0,8100.0,manual:chart_observation:exact:rally_app_chart,chart_observation,exact,Rally App manual transcription,2025-12-26T00:00:00Z,2025-12-31,quarterly
2026-03-25,rally-roosevelt,,,8.1,0,8100.0,manual:chart_observation:exact:rally_app_chart,chart_observation,exact,Rally App manual transcription,2026-03-25T00:00:00Z,2026-03-31,quarterly
2026-06-30,rally-roosevelt,,,19.8,0,19800.0,manual:chart_observation:exact:rally_app_chart,chart_observation,exact,Rally App manual transcription,2026-06-30T00:00:00Z,2026-06-30,quarterly
2022-12-05,rally-sachs1,,,7.0,0,15050.0,manual:chart_observation:exact:manual_research,chart_observation,exact,User-provided manual Rally SACHS1 Art price history,2022-12-05T00:00:00Z,2022-12-31,quarterly
2023-03-31,rally-sachs1,,,5.5,0,11825.0,manual:chart_observation:exact:manual_research,chart_observation,exact,User-provided manual Rally SACHS1 Art price history,2023-03-31T00:00:00Z,2023-03-31,quarterly
2023-06-28,rally-sachs1,,,3.0,0,6450.0,manual:chart_observation:exact:manual_research,chart_observation,exact,User-provided manual Rally SACHS1 Art price history,2023-06-28T00:00:00Z,2023-06-30,quarterly
2023-09-29,rally-sachs1,,,2.3,0,4945.0,manual:chart_observation:exact:manual_research,chart_observation,exact,User-provided manual Rally SACHS1 Art price history,2023-09-29T00:00:00Z,2023-09-30,quarterly
2023-12-29,rally-sachs1,,,1.4,0,3010.0,manual:chart_observation:exact:manual_research,chart_observation,exact,User-provided manual Rally SACHS1 Art price history,2023-12-29T00:00:00Z,2023-12-31,quarterly
2024-03-28,rally-sachs1,,,2.1,0,4515.0,manual:chart_observation:exact:manual_research,chart_observation,exact,User-provided manual Rally SACHS1 Art price history,2024-03-28T00:00:00Z,2024-03-31,quarterly
2024-06-28,rally-sachs1,,,1.4,0,3010.0,manual:chart_observation:exact:manual_research,chart_observation,exact,User-provided manual Rally SACHS1 Art price history,2024-06-28T00:00:00Z,2024-06-30,quarterly
2024-09-30,rally-sachs1,,,2.45,0,5267.5,manual:chart_observation:exact:manual_research,chart_observation,exact,User-provided manual Rally SACHS1 Art price history,2024-09-30T00:00:00Z,2024-09-30,quarterly
2024-12-31,rally-sachs1,,,1.65,0,3547.5,manual:chart_observation:exact:manual_research,chart_observation,exact,User-provided manual Rally SACHS1 Art price history,2024-12-31T00:00:00Z,2024-12-31,quarterly
2025-03-31,rally-sachs1,,,1.6,0,3440.0,manual:chart_observation:exact:manual_research,chart_observation,exact,User-provided manual Rally SACHS1 Art price history,2025-03-31T00:00:00Z,2025-03-31,quarterly
2025-06-27,rally-sachs1,,,1.55,0,3332.5,manual:chart_observation:exact:manual_research,chart_observation,exact,User-provided manual Rally SACHS1 Art price history,2025-06-27T00:00:00Z,2025-06-30,quarterly
2025-09-29,rally-sachs1,,,2.5,0,5375.0,manual:chart_observation:exact:manual_research,chart_observation,exact,User-provided manual Rally SACHS1 Art price history,2025-09-29T00:00:00Z,2025-09-30,quarterly
2025-12-30,rally-sachs1,,,3.1,0,6665.0,manual:chart_observation:exact:manual_research,chart_observation,exact,User-provided manual Rally SACHS1 Art price history,2025-12-30T00:00:00Z,2025-12-31,quarterly
2026-03-27,rally-sachs1,,,2.4,0,5160.0,manual:chart_observation:exact:manual_research,chart_observation,exact,User-provided manual Rally SACHS1 Art price history,2026-03-27T00:00:00Z,2026-03-31,quarterly
2026-06-29,rally-sachs1,,,2.0,0,4300.0,manual:chart_observation:exact:manual_research,chart_observation,exact,User-provided manual Rally SACHS1 Art price history,2026-06-29T00:00:00Z,2026-06-30,quarterly
2020-11-10,rally-shkspr4,,,200.0,0,200000.0,manual:chart_observation:exact:rally_app_chart,chart_observation,exact,Manually transcribed Rally SHKSPR4 price history supplied 2026-07-22,2020-11-10T00:00:00Z,2020-12-31,quarterly
2021-02-09,rally-shkspr4,,,180.25,0,180250.0,manual:chart_observation:exact:rally_app_chart,chart_observation,exact,Manually transcribed Rally SHKSPR4 price history supplied 2026-07-22,2021-02-09T00:00:00Z,2021-03-31,quarterly
2021-04-13,rally-shkspr4,,,103.0,0,103000.0,manual:chart_observation:exact:rally_app_chart,chart_observation,exact,Manually transcribed Rally SHKSPR4 price history supplied 2026-07-22,2021-04-13T00:00:00Z,2021-06-30,quarterly
2021-08-06,rally-shkspr4,,,101.0,0,101000.0,manual:chart_observation:exact:rally_app_chart,chart_observation,exact,Manually transcribed Rally SHKSPR4 price history supplied 2026-07-22,2021-08-06T00:00:00Z,2021-09-30,quarterly
2022-02-07,rally-shkspr4,,,94.95,0,94950.0,manual:chart_observation:exact:rally_app_chart,chart_observation,exact,Manually transcribed Rally SHKSPR4 price history supplied 2026-07-22,2022-02-07T00:00:00Z,2021-12-31,quarterly
2022-03-28,rally-shkspr4,,,56.05,0,56050.0,manual:chart_observation:exact:rally_app_chart,chart_observation,exact,Manually transcribed Rally SHKSPR4 price history supplied 2026-07-22,2022-03-28T00:00:00Z,2022-03-31,quarterly
2022-06-27,rally-shkspr4,,,47.5,0,47500.0,manual:chart_observation:exact:rally_app_chart,chart_observation,exact,Manually transcribed Rally SHKSPR4 price history supplied 2026-07-22,2022-06-27T00:00:00Z,2022-06-30,quarterly
2022-09-30,rally-shkspr4,,,69.7,0,69700.0,manual:chart_observation:exact:rally_app_chart,chart_observation,exact,Manually transcribed Rally SHKSPR4 price history supplied 2026-07-22,2022-09-30T00:00:00Z,2022-09-30,quarterly
2022-12-30,rally-shkspr4,,,69.0,0,69000.0,manual:chart_observation:exact:rally_app_chart,chart_observation,exact,Manually transcribed Rally SHKSPR4 price history supplied 2026-07-22,2022-12-30T00:00:00Z,2022-12-31,quarterly
2023-03-31,rally-shkspr4,,,67.5,0,67500.0,manual:chart_observation:exact:rally_app_chart,chart_observation,exact,Manually transcribed Rally SHKSPR4 price history supplied 2026-07-22,2023-03-31T00:00:00Z,2023-03-31,quarterly
2023-06-29,rally-shkspr4,,,58.25,0,58250.0,manual:chart_observation:exact:rally_app_chart,chart_observation,exact,Manually transcribed Rally SHKSPR4 price history supplied 2026-07-22,2023-06-29T00:00:00Z,2023-06-30,quarterly
2023-09-27,rally-shkspr4,,,60.0,0,60000.0,manual:chart_observation:exact:rally_app_chart,chart_observation,exact,Manually transcribed Rally SHKSPR4 price history supplied 2026-07-22,2023-09-27T00:00:00Z,2023-09-30,quarterly
2023-12-29,rally-shkspr4,,,60.0,0,60000.0,manual:chart_observation:exact:rally_app_chart,chart_observation,exact,Manually transcribed Rally SHKSPR4 price history supplied 2026-07-22,2023-12-29T00:00:00Z,2023-12-31,quarterly
2024-03-26,rally-shkspr4,,,67.0,0,67000.0,manual:chart_observation:exact:rally_app_chart,chart_observation,exact,Manually transcribed Rally SHKSPR4 price history supplied 2026-07-22,2024-03-26T00:00:00Z,2024-03-31,quarterly
2024-06-24,rally-shkspr4,,,76.0,0,76000.0,manual:chart_observation:exact:rally_app_chart,chart_observation,exact,Manually transcribed Rally SHKSPR4 price history supplied 2026-07-22,2024-06-24T00:00:00Z,2024-06-30,quarterly
2024-09-30,rally-shkspr4,,,77.0,0,77000.0,manual:chart_observation:exact:rally_app_chart,chart_observation,exact,Manually transcribed Rally SHKSPR4 price history supplied 2026-07-22,2024-09-30T00:00:00Z,2024-09-30,quarterly
2024-12-30,rally-shkspr4,,,76.75,0,76750.0,manual:chart_observation:exact:rally_app_chart,chart_observation,exact,Manually transcribed Rally SHKSPR4 price history supplied 2026-07-22,2024-12-30T00:00:00Z,2024-12-31,quarterly
2025-03-28,rally-shkspr4,,,97.0,0,97000.0,manual:chart_observation:exact:rally_app_chart,chart_observation,exact,Manually transcribed Rally SHKSPR4 price history supplied 2026-07-22,2025-03-28T00:00:00Z,2025-03-31,quarterly
2025-06-27,rally-shkspr4,,,80.0,0,80000.0,manual:chart_observation:exact:rally_app_chart,chart_observation,exact,Manually transcribed Rally SHKSPR4 price history supplied 2026-07-22,2025-06-27T00:00:00Z,2025-06-30,quarterly
2025-09-26,rally-shkspr4,,,86.95,0,86950.0,manual:chart_observation:exact:rally_app_chart,chart_observation,exact,Manually transcribed Rally SHKSPR4 price history supplied 2026-07-22,2025-09-26T00:00:00Z,2025-09-30,quarterly
2025-12-26,rally-shkspr4,,,84.0,0,84000.0,manual:chart_observation:exact:rally_app_chart,chart_observation,exact,Manually transcribed Rally SHKSPR4 price history supplied 2026-07-22,2025-12-26T00:00:00Z,2025-12-31,quarterly
2026-03-26,rally-shkspr4,,,83.0,0,83000.0,manual:chart_observation:exact:rally_app_chart,chart_observation,exact,Manually transcribed Rally SHKSPR4 price history supplied 2026-07-22,2026-03-26T00:00:00Z,2026-03-31,quarterly
2026-06-24,rally-shkspr4,,,75.0,0,75000.0,manual:chart_observation:exact:rally_app_chart,chart_observation,exact,Manually transcribed Rally SHKSPR4 price history supplied 2026-07-22,2026-06-24T00:00:00Z,2026-06-30,quarterly
2020-05-05,rally-smurf,,,18.0,0,36000.0,manual:chart_observation:exact:rally_app_chart,chart_observation,exact,Rally App,2020-05-05T00:00:00Z,2020-03-31,quarterly
2020-11-17,rally-smurf,,,18.0,0,36000.0,manual:chart_observation:exact:rally_app_chart,chart_observation,exact,Rally App,2020-11-17T00:00:00Z,2020-09-30,quarterly
2021-02-09,rally-smurf,,,25.0,0,50000.0,manual:chart_observation:exact:rally_app_chart,chart_observation,exact,Rally App,2021-02-09T00:00:00Z,2020-12-31,quarterly
2021-05-28,rally-smurf,,,25.0,0,50000.0,manual:chart_observation:exact:rally_app_chart,chart_observation,exact,Rally App,2021-05-28T00:00:00Z,2021-03-31,quarterly
2021-08-16,rally-smurf,,,27.0,0,54000.0,manual:chart_observation:exact:rally_app_chart,chart_observation,exact,Rally App,2021-08-16T00:00:00Z,2021-06-30,quarterly
2022-03-25,rally-smurf,,,18.75,0,37500.0,manual:chart_observation:exact:rally_app_chart,chart_observation,exact,Rally App,2022-03-25T00:00:00Z,2022-03-31,quarterly
2022-06-30,rally-smurf,,,17.0,0,34000.0,manual:chart_observation:exact:rally_app_chart,chart_observation,exact,Rally App,2022-06-30T00:00:00Z,2022-06-30,quarterly
2022-09-26,rally-smurf,,,15.0,0,30000.0,manual:chart_observation:exact:rally_app_chart,chart_observation,exact,Rally App,2022-09-26T00:00:00Z,2022-09-30,quarterly
2022-12-30,rally-smurf,,,18.0,0,36000.0,manual:chart_observation:exact:rally_app_chart,chart_observation,exact,Rally App,2022-12-30T00:00:00Z,2022-12-31,quarterly
2023-03-29,rally-smurf,,,20.15,0,40300.0,manual:chart_observation:exact:rally_app_chart,chart_observation,exact,Rally App,2023-03-29T00:00:00Z,2023-03-31,quarterly
2023-06-26,rally-smurf,,,21.0,0,42000.0,manual:chart_observation:exact:rally_app_chart,chart_observation,exact,Rally App,2023-06-26T00:00:00Z,2023-06-30,quarterly
2023-09-29,rally-smurf,,,19.0,0,38000.0,manual:chart_observation:exact:rally_app_chart,chart_observation,exact,Rally App,2023-09-29T00:00:00Z,2023-09-30,quarterly
2023-12-27,rally-smurf,,,15.0,0,30000.0,manual:chart_observation:exact:rally_app_chart,chart_observation,exact,Rally App,2023-12-27T00:00:00Z,2023-12-31,quarterly
2024-03-25,rally-smurf,,,16.8,0,33600.0,manual:chart_observation:exact:rally_app_chart,chart_observation,exact,Rally App,2024-03-25T00:00:00Z,2024-03-31,quarterly
2024-06-28,rally-smurf,,,16.65,0,33300.0,manual:chart_observation:exact:rally_app_chart,chart_observation,exact,Rally App,2024-06-28T00:00:00Z,2024-06-30,quarterly
2024-09-25,rally-smurf,,,17.25,0,34500.0,manual:chart_observation:exact:rally_app_chart,chart_observation,exact,Rally App,2024-09-25T00:00:00Z,2024-09-30,quarterly
2024-12-30,rally-smurf,,,17.5,0,35000.0,manual:chart_observation:exact:rally_app_chart,chart_observation,exact,Rally App,2024-12-30T00:00:00Z,2024-12-31,quarterly
2025-03-28,rally-smurf,,,18.5,0,37000.0,manual:chart_observation:exact:rally_app_chart,chart_observation,exact,Rally App,2025-03-28T00:00:00Z,2025-03-31,quarterly
2025-06-25,rally-smurf,,,18.5,0,37000.0,manual:chart_observation:exact:rally_app_chart,chart_observation,exact,Rally App,2025-06-25T00:00:00Z,2025-06-30,quarterly
2025-09-29,rally-smurf,,,18.45,0,36900.0,manual:chart_observation:exact:rally_app_chart,chart_observation,exact,Rally App,2025-09-29T00:00:00Z,2025-09-30,quarterly
2025-12-26,rally-smurf,,,16.35,0,32700.0,manual:chart_observation:exact:rally_app_chart,chart_observation,exact,Rally App,2025-12-26T00:00:00Z,2025-12-31,quarterly
2026-03-24,rally-smurf,,,17.5,0,35000.0,manual:chart_observation:exact:rally_app_chart,chart_observation,exact,Rally App,2026-03-24T00:00:00Z,2026-03-31,quarterly
2026-06-29,rally-smurf,,,18.05,0,36100.0,manual:chart_observation:exact:rally_app_chart,chart_observation,exact,Rally App,2026-06-29T00:00:00Z,2026-06-30,quarterly
2020-08-18,rally-snoopy,,,17.95,0,35900.0,manual:chart_observation:exact:rally_app_chart,chart_observation,exact,Rally App,2020-08-18T00:00:00Z,2020-09-30,quarterly
2020-12-01,rally-snoopy,,,18.0,0,36000.0,manual:chart_observation:exact:rally_app_chart,chart_observation,exact,Rally App,2020-12-01T00:00:00Z,2020-12-31,quarterly
2021-02-18,rally-snoopy,,,18.0,0,36000.0,manual:chart_observation:exact:rally_app_chart,chart_observation,exact,Rally App,2021-02-18T00:00:00Z,2021-03-31,quarterly
2021-04-22,rally-snoopy,,,18.0,0,36000.0,manual:chart_observation:exact:rally_app_chart,chart_observation,exact,Rally App,2021-04-22T00:00:00Z,2021-06-30,quarterly
2021-09-24,rally-snoopy,,,22.2,0,44400.0,manual:chart_observation:exact:rally_app_chart,chart_observation,exact,Rally App,2021-09-24T00:00:00Z,2021-09-30,quarterly
2022-01-10,rally-snoopy,,,19.2,0,38400.0,manual:chart_observation:exact:rally_app_chart,chart_observation,exact,Rally App,2022-01-10T00:00:00Z,2021-12-31,quarterly
2022-03-28,rally-snoopy,,,19.0,0,38000.0,manual:chart_observation:exact:rally_app_chart,chart_observation,exact,Rally App,2022-03-28T00:00:00Z,2022-03-31,quarterly
2022-06-27,rally-snoopy,,,13.5,0,27000.0,manual:chart_observation:exact:rally_app_chart,chart_observation,exact,Rally App,2022-06-27T00:00:00Z,2022-06-30,quarterly
2022-09-26,rally-snoopy,,,10.0,0,20000.0,manual:chart_observation:exact:rally_app_chart,chart_observation,exact,Rally App,2022-09-26T00:00:00Z,2022-09-30,quarterly
2022-12-27,rally-snoopy,,,16.15,0,32300.0,manual:chart_observation:exact:rally_app_chart,chart_observation,exact,Rally App,2022-12-27T00:00:00Z,2022-12-31,quarterly
2023-03-27,rally-snoopy,,,16.75,0,33500.0,manual:chart_observation:exact:rally_app_chart,chart_observation,exact,Rally App,2023-03-27T00:00:00Z,2023-03-31,quarterly
2023-06-30,rally-snoopy,,,15.0,0,30000.0,manual:chart_observation:exact:rally_app_chart,chart_observation,exact,Rally App,2023-06-30T00:00:00Z,2023-06-30,quarterly
2023-09-29,rally-snoopy,,,12.7,0,25400.0,manual:chart_observation:exact:rally_app_chart,chart_observation,exact,Rally App,2023-09-29T00:00:00Z,2023-09-30,quarterly
2023-12-29,rally-snoopy,,,13.0,0,26000.0,manual:chart_observation:exact:rally_app_chart,chart_observation,exact,Rally App,2023-12-29T00:00:00Z,2023-12-31,quarterly
2024-03-28,rally-snoopy,,,15.0,0,30000.0,manual:chart_observation:exact:rally_app_chart,chart_observation,exact,Rally App,2024-03-28T00:00:00Z,2024-03-31,quarterly
2024-06-28,rally-snoopy,,,13.5,0,27000.0,manual:chart_observation:exact:rally_app_chart,chart_observation,exact,Rally App,2024-06-28T00:00:00Z,2024-06-30,quarterly
2024-09-26,rally-snoopy,,,13.5,0,27000.0,manual:chart_observation:exact:rally_app_chart,chart_observation,exact,Rally App,2024-09-26T00:00:00Z,2024-09-30,quarterly
2024-12-26,rally-snoopy,,,12.25,0,24500.0,manual:chart_observation:exact:rally_app_chart,chart_observation,exact,Rally App,2024-12-26T00:00:00Z,2024-12-31,quarterly
2025-03-26,rally-snoopy,,,14.0,0,28000.0,manual:chart_observation:exact:rally_app_chart,chart_observation,exact,Rally App,2025-03-26T00:00:00Z,2025-03-31,quarterly
2025-06-25,rally-snoopy,,,12.1,0,24200.0,manual:chart_observation:exact:rally_app_chart,chart_observation,exact,Rally App,2025-06-25T00:00:00Z,2025-06-30,quarterly
2025-09-30,rally-snoopy,,,14.5,0,29000.0,manual:chart_observation:exact:rally_app_chart,chart_observation,exact,Rally App,2025-09-30T00:00:00Z,2025-09-30,quarterly
2025-12-30,rally-snoopy,,,14.5,0,29000.0,manual:chart_observation:exact:rally_app_chart,chart_observation,exact,Rally App,2025-12-30T00:00:00Z,2025-12-31,quarterly
2026-03-30,rally-snoopy,,,11.75,0,23500.0,manual:chart_observation:exact:rally_app_chart,chart_observation,exact,Rally App,2026-03-30T00:00:00Z,2026-03-31,quarterly
2026-06-29,rally-snoopy,,,13.75,0,27500.0,manual:chart_observation:exact:rally_app_chart,chart_observation,exact,Rally App,2026-06-29T00:00:00Z,2026-06-30,quarterly
2021-01-05,rally-soblack,,,56.5,0,56500.0,manual:chart_observation:exact:rally_app_chart,chart_observation,exact,Rally App,2021-01-05T00:00:00Z,2020-12-31,quarterly
2021-03-16,rally-soblack,,,35.0,0,35000.0,manual:chart_observation:exact:rally_app_chart,chart_observation,exact,Rally App,2021-03-16T00:00:00Z,2021-03-31,quarterly
2021-05-31,rally-soblack,,,34.0,0,34000.0,manual:chart_observation:exact:rally_app_chart,chart_observation,exact,Rally App,2021-05-31T00:00:00Z,2021-06-30,quarterly
2021-08-17,rally-soblack,,,50.0,0,50000.0,manual:chart_observation:exact:rally_app_chart,chart_observation,exact,Rally App,2021-08-17T00:00:00Z,2021-09-30,quarterly
2021-10-15,rally-soblack,,,56.0,0,56000.0,manual:chart_observation:exact:rally_app_chart,chart_observation,exact,Rally App,2021-10-15T00:00:00Z,2021-12-31,quarterly
2022-03-28,rally-soblack,,,38.0,0,38000.0,manual:chart_observation:exact:rally_app_chart,chart_observation,exact,Rally App,2022-03-28T00:00:00Z,2022-03-31,quarterly
2022-06-27,rally-soblack,,,35.0,0,35000.0,manual:chart_observation:exact:rally_app_chart,chart_observation,exact,Rally App,2022-06-27T00:00:00Z,2022-06-30,quarterly
2022-09-26,rally-soblack,,,38.0,0,38000.0,manual:chart_observation:exact:rally_app_chart,chart_observation,exact,Rally App,2022-09-26T00:00:00Z,2022-09-30,quarterly
2022-12-30,rally-soblack,,,26.6,0,26600.0,manual:chart_observation:exact:rally_app_chart,chart_observation,exact,Rally App,2022-12-30T00:00:00Z,2022-12-31,quarterly
2023-03-24,rally-soblack,,,30.25,0,30250.0,manual:chart_observation:exact:rally_app_chart,chart_observation,exact,Rally App,2023-03-24T00:00:00Z,2023-03-31,quarterly
2023-06-30,rally-soblack,,,36.5,0,36500.0,manual:chart_observation:exact:rally_app_chart,chart_observation,exact,Rally App,2023-06-30T00:00:00Z,2023-06-30,quarterly
2023-09-29,rally-soblack,,,41.0,0,41000.0,manual:chart_observation:exact:rally_app_chart,chart_observation,exact,Rally App,2023-09-29T00:00:00Z,2023-09-30,quarterly
2023-12-28,rally-soblack,,,27.5,0,27500.0,manual:chart_observation:exact:rally_app_chart,chart_observation,exact,Rally App,2023-12-28T00:00:00Z,2023-12-31,quarterly
2024-03-28,rally-soblack,,,28.0,0,28000.0,manual:chart_observation:exact:rally_app_chart,chart_observation,exact,Rally App,2024-03-28T00:00:00Z,2024-03-31,quarterly
2024-06-26,rally-soblack,,,28.0,0,28000.0,manual:chart_observation:exact:rally_app_chart,chart_observation,exact,Rally App,2024-06-26T00:00:00Z,2024-06-30,quarterly
2024-09-25,rally-soblack,,,28.0,0,28000.0,manual:chart_observation:exact:rally_app_chart,chart_observation,exact,Rally App,2024-09-25T00:00:00Z,2024-09-30,quarterly
2024-12-24,rally-soblack,,,31.0,0,31000.0,manual:chart_observation:exact:rally_app_chart,chart_observation,exact,Rally App,2024-12-24T00:00:00Z,2024-12-31,quarterly
2025-03-31,rally-soblack,,,28.2,0,28200.0,manual:chart_observation:exact:rally_app_chart,chart_observation,exact,Rally App,2025-03-31T00:00:00Z,2025-03-31,quarterly
2025-06-30,rally-soblack,,,44.0,0,44000.0,manual:chart_observation:exact:rally_app_chart,chart_observation,exact,Rally App,2025-06-30T00:00:00Z,2025-06-30,quarterly
2025-09-29,rally-soblack,,,50.0,0,50000.0,manual:chart_observation:exact:rally_app_chart,chart_observation,exact,Rally App,2025-09-29T00:00:00Z,2025-09-30,quarterly
2025-12-29,rally-soblack,,,42.0,0,42000.0,manual:chart_observation:exact:rally_app_chart,chart_observation,exact,Rally App,2025-12-29T00:00:00Z,2025-12-31,quarterly
2026-03-30,rally-soblack,,,40.0,0,40000.0,manual:chart_observation:exact:rally_app_chart,chart_observation,exact,Rally App,2026-03-30T00:00:00Z,2026-03-31,quarterly
2026-06-26,rally-soblack,,,35.05,0,35050.0,manual:chart_observation:exact:rally_app_chart,chart_observation,exact,Rally App,2026-06-26T00:00:00Z,2026-06-30,quarterly
2021-04-13,rally-tkam,,,15.0,0,30000.0,manual:chart_observation:exact:manual_research,chart_observation,exact,user-provided manual Rally TKAM price history,2021-04-13T00:00:00Z,2021-03-31,quarterly
2021-09-01,rally-tkam,,,18.0,0,36000.0,manual:chart_observation:exact:manual_research,chart_observation,exact,user-provided manual Rally TKAM price history,2021-09-01T00:00:00Z,2021-09-30,quarterly
2022-01-18,rally-tkam,,,15.0,0,30000.0,manual:chart_observation:exact:manual_research,chart_observation,exact,user-provided manual Rally TKAM price history,2022-01-18T00:00:00Z,2021-12-31,quarterly
2022-03-25,rally-tkam,,,8.5,0,17000.0,manual:chart_observation:exact:manual_research,chart_observation,exact,user-provided manual Rally TKAM price history,2022-03-25T00:00:00Z,2022-03-31,quarterly
2022-06-30,rally-tkam,,,12.95,0,25900.0,manual:chart_observation:exact:manual_research,chart_observation,exact,user-provided manual Rally TKAM price history,2022-06-30T00:00:00Z,2022-06-30,quarterly
2022-09-27,rally-tkam,,,12.75,0,25500.0,manual:chart_observation:exact:manual_research,chart_observation,exact,user-provided manual Rally TKAM price history,2022-09-27T00:00:00Z,2022-09-30,quarterly
2022-12-30,rally-tkam,,,12.15,0,24300.0,manual:chart_observation:exact:manual_research,chart_observation,exact,user-provided manual Rally TKAM price history,2022-12-30T00:00:00Z,2022-12-31,quarterly
2023-03-31,rally-tkam,,,11.95,0,23900.0,manual:chart_observation:exact:manual_research,chart_observation,exact,user-provided manual Rally TKAM price history,2023-03-31T00:00:00Z,2023-03-31,quarterly
2023-06-28,rally-tkam,,,12.05,0,24100.0,manual:chart_observation:exact:manual_research,chart_observation,exact,user-provided manual Rally TKAM price history,2023-06-28T00:00:00Z,2023-06-30,quarterly
2023-09-25,rally-tkam,,,8.55,0,17100.0,manual:chart_observation:exact:manual_research,chart_observation,exact,user-provided manual Rally TKAM price history,2023-09-25T00:00:00Z,2023-09-30,quarterly
2023-12-29,rally-tkam,,,10.0,0,20000.0,manual:chart_observation:exact:manual_research,chart_observation,exact,user-provided manual Rally TKAM price history,2023-12-29T00:00:00Z,2023-12-31,quarterly
2024-03-28,rally-tkam,,,9.5,0,19000.0,manual:chart_observation:exact:manual_research,chart_observation,exact,user-provided manual Rally TKAM price history,2024-03-28T00:00:00Z,2024-03-31,quarterly
2024-06-26,rally-tkam,,,11.0,0,22000.0,manual:chart_observation:exact:manual_research,chart_observation,exact,user-provided manual Rally TKAM price history,2024-06-26T00:00:00Z,2024-06-30,quarterly
2024-09-30,rally-tkam,,,11.4,0,22800.0,manual:chart_observation:exact:manual_research,chart_observation,exact,user-provided manual Rally TKAM price history,2024-09-30T00:00:00Z,2024-09-30,quarterly
2024-12-27,rally-tkam,,,11.1,0,22200.0,manual:chart_observation:exact:manual_research,chart_observation,exact,user-provided manual Rally TKAM price history,2024-12-27T00:00:00Z,2024-12-31,quarterly
2025-03-27,rally-tkam,,,11.1,0,22200.0,manual:chart_observation:exact:manual_research,chart_observation,exact,user-provided manual Rally TKAM price history,2025-03-27T00:00:00Z,2025-03-31,quarterly
2025-06-30,rally-tkam,,,10.75,0,21500.0,manual:chart_observation:exact:manual_research,chart_observation,exact,user-provided manual Rally TKAM price history,2025-06-30T00:00:00Z,2025-06-30,quarterly
2025-09-26,rally-tkam,,,10.0,0,20000.0,manual:chart_observation:exact:manual_research,chart_observation,exact,user-provided manual Rally TKAM price history,2025-09-26T00:00:00Z,2025-09-30,quarterly
2025-12-26,rally-tkam,,,10.0,0,20000.0,manual:chart_observation:exact:manual_research,chart_observation,exact,user-provided manual Rally TKAM price history,2025-12-26T00:00:00Z,2025-12-31,quarterly
2026-03-31,rally-tkam,,,10.0,0,20000.0,manual:chart_observation:exact:manual_research,chart_observation,exact,user-provided manual Rally TKAM price history,2026-03-31T00:00:00Z,2026-03-31,quarterly
2026-06-29,rally-tkam,,,12.5,0,25000.0,manual:chart_observation:exact:manual_research,chart_observation,exact,user-provided manual Rally TKAM price history,2026-06-29T00:00:00Z,2026-06-30,quarterly
2021-11-01,rally-tornek,,,4.0,0,132000.0,manual:chart_observation:exact:rally_app_chart,chart_observation,exact,Rally App,2021-11-01T00:00:00Z,2021-09-30,quarterly
2022-01-31,rally-tornek,,,3.0,0,99000.0,manual:chart_observation:exact:rally_app_chart,chart_observation,exact,Rally App,2022-01-31T00:00:00Z,2021-12-31,quarterly
2022-03-28,rally-tornek,,,2.55,0,84150.0,manual:chart_observation:exact:rally_app_chart,chart_observation,exact,Rally App,2022-03-28T00:00:00Z,2022-03-31,quarterly
2022-06-30,rally-tornek,,,2.7,0,89100.0,manual:chart_observation:exact:rally_app_chart,chart_observation,exact,Rally App,2022-06-30T00:00:00Z,2022-06-30,quarterly
2022-09-30,rally-tornek,,,2.75,0,90750.0,manual:chart_observation:exact:rally_app_chart,chart_observation,exact,Rally App,2022-09-30T00:00:00Z,2022-09-30,quarterly
2022-12-28,rally-tornek,,,2.95,0,97350.0,manual:chart_observation:exact:rally_app_chart,chart_observation,exact,Rally App,2022-12-28T00:00:00Z,2022-12-31,quarterly
2023-03-31,rally-tornek,,,3.1,0,102300.0,manual:chart_observation:exact:rally_app_chart,chart_observation,exact,Rally App,2023-03-31T00:00:00Z,2023-03-31,quarterly
2023-06-27,rally-tornek,,,3.0,0,99000.0,manual:chart_observation:exact:rally_app_chart,chart_observation,exact,Rally App,2023-06-27T00:00:00Z,2023-06-30,quarterly
2023-09-29,rally-tornek,,,2.8,0,92400.0,manual:chart_observation:exact:rally_app_chart,chart_observation,exact,Rally App,2023-09-29T00:00:00Z,2023-09-30,quarterly
2023-12-29,rally-tornek,,,1.9,0,62700.0,manual:chart_observation:exact:rally_app_chart,chart_observation,exact,Rally App,2023-12-29T00:00:00Z,2023-12-31,quarterly
2024-03-28,rally-tornek,,,2.75,0,90750.0,manual:chart_observation:exact:rally_app_chart,chart_observation,exact,Rally App,2024-03-28T00:00:00Z,2024-03-31,quarterly
2024-06-24,rally-tornek,,,2.6,0,85800.0,manual:chart_observation:exact:rally_app_chart,chart_observation,exact,Rally App,2024-06-24T00:00:00Z,2024-06-30,quarterly
2024-09-25,rally-tornek,,,2.7,0,89100.0,manual:chart_observation:exact:rally_app_chart,chart_observation,exact,Rally App,2024-09-25T00:00:00Z,2024-09-30,quarterly
2024-12-27,rally-tornek,,,2.55,0,84150.0,manual:chart_observation:exact:rally_app_chart,chart_observation,exact,Rally App,2024-12-27T00:00:00Z,2024-12-31,quarterly
2025-03-25,rally-tornek,,,2.5,0,82500.0,manual:chart_observation:exact:rally_app_chart,chart_observation,exact,Rally App,2025-03-25T00:00:00Z,2025-03-31,quarterly
2025-06-27,rally-tornek,,,2.3,0,75900.0,manual:chart_observation:exact:rally_app_chart,chart_observation,exact,Rally App,2025-06-27T00:00:00Z,2025-06-30,quarterly
2025-09-29,rally-tornek,,,2.4,0,79200.0,manual:chart_observation:exact:rally_app_chart,chart_observation,exact,Rally App,2025-09-29T00:00:00Z,2025-09-30,quarterly
2025-12-31,rally-tornek,,,2.55,0,84150.0,manual:chart_observation:exact:rally_app_chart,chart_observation,exact,Rally App,2025-12-31T00:00:00Z,2025-12-31,quarterly
2026-03-30,rally-tornek,,,2.5,0,82500.0,manual:chart_observation:exact:rally_app_chart,chart_observation,exact,Rally App,2026-03-30T00:00:00Z,2026-03-31,quarterly
2026-06-24,rally-tornek,,,2.35,0,77550.0,manual:chart_observation:exact:rally_app_chart,chart_observation,exact,Rally App,2026-06-24T00:00:00Z,2026-06-30,quarterly
2022-12-30,rally-treasure,,,2.55,0,11475.0,manual:chart_observation:exact:manual_research,chart_observation,exact,user-provided manual Rally TREASURE price history,2022-12-30T00:00:00Z,2022-12-31,quarterly
2023-03-30,rally-treasure,,,4.5,0,20250.0,manual:chart_observation:exact:manual_research,chart_observation,exact,user-provided manual Rally TREASURE price history,2023-03-30T00:00:00Z,2023-03-31,quarterly
2023-06-30,rally-treasure,,,3.4,0,15300.0,manual:chart_observation:exact:manual_research,chart_observation,exact,user-provided manual Rally TREASURE price history,2023-06-30T00:00:00Z,2023-06-30,quarterly
2023-09-28,rally-treasure,,,4.25,0,19125.0,manual:chart_observation:exact:manual_research,chart_observation,exact,user-provided manual Rally TREASURE price history,2023-09-28T00:00:00Z,2023-09-30,quarterly
2023-12-29,rally-treasure,,,3.9,0,17550.0,manual:chart_observation:exact:manual_research,chart_observation,exact,user-provided manual Rally TREASURE price history,2023-12-29T00:00:00Z,2023-12-31,quarterly
2024-03-27,rally-treasure,,,3.75,0,16875.0,manual:chart_observation:exact:manual_research,chart_observation,exact,user-provided manual Rally TREASURE price history,2024-03-27T00:00:00Z,2024-03-31,quarterly
2024-06-28,rally-treasure,,,3.5,0,15750.0,manual:chart_observation:exact:manual_research,chart_observation,exact,user-provided manual Rally TREASURE price history,2024-06-28T00:00:00Z,2024-06-30,quarterly
2024-09-30,rally-treasure,,,3.4,0,15300.0,manual:chart_observation:exact:manual_research,chart_observation,exact,user-provided manual Rally TREASURE price history,2024-09-30T00:00:00Z,2024-09-30,quarterly
2024-12-31,rally-treasure,,,2.15,0,9675.0,manual:chart_observation:exact:manual_research,chart_observation,exact,user-provided manual Rally TREASURE price history,2024-12-31T00:00:00Z,2024-12-31,quarterly
2025-03-31,rally-treasure,,,3.3,0,14850.0,manual:chart_observation:exact:manual_research,chart_observation,exact,user-provided manual Rally TREASURE price history,2025-03-31T00:00:00Z,2025-03-31,quarterly
2025-06-26,rally-treasure,,,2.8,0,12600.0,manual:chart_observation:exact:manual_research,chart_observation,exact,user-provided manual Rally TREASURE price history,2025-06-26T00:00:00Z,2025-06-30,quarterly
2025-09-26,rally-treasure,,,2.85,0,12825.0,manual:chart_observation:exact:manual_research,chart_observation,exact,user-provided manual Rally TREASURE price history,2025-09-26T00:00:00Z,2025-09-30,quarterly
2025-12-29,rally-treasure,,,2.85,0,12825.0,manual:chart_observation:exact:manual_research,chart_observation,exact,user-provided manual Rally TREASURE price history,2025-12-29T00:00:00Z,2025-12-31,quarterly
2026-03-27,rally-treasure,,,3.0,0,13500.0,manual:chart_observation:exact:manual_research,chart_observation,exact,user-provided manual Rally TREASURE price history,2026-03-27T00:00:00Z,2026-03-31,quarterly
2026-06-29,rally-treasure,,,3.1,0,13950.0,manual:chart_observation:exact:manual_research,chart_observation,exact,user-provided manual Rally TREASURE price history,2026-06-29T00:00:00Z,2026-06-30,quarterly
2020-04-14,rally-twocities,,,85.0,0,17000.0,manual:chart_observation:exact:manual_research,chart_observation,exact,user-provided manual Rally TWOCITIES price history,2020-04-14T00:00:00Z,2020-03-31,quarterly
2020-07-21,rally-twocities,,,91.5,0,18300.0,manual:chart_observation:exact:manual_research,chart_observation,exact,user-provided manual Rally TWOCITIES price history,2020-07-21T00:00:00Z,2020-06-30,quarterly
2020-10-20,rally-twocities,,,102.5,0,20500.0,manual:chart_observation:exact:manual_research,chart_observation,exact,user-provided manual Rally TWOCITIES price history,2020-10-20T00:00:00Z,2020-09-30,quarterly
2021-01-21,rally-twocities,,,145.0,0,29000.0,manual:chart_observation:exact:manual_research,chart_observation,exact,user-provided manual Rally TWOCITIES price history,2021-01-21T00:00:00Z,2020-12-31,quarterly
2021-03-25,rally-twocities,,,140.0,0,28000.0,manual:chart_observation:exact:manual_research,chart_observation,exact,user-provided manual Rally TWOCITIES price history,2021-03-25T00:00:00Z,2021-03-31,quarterly
2021-06-14,rally-twocities,,,140.0,0,28000.0,manual:chart_observation:exact:manual_research,chart_observation,exact,user-provided manual Rally TWOCITIES price history,2021-06-14T00:00:00Z,2021-06-30,quarterly
2021-10-12,rally-twocities,,,145.0,0,29000.0,manual:chart_observation:exact:manual_research,chart_observation,exact,user-provided manual Rally TWOCITIES price history,2021-10-12T00:00:00Z,2021-09-30,quarterly
2022-02-14,rally-twocities,,,145.0,0,29000.0,manual:chart_observation:exact:manual_research,chart_observation,exact,user-provided manual Rally TWOCITIES price history,2022-02-14T00:00:00Z,2021-12-31,quarterly
2022-03-25,rally-twocities,,,82.0,0,16400.0,manual:chart_observation:exact:manual_research,chart_observation,exact,user-provided manual Rally TWOCITIES price history,2022-03-25T00:00:00Z,2022-03-31,quarterly
2022-06-30,rally-twocities,,,101.95,0,20390.0,manual:chart_observation:exact:manual_research,chart_observation,exact,user-provided manual Rally TWOCITIES price history,2022-06-30T00:00:00Z,2022-06-30,quarterly
2022-09-27,rally-twocities,,,89.95,0,17990.0,manual:chart_observation:exact:manual_research,chart_observation,exact,user-provided manual Rally TWOCITIES price history,2022-09-27T00:00:00Z,2022-09-30,quarterly
2022-12-27,rally-twocities,,,89.9,0,17980.0,manual:chart_observation:exact:manual_research,chart_observation,exact,user-provided manual Rally TWOCITIES price history,2022-12-27T00:00:00Z,2022-12-31,quarterly
2023-03-31,rally-twocities,,,89.9,0,17980.0,manual:chart_observation:exact:manual_research,chart_observation,exact,user-provided manual Rally TWOCITIES price history,2023-03-31T00:00:00Z,2023-03-31,quarterly
2023-06-29,rally-twocities,,,89.9,0,17980.0,manual:chart_observation:exact:manual_research,chart_observation,exact,user-provided manual Rally TWOCITIES price history,2023-06-29T00:00:00Z,2023-06-30,quarterly
2023-09-26,rally-twocities,,,72.4,0,14480.0,manual:chart_observation:exact:manual_research,chart_observation,exact,user-provided manual Rally TWOCITIES price history,2023-09-26T00:00:00Z,2023-09-30,quarterly
2023-12-29,rally-twocities,,,51.0,0,10200.0,manual:chart_observation:exact:manual_research,chart_observation,exact,user-provided manual Rally TWOCITIES price history,2023-12-29T00:00:00Z,2023-12-31,quarterly
2024-03-28,rally-twocities,,,60.0,0,12000.0,manual:chart_observation:exact:manual_research,chart_observation,exact,user-provided manual Rally TWOCITIES price history,2024-03-28T00:00:00Z,2024-03-31,quarterly
2024-06-27,rally-twocities,,,60.0,0,12000.0,manual:chart_observation:exact:manual_research,chart_observation,exact,user-provided manual Rally TWOCITIES price history,2024-06-27T00:00:00Z,2024-06-30,quarterly
2024-09-24,rally-twocities,,,45.5,0,9100.0,manual:chart_observation:exact:manual_research,chart_observation,exact,user-provided manual Rally TWOCITIES price history,2024-09-24T00:00:00Z,2024-09-30,quarterly
2024-12-30,rally-twocities,,,45.5,0,9100.0,manual:chart_observation:exact:manual_research,chart_observation,exact,user-provided manual Rally TWOCITIES price history,2024-12-30T00:00:00Z,2024-12-31,quarterly
2025-03-28,rally-twocities,,,45.5,0,9100.0,manual:chart_observation:exact:manual_research,chart_observation,exact,user-provided manual Rally TWOCITIES price history,2025-03-28T00:00:00Z,2025-03-31,quarterly
2025-06-25,rally-twocities,,,46.65,0,9330.0,manual:chart_observation:exact:manual_research,chart_observation,exact,user-provided manual Rally TWOCITIES price history,2025-06-25T00:00:00Z,2025-06-30,quarterly
2025-09-30,rally-twocities,,,52.5,0,10500.0,manual:chart_observation:exact:manual_research,chart_observation,exact,user-provided manual Rally TWOCITIES price history,2025-09-30T00:00:00Z,2025-09-30,quarterly
2025-12-29,rally-twocities,,,52.5,0,10500.0,manual:chart_observation:exact:manual_research,chart_observation,exact,user-provided manual Rally TWOCITIES price history,2025-12-29T00:00:00Z,2025-12-31,quarterly
2026-03-27,rally-twocities,,,68.0,0,13600.0,manual:chart_observation:exact:manual_research,chart_observation,exact,user-provided manual Rally TWOCITIES price history,2026-03-27T00:00:00Z,2026-03-31,quarterly
2026-07-02,rally-twocities,,,68.0,0,13600.0,manual:chart_observation:exact:manual_research,chart_observation,exact,user-provided manual Rally TWOCITIES price history,2026-07-02T00:00:00Z,2026-06-30,quarterly
2020-06-16,rally-ulysses,,,61.0,0,30500.0,manual:chart_observation:exact:manual_research,chart_observation,exact,user-provided manual Rally ULYSSES price history,2020-06-16T00:00:00Z,2020-06-30,quarterly
2020-09-22,rally-ulysses,,,61.0,0,30500.0,manual:chart_observation:exact:manual_research,chart_observation,exact,user-provided manual Rally ULYSSES price history,2020-09-22T00:00:00Z,2020-09-30,quarterly
2021-01-05,rally-ulysses,,,61.0,0,30500.0,manual:chart_observation:exact:manual_research,chart_observation,exact,user-provided manual Rally ULYSSES price history,2021-01-05T00:00:00Z,2020-12-31,quarterly
2021-04-13,rally-ulysses,,,58.0,0,29000.0,manual:chart_observation:exact:manual_research,chart_observation,exact,user-provided manual Rally ULYSSES price history,2021-04-13T00:00:00Z,2021-03-31,quarterly
2021-08-11,rally-ulysses,,,59.0,0,29500.0,manual:chart_observation:exact:manual_research,chart_observation,exact,user-provided manual Rally ULYSSES price history,2021-08-11T00:00:00Z,2021-09-30,quarterly
2022-01-31,rally-ulysses,,,59.0,0,29500.0,manual:chart_observation:exact:manual_research,chart_observation,exact,user-provided manual Rally ULYSSES price history,2022-01-31T00:00:00Z,2021-12-31,quarterly
2022-03-28,rally-ulysses,,,27.5,0,13750.0,manual:chart_observation:exact:manual_research,chart_observation,exact,user-provided manual Rally ULYSSES price history,2022-03-28T00:00:00Z,2022-03-31,quarterly
2022-06-27,rally-ulysses,,,31.5,0,15750.0,manual:chart_observation:exact:manual_research,chart_observation,exact,user-provided manual Rally ULYSSES price history,2022-06-27T00:00:00Z,2022-06-30,quarterly
2022-09-27,rally-ulysses,,,28.7,0,14350.0,manual:chart_observation:exact:manual_research,chart_observation,exact,user-provided manual Rally ULYSSES price history,2022-09-27T00:00:00Z,2022-09-30,quarterly
2022-12-28,rally-ulysses,,,32.0,0,16000.0,manual:chart_observation:exact:manual_research,chart_observation,exact,user-provided manual Rally ULYSSES price history,2022-12-28T00:00:00Z,2022-12-31,quarterly
2023-03-30,rally-ulysses,,,32.0,0,16000.0,manual:chart_observation:exact:manual_research,chart_observation,exact,user-provided manual Rally ULYSSES price history,2023-03-30T00:00:00Z,2023-03-31,quarterly
2023-06-30,rally-ulysses,,,30.0,0,15000.0,manual:chart_observation:exact:manual_research,chart_observation,exact,user-provided manual Rally ULYSSES price history,2023-06-30T00:00:00Z,2023-06-30,quarterly
2023-09-25,rally-ulysses,,,30.0,0,15000.0,manual:chart_observation:exact:manual_research,chart_observation,exact,user-provided manual Rally ULYSSES price history,2023-09-25T00:00:00Z,2023-09-30,quarterly
2023-12-29,rally-ulysses,,,40.0,0,20000.0,manual:chart_observation:exact:manual_research,chart_observation,exact,user-provided manual Rally ULYSSES price history,2023-12-29T00:00:00Z,2023-12-31,quarterly
2024-03-26,rally-ulysses,,,38.0,0,19000.0,manual:chart_observation:exact:manual_research,chart_observation,exact,user-provided manual Rally ULYSSES price history,2024-03-26T00:00:00Z,2024-03-31,quarterly
2024-06-26,rally-ulysses,,,32.0,0,16000.0,manual:chart_observation:exact:manual_research,chart_observation,exact,user-provided manual Rally ULYSSES price history,2024-06-26T00:00:00Z,2024-06-30,quarterly
2024-09-26,rally-ulysses,,,30.0,0,15000.0,manual:chart_observation:exact:manual_research,chart_observation,exact,user-provided manual Rally ULYSSES price history,2024-09-26T00:00:00Z,2024-09-30,quarterly
2024-12-27,rally-ulysses,,,35.0,0,17500.0,manual:chart_observation:exact:manual_research,chart_observation,exact,user-provided manual Rally ULYSSES price history,2024-12-27T00:00:00Z,2024-12-31,quarterly
2025-03-28,rally-ulysses,,,29.0,0,14500.0,manual:chart_observation:exact:manual_research,chart_observation,exact,user-provided manual Rally ULYSSES price history,2025-03-28T00:00:00Z,2025-03-31,quarterly
2025-06-30,rally-ulysses,,,28.7,0,14350.0,manual:chart_observation:exact:manual_research,chart_observation,exact,user-provided manual Rally ULYSSES price history,2025-06-30T00:00:00Z,2025-06-30,quarterly
2025-09-29,rally-ulysses,,,34.0,0,17000.0,manual:chart_observation:exact:manual_research,chart_observation,exact,user-provided manual Rally ULYSSES price history,2025-09-29T00:00:00Z,2025-09-30,quarterly
2025-12-30,rally-ulysses,,,28.7,0,14350.0,manual:chart_observation:exact:manual_research,chart_observation,exact,user-provided manual Rally ULYSSES price history,2025-12-30T00:00:00Z,2025-12-31,quarterly
2026-03-26,rally-ulysses,,,34.0,0,17000.0,manual:chart_observation:exact:manual_research,chart_observation,exact,user-provided manual Rally ULYSSES price history,2026-03-26T00:00:00Z,2026-03-31,quarterly
2026-06-26,rally-ulysses,,,35.0,0,17500.0,manual:chart_observation:exact:manual_research,chart_observation,exact,user-provided manual Rally ULYSSES price history,2026-06-26T00:00:00Z,2026-06-30,quarterly
2021-10-26,rally-walden,,,10.3,0,20600.0,manual:chart_observation:exact:manual_research,chart_observation,exact,user-provided manual Rally WALDEN price history,2021-10-26T00:00:00Z,2021-09-30,quarterly
2022-02-14,rally-walden,,,10.3,0,20600.0,manual:chart_observation:exact:manual_research,chart_observation,exact,user-provided manual Rally WALDEN price history,2022-02-14T00:00:00Z,2021-12-31,quarterly
2022-03-31,rally-walden,,,8.95,0,17900.0,manual:chart_observation:exact:manual_research,chart_observation,exact,user-provided manual Rally WALDEN price history,2022-03-31T00:00:00Z,2022-03-31,quarterly
2022-07-01,rally-walden,,,9.1,0,18200.0,manual:chart_observation:exact:manual_research,chart_observation,exact,user-provided manual Rally WALDEN price history,2022-07-01T00:00:00Z,2022-06-30,quarterly
2022-10-03,rally-walden,,,11.0,0,22000.0,manual:chart_observation:exact:manual_research,chart_observation,exact,user-provided manual Rally WALDEN price history,2022-10-03T00:00:00Z,2022-09-30,quarterly
2022-12-27,rally-walden,,,14.75,0,29500.0,manual:chart_observation:exact:manual_research,chart_observation,exact,user-provided manual Rally WALDEN price history,2022-12-27T00:00:00Z,2022-12-31,quarterly
2023-03-30,rally-walden,,,10.25,0,20500.0,manual:chart_observation:exact:manual_research,chart_observation,exact,user-provided manual Rally WALDEN price history,2023-03-30T00:00:00Z,2023-03-31,quarterly
2023-06-30,rally-walden,,,10.2,0,20400.0,manual:chart_observation:exact:manual_research,chart_observation,exact,user-provided manual Rally WALDEN price history,2023-06-30T00:00:00Z,2023-06-30,quarterly
2023-09-29,rally-walden,,,10.3,0,20600.0,manual:chart_observation:exact:manual_research,chart_observation,exact,user-provided manual Rally WALDEN price history,2023-09-29T00:00:00Z,2023-09-30,quarterly
2023-12-29,rally-walden,,,14.95,0,29900.0,manual:chart_observation:exact:manual_research,chart_observation,exact,user-provided manual Rally WALDEN price history,2023-12-29T00:00:00Z,2023-12-31,quarterly
2024-04-02,rally-walden,,,15.0,0,30000.0,manual:chart_observation:exact:manual_research,chart_observation,exact,user-provided manual Rally WALDEN price history,2024-04-02T00:00:00Z,2024-03-31,quarterly
2024-06-28,rally-walden,,,17.75,0,35500.0,manual:chart_observation:exact:manual_research,chart_observation,exact,user-provided manual Rally WALDEN price history,2024-06-28T00:00:00Z,2024-06-30,quarterly
2024-09-27,rally-walden,,,17.5,0,35000.0,manual:chart_observation:exact:manual_research,chart_observation,exact,user-provided manual Rally WALDEN price history,2024-09-27T00:00:00Z,2024-09-30,quarterly
2024-12-30,rally-walden,,,15.0,0,30000.0,manual:chart_observation:exact:manual_research,chart_observation,exact,user-provided manual Rally WALDEN price history,2024-12-30T00:00:00Z,2024-12-31,quarterly
2025-04-01,rally-walden,,,15.0,0,30000.0,manual:chart_observation:exact:manual_research,chart_observation,exact,user-provided manual Rally WALDEN price history,2025-04-01T00:00:00Z,2025-03-31,quarterly
2025-07-02,rally-walden,,,11.0,0,22000.0,manual:chart_observation:exact:manual_research,chart_observation,exact,user-provided manual Rally WALDEN price history,2025-07-02T00:00:00Z,2025-06-30,quarterly
2025-09-26,rally-walden,,,10.0,0,20000.0,manual:chart_observation:exact:manual_research,chart_observation,exact,user-provided manual Rally WALDEN price history,2025-09-26T00:00:00Z,2025-09-30,quarterly
2025-12-29,rally-walden,,,17.5,0,35000.0,manual:chart_observation:exact:manual_research,chart_observation,exact,user-provided manual Rally WALDEN price history,2025-12-29T00:00:00Z,2025-12-31,quarterly
2026-03-31,rally-walden,,,15.5,0,31000.0,manual:chart_observation:exact:manual_research,chart_observation,exact,user-provided manual Rally WALDEN price history,2026-03-31T00:00:00Z,2026-03-31,quarterly
2026-07-01,rally-walden,,,15.5,0,31000.0,manual:chart_observation:exact:manual_research,chart_observation,exact,user-provided manual Rally WALDEN price history,2026-07-01T00:00:00Z,2026-06-30,quarterly
2022-10-31,rally-warhol1,,,7.5,0,127500.0,manual:chart_observation:exact:manual_research,chart_observation,exact,User-provided manual Rally WARHOL1 Art price history,2022-10-31T00:00:00Z,2022-10-31,weekly
2022-12-30,rally-warhol1,,,9.25,0,157250.0,manual:chart_observation:exact:manual_research,chart_observation,exact,User-provided manual Rally WARHOL1 Art price history,2022-12-30T00:00:00Z,2022-12-31,quarterly
2023-03-28,rally-warhol1,,,9.25,0,157250.0,manual:chart_observation:exact:manual_research,chart_observation,exact,User-provided manual Rally WARHOL1 Art price history,2023-03-28T00:00:00Z,2023-03-31,quarterly
2023-06-29,rally-warhol1,,,8.35,0,141950.0,manual:chart_observation:exact:manual_research,chart_observation,exact,User-provided manual Rally WARHOL1 Art price history,2023-06-29T00:00:00Z,2023-06-30,quarterly
2023-09-29,rally-warhol1,,,7.0,0,119000.0,manual:chart_observation:exact:manual_research,chart_observation,exact,User-provided manual Rally WARHOL1 Art price history,2023-09-29T00:00:00Z,2023-09-30,quarterly
2023-12-29,rally-warhol1,,,7.35,0,124950.0,manual:chart_observation:exact:manual_research,chart_observation,exact,User-provided manual Rally WARHOL1 Art price history,2023-12-29T00:00:00Z,2023-12-31,quarterly
2024-03-28,rally-warhol1,,,6.25,0,106250.0,manual:chart_observation:exact:manual_research,chart_observation,exact,User-provided manual Rally WARHOL1 Art price history,2024-03-28T00:00:00Z,2024-03-31,quarterly
2024-06-28,rally-warhol1,,,8.8,0,149600.0,manual:chart_observation:exact:manual_research,chart_observation,exact,User-provided manual Rally WARHOL1 Art price history,2024-06-28T00:00:00Z,2024-06-30,quarterly
2024-09-30,rally-warhol1,,,7.45,0,126650.0,manual:chart_observation:exact:manual_research,chart_observation,exact,User-provided manual Rally WARHOL1 Art price history,2024-09-30T00:00:00Z,2024-09-30,quarterly
2024-12-30,rally-warhol1,,,8.25,0,140250.0,manual:chart_observation:exact:manual_research,chart_observation,exact,User-provided manual Rally WARHOL1 Art price history,2024-12-30T00:00:00Z,2024-12-31,quarterly
2025-03-28,rally-warhol1,,,7.25,0,123250.0,manual:chart_observation:exact:manual_research,chart_observation,exact,User-provided manual Rally WARHOL1 Art price history,2025-03-28T00:00:00Z,2025-03-31,quarterly
2025-06-30,rally-warhol1,,,6.75,0,114750.0,manual:chart_observation:exact:manual_research,chart_observation,exact,User-provided manual Rally WARHOL1 Art price history,2025-06-30T00:00:00Z,2025-06-30,quarterly
2025-09-29,rally-warhol1,,,7.0,0,119000.0,manual:chart_observation:exact:manual_research,chart_observation,exact,User-provided manual Rally WARHOL1 Art price history,2025-09-29T00:00:00Z,2025-09-30,quarterly
2025-12-31,rally-warhol1,,,6.5,0,110500.0,manual:chart_observation:exact:manual_research,chart_observation,exact,User-provided manual Rally WARHOL1 Art price history,2025-12-31T00:00:00Z,2025-12-31,quarterly
2026-03-30,rally-warhol1,,,6.0,0,102000.0,manual:chart_observation:exact:manual_research,chart_observation,exact,User-provided manual Rally WARHOL1 Art price history,2026-03-30T00:00:00Z,2026-03-31,quarterly
2026-06-29,rally-warhol1,,,6.0,0,102000.0,manual:chart_observation:exact:manual_research,chart_observation,exact,User-provided manual Rally WARHOL1 Art price history,2026-06-29T00:00:00Z,2026-06-30,quarterly
2022-12-30,rally-warhol2,,,8.6,0,55900.0,manual:chart_observation:exact:manual_research,chart_observation,exact,User-provided manual Rally WARHOL2 Art price history,2022-12-30T00:00:00Z,2022-12-31,quarterly
2023-03-30,rally-warhol2,,,9.0,0,58500.0,manual:chart_observation:exact:manual_research,chart_observation,exact,User-provided manual Rally WARHOL2 Art price history,2023-03-30T00:00:00Z,2023-03-31,quarterly
2023-06-30,rally-warhol2,,,9.5,0,61750.0,manual:chart_observation:exact:manual_research,chart_observation,exact,User-provided manual Rally WARHOL2 Art price history,2023-06-30T00:00:00Z,2023-06-30,quarterly
2023-09-28,rally-warhol2,,,8.0,0,52000.0,manual:chart_observation:exact:manual_research,chart_observation,exact,User-provided manual Rally WARHOL2 Art price history,2023-09-28T00:00:00Z,2023-09-30,quarterly
2023-12-29,rally-warhol2,,,6.3,0,40950.0,manual:chart_observation:exact:manual_research,chart_observation,exact,User-provided manual Rally WARHOL2 Art price history,2023-12-29T00:00:00Z,2023-12-31,quarterly
2024-03-27,rally-warhol2,,,7.25,0,47125.0,manual:chart_observation:exact:manual_research,chart_observation,exact,User-provided manual Rally WARHOL2 Art price history,2024-03-27T00:00:00Z,2024-03-31,quarterly
2024-06-28,rally-warhol2,,,8.95,0,58174.99999999999,manual:chart_observation:exact:manual_research,chart_observation,exact,User-provided manual Rally WARHOL2 Art price history,2024-06-28T00:00:00Z,2024-06-30,quarterly
2024-09-30,rally-warhol2,,,8.0,0,52000.0,manual:chart_observation:exact:manual_research,chart_observation,exact,User-provided manual Rally WARHOL2 Art price history,2024-09-30T00:00:00Z,2024-09-30,quarterly
2024-12-31,rally-warhol2,,,9.5,0,61750.0,manual:chart_observation:exact:manual_research,chart_observation,exact,User-provided manual Rally WARHOL2 Art price history,2024-12-31T00:00:00Z,2024-12-31,quarterly
2025-03-31,rally-warhol2,,,9.25,0,60125.0,manual:chart_observation:exact:manual_research,chart_observation,exact,User-provided manual Rally WARHOL2 Art price history,2025-03-31T00:00:00Z,2025-03-31,quarterly
2025-06-27,rally-warhol2,,,8.65,0,56225.0,manual:chart_observation:exact:manual_research,chart_observation,exact,User-provided manual Rally WARHOL2 Art price history,2025-06-27T00:00:00Z,2025-06-30,quarterly
2025-09-29,rally-warhol2,,,6.5,0,42250.0,manual:chart_observation:exact:manual_research,chart_observation,exact,User-provided manual Rally WARHOL2 Art price history,2025-09-29T00:00:00Z,2025-09-30,quarterly
2025-12-31,rally-warhol2,,,6.75,0,43875.0,manual:chart_observation:exact:manual_research,chart_observation,exact,User-provided manual Rally WARHOL2 Art price history,2025-12-31T00:00:00Z,2025-12-31,quarterly
2026-03-30,rally-warhol2,,,8.8,0,57200.00000000001,manual:chart_observation:exact:manual_research,chart_observation,exact,User-provided manual Rally WARHOL2 Art price history,2026-03-30T00:00:00Z,2026-03-31,quarterly
2026-06-30,rally-warhol2,,,7.2,0,46800.0,manual:chart_observation:exact:manual_research,chart_observation,exact,User-provided manual Rally WARHOL2 Art price history,2026-06-30T00:00:00Z,2026-06-30,quarterly
2022-03-29,rally-wildthing,,,8.75,0,17500.0,manual:chart_observation:exact:manual_research,chart_observation,exact,Rally App manually transcribed chart,2022-03-29T00:00:00Z,2022-03-31,quarterly
2022-06-24,rally-wildthing,,,7.0,0,14000.0,manual:chart_observation:exact:manual_research,chart_observation,exact,Rally App manually transcribed chart,2022-06-24T00:00:00Z,2022-06-30,quarterly
2022-09-27,rally-wildthing,,,7.0,0,14000.0,manual:chart_observation:exact:manual_research,chart_observation,exact,Rally App manually transcribed chart,2022-09-27T00:00:00Z,2022-09-30,quarterly
2022-12-30,rally-wildthing,,,6.5,0,13000.0,manual:chart_observation:exact:manual_research,chart_observation,exact,Rally App manually transcribed chart,2022-12-30T00:00:00Z,2022-12-31,quarterly
2023-03-28,rally-wildthing,,,7.15,0,14300.0,manual:chart_observation:exact:manual_research,chart_observation,exact,Rally App manually transcribed chart,2023-03-28T00:00:00Z,2023-03-31,quarterly
2023-06-30,rally-wildthing,,,5.25,0,10500.0,manual:chart_observation:exact:manual_research,chart_observation,exact,Rally App manually transcribed chart,2023-06-30T00:00:00Z,2023-06-30,quarterly
2023-09-26,rally-wildthing,,,6.2,0,12400.0,manual:chart_observation:exact:manual_research,chart_observation,exact,Rally App manually transcribed chart,2023-09-26T00:00:00Z,2023-09-30,quarterly
2023-12-29,rally-wildthing,,,4.1,0,8200.0,manual:chart_observation:exact:manual_research,chart_observation,exact,Rally App manually transcribed chart,2023-12-29T00:00:00Z,2023-12-31,quarterly
2024-03-26,rally-wildthing,,,6.25,0,12500.0,manual:chart_observation:exact:manual_research,chart_observation,exact,Rally App manually transcribed chart,2024-03-26T00:00:00Z,2024-03-31,quarterly
2024-06-28,rally-wildthing,,,7.15,0,14300.0,manual:chart_observation:exact:manual_research,chart_observation,exact,Rally App manually transcribed chart,2024-06-28T00:00:00Z,2024-06-30,quarterly
2024-09-30,rally-wildthing,,,7.0,0,14000.0,manual:chart_observation:exact:manual_research,chart_observation,exact,Rally App manually transcribed chart,2024-09-30T00:00:00Z,2024-09-30,quarterly
2024-12-27,rally-wildthing,,,5.2,0,10400.0,manual:chart_observation:exact:manual_research,chart_observation,exact,Rally App manually transcribed chart,2024-12-27T00:00:00Z,2024-12-31,quarterly
2025-03-31,rally-wildthing,,,5.35,0,10700.0,manual:chart_observation:exact:manual_research,chart_observation,exact,Rally App manually transcribed chart,2025-03-31T00:00:00Z,2025-03-31,quarterly
2025-06-27,rally-wildthing,,,5.05,0,10100.0,manual:chart_observation:exact:manual_research,chart_observation,exact,Rally App manually transcribed chart,2025-06-27T00:00:00Z,2025-06-30,quarterly
2025-09-29,rally-wildthing,,,5.0,0,10000.0,manual:chart_observation:exact:manual_research,chart_observation,exact,Rally App manually transcribed chart,2025-09-29T00:00:00Z,2025-09-30,quarterly
2025-12-31,rally-wildthing,,,7.35,0,14700.0,manual:chart_observation:exact:manual_research,chart_observation,exact,Rally App manually transcribed chart,2025-12-31T00:00:00Z,2025-12-31,quarterly
2026-03-30,rally-wildthing,,,6.95,0,13900.0,manual:chart_observation:exact:manual_research,chart_observation,exact,Rally App manually transcribed chart,2026-03-30T00:00:00Z,2026-03-31,quarterly
2026-06-25,rally-wildthing,,,6.95,0,13900.0,manual:chart_observation:exact:manual_research,chart_observation,exact,Rally App manually transcribed chart,2026-06-25T00:00:00Z,2026-06-30,quarterly
2021-10-05,rally-wzrdofoz,,,14.65,0,87900.0,manual:chart_observation:exact:manual_research,chart_observation,exact,user-provided manual Rally WZRDOFOZ price history,2021-10-05T00:00:00Z,2021-12-31,quarterly
2022-03-29,rally-wzrdofoz,,,8.5,0,51000.0,manual:chart_observation:exact:manual_research,chart_observation,exact,user-provided manual Rally WZRDOFOZ price history,2022-03-29T00:00:00Z,2022-03-31,quarterly
2022-06-28,rally-wzrdofoz,,,7.3,0,43800.0,manual:chart_observation:exact:manual_research,chart_observation,exact,user-provided manual Rally WZRDOFOZ price history,2022-06-28T00:00:00Z,2022-06-30,quarterly
2022-09-27,rally-wzrdofoz,,,9.5,0,57000.0,manual:chart_observation:exact:manual_research,chart_observation,exact,user-provided manual Rally WZRDOFOZ price history,2022-09-27T00:00:00Z,2022-09-30,quarterly
2023-03-29,rally-wzrdofoz,,,7.5,0,45000.0,manual:chart_observation:exact:manual_research,chart_observation,exact,user-provided manual Rally WZRDOFOZ price history,2023-03-29T00:00:00Z,2023-03-31,quarterly
2023-06-28,rally-wzrdofoz,,,7.95,0,47700.0,manual:chart_observation:exact:manual_research,chart_observation,exact,user-provided manual Rally WZRDOFOZ price history,2023-06-28T00:00:00Z,2023-06-30,quarterly
2023-09-28,rally-wzrdofoz,,,7.3,0,43800.0,manual:chart_observation:exact:manual_research,chart_observation,exact,user-provided manual Rally WZRDOFOZ price history,2023-09-28T00:00:00Z,2023-09-30,quarterly
2023-12-28,rally-wzrdofoz,,,7.3,0,43800.0,manual:chart_observation:exact:manual_research,chart_observation,exact,user-provided manual Rally WZRDOFOZ price history,2023-12-28T00:00:00Z,2023-12-31,quarterly
2024-03-28,rally-wzrdofoz,,,7.15,0,42900.0,manual:chart_observation:exact:manual_research,chart_observation,exact,user-provided manual Rally WZRDOFOZ price history,2024-03-28T00:00:00Z,2024-03-31,quarterly
2024-06-28,rally-wzrdofoz,,,6.85,0,41100.0,manual:chart_observation:exact:manual_research,chart_observation,exact,user-provided manual Rally WZRDOFOZ price history,2024-06-28T00:00:00Z,2024-06-30,quarterly
2024-09-27,rally-wzrdofoz,,,7.9,0,47400.0,manual:chart_observation:exact:manual_research,chart_observation,exact,user-provided manual Rally WZRDOFOZ price history,2024-09-27T00:00:00Z,2024-09-30,quarterly
2024-12-27,rally-wzrdofoz,,,7.5,0,45000.0,manual:chart_observation:exact:manual_research,chart_observation,exact,user-provided manual Rally WZRDOFOZ price history,2024-12-27T00:00:00Z,2024-12-31,quarterly
2025-03-28,rally-wzrdofoz,,,5.95,0,35700.0,manual:chart_observation:exact:manual_research,chart_observation,exact,user-provided manual Rally WZRDOFOZ price history,2025-03-28T00:00:00Z,2025-03-31,quarterly
2025-06-27,rally-wzrdofoz,,,6.5,0,39000.0,manual:chart_observation:exact:manual_research,chart_observation,exact,user-provided manual Rally WZRDOFOZ price history,2025-06-27T00:00:00Z,2025-06-30,quarterly
2025-09-29,rally-wzrdofoz,,,6.5,0,39000.0,manual:chart_observation:exact:manual_research,chart_observation,exact,user-provided manual Rally WZRDOFOZ price history,2025-09-29T00:00:00Z,2025-09-30,quarterly
2025-12-29,rally-wzrdofoz,,,6.25,0,37500.0,manual:chart_observation:exact:manual_research,chart_observation,exact,user-provided manual Rally WZRDOFOZ price history,2025-12-29T00:00:00Z,2025-12-31,quarterly
2026-03-30,rally-wzrdofoz,,,6.0,0,36000.0,manual:chart_observation:exact:manual_research,chart_observation,exact,user-provided manual Rally WZRDOFOZ price history,2026-03-30T00:00:00Z,2026-03-31,quarterly
2026-06-29,rally-wzrdofoz,,,6.15,0,36900.0,manual:chart_observation:exact:manual_research,chart_observation,exact,user-provided manual Rally WZRDOFOZ price history,2026-06-29T00:00:00Z,2026-06-30,quarterly
2020-09-08,rally-yoko,,,81.2,0,16240.0,manual:chart_observation:exact:manual_research,chart_observation,exact,user-provided manual Rally YOKO price history,2020-09-08T00:00:00Z,2020-09-30,quarterly
2020-12-08,rally-yoko,,,82.05,0,16410.0,manual:chart_observation:exact:manual_research,chart_observation,exact,user-provided manual Rally YOKO price history,2020-12-08T00:00:00Z,2020-12-31,quarterly
2021-02-23,rally-yoko,,,84.0,0,16800.0,manual:chart_observation:exact:manual_research,chart_observation,exact,user-provided manual Rally YOKO price history,2021-02-23T00:00:00Z,2021-03-31,quarterly
2021-04-13,rally-yoko,,,83.95,0,16790.0,manual:chart_observation:exact:manual_research,chart_observation,exact,user-provided manual Rally YOKO price history,2021-04-13T00:00:00Z,2021-06-30,quarterly
2021-08-16,rally-yoko,,,100.0,0,20000.0,manual:chart_observation:exact:manual_research,chart_observation,exact,user-provided manual Rally YOKO price history,2021-08-16T00:00:00Z,2021-09-30,quarterly
2022-01-31,rally-yoko,,,101.5,0,20300.0,manual:chart_observation:exact:manual_research,chart_observation,exact,user-provided manual Rally YOKO price history,2022-01-31T00:00:00Z,2021-12-31,quarterly
2022-03-30,rally-yoko,,,69.0,0,13800.0,manual:chart_observation:exact:manual_research,chart_observation,exact,user-provided manual Rally YOKO price history,2022-03-30T00:00:00Z,2022-03-31,quarterly
2022-06-28,rally-yoko,,,69.0,0,13800.0,manual:chart_observation:exact:manual_research,chart_observation,exact,user-provided manual Rally YOKO price history,2022-06-28T00:00:00Z,2022-06-30,quarterly
2022-09-26,rally-yoko,,,71.0,0,14200.0,manual:chart_observation:exact:manual_research,chart_observation,exact,user-provided manual Rally YOKO price history,2022-09-26T00:00:00Z,2022-09-30,quarterly
2022-12-30,rally-yoko,,,71.0,0,14200.0,manual:chart_observation:exact:manual_research,chart_observation,exact,user-provided manual Rally YOKO price history,2022-12-30T00:00:00Z,2022-12-31,quarterly
2023-03-31,rally-yoko,,,70.05,0,14010.0,manual:chart_observation:exact:manual_research,chart_observation,exact,user-provided manual Rally YOKO price history,2023-03-31T00:00:00Z,2023-03-31,quarterly
2023-06-30,rally-yoko,,,70.05,0,14010.0,manual:chart_observation:exact:manual_research,chart_observation,exact,user-provided manual Rally YOKO price history,2023-06-30T00:00:00Z,2023-06-30,quarterly
2023-09-28,rally-yoko,,,69.05,0,13810.0,manual:chart_observation:exact:manual_research,chart_observation,exact,user-provided manual Rally YOKO price history,2023-09-28T00:00:00Z,2023-09-30,quarterly
2023-12-29,rally-yoko,,,60.0,0,12000.0,manual:chart_observation:exact:manual_research,chart_observation,exact,user-provided manual Rally YOKO price history,2023-12-29T00:00:00Z,2023-12-31,quarterly
2024-03-25,rally-yoko,,,40.0,0,8000.0,manual:chart_observation:exact:manual_research,chart_observation,exact,user-provided manual Rally YOKO price history,2024-03-25T00:00:00Z,2024-03-31,quarterly
2024-06-24,rally-yoko,,,50.0,0,10000.0,manual:chart_observation:exact:manual_research,chart_observation,exact,user-provided manual Rally YOKO price history,2024-06-24T00:00:00Z,2024-06-30,quarterly
2024-09-27,rally-yoko,,,60.0,0,12000.0,manual:chart_observation:exact:manual_research,chart_observation,exact,user-provided manual Rally YOKO price history,2024-09-27T00:00:00Z,2024-09-30,quarterly
2024-12-27,rally-yoko,,,60.0,0,12000.0,manual:chart_observation:exact:manual_research,chart_observation,exact,user-provided manual Rally YOKO price history,2024-12-27T00:00:00Z,2024-12-31,quarterly
2025-03-27,rally-yoko,,,60.0,0,12000.0,manual:chart_observation:exact:manual_research,chart_observation,exact,user-provided manual Rally YOKO price history,2025-03-27T00:00:00Z,2025-03-31,quarterly
2025-06-25,rally-yoko,,,60.0,0,12000.0,manual:chart_observation:exact:manual_research,chart_observation,exact,user-provided manual Rally YOKO price history,2025-06-25T00:00:00Z,2025-06-30,quarterly
2025-09-30,rally-yoko,,,60.0,0,12000.0,manual:chart_observation:exact:manual_research,chart_observation,exact,user-provided manual Rally YOKO price history,2025-09-30T00:00:00Z,2025-09-30,quarterly
2025-12-29,rally-yoko,,,60.0,0,12000.0,manual:chart_observation:exact:manual_research,chart_observation,exact,user-provided manual Rally YOKO price history,2025-12-29T00:00:00Z,2025-12-31,quarterly
2026-03-27,rally-yoko,,,42.0,0,8400.0,manual:chart_observation:exact:manual_research,chart_observation,exact,user-provided manual Rally YOKO price history,2026-03-27T00:00:00Z,2026-03-31,quarterly
2026-06-26,rally-yoko,,,42.05,0,8410.0,manual:chart_observation:exact:manual_research,chart_observation,exact,user-provided manual Rally YOKO price history,2026-06-26T00:00:00Z,2026-06-30,quarterly
2022-12-05,rally-1857coin,,,5.9,0,29500.0,manual:chart_observation:exact:manual_research,chart_observation,exact,User-provided manual Rally 1857COIN Coins price history,2022-12-05T00:00:00Z,2022-12-31,quarterly
2023-03-30,rally-1857coin,,,5.65,0,28250.0,manual:chart_observation:exact:manual_research,chart_observation,exact,User-provided manual Rally 1857COIN Coins price history,2023-03-30T00:00:00Z,2023-03-31,quarterly
2023-06-30,rally-1857coin,,,5.5,0,27500.0,manual:chart_observation:exact:manual_research,chart_observation,exact,User-provided manual Rally 1857COIN Coins price history,2023-06-30T00:00:00Z,2023-06-30,quarterly
2023-09-27,rally-1857coin,,,5.25,0,26250.0,manual:chart_observation:exact:manual_research,chart_observation,exact,User-provided manual Rally 1857COIN Coins price history,2023-09-27T00:00:00Z,2023-09-30,quarterly
2023-12-28,rally-1857coin,,,5.5,0,27500.0,manual:chart_observation:exact:manual_research,chart_observation,exact,User-provided manual Rally 1857COIN Coins price history,2023-12-28T00:00:00Z,2023-12-31,quarterly
2024-03-28,rally-1857coin,,,6.5,0,32500.0,manual:chart_observation:exact:manual_research,chart_observation,exact,User-provided manual Rally 1857COIN Coins price history,2024-03-28T00:00:00Z,2024-03-31,quarterly
2024-06-25,rally-1857coin,,,6.35,0,31750.0,manual:chart_observation:exact:manual_research,chart_observation,exact,User-provided manual Rally 1857COIN Coins price history,2024-06-25T00:00:00Z,2024-06-30,quarterly
2024-09-30,rally-1857coin,,,6.45,0,32250.0,manual:chart_observation:exact:manual_research,chart_observation,exact,User-provided manual Rally 1857COIN Coins price history,2024-09-30T00:00:00Z,2024-09-30,quarterly
2024-12-31,rally-1857coin,,,6.2,0,31000.0,manual:chart_observation:exact:manual_research,chart_observation,exact,User-provided manual Rally 1857COIN Coins price history,2024-12-31T00:00:00Z,2024-12-31,quarterly
2025-03-31,rally-1857coin,,,5.95,0,29750.0,manual:chart_observation:exact:manual_research,chart_observation,exact,User-provided manual Rally 1857COIN Coins price history,2025-03-31T00:00:00Z,2025-03-31,quarterly
2025-06-30,rally-1857coin,,,6.2,0,31000.0,manual:chart_observation:exact:manual_research,chart_observation,exact,User-provided manual Rally 1857COIN Coins price history,2025-06-30T00:00:00Z,2025-06-30,quarterly
2025-09-26,rally-1857coin,,,6.25,0,31250.0,manual:chart_observation:exact:manual_research,chart_observation,exact,User-provided manual Rally 1857COIN Coins price history,2025-09-26T00:00:00Z,2025-09-30,quarterly
2025-12-29,rally-1857coin,,,7.0,0,35000.0,manual:chart_observation:exact:manual_research,chart_observation,exact,User-provided manual Rally 1857COIN Coins price history,2025-12-29T00:00:00Z,2025-12-31,quarterly
2026-03-30,rally-1857coin,,,11.35,0,56750.0,manual:chart_observation:exact:manual_research,chart_observation,exact,User-provided manual Rally 1857COIN Coins price history,2026-03-30T00:00:00Z,2026-03-31,quarterly
2026-06-26,rally-1857coin,,,16.0,0,80000.0,manual:chart_observation:exact:manual_research,chart_observation,exact,User-provided manual Rally 1857COIN Coins price history,2026-06-26T00:00:00Z,2026-06-30,quarterly
2022-04-04,rally-justinian,,,12.5,0,25000.0,manual:chart_observation:exact:manual_research,chart_observation,exact,User-provided manual Rally JUSTINIAN Coins price history,2022-04-04T00:00:00Z,2022-03-31,quarterly
2022-06-29,rally-justinian,,,17.5,0,35000.0,manual:chart_observation:exact:manual_research,chart_observation,exact,User-provided manual Rally JUSTINIAN Coins price history,2022-06-29T00:00:00Z,2022-06-30,quarterly
2022-09-29,rally-justinian,,,18.75,0,37500.0,manual:chart_observation:exact:manual_research,chart_observation,exact,User-provided manual Rally JUSTINIAN Coins price history,2022-09-29T00:00:00Z,2022-09-30,quarterly
2022-12-30,rally-justinian,,,16.75,0,33500.0,manual:chart_observation:exact:manual_research,chart_observation,exact,User-provided manual Rally JUSTINIAN Coins price history,2022-12-30T00:00:00Z,2022-12-31,quarterly
2023-03-27,rally-justinian,,,16.95,0,33900.0,manual:chart_observation:exact:manual_research,chart_observation,exact,User-provided manual Rally JUSTINIAN Coins price history,2023-03-27T00:00:00Z,2023-03-31,quarterly
2023-06-26,rally-justinian,,,15.8,0,31600.0,manual:chart_observation:exact:manual_research,chart_observation,exact,User-provided manual Rally JUSTINIAN Coins price history,2023-06-26T00:00:00Z,2023-06-30,quarterly
2023-09-26,rally-justinian,,,11.5,0,23000.0,manual:chart_observation:exact:manual_research,chart_observation,exact,User-provided manual Rally JUSTINIAN Coins price history,2023-09-26T00:00:00Z,2023-09-30,quarterly
2023-12-29,rally-justinian,,,10.0,0,20000.0,manual:chart_observation:exact:manual_research,chart_observation,exact,User-provided manual Rally JUSTINIAN Coins price history,2023-12-29T00:00:00Z,2023-12-31,quarterly
2024-03-28,rally-justinian,,,14.5,0,29000.0,manual:chart_observation:exact:manual_research,chart_observation,exact,User-provided manual Rally JUSTINIAN Coins price history,2024-03-28T00:00:00Z,2024-03-31,quarterly
2024-06-27,rally-justinian,,,15.75,0,31500.0,manual:chart_observation:exact:manual_research,chart_observation,exact,User-provided manual Rally JUSTINIAN Coins price history,2024-06-27T00:00:00Z,2024-06-30,quarterly
2024-09-27,rally-justinian,,,16.0,0,32000.0,manual:chart_observation:exact:manual_research,chart_observation,exact,User-provided manual Rally JUSTINIAN Coins price history,2024-09-27T00:00:00Z,2024-09-30,quarterly
2024-12-27,rally-justinian,,,17.95,0,35900.0,manual:chart_observation:exact:manual_research,chart_observation,exact,User-provided manual Rally JUSTINIAN Coins price history,2024-12-27T00:00:00Z,2024-12-31,quarterly
2025-03-31,rally-justinian,,,18.75,0,37500.0,manual:chart_observation:exact:manual_research,chart_observation,exact,User-provided manual Rally JUSTINIAN Coins price history,2025-03-31T00:00:00Z,2025-03-31,quarterly
2025-06-30,rally-justinian,,,17.95,0,35900.0,manual:chart_observation:exact:manual_research,chart_observation,exact,User-provided manual Rally JUSTINIAN Coins price history,2025-06-30T00:00:00Z,2025-06-30,quarterly
2025-09-29,rally-justinian,,,16.0,0,32000.0,manual:chart_observation:exact:manual_research,chart_observation,exact,User-provided manual Rally JUSTINIAN Coins price history,2025-09-29T00:00:00Z,2025-09-30,quarterly
2025-12-30,rally-justinian,,,15.8,0,31600.0,manual:chart_observation:exact:manual_research,chart_observation,exact,User-provided manual Rally JUSTINIAN Coins price history,2025-12-30T00:00:00Z,2025-12-31,quarterly
2026-03-27,rally-justinian,,,14.0,0,28000.0,manual:chart_observation:exact:manual_research,chart_observation,exact,User-provided manual Rally JUSTINIAN Coins price history,2026-03-27T00:00:00Z,2026-03-31,quarterly
2026-06-26,rally-justinian,,,15.0,0,30000.0,manual:chart_observation:exact:manual_research,chart_observation,exact,User-provided manual Rally JUSTINIAN Coins price history,2026-06-26T00:00:00Z,2026-06-30,quarterly
2022-12-30,rally-croesus,,,7.5,0,60000.0,manual:chart_observation:exact:manual_research,chart_observation,exact,User-provided manual Rally CROESUS Coins price history,2022-12-30T00:00:00Z,2022-12-31,quarterly
2023-03-27,rally-croesus,,,7.45,0,59600.0,manual:chart_observation:exact:manual_research,chart_observation,exact,User-provided manual Rally CROESUS Coins price history,2023-03-27T00:00:00Z,2023-03-31,quarterly
2023-06-28,rally-croesus,,,7.6,0,60800.0,manual:chart_observation:exact:manual_research,chart_observation,exact,User-provided manual Rally CROESUS Coins price history,2023-06-28T00:00:00Z,2023-06-30,quarterly
2023-09-26,rally-croesus,,,7.75,0,62000.0,manual:chart_observation:exact:manual_research,chart_observation,exact,User-provided manual Rally CROESUS Coins price history,2023-09-26T00:00:00Z,2023-09-30,quarterly
2023-12-29,rally-croesus,,,6.75,0,54000.0,manual:chart_observation:exact:manual_research,chart_observation,exact,User-provided manual Rally CROESUS Coins price history,2023-12-29T00:00:00Z,2023-12-31,quarterly
2024-03-28,rally-croesus,,,7.0,0,56000.0,manual:chart_observation:exact:manual_research,chart_observation,exact,User-provided manual Rally CROESUS Coins price history,2024-03-28T00:00:00Z,2024-03-31,quarterly
2024-06-27,rally-croesus,,,7.25,0,58000.0,manual:chart_observation:exact:manual_research,chart_observation,exact,User-provided manual Rally CROESUS Coins price history,2024-06-27T00:00:00Z,2024-06-30,quarterly
2024-09-30,rally-croesus,,,6.2,0,49600.0,manual:chart_observation:exact:manual_research,chart_observation,exact,User-provided manual Rally CROESUS Coins price history,2024-09-30T00:00:00Z,2024-09-30,quarterly
2024-12-27,rally-croesus,,,7.2,0,57600.0,manual:chart_observation:exact:manual_research,chart_observation,exact,User-provided manual Rally CROESUS Coins price history,2024-12-27T00:00:00Z,2024-12-31,quarterly
2025-03-28,rally-croesus,,,6.4,0,51200.0,manual:chart_observation:exact:manual_research,chart_observation,exact,User-provided manual Rally CROESUS Coins price history,2025-03-28T00:00:00Z,2025-03-31,quarterly
2025-06-26,rally-croesus,,,7.2,0,57600.0,manual:chart_observation:exact:manual_research,chart_observation,exact,User-provided manual Rally CROESUS Coins price history,2025-06-26T00:00:00Z,2025-06-30,quarterly
2025-09-29,rally-croesus,,,7.2,0,57600.0,manual:chart_observation:exact:manual_research,chart_observation,exact,User-provided manual Rally CROESUS Coins price history,2025-09-29T00:00:00Z,2025-09-30,quarterly
2025-12-29,rally-croesus,,,6.15,0,49200.0,manual:chart_observation:exact:manual_research,chart_observation,exact,User-provided manual Rally CROESUS Coins price history,2025-12-29T00:00:00Z,2025-12-31,quarterly
2026-04-01,rally-croesus,,,8.2,0,65600.0,manual:chart_observation:exact:manual_research,chart_observation,exact,User-provided manual Rally CROESUS Coins price history,2026-04-01T00:00:00Z,2026-03-31,quarterly
2026-06-30,rally-croesus,,,8.3,0,66400.0,manual:chart_observation:exact:manual_research,chart_observation,exact,User-provided manual Rally CROESUS Coins price history,2026-06-30T00:00:00Z,2026-06-30,quarterly
2026-04-13,rally-1857coin,,,25.0,0,125000.0,manual:chart_observation:exact:manual_research,chart_observation,exact,User-provided confirmed Rally 1857COIN Q2 2026 intraperiod context,2026-04-13T00:00:00Z,2026-06-30,weekly
2026-04-17,rally-1857coin,,,25.0,0,125000.0,manual:chart_observation:exact:manual_research,chart_observation,exact,User-provided confirmed Rally 1857COIN Q2 2026 intraperiod context,2026-04-17T00:00:00Z,2026-06-30,weekly
2026-04-21,rally-1857coin,,,25.0,0,125000.0,manual:chart_observation:exact:manual_research,chart_observation,exact,User-provided confirmed Rally 1857COIN Q2 2026 intraperiod context,2026-04-21T00:00:00Z,2026-06-30,weekly
2026-04-30,rally-1857coin,,,25.0,0,125000.0,manual:chart_observation:exact:manual_research,chart_observation,exact,User-provided confirmed Rally 1857COIN Q2 2026 intraperiod context,2026-04-30T00:00:00Z,2026-06-30,weekly
2022-10-17,rally-gold1,,,5.0,0,20000.0,manual:chart_observation:exact:manual_research,chart_observation,exact,User-provided manual Rally GOLD1 Precious Minerals price history,2022-10-17T00:00:00Z,2022-12-31,quarterly
2022-12-28,rally-gold1,,,5.45,0,21800.0,manual:chart_observation:exact:manual_research,chart_observation,exact,User-provided manual Rally GOLD1 Precious Minerals price history,2022-12-28T00:00:00Z,2022-12-31,quarterly
2023-03-28,rally-gold1,,,5.9,0,23600.0,manual:chart_observation:exact:manual_research,chart_observation,exact,User-provided manual Rally GOLD1 Precious Minerals price history,2023-03-28T00:00:00Z,2023-03-31,quarterly
2023-06-30,rally-gold1,,,5.8,0,23200.0,manual:chart_observation:exact:manual_research,chart_observation,exact,User-provided manual Rally GOLD1 Precious Minerals price history,2023-06-30T00:00:00Z,2023-06-30,quarterly
2023-09-29,rally-gold1,,,5.0,0,20000.0,manual:chart_observation:exact:manual_research,chart_observation,exact,User-provided manual Rally GOLD1 Precious Minerals price history,2023-09-29T00:00:00Z,2023-09-30,quarterly
2023-12-29,rally-gold1,,,4.85,0,19400.0,manual:chart_observation:exact:manual_research,chart_observation,exact,User-provided manual Rally GOLD1 Precious Minerals price history,2023-12-29T00:00:00Z,2023-12-31,quarterly
2024-03-26,rally-gold1,,,5.2,0,20800.0,manual:chart_observation:exact:manual_research,chart_observation,exact,User-provided manual Rally GOLD1 Precious Minerals price history,2024-03-26T00:00:00Z,2024-03-31,quarterly
2024-06-28,rally-gold1,,,5.9,0,23600.0,manual:chart_observation:exact:manual_research,chart_observation,exact,User-provided manual Rally GOLD1 Precious Minerals price history,2024-06-28T00:00:00Z,2024-06-30,quarterly
2024-09-27,rally-gold1,,,6.0,0,24000.0,manual:chart_observation:exact:manual_research,chart_observation,exact,User-provided manual Rally GOLD1 Precious Minerals price history,2024-09-27T00:00:00Z,2024-09-30,quarterly
2024-12-31,rally-gold1,,,8.0,0,32000.0,manual:chart_observation:exact:manual_research,chart_observation,exact,User-provided manual Rally GOLD1 Precious Minerals price history,2024-12-31T00:00:00Z,2024-12-31,quarterly
2025-03-31,rally-gold1,,,9.25,0,37000.0,manual:chart_observation:exact:manual_research,chart_observation,exact,User-provided manual Rally GOLD1 Precious Minerals price history,2025-03-31T00:00:00Z,2025-03-31,quarterly
2025-06-30,rally-gold1,,,8.0,0,32000.0,manual:chart_observation:exact:manual_research,chart_observation,exact,User-provided manual Rally GOLD1 Precious Minerals price history,2025-06-30T00:00:00Z,2025-06-30,quarterly
2025-09-26,rally-gold1,,,10.25,0,41000.0,manual:chart_observation:exact:manual_research,chart_observation,exact,User-provided manual Rally GOLD1 Precious Minerals price history,2025-09-26T00:00:00Z,2025-09-30,quarterly
2025-12-31,rally-gold1,,,30.0,0,120000.0,manual:chart_observation:exact:manual_research,chart_observation,exact,User-provided manual Rally GOLD1 Precious Minerals price history,2025-12-31T00:00:00Z,2025-12-31,quarterly
2026-03-31,rally-gold1,,,28.05,0,112200.0,manual:chart_observation:exact:manual_research,chart_observation,exact,User-provided manual Rally GOLD1 Precious Minerals price history,2026-03-31T00:00:00Z,2026-03-31,quarterly
2026-06-29,rally-gold1,,,10.0,0,40000.0,manual:chart_observation:exact:manual_research,chart_observation,exact,User-provided manual Rally GOLD1 Precious Minerals price history,2026-06-29T00:00:00Z,2026-06-30,quarterly
2022-02-14,rally-meteorite,,,11.0,0,192500.0,manual:chart_observation:exact:manual_research,chart_observation,exact,User-provided manual Rally METEORITE Precious Minerals price history,2022-02-14T00:00:00Z,2022-03-31,quarterly
2022-03-28,rally-meteorite,,,12.0,0,210000.0,manual:chart_observation:exact:manual_research,chart_observation,exact,User-provided manual Rally METEORITE Precious Minerals price history,2022-03-28T00:00:00Z,2022-03-31,quarterly
2022-06-28,rally-meteorite,,,8.3,0,145250.0,manual:chart_observation:exact:manual_research,chart_observation,exact,User-provided manual Rally METEORITE Precious Minerals price history,2022-06-28T00:00:00Z,2022-06-30,quarterly
2022-09-29,rally-meteorite,,,8.9,0,155750.0,manual:chart_observation:exact:manual_research,chart_observation,exact,User-provided manual Rally METEORITE Precious Minerals price history,2022-09-29T00:00:00Z,2022-09-30,quarterly
2022-12-27,rally-meteorite,,,7.65,0,133875.0,manual:chart_observation:exact:manual_research,chart_observation,exact,User-provided manual Rally METEORITE Precious Minerals price history,2022-12-27T00:00:00Z,2022-12-31,quarterly
2023-03-29,rally-meteorite,,,8.8,0,154000.0,manual:chart_observation:exact:manual_research,chart_observation,exact,User-provided manual Rally METEORITE Precious Minerals price history,2023-03-29T00:00:00Z,2023-03-31,quarterly
2023-06-30,rally-meteorite,,,8.5,0,148750.0,manual:chart_observation:exact:manual_research,chart_observation,exact,User-provided manual Rally METEORITE Precious Minerals price history,2023-06-30T00:00:00Z,2023-06-30,quarterly
2023-09-26,rally-meteorite,,,8.5,0,148750.0,manual:chart_observation:exact:manual_research,chart_observation,exact,User-provided manual Rally METEORITE Precious Minerals price history,2023-09-26T00:00:00Z,2023-09-30,quarterly
2023-12-28,rally-meteorite,,,8.45,0,147875.0,manual:chart_observation:exact:manual_research,chart_observation,exact,User-provided manual Rally METEORITE Precious Minerals price history,2023-12-28T00:00:00Z,2023-12-31,quarterly
2024-03-28,rally-meteorite,,,8.75,0,153125.0,manual:chart_observation:exact:manual_research,chart_observation,exact,User-provided manual Rally METEORITE Precious Minerals price history,2024-03-28T00:00:00Z,2024-03-31,quarterly
2024-06-26,rally-meteorite,,,8.75,0,153125.0,manual:chart_observation:exact:manual_research,chart_observation,exact,User-provided manual Rally METEORITE Precious Minerals price history,2024-06-26T00:00:00Z,2024-06-30,quarterly
2024-09-27,rally-meteorite,,,8.8,0,154000.0,manual:chart_observation:exact:manual_research,chart_observation,exact,User-provided manual Rally METEORITE Precious Minerals price history,2024-09-27T00:00:00Z,2024-09-30,quarterly
2024-12-30,rally-meteorite,,,8.45,0,147875.0,manual:chart_observation:exact:manual_research,chart_observation,exact,User-provided manual Rally METEORITE Precious Minerals price history,2024-12-30T00:00:00Z,2024-12-31,quarterly
2025-03-26,rally-meteorite,,,8.5,0,148750.0,manual:chart_observation:exact:manual_research,chart_observation,exact,User-provided manual Rally METEORITE Precious Minerals price history,2025-03-26T00:00:00Z,2025-03-31,quarterly
2025-06-27,rally-meteorite,,,9.0,0,157500.0,manual:chart_observation:exact:manual_research,chart_observation,exact,User-provided manual Rally METEORITE Precious Minerals price history,2025-06-27T00:00:00Z,2025-06-30,quarterly
2025-09-29,rally-meteorite,,,8.35,0,146125.0,manual:chart_observation:exact:manual_research,chart_observation,exact,User-provided manual Rally METEORITE Precious Minerals price history,2025-09-29T00:00:00Z,2025-09-30,quarterly
2025-12-31,rally-meteorite,,,9.25,0,161875.0,manual:chart_observation:exact:manual_research,chart_observation,exact,User-provided manual Rally METEORITE Precious Minerals price history,2025-12-31T00:00:00Z,2025-12-31,quarterly
2026-03-27,rally-meteorite,,,8.0,0,140000.0,manual:chart_observation:exact:manual_research,chart_observation,exact,User-provided manual Rally METEORITE Precious Minerals price history,2026-03-27T00:00:00Z,2026-03-31,quarterly
2026-06-30,rally-meteorite,,,7.25,0,126875.0,manual:chart_observation:exact:manual_research,chart_observation,exact,User-provided manual Rally METEORITE Precious Minerals price history,2026-06-30T00:00:00Z,2026-06-30,quarterly
2019-08-22,rally-65ag1,,,103.0,0,206000.0,manual:chart_observation:exact:manual_research,chart_observation,exact,User-provided manual Rally 65AG1 Cars price history,2019-08-22T00:00:00Z,2019-08-22,weekly
2019-10-29,rally-65ag1,,,104.0,0,208000.0,manual:chart_observation:exact:manual_research,chart_observation,exact,User-provided manual Rally 65AG1 Cars price history,2019-10-29T00:00:00Z,2019-09-30,quarterly
2020-02-25,rally-65ag1,,,104.0,0,208000.0,manual:chart_observation:exact:manual_research,chart_observation,exact,User-provided manual Rally 65AG1 Cars price history,2020-02-25T00:00:00Z,2020-03-31,quarterly
2020-06-09,rally-65ag1,,,104.0,0,208000.0,manual:chart_observation:exact:manual_research,chart_observation,exact,User-provided manual Rally 65AG1 Cars price history,2020-06-09T00:00:00Z,2020-06-30,quarterly
2020-09-08,rally-65ag1,,,103.6,0,207200.0,manual:chart_observation:exact:manual_research,chart_observation,exact,User-provided manual Rally 65AG1 Cars price history,2020-09-08T00:00:00Z,2020-09-30,quarterly
2021-02-25,rally-65ag1,,,105.0,0,210000.0,manual:chart_observation:exact:manual_research,chart_observation,exact,User-provided manual Rally 65AG1 Cars price history,2021-02-25T00:00:00Z,2021-03-31,quarterly
2021-08-03,rally-65ag1,,,108.0,0,216000.0,manual:chart_observation:exact:manual_research,chart_observation,exact,User-provided manual Rally 65AG1 Cars price history,2021-08-03T00:00:00Z,2021-06-30,quarterly
2022-04-11,rally-65ag1,,,108.0,0,216000.0,manual:chart_observation:exact:manual_research,chart_observation,exact,User-provided manual Rally 65AG1 Cars price history,2022-04-11T00:00:00Z,2022-03-31,quarterly
2022-06-27,rally-65ag1,,,55.0,0,110000.0,manual:chart_observation:exact:manual_research,chart_observation,exact,User-provided manual Rally 65AG1 Cars price history,2022-06-27T00:00:00Z,2022-06-30,quarterly
2022-09-30,rally-65ag1,,,54.5,0,109000.0,manual:chart_observation:exact:manual_research,chart_observation,exact,User-provided manual Rally 65AG1 Cars price history,2022-09-30T00:00:00Z,2022-09-30,quarterly
2022-12-29,rally-65ag1,,,43.0,0,86000.0,manual:chart_observation:exact:manual_research,chart_observation,exact,User-provided manual Rally 65AG1 Cars price history,2022-12-29T00:00:00Z,2022-12-31,quarterly
2023-03-29,rally-65ag1,,,49.9,0,99800.0,manual:chart_observation:exact:manual_research,chart_observation,exact,User-provided manual Rally 65AG1 Cars price history,2023-03-29T00:00:00Z,2023-03-31,quarterly
2023-06-26,rally-65ag1,,,49.85,0,99700.0,manual:chart_observation:exact:manual_research,chart_observation,exact,User-provided manual Rally 65AG1 Cars price history,2023-06-26T00:00:00Z,2023-06-30,quarterly
2023-09-22,rally-65ag1,,,42.0,0,84000.0,manual:chart_observation:exact:manual_research,chart_observation,exact,User-provided manual Rally 65AG1 Cars price history,2023-09-22T00:00:00Z,2023-09-30,quarterly
2023-12-29,rally-65ag1,,,34.4,0,68800.0,manual:chart_observation:exact:manual_research,chart_observation,exact,User-provided manual Rally 65AG1 Cars price history,2023-12-29T00:00:00Z,2023-12-31,quarterly
2024-03-28,rally-65ag1,,,55.55,0,111100.0,manual:chart_observation:exact:manual_research,chart_observation,exact,User-provided manual Rally 65AG1 Cars price history,2024-03-28T00:00:00Z,2024-03-31,quarterly
2024-06-26,rally-65ag1,,,51.0,0,102000.0,manual:chart_observation:exact:manual_research,chart_observation,exact,User-provided manual Rally 65AG1 Cars price history,2024-06-26T00:00:00Z,2024-06-30,quarterly
2024-09-23,rally-65ag1,,,48.0,0,96000.0,manual:chart_observation:exact:manual_research,chart_observation,exact,User-provided manual Rally 65AG1 Cars price history,2024-09-23T00:00:00Z,2024-09-30,quarterly
2024-12-30,rally-65ag1,,,55.0,0,110000.0,manual:chart_observation:exact:manual_research,chart_observation,exact,User-provided manual Rally 65AG1 Cars price history,2024-12-30T00:00:00Z,2024-12-31,quarterly
2025-03-28,rally-65ag1,,,50.0,0,100000.0,manual:chart_observation:exact:manual_research,chart_observation,exact,User-provided manual Rally 65AG1 Cars price history,2025-03-28T00:00:00Z,2025-03-31,quarterly
2025-06-26,rally-65ag1,,,54.55,0,109100.0,manual:chart_observation:exact:manual_research,chart_observation,exact,User-provided manual Rally 65AG1 Cars price history,2025-06-26T00:00:00Z,2025-06-30,quarterly
2025-09-23,rally-65ag1,,,54.55,0,109100.0,manual:chart_observation:exact:manual_research,chart_observation,exact,User-provided manual Rally 65AG1 Cars price history,2025-09-23T00:00:00Z,2025-09-30,quarterly
2025-12-30,rally-65ag1,,,45.05,0,90100.0,manual:chart_observation:exact:manual_research,chart_observation,exact,User-provided manual Rally 65AG1 Cars price history,2025-12-30T00:00:00Z,2025-12-31,quarterly
2026-03-30,rally-65ag1,,,50.0,0,100000.0,manual:chart_observation:exact:manual_research,chart_observation,exact,User-provided manual Rally 65AG1 Cars price history,2026-03-30T00:00:00Z,2026-03-31,quarterly
2026-06-26,rally-65ag1,,,45.0,0,90000.0,manual:chart_observation:exact:manual_research,chart_observation,exact,User-provided manual Rally 65AG1 Cars price history,2026-06-26T00:00:00Z,2026-06-30,quarterly
2018-08-09,rally-69bm1,,,59.6,0,119200.0,manual:chart_observation:exact:manual_research,chart_observation,exact,User-provided manual Rally 69BM1 Cars price history,2018-08-09T00:00:00Z,2018-06-30,quarterly
2018-10-22,rally-69bm1,,,60.0,0,120000.0,manual:chart_observation:exact:manual_research,chart_observation,exact,User-provided manual Rally 69BM1 Cars price history,2018-10-22T00:00:00Z,2018-09-30,quarterly
2019-01-09,rally-69bm1,,,60.0,0,120000.0,manual:chart_observation:exact:manual_research,chart_observation,exact,User-provided manual Rally 69BM1 Cars price history,2019-01-09T00:00:00Z,2018-12-31,quarterly
2019-04-04,rally-69bm1,,,70.0,0,140000.0,manual:chart_observation:exact:manual_research,chart_observation,exact,User-provided manual Rally 69BM1 Cars price history,2019-04-04T00:00:00Z,2019-03-31,quarterly
2019-07-09,rally-69bm1,,,71.1,0,142200.0,manual:chart_observation:exact:manual_research,chart_observation,exact,User-provided manual Rally 69BM1 Cars price history,2019-07-09T00:00:00Z,2019-06-30,quarterly
2019-10-01,rally-69bm1,,,72.1,0,144200.0,manual:chart_observation:exact:manual_research,chart_observation,exact,User-provided manual Rally 69BM1 Cars price history,2019-10-01T00:00:00Z,2019-09-30,quarterly
2020-01-03,rally-69bm1,,,73.25,0,146500.0,manual:chart_observation:exact:manual_research,chart_observation,exact,User-provided manual Rally 69BM1 Cars price history,2020-01-03T00:00:00Z,2019-12-31,quarterly
2020-03-24,rally-69bm1,,,80.0,0,160000.0,manual:chart_observation:exact:manual_research,chart_observation,exact,User-provided manual Rally 69BM1 Cars price history,2020-03-24T00:00:00Z,2020-03-31,quarterly
2020-06-30,rally-69bm1,,,82.0,0,164000.0,manual:chart_observation:exact:manual_research,chart_observation,exact,User-provided manual Rally 69BM1 Cars price history,2020-06-30T00:00:00Z,2020-06-30,quarterly
2020-10-06,rally-69bm1,,,84.0,0,168000.0,manual:chart_observation:exact:manual_research,chart_observation,exact,User-provided manual Rally 69BM1 Cars price history,2020-10-06T00:00:00Z,2020-09-30,quarterly
2021-01-19,rally-69bm1,,,84.0,0,168000.0,manual:chart_observation:exact:manual_research,chart_observation,exact,User-provided manual Rally 69BM1 Cars price history,2021-01-19T00:00:00Z,2020-12-31,quarterly
2021-03-25,rally-69bm1,,,84.0,0,168000.0,manual:chart_observation:exact:manual_research,chart_observation,exact,User-provided manual Rally 69BM1 Cars price history,2021-03-25T00:00:00Z,2021-03-31,quarterly
2021-06-15,rally-69bm1,,,86.0,0,172000.0,manual:chart_observation:exact:manual_research,chart_observation,exact,User-provided manual Rally 69BM1 Cars price history,2021-06-15T00:00:00Z,2021-06-30,quarterly
2021-09-23,rally-69bm1,,,84.0,0,168000.0,manual:chart_observation:exact:manual_research,chart_observation,exact,User-provided manual Rally 69BM1 Cars price history,2021-09-23T00:00:00Z,2021-09-30,quarterly
2022-09-12,rally-69bm1,,,81.0,0,162000.0,manual:chart_observation:exact:manual_research,chart_observation,exact,User-provided manual Rally 69BM1 Cars price history,2022-09-12T00:00:00Z,2022-09-30,quarterly
2022-12-27,rally-69bm1,,,40.1,0,80200.0,manual:chart_observation:exact:manual_research,chart_observation,exact,User-provided manual Rally 69BM1 Cars price history,2022-12-27T00:00:00Z,2022-12-31,quarterly
2023-03-31,rally-69bm1,,,67.0,0,134000.0,manual:chart_observation:exact:manual_research,chart_observation,exact,User-provided manual Rally 69BM1 Cars price history,2023-03-31T00:00:00Z,2023-03-31,quarterly
2023-09-22,rally-69bm1,,,64.95,0,129900.0,manual:chart_observation:exact:manual_research,chart_observation,exact,User-provided manual Rally 69BM1 Cars price history,2023-09-22T00:00:00Z,2023-09-30,quarterly
2023-12-27,rally-69bm1,,,52.0,0,104000.0,manual:chart_observation:exact:manual_research,chart_observation,exact,User-provided manual Rally 69BM1 Cars price history,2023-12-27T00:00:00Z,2023-12-31,quarterly
2024-03-22,rally-69bm1,,,68.0,0,136000.0,manual:chart_observation:exact:manual_research,chart_observation,exact,User-provided manual Rally 69BM1 Cars price history,2024-03-22T00:00:00Z,2024-03-31,quarterly
2024-06-27,rally-69bm1,,,59.05,0,118100.0,manual:chart_observation:exact:manual_research,chart_observation,exact,User-provided manual Rally 69BM1 Cars price history,2024-06-27T00:00:00Z,2024-06-30,quarterly
2024-09-23,rally-69bm1,,,59.05,0,118100.0,manual:chart_observation:exact:manual_research,chart_observation,exact,User-provided manual Rally 69BM1 Cars price history,2024-09-23T00:00:00Z,2024-09-30,quarterly
2024-12-27,rally-69bm1,,,66.0,0,132000.0,manual:chart_observation:exact:manual_research,chart_observation,exact,User-provided manual Rally 69BM1 Cars price history,2024-12-27T00:00:00Z,2024-12-31,quarterly
2025-03-24,rally-69bm1,,,65.0,0,130000.0,manual:chart_observation:exact:manual_research,chart_observation,exact,User-provided manual Rally 69BM1 Cars price history,2025-03-24T00:00:00Z,2025-03-31,quarterly
2025-06-30,rally-69bm1,,,63.05,0,126100.0,manual:chart_observation:exact:manual_research,chart_observation,exact,User-provided manual Rally 69BM1 Cars price history,2025-06-30T00:00:00Z,2025-06-30,quarterly
2025-12-29,rally-69bm1,,,48.0,0,96000.0,manual:chart_observation:exact:manual_research,chart_observation,exact,User-provided manual Rally 69BM1 Cars price history,2025-12-29T00:00:00Z,2025-12-31,quarterly
2026-03-26,rally-69bm1,,,48.0,0,96000.0,manual:chart_observation:exact:manual_research,chart_observation,exact,User-provided manual Rally 69BM1 Cars price history,2026-03-26T00:00:00Z,2026-03-31,quarterly
2026-06-30,rally-69bm1,,,50.0,0,100000.0,manual:chart_observation:exact:manual_research,chart_observation,exact,User-provided manual Rally 69BM1 Cars price history,2026-06-30T00:00:00Z,2026-06-30,quarterly
2022-06-21,rally-82av1,,,10.5,0,156187.5,manual:chart_observation:exact:manual_research,chart_observation,exact,User-provided manual Rally 82AV1 Cars price history,2022-06-21T00:00:00Z,2022-06-30,quarterly
2022-09-30,rally-82av1,,,11.1,0,165112.5,manual:chart_observation:exact:manual_research,chart_observation,exact,User-provided manual Rally 82AV1 Cars price history,2022-09-30T00:00:00Z,2022-09-30,quarterly
2022-12-27,rally-82av1,,,8.0,0,119000.0,manual:chart_observation:exact:manual_research,chart_observation,exact,User-provided manual Rally 82AV1 Cars price history,2022-12-27T00:00:00Z,2022-12-31,quarterly
2023-03-28,rally-82av1,,,12.9,0,191887.5,manual:chart_observation:exact:manual_research,chart_observation,exact,User-provided manual Rally 82AV1 Cars price history,2023-03-28T00:00:00Z,2023-03-31,quarterly
2023-06-28,rally-82av1,,,11.4,0,169575.0,manual:chart_observation:exact:manual_research,chart_observation,exact,User-provided manual Rally 82AV1 Cars price history,2023-06-28T00:00:00Z,2023-06-30,quarterly
2023-09-28,rally-82av1,,,10.0,0,148750.0,manual:chart_observation:exact:manual_research,chart_observation,exact,User-provided manual Rally 82AV1 Cars price history,2023-09-28T00:00:00Z,2023-09-30,quarterly
2023-12-29,rally-82av1,,,10.75,0,159906.25,manual:chart_observation:exact:manual_research,chart_observation,exact,User-provided manual Rally 82AV1 Cars price history,2023-12-29T00:00:00Z,2023-12-31,quarterly
2024-03-26,rally-82av1,,,13.75,0,204531.25,manual:chart_observation:exact:manual_research,chart_observation,exact,User-provided manual Rally 82AV1 Cars price history,2024-03-26T00:00:00Z,2024-03-31,quarterly
2024-06-26,rally-82av1,,,13.45,0,200068.75,manual:chart_observation:exact:manual_research,chart_observation,exact,User-provided manual Rally 82AV1 Cars price history,2024-06-26T00:00:00Z,2024-06-30,quarterly
2024-09-26,rally-82av1,,,12.7,0,188912.5,manual:chart_observation:exact:manual_research,chart_observation,exact,User-provided manual Rally 82AV1 Cars price history,2024-09-26T00:00:00Z,2024-09-30,quarterly
2024-12-27,rally-82av1,,,12.25,0,182218.75,manual:chart_observation:exact:manual_research,chart_observation,exact,User-provided manual Rally 82AV1 Cars price history,2024-12-27T00:00:00Z,2024-12-31,quarterly
2025-03-28,rally-82av1,,,12.2,0,181475.0,manual:chart_observation:exact:manual_research,chart_observation,exact,User-provided manual Rally 82AV1 Cars price history,2025-03-28T00:00:00Z,2025-03-31,quarterly
2025-06-30,rally-82av1,,,12.4,0,184450.0,manual:chart_observation:exact:manual_research,chart_observation,exact,User-provided manual Rally 82AV1 Cars price history,2025-06-30T00:00:00Z,2025-06-30,quarterly
2025-09-25,rally-82av1,,,10.5,0,156187.5,manual:chart_observation:exact:manual_research,chart_observation,exact,User-provided manual Rally 82AV1 Cars price history,2025-09-25T00:00:00Z,2025-09-30,quarterly
2025-12-26,rally-82av1,,,12.25,0,182218.75,manual:chart_observation:exact:manual_research,chart_observation,exact,User-provided manual Rally 82AV1 Cars price history,2025-12-26T00:00:00Z,2025-12-31,quarterly
2026-03-27,rally-82av1,,,11.8,0,175525.0,manual:chart_observation:exact:manual_research,chart_observation,exact,User-provided manual Rally 82AV1 Cars price history,2026-03-27T00:00:00Z,2026-03-31,quarterly
2026-06-29,rally-82av1,,,11.0,0,163625.0,manual:chart_observation:exact:manual_research,chart_observation,exact,User-provided manual Rally 82AV1 Cars price history,2026-06-29T00:00:00Z,2026-06-30,quarterly
2019-12-01,rally-92cc1,,,27.0,0,54000.0,manual:chart_observation:exact:manual_research,chart_observation,exact,User-provided manual Rally 92CC1 Cars price history,2019-12-01T00:00:00Z,2019-12-31,quarterly
2020-04-21,rally-92cc1,,,26.0,0,52000.0,manual:chart_observation:exact:manual_research,chart_observation,exact,User-provided manual Rally 92CC1 Cars price history,2020-04-21T00:00:00Z,2020-03-31,quarterly
2020-08-04,rally-92cc1,,,20.0,0,40000.0,manual:chart_observation:exact:manual_research,chart_observation,exact,User-provided manual Rally 92CC1 Cars price history,2020-08-04T00:00:00Z,2020-06-30,quarterly
2020-11-10,rally-92cc1,,,17.5,0,35000.0,manual:chart_observation:exact:manual_research,chart_observation,exact,User-provided manual Rally 92CC1 Cars price history,2020-11-10T00:00:00Z,2020-09-30,quarterly
2021-02-04,rally-92cc1,,,19.0,0,38000.0,manual:chart_observation:exact:manual_research,chart_observation,exact,User-provided manual Rally 92CC1 Cars price history,2021-02-04T00:00:00Z,2020-12-31,quarterly
2021-04-08,rally-92cc1,,,18.5,0,37000.0,manual:chart_observation:exact:manual_research,chart_observation,exact,User-provided manual Rally 92CC1 Cars price history,2021-04-08T00:00:00Z,2021-03-31,quarterly
2021-07-15,rally-92cc1,,,30.0,0,60000.0,manual:chart_observation:exact:manual_research,chart_observation,exact,User-provided manual Rally 92CC1 Cars price history,2021-07-15T00:00:00Z,2021-06-30,quarterly
2021-11-02,rally-92cc1,,,32.6,0,65200.0,manual:chart_observation:exact:manual_research,chart_observation,exact,User-provided manual Rally 92CC1 Cars price history,2021-11-02T00:00:00Z,2021-09-30,quarterly
2022-03-21,rally-92cc1,,,29.25,0,58500.0,manual:chart_observation:exact:manual_research,chart_observation,exact,User-provided manual Rally 92CC1 Cars price history,2022-03-21T00:00:00Z,2022-03-21,weekly
2022-03-25,rally-92cc1,,,20.0,0,40000.0,manual:chart_observation:exact:manual_research,chart_observation,exact,User-provided manual Rally 92CC1 Cars price history,2022-03-25T00:00:00Z,2022-03-31,quarterly
2022-06-24,rally-92cc1,,,20.55,0,41100.0,manual:chart_observation:exact:manual_research,chart_observation,exact,User-provided manual Rally 92CC1 Cars price history,2022-06-24T00:00:00Z,2022-06-30,quarterly
2022-09-30,rally-92cc1,,,21.0,0,42000.0,manual:chart_observation:exact:manual_research,chart_observation,exact,User-provided manual Rally 92CC1 Cars price history,2022-09-30T00:00:00Z,2022-09-30,quarterly
2022-12-30,rally-92cc1,,,17.5,0,35000.0,manual:chart_observation:exact:manual_research,chart_observation,exact,User-provided manual Rally 92CC1 Cars price history,2022-12-30T00:00:00Z,2022-12-31,quarterly
2023-03-24,rally-92cc1,,,21.75,0,43500.0,manual:chart_observation:exact:manual_research,chart_observation,exact,User-provided manual Rally 92CC1 Cars price history,2023-03-24T00:00:00Z,2023-03-31,quarterly
2023-06-23,rally-92cc1,,,21.5,0,43000.0,manual:chart_observation:exact:manual_research,chart_observation,exact,User-provided manual Rally 92CC1 Cars price history,2023-06-23T00:00:00Z,2023-06-30,quarterly
2023-09-22,rally-92cc1,,,19.0,0,38000.0,manual:chart_observation:exact:manual_research,chart_observation,exact,User-provided manual Rally 92CC1 Cars price history,2023-09-22T00:00:00Z,2023-09-30,quarterly
2023-12-29,rally-92cc1,,,19.45,0,38900.0,manual:chart_observation:exact:manual_research,chart_observation,exact,User-provided manual Rally 92CC1 Cars price history,2023-12-29T00:00:00Z,2023-12-31,quarterly
2024-04-01,rally-92cc1,,,31.0,0,62000.0,manual:chart_observation:exact:manual_research,chart_observation,exact,User-provided manual Rally 92CC1 Cars price history,2024-04-01T00:00:00Z,2024-03-31,quarterly
2024-06-21,rally-92cc1,,,22.5,0,45000.0,manual:chart_observation:exact:manual_research,chart_observation,exact,User-provided manual Rally 92CC1 Cars price history,2024-06-21T00:00:00Z,2024-06-21,weekly
2024-07-01,rally-92cc1,,,22.5,0,45000.0,manual:chart_observation:exact:manual_research,chart_observation,exact,User-provided manual Rally 92CC1 Cars price history,2024-07-01T00:00:00Z,2024-06-30,quarterly
2024-09-30,rally-92cc1,,,18.0,0,36000.0,manual:chart_observation:exact:manual_research,chart_observation,exact,User-provided manual Rally 92CC1 Cars price history,2024-09-30T00:00:00Z,2024-09-30,quarterly
2024-12-30,rally-92cc1,,,22.55,0,45100.0,manual:chart_observation:exact:manual_research,chart_observation,exact,User-provided manual Rally 92CC1 Cars price history,2024-12-30T00:00:00Z,2024-12-31,quarterly
2025-03-31,rally-92cc1,,,23.5,0,47000.0,manual:chart_observation:exact:manual_research,chart_observation,exact,User-provided manual Rally 92CC1 Cars price history,2025-03-31T00:00:00Z,2025-03-31,quarterly
2025-06-30,rally-92cc1,,,23.5,0,47000.0,manual:chart_observation:exact:manual_research,chart_observation,exact,User-provided manual Rally 92CC1 Cars price history,2025-06-30T00:00:00Z,2025-06-30,quarterly
2025-09-29,rally-92cc1,,,25.0,0,50000.0,manual:chart_observation:exact:manual_research,chart_observation,exact,User-provided manual Rally 92CC1 Cars price history,2025-09-29T00:00:00Z,2025-09-30,quarterly
2025-12-29,rally-92cc1,,,29.0,0,58000.0,manual:chart_observation:exact:manual_research,chart_observation,exact,User-provided manual Rally 92CC1 Cars price history,2025-12-29T00:00:00Z,2025-12-31,quarterly
2026-03-30,rally-92cc1,,,37.0,0,74000.0,manual:chart_observation:exact:manual_research,chart_observation,exact,User-provided manual Rally 92CC1 Cars price history,2026-03-30T00:00:00Z,2026-03-31,quarterly
2026-06-29,rally-92cc1,,,40.0,0,80000.0,manual:chart_observation:exact:manual_research,chart_observation,exact,User-provided manual Rally 92CC1 Cars price history,2026-06-29T00:00:00Z,2026-06-30,quarterly
2019-04-04,rally-92ld1,,,55.5,0,166500.0,manual:chart_observation:exact:manual_research,chart_observation,exact,User-provided manual Rally 92LD1 Cars price history,2019-04-04T00:00:00Z,2019-03-31,quarterly
2019-08-13,rally-92ld1,,,55.5,0,166500.0,manual:chart_observation:exact:manual_research,chart_observation,exact,User-provided manual Rally 92LD1 Cars price history,2019-08-13T00:00:00Z,2019-06-30,quarterly
2019-10-24,rally-92ld1,,,60.0,0,180000.0,manual:chart_observation:exact:manual_research,chart_observation,exact,User-provided manual Rally 92LD1 Cars price history,2019-10-24T00:00:00Z,2019-09-30,quarterly
2020-01-28,rally-92ld1,,,60.0,0,180000.0,manual:chart_observation:exact:manual_research,chart_observation,exact,User-provided manual Rally 92LD1 Cars price history,2020-01-28T00:00:00Z,2019-12-31,quarterly
2020-05-12,rally-92ld1,,,60.0,0,180000.0,manual:chart_observation:exact:manual_research,chart_observation,exact,User-provided manual Rally 92LD1 Cars price history,2020-05-12T00:00:00Z,2020-03-31,quarterly
2020-09-01,rally-92ld1,,,60.0,0,180000.0,manual:chart_observation:exact:manual_research,chart_observation,exact,User-provided manual Rally 92LD1 Cars price history,2020-09-01T00:00:00Z,2020-09-30,quarterly
2020-12-01,rally-92ld1,,,61.0,0,183000.0,manual:chart_observation:exact:manual_research,chart_observation,exact,User-provided manual Rally 92LD1 Cars price history,2020-12-01T00:00:00Z,2020-12-31,quarterly
2021-02-16,rally-92ld1,,,50.0,0,150000.0,manual:chart_observation:exact:manual_research,chart_observation,exact,User-provided manual Rally 92LD1 Cars price history,2021-02-16T00:00:00Z,2021-02-16,weekly
2021-05-12,rally-92ld1,,,44.0,0,132000.0,manual:chart_observation:exact:manual_research,chart_observation,exact,User-provided manual Rally 92LD1 Cars price history,2021-05-12T00:00:00Z,2021-03-31,quarterly
2021-08-09,rally-92ld1,,,50.0,0,150000.0,manual:chart_observation:exact:manual_research,chart_observation,exact,User-provided manual Rally 92LD1 Cars price history,2021-08-09T00:00:00Z,2021-06-30,quarterly
2022-03-28,rally-92ld1,,,49.0,0,147000.0,manual:chart_observation:exact:manual_research,chart_observation,exact,User-provided manual Rally 92LD1 Cars price history,2022-03-28T00:00:00Z,2022-03-31,quarterly
2022-06-27,rally-92ld1,,,42.95,0,128850.0,manual:chart_observation:exact:manual_research,chart_observation,exact,User-provided manual Rally 92LD1 Cars price history,2022-06-27T00:00:00Z,2022-06-30,quarterly
2022-09-28,rally-92ld1,,,42.95,0,128850.0,manual:chart_observation:exact:manual_research,chart_observation,exact,User-provided manual Rally 92LD1 Cars price history,2022-09-28T00:00:00Z,2022-09-30,quarterly
2022-12-30,rally-92ld1,,,30.05,0,90150.0,manual:chart_observation:exact:manual_research,chart_observation,exact,User-provided manual Rally 92LD1 Cars price history,2022-12-30T00:00:00Z,2022-12-31,quarterly
2023-03-24,rally-92ld1,,,33.0,0,99000.0,manual:chart_observation:exact:manual_research,chart_observation,exact,User-provided manual Rally 92LD1 Cars price history,2023-03-24T00:00:00Z,2023-03-31,quarterly
2023-06-27,rally-92ld1,,,35.0,0,105000.0,manual:chart_observation:exact:manual_research,chart_observation,exact,User-provided manual Rally 92LD1 Cars price history,2023-06-27T00:00:00Z,2023-06-30,quarterly
2023-09-28,rally-92ld1,,,36.5,0,109500.0,manual:chart_observation:exact:manual_research,chart_observation,exact,User-provided manual Rally 92LD1 Cars price history,2023-09-28T00:00:00Z,2023-09-30,quarterly
2023-12-29,rally-92ld1,,,36.25,0,108750.0,manual:chart_observation:exact:manual_research,chart_observation,exact,User-provided manual Rally 92LD1 Cars price history,2023-12-29T00:00:00Z,2023-12-31,quarterly
2024-03-25,rally-92ld1,,,55.0,0,165000.0,manual:chart_observation:exact:manual_research,chart_observation,exact,User-provided manual Rally 92LD1 Cars price history,2024-03-25T00:00:00Z,2024-03-31,quarterly
2024-06-26,rally-92ld1,,,31.5,0,94500.0,manual:chart_observation:exact:manual_research,chart_observation,exact,User-provided manual Rally 92LD1 Cars price history,2024-06-26T00:00:00Z,2024-06-30,quarterly
2024-09-27,rally-92ld1,,,45.0,0,135000.0,manual:chart_observation:exact:manual_research,chart_observation,exact,User-provided manual Rally 92LD1 Cars price history,2024-09-27T00:00:00Z,2024-09-30,quarterly
2024-12-30,rally-92ld1,,,43.95,0,131850.0,manual:chart_observation:exact:manual_research,chart_observation,exact,User-provided manual Rally 92LD1 Cars price history,2024-12-30T00:00:00Z,2024-12-31,quarterly
2025-03-24,rally-92ld1,,,44.0,0,132000.0,manual:chart_observation:exact:manual_research,chart_observation,exact,User-provided manual Rally 92LD1 Cars price history,2025-03-24T00:00:00Z,2025-03-31,quarterly
2025-06-25,rally-92ld1,,,45.0,0,135000.0,manual:chart_observation:exact:manual_research,chart_observation,exact,User-provided manual Rally 92LD1 Cars price history,2025-06-25T00:00:00Z,2025-06-30,quarterly
2025-09-26,rally-92ld1,,,40.0,0,120000.0,manual:chart_observation:exact:manual_research,chart_observation,exact,User-provided manual Rally 92LD1 Cars price history,2025-09-26T00:00:00Z,2025-09-30,quarterly
2025-12-29,rally-92ld1,,,43.4,0,130200.0,manual:chart_observation:exact:manual_research,chart_observation,exact,User-provided manual Rally 92LD1 Cars price history,2025-12-29T00:00:00Z,2025-12-31,quarterly
2026-03-24,rally-92ld1,,,46.9,0,140700.0,manual:chart_observation:exact:manual_research,chart_observation,exact,User-provided manual Rally 92LD1 Cars price history,2026-03-24T00:00:00Z,2026-03-31,quarterly
2026-06-25,rally-92ld1,,,42.5,0,127500.0,manual:chart_observation:exact:manual_research,chart_observation,exact,User-provided manual Rally 92LD1 Cars price history,2026-06-25T00:00:00Z,2026-06-30,quarterly
2019-10-10,rally-61je1,,,90.0,0,270000.0,manual:chart_observation:exact:manual_research,chart_observation,exact,User-provided manual Rally 61JE1 Cars price history,2019-10-10T00:00:00Z,2019-09-30,quarterly
2020-01-21,rally-61je1,,,89.0,0,267000.0,manual:chart_observation:exact:manual_research,chart_observation,exact,User-provided manual Rally 61JE1 Cars price history,2020-01-21T00:00:00Z,2019-12-31,quarterly
2020-03-17,rally-61je1,,,89.0,0,267000.0,manual:chart_observation:exact:manual_research,chart_observation,exact,User-provided manual Rally 61JE1 Cars price history,2020-03-17T00:00:00Z,2020-03-31,quarterly
2020-07-07,rally-61je1,,,95.0,0,285000.0,manual:chart_observation:exact:manual_research,chart_observation,exact,User-provided manual Rally 61JE1 Cars price history,2020-07-07T00:00:00Z,2020-06-30,quarterly
2020-10-13,rally-61je1,,,95.0,0,285000.0,manual:chart_observation:exact:manual_research,chart_observation,exact,User-provided manual Rally 61JE1 Cars price history,2020-10-13T00:00:00Z,2020-09-30,quarterly
2021-01-28,rally-61je1,,,94.0,0,282000.0,manual:chart_observation:exact:manual_research,chart_observation,exact,User-provided manual Rally 61JE1 Cars price history,2021-01-28T00:00:00Z,2020-12-31,quarterly
2021-04-06,rally-61je1,,,85.0,0,255000.0,manual:chart_observation:exact:manual_research,chart_observation,exact,User-provided manual Rally 61JE1 Cars price history,2021-04-06T00:00:00Z,2021-03-31,quarterly
2021-07-01,rally-61je1,,,82.0,0,246000.0,manual:chart_observation:exact:manual_research,chart_observation,exact,User-provided manual Rally 61JE1 Cars price history,2021-07-01T00:00:00Z,2021-06-30,quarterly
2021-10-12,rally-61je1,,,81.5,0,244500.0,manual:chart_observation:exact:manual_research,chart_observation,exact,User-provided manual Rally 61JE1 Cars price history,2021-10-12T00:00:00Z,2021-09-30,quarterly
2022-03-29,rally-61je1,,,70.0,0,210000.0,manual:chart_observation:exact:manual_research,chart_observation,exact,User-provided manual Rally 61JE1 Cars price history,2022-03-29T00:00:00Z,2022-03-31,quarterly
2022-06-27,rally-61je1,,,67.0,0,201000.0,manual:chart_observation:exact:manual_research,chart_observation,exact,User-provided manual Rally 61JE1 Cars price history,2022-06-27T00:00:00Z,2022-06-30,quarterly
2022-09-30,rally-61je1,,,67.0,0,201000.0,manual:chart_observation:exact:manual_research,chart_observation,exact,User-provided manual Rally 61JE1 Cars price history,2022-09-30T00:00:00Z,2022-09-30,quarterly
2022-12-29,rally-61je1,,,62.5,0,187500.0,manual:chart_observation:exact:manual_research,chart_observation,exact,User-provided manual Rally 61JE1 Cars price history,2022-12-29T00:00:00Z,2022-12-31,quarterly
2023-03-28,rally-61je1,,,68.45,0,205350.0,manual:chart_observation:exact:manual_research,chart_observation,exact,User-provided manual Rally 61JE1 Cars price history,2023-03-28T00:00:00Z,2023-03-31,quarterly
2023-06-26,rally-61je1,,,69.0,0,207000.0,manual:chart_observation:exact:manual_research,chart_observation,exact,User-provided manual Rally 61JE1 Cars price history,2023-06-26T00:00:00Z,2023-06-30,quarterly
2023-09-29,rally-61je1,,,69.7,0,209100.0,manual:chart_observation:exact:manual_research,chart_observation,exact,User-provided manual Rally 61JE1 Cars price history,2023-09-29T00:00:00Z,2023-09-30,quarterly
2023-12-28,rally-61je1,,,69.7,0,209100.0,manual:chart_observation:exact:manual_research,chart_observation,exact,User-provided manual Rally 61JE1 Cars price history,2023-12-28T00:00:00Z,2023-12-31,quarterly
2024-03-26,rally-61je1,,,73.0,0,219000.0,manual:chart_observation:exact:manual_research,chart_observation,exact,User-provided manual Rally 61JE1 Cars price history,2024-03-26T00:00:00Z,2024-03-31,quarterly
2024-06-24,rally-61je1,,,32.67,0,98010.0,manual:chart_observation:exact:manual_research,chart_observation,exact,User-provided manual Rally 61JE1 Cars price history,2024-06-24T00:00:00Z,2024-06-30,quarterly
2024-09-27,rally-61je1,,,55.0,0,165000.0,manual:chart_observation:exact:manual_research,chart_observation,exact,User-provided manual Rally 61JE1 Cars price history,2024-09-27T00:00:00Z,2024-09-30,quarterly
2024-12-26,rally-61je1,,,60.0,0,180000.0,manual:chart_observation:exact:manual_research,chart_observation,exact,User-provided manual Rally 61JE1 Cars price history,2024-12-26T00:00:00Z,2024-12-31,quarterly
2025-03-25,rally-61je1,,,57.5,0,172500.0,manual:chart_observation:exact:manual_research,chart_observation,exact,User-provided manual Rally 61JE1 Cars price history,2025-03-25T00:00:00Z,2025-03-31,quarterly
2025-06-30,rally-61je1,,,56.0,0,168000.0,manual:chart_observation:exact:manual_research,chart_observation,exact,User-provided manual Rally 61JE1 Cars price history,2025-06-30T00:00:00Z,2025-06-30,quarterly
2025-09-26,rally-61je1,,,49.0,0,147000.0,manual:chart_observation:exact:manual_research,chart_observation,exact,User-provided manual Rally 61JE1 Cars price history,2025-09-26T00:00:00Z,2025-09-30,quarterly
2025-12-24,rally-61je1,,,45.0,0,135000.0,manual:chart_observation:exact:manual_research,chart_observation,exact,User-provided manual Rally 61JE1 Cars price history,2025-12-24T00:00:00Z,2025-12-31,quarterly
2026-03-24,rally-61je1,,,53.6,0,160800.0,manual:chart_observation:exact:manual_research,chart_observation,exact,User-provided manual Rally 61JE1 Cars price history,2026-03-24T00:00:00Z,2026-03-31,quarterly
2026-06-29,rally-61je1,,,57.5,0,172500.0,manual:chart_observation:exact:manual_research,chart_observation,exact,User-provided manual Rally 61JE1 Cars price history,2026-06-29T00:00:00Z,2026-06-30,quarterly
2020-01-21,rally-61mg1,,,68.0,0,340000.0,manual:chart_observation:exact:manual_research,chart_observation,exact,User-provided manual Rally 61MG1 Cars price history,2020-01-21T00:00:00Z,2019-12-31,quarterly
2020-05-05,rally-61mg1,,,64.6,0,323000.0,manual:chart_observation:exact:manual_research,chart_observation,exact,User-provided manual Rally 61MG1 Cars price history,2020-05-05T00:00:00Z,2020-03-31,quarterly
2020-08-18,rally-61mg1,,,64.6,0,323000.0,manual:chart_observation:exact:manual_research,chart_observation,exact,User-provided manual Rally 61MG1 Cars price history,2020-08-18T00:00:00Z,2020-09-30,quarterly
2020-11-17,rally-61mg1,,,64.0,0,320000.0,manual:chart_observation:exact:manual_research,chart_observation,exact,User-provided manual Rally 61MG1 Cars price history,2020-11-17T00:00:00Z,2020-11-17,weekly
2021-02-09,rally-61mg1,,,55.5,0,277500.0,manual:chart_observation:exact:manual_research,chart_observation,exact,User-provided manual Rally 61MG1 Cars price history,2021-02-09T00:00:00Z,2020-12-31,quarterly
2021-05-27,rally-61mg1,,,50.95,0,254750.0,manual:chart_observation:exact:manual_research,chart_observation,exact,User-provided manual Rally 61MG1 Cars price history,2021-05-27T00:00:00Z,2021-06-30,quarterly
2021-08-31,rally-61mg1,,,50.0,0,250000.0,manual:chart_observation:exact:manual_research,chart_observation,exact,User-provided manual Rally 61MG1 Cars price history,2021-08-31T00:00:00Z,2021-09-30,quarterly
2022-04-04,rally-61mg1,,,45.0,0,225000.0,manual:chart_observation:exact:manual_research,chart_observation,exact,User-provided manual Rally 61MG1 Cars price history,2022-04-04T00:00:00Z,2022-03-31,quarterly
2022-06-29,rally-61mg1,,,39.0,0,195000.0,manual:chart_observation:exact:manual_research,chart_observation,exact,User-provided manual Rally 61MG1 Cars price history,2022-06-29T00:00:00Z,2022-06-30,quarterly
2022-09-29,rally-61mg1,,,38.5,0,192500.0,manual:chart_observation:exact:manual_research,chart_observation,exact,User-provided manual Rally 61MG1 Cars price history,2022-09-29T00:00:00Z,2022-09-30,quarterly
2022-12-29,rally-61mg1,,,35.95,0,179750.0,manual:chart_observation:exact:manual_research,chart_observation,exact,User-provided manual Rally 61MG1 Cars price history,2022-12-29T00:00:00Z,2022-12-31,quarterly
2023-03-30,rally-61mg1,,,32.0,0,160000.0,manual:chart_observation:exact:manual_research,chart_observation,exact,User-provided manual Rally 61MG1 Cars price history,2023-03-30T00:00:00Z,2023-03-31,quarterly
2023-06-30,rally-61mg1,,,32.9,0,164500.0,manual:chart_observation:exact:manual_research,chart_observation,exact,User-provided manual Rally 61MG1 Cars price history,2023-06-30T00:00:00Z,2023-06-30,quarterly
2023-09-29,rally-61mg1,,,27.0,0,135000.0,manual:chart_observation:exact:manual_research,chart_observation,exact,User-provided manual Rally 61MG1 Cars price history,2023-09-29T00:00:00Z,2023-09-30,quarterly
2023-12-29,rally-61mg1,,,26.5,0,132500.0,manual:chart_observation:exact:manual_research,chart_observation,exact,User-provided manual Rally 61MG1 Cars price history,2023-12-29T00:00:00Z,2023-12-31,quarterly
2024-03-28,rally-61mg1,,,40.0,0,200000.0,manual:chart_observation:exact:manual_research,chart_observation,exact,User-provided manual Rally 61MG1 Cars price history,2024-03-28T00:00:00Z,2024-03-31,quarterly
2024-06-28,rally-61mg1,,,39.0,0,195000.0,manual:chart_observation:exact:manual_research,chart_observation,exact,User-provided manual Rally 61MG1 Cars price history,2024-06-28T00:00:00Z,2024-06-30,quarterly
2024-09-30,rally-61mg1,,,39.85,0,199250.0,manual:chart_observation:exact:manual_research,chart_observation,exact,User-provided manual Rally 61MG1 Cars price history,2024-09-30T00:00:00Z,2024-09-30,quarterly
2024-12-30,rally-61mg1,,,40.1,0,200500.0,manual:chart_observation:exact:manual_research,chart_observation,exact,User-provided manual Rally 61MG1 Cars price history,2024-12-30T00:00:00Z,2024-12-31,quarterly
2025-03-31,rally-61mg1,,,42.5,0,212500.0,manual:chart_observation:exact:manual_research,chart_observation,exact,User-provided manual Rally 61MG1 Cars price history,2025-03-31T00:00:00Z,2025-03-31,quarterly
2025-06-30,rally-61mg1,,,42.5,0,212500.0,manual:chart_observation:exact:manual_research,chart_observation,exact,User-provided manual Rally 61MG1 Cars price history,2025-06-30T00:00:00Z,2025-06-30,quarterly
2025-09-29,rally-61mg1,,,42.35,0,211750.0,manual:chart_observation:exact:manual_research,chart_observation,exact,User-provided manual Rally 61MG1 Cars price history,2025-09-29T00:00:00Z,2025-09-30,quarterly
2025-12-30,rally-61mg1,,,44.0,0,220000.0,manual:chart_observation:exact:manual_research,chart_observation,exact,User-provided manual Rally 61MG1 Cars price history,2025-12-30T00:00:00Z,2025-12-31,quarterly
2026-03-24,rally-61mg1,,,40.0,0,200000.0,manual:chart_observation:exact:manual_research,chart_observation,exact,User-provided manual Rally 61MG1 Cars price history,2026-03-24T00:00:00Z,2026-03-31,quarterly
2026-06-23,rally-61mg1,,,43.0,0,215000.0,manual:chart_observation:exact:manual_research,chart_observation,exact,User-provided manual Rally 61MG1 Cars price history,2026-06-23T00:00:00Z,2026-06-30,quarterly
2019-04-25,rally-72mc1,,,62.25,0,124500.0,manual:chart_observation:exact:manual_research,chart_observation,exact,User-provided manual Rally 72MC1 Cars price history,2019-04-25T00:00:00Z,2019-03-31,quarterly
2019-08-22,rally-72mc1,,,62.2,0,124400.0,manual:chart_observation:exact:manual_research,chart_observation,exact,User-provided manual Rally 72MC1 Cars price history,2019-08-22T00:00:00Z,2019-08-22,weekly
2019-11-05,rally-72mc1,,,62.2,0,124400.0,manual:chart_observation:exact:manual_research,chart_observation,exact,User-provided manual Rally 72MC1 Cars price history,2019-11-05T00:00:00Z,2019-09-30,quarterly
2020-02-25,rally-72mc1,,,62.0,0,124000.0,manual:chart_observation:exact:manual_research,chart_observation,exact,User-provided manual Rally 72MC1 Cars price history,2020-02-25T00:00:00Z,2020-03-31,quarterly
2020-06-02,rally-72mc1,,,60.0,0,120000.0,manual:chart_observation:exact:manual_research,chart_observation,exact,User-provided manual Rally 72MC1 Cars price history,2020-06-02T00:00:00Z,2020-06-30,quarterly
2020-09-15,rally-72mc1,,,50.0,0,100000.0,manual:chart_observation:exact:manual_research,chart_observation,exact,User-provided manual Rally 72MC1 Cars price history,2020-09-15T00:00:00Z,2020-09-30,quarterly
2020-12-08,rally-72mc1,,,50.0,0,100000.0,manual:chart_observation:exact:manual_research,chart_observation,exact,User-provided manual Rally 72MC1 Cars price history,2020-12-08T00:00:00Z,2020-12-31,quarterly
2021-02-23,rally-72mc1,,,37.5,0,75000.0,manual:chart_observation:exact:manual_research,chart_observation,exact,User-provided manual Rally 72MC1 Cars price history,2021-02-23T00:00:00Z,2021-03-31,quarterly
2021-05-18,rally-72mc1,,,30.0,0,60000.0,manual:chart_observation:exact:manual_research,chart_observation,exact,User-provided manual Rally 72MC1 Cars price history,2021-05-18T00:00:00Z,2021-06-30,quarterly
2021-08-13,rally-72mc1,,,40.0,0,80000.0,manual:chart_observation:exact:manual_research,chart_observation,exact,User-provided manual Rally 72MC1 Cars price history,2021-08-13T00:00:00Z,2021-08-13,weekly
2022-04-11,rally-72mc1,,,43.0,0,86000.0,manual:chart_observation:exact:manual_research,chart_observation,exact,User-provided manual Rally 72MC1 Cars price history,2022-04-11T00:00:00Z,2022-03-31,quarterly
2022-06-22,rally-72mc1,,,35.0,0,70000.0,manual:chart_observation:exact:manual_research,chart_observation,exact,User-provided manual Rally 72MC1 Cars price history,2022-06-22T00:00:00Z,2022-06-30,quarterly
2022-09-30,rally-72mc1,,,39.0,0,78000.0,manual:chart_observation:exact:manual_research,chart_observation,exact,User-provided manual Rally 72MC1 Cars price history,2022-09-30T00:00:00Z,2022-09-30,quarterly
2022-12-23,rally-72mc1,,,36.5,0,73000.0,manual:chart_observation:exact:manual_research,chart_observation,exact,User-provided manual Rally 72MC1 Cars price history,2022-12-23T00:00:00Z,2022-12-31,quarterly
2023-03-27,rally-72mc1,,,34.0,0,68000.0,manual:chart_observation:exact:manual_research,chart_observation,exact,User-provided manual Rally 72MC1 Cars price history,2023-03-27T00:00:00Z,2023-03-31,quarterly
2023-06-28,rally-72mc1,,,37.4,0,74800.0,manual:chart_observation:exact:manual_research,chart_observation,exact,User-provided manual Rally 72MC1 Cars price history,2023-06-28T00:00:00Z,2023-06-30,quarterly
2023-09-29,rally-72mc1,,,30.5,0,61000.0,manual:chart_observation:exact:manual_research,chart_observation,exact,User-provided manual Rally 72MC1 Cars price history,2023-09-29T00:00:00Z,2023-09-30,quarterly
2023-12-29,rally-72mc1,,,25.5,0,51000.0,manual:chart_observation:exact:manual_research,chart_observation,exact,User-provided manual Rally 72MC1 Cars price history,2023-12-29T00:00:00Z,2023-12-31,quarterly
2024-03-25,rally-72mc1,,,35.0,0,70000.0,manual:chart_observation:exact:manual_research,chart_observation,exact,User-provided manual Rally 72MC1 Cars price history,2024-03-25T00:00:00Z,2024-03-31,quarterly
2024-06-24,rally-72mc1,,,33.0,0,66000.0,manual:chart_observation:exact:manual_research,chart_observation,exact,User-provided manual Rally 72MC1 Cars price history,2024-06-24T00:00:00Z,2024-06-30,quarterly
2024-09-25,rally-72mc1,,,32.0,0,64000.0,manual:chart_observation:exact:manual_research,chart_observation,exact,User-provided manual Rally 72MC1 Cars price history,2024-09-25T00:00:00Z,2024-09-30,quarterly
2024-12-27,rally-72mc1,,,34.95,0,69900.0,manual:chart_observation:exact:manual_research,chart_observation,exact,User-provided manual Rally 72MC1 Cars price history,2024-12-27T00:00:00Z,2024-12-31,quarterly
2025-03-28,rally-72mc1,,,30.2,0,60400.0,manual:chart_observation:exact:manual_research,chart_observation,exact,User-provided manual Rally 72MC1 Cars price history,2025-03-28T00:00:00Z,2025-03-31,quarterly
2025-06-30,rally-72mc1,,,37.0,0,74000.0,manual:chart_observation:exact:manual_research,chart_observation,exact,User-provided manual Rally 72MC1 Cars price history,2025-06-30T00:00:00Z,2025-06-30,quarterly
2025-09-22,rally-72mc1,,,35.3,0,70600.0,manual:chart_observation:exact:manual_research,chart_observation,exact,User-provided manual Rally 72MC1 Cars price history,2025-09-22T00:00:00Z,2025-09-30,quarterly
2025-12-24,rally-72mc1,,,37.75,0,75500.0,manual:chart_observation:exact:manual_research,chart_observation,exact,User-provided manual Rally 72MC1 Cars price history,2025-12-24T00:00:00Z,2025-12-31,quarterly
2026-03-27,rally-72mc1,,,43.0,0,86000.0,manual:chart_observation:exact:manual_research,chart_observation,exact,User-provided manual Rally 72MC1 Cars price history,2026-03-27T00:00:00Z,2026-03-31,quarterly
2026-06-26,rally-72mc1,,,35.75,0,71500.0,manual:chart_observation:exact:manual_research,chart_observation,exact,User-provided manual Rally 72MC1 Cars price history,2026-06-26T00:00:00Z,2026-06-30,quarterly
2019-07-16,rally-75ra1,,,30.0,0,90000.0,manual:chart_observation:exact:manual_research,chart_observation,exact,User-provided manual Rally 75RA1 Cars price history,2019-07-16T00:00:00Z,2019-06-30,quarterly
2019-12-17,rally-75ra1,,,30.5,0,91500.0,manual:chart_observation:exact:manual_research,chart_observation,exact,User-provided manual Rally 75RA1 Cars price history,2019-12-17T00:00:00Z,2019-12-31,quarterly
2020-03-31,rally-75ra1,,,30.75,0,92250.0,manual:chart_observation:exact:manual_research,chart_observation,exact,User-provided manual Rally 75RA1 Cars price history,2020-03-31T00:00:00Z,2020-03-31,quarterly
2020-07-14,rally-75ra1,,,30.0,0,90000.0,manual:chart_observation:exact:manual_research,chart_observation,exact,User-provided manual Rally 75RA1 Cars price history,2020-07-14T00:00:00Z,2020-06-30,quarterly
2020-12-13,rally-75ra1,,,29.0,0,87000.0,manual:chart_observation:exact:manual_research,chart_observation,exact,User-provided manual Rally 75RA1 Cars price history,2020-12-13T00:00:00Z,2020-12-13,weekly
2021-01-12,rally-75ra1,,,29.0,0,87000.0,manual:chart_observation:exact:manual_research,chart_observation,exact,User-provided manual Rally 75RA1 Cars price history,2021-01-12T00:00:00Z,2020-12-31,quarterly
2021-03-18,rally-75ra1,,,25.05,0,75150.0,manual:chart_observation:exact:manual_research,chart_observation,exact,User-provided manual Rally 75RA1 Cars price history,2021-03-18T00:00:00Z,2021-03-31,quarterly
2021-06-09,rally-75ra1,,,35.0,0,105000.0,manual:chart_observation:exact:manual_research,chart_observation,exact,User-provided manual Rally 75RA1 Cars price history,2021-06-09T00:00:00Z,2021-06-30,quarterly
2022-03-07,rally-75ra1,,,35.0,0,105000.0,manual:chart_observation:exact:manual_research,chart_observation,exact,User-provided manual Rally 75RA1 Cars price history,2022-03-07T00:00:00Z,2022-03-31,quarterly
2022-06-23,rally-75ra1,,,22.5,0,67500.0,manual:chart_observation:exact:manual_research,chart_observation,exact,User-provided manual Rally 75RA1 Cars price history,2022-06-23T00:00:00Z,2022-06-30,quarterly
2022-09-28,rally-75ra1,,,26.0,0,78000.0,manual:chart_observation:exact:manual_research,chart_observation,exact,User-provided manual Rally 75RA1 Cars price history,2022-09-28T00:00:00Z,2022-09-30,quarterly
2022-12-27,rally-75ra1,,,25.0,0,75000.0,manual:chart_observation:exact:manual_research,chart_observation,exact,User-provided manual Rally 75RA1 Cars price history,2022-12-27T00:00:00Z,2022-12-31,quarterly
2023-03-27,rally-75ra1,,,27.25,0,81750.0,manual:chart_observation:exact:manual_research,chart_observation,exact,User-provided manual Rally 75RA1 Cars price history,2023-03-27T00:00:00Z,2023-03-31,quarterly
2023-06-23,rally-75ra1,,,24.5,0,73500.0,manual:chart_observation:exact:manual_research,chart_observation,exact,User-provided manual Rally 75RA1 Cars price history,2023-06-23T00:00:00Z,2023-06-30,quarterly
2023-09-29,rally-75ra1,,,23.0,0,69000.0,manual:chart_observation:exact:manual_research,chart_observation,exact,User-provided manual Rally 75RA1 Cars price history,2023-09-29T00:00:00Z,2023-09-30,quarterly
2023-12-29,rally-75ra1,,,18.0,0,54000.0,manual:chart_observation:exact:manual_research,chart_observation,exact,User-provided manual Rally 75RA1 Cars price history,2023-12-29T00:00:00Z,2023-12-31,quarterly
2024-03-27,rally-75ra1,,,27.25,0,81750.0,manual:chart_observation:exact:manual_research,chart_observation,exact,User-provided manual Rally 75RA1 Cars price history,2024-03-27T00:00:00Z,2024-03-31,quarterly
2024-06-25,rally-75ra1,,,22.0,0,66000.0,manual:chart_observation:exact:manual_research,chart_observation,exact,User-provided manual Rally 75RA1 Cars price history,2024-06-25T00:00:00Z,2024-06-30,quarterly
2024-09-23,rally-75ra1,,,22.5,0,67500.0,manual:chart_observation:exact:manual_research,chart_observation,exact,User-provided manual Rally 75RA1 Cars price history,2024-09-23T00:00:00Z,2024-09-30,quarterly
2024-12-30,rally-75ra1,,,26.0,0,78000.0,manual:chart_observation:exact:manual_research,chart_observation,exact,User-provided manual Rally 75RA1 Cars price history,2024-12-30T00:00:00Z,2024-12-31,quarterly
2025-03-28,rally-75ra1,,,26.0,0,78000.0,manual:chart_observation:exact:manual_research,chart_observation,exact,User-provided manual Rally 75RA1 Cars price history,2025-03-28T00:00:00Z,2025-03-31,quarterly
2025-06-27,rally-75ra1,,,23.95,0,71850.0,manual:chart_observation:exact:manual_research,chart_observation,exact,User-provided manual Rally 75RA1 Cars price history,2025-06-27T00:00:00Z,2025-06-30,quarterly
2025-09-24,rally-75ra1,,,25.25,0,75750.0,manual:chart_observation:exact:manual_research,chart_observation,exact,User-provided manual Rally 75RA1 Cars price history,2025-09-24T00:00:00Z,2025-09-30,quarterly
2025-12-31,rally-75ra1,,,24.0,0,72000.0,manual:chart_observation:exact:manual_research,chart_observation,exact,User-provided manual Rally 75RA1 Cars price history,2025-12-31T00:00:00Z,2025-12-31,quarterly
2026-03-31,rally-75ra1,,,23.0,0,69000.0,manual:chart_observation:exact:manual_research,chart_observation,exact,User-provided manual Rally 75RA1 Cars price history,2026-03-31T00:00:00Z,2026-03-31,quarterly
2026-06-29,rally-75ra1,,,24.05,0,72150.0,manual:chart_observation:exact:manual_research,chart_observation,exact,User-provided manual Rally 75RA1 Cars price history,2026-06-29T00:00:00Z,2026-06-30,quarterly
2018-07-18,rally-77le1,,,40.5,0,81000.0,manual:chart_observation:exact:manual_research,chart_observation,exact,User-provided manual Rally 77LE1 Cars price history,2018-07-18T00:00:00Z,2018-06-30,quarterly
2018-12-06,rally-77le1,,,43.5,0,87000.0,manual:chart_observation:exact:manual_research,chart_observation,exact,User-provided manual Rally 77LE1 Cars price history,2018-12-06T00:00:00Z,2018-12-31,quarterly
2019-02-13,rally-77le1,,,44.0,0,88000.0,manual:chart_observation:exact:manual_research,chart_observation,exact,User-provided manual Rally 77LE1 Cars price history,2019-02-13T00:00:00Z,2019-02-13,weekly
2019-06-13,rally-77le1,,,46.55,0,93100.0,manual:chart_observation:exact:manual_research,chart_observation,exact,User-provided manual Rally 77LE1 Cars price history,2019-06-13T00:00:00Z,2019-06-30,quarterly
2019-08-20,rally-77le1,,,52.8,0,105600.0,manual:chart_observation:exact:manual_research,chart_observation,exact,User-provided manual Rally 77LE1 Cars price history,2019-08-20T00:00:00Z,2019-08-20,weekly
2019-10-24,rally-77le1,,,58.55,0,117100.0,manual:chart_observation:exact:manual_research,chart_observation,exact,User-provided manual Rally 77LE1 Cars price history,2019-10-24T00:00:00Z,2019-09-30,quarterly
2020-01-14,rally-77le1,,,59.0,0,118000.0,manual:chart_observation:exact:manual_research,chart_observation,exact,User-provided manual Rally 77LE1 Cars price history,2020-01-14T00:00:00Z,2019-12-31,quarterly
2020-04-14,rally-77le1,,,59.1,0,118200.0,manual:chart_observation:exact:manual_research,chart_observation,exact,User-provided manual Rally 77LE1 Cars price history,2020-04-14T00:00:00Z,2020-03-31,quarterly
2020-07-28,rally-77le1,,,59.2,0,118400.0,manual:chart_observation:exact:manual_research,chart_observation,exact,User-provided manual Rally 77LE1 Cars price history,2020-07-28T00:00:00Z,2020-06-30,quarterly
2020-10-27,rally-77le1,,,65.95,0,131900.0,manual:chart_observation:exact:manual_research,chart_observation,exact,User-provided manual Rally 77LE1 Cars price history,2020-10-27T00:00:00Z,2020-09-30,quarterly
2021-02-04,rally-77le1,,,65.0,0,130000.0,manual:chart_observation:exact:manual_research,chart_observation,exact,User-provided manual Rally 77LE1 Cars price history,2021-02-04T00:00:00Z,2020-12-31,quarterly
2021-04-08,rally-77le1,,,65.0,0,130000.0,manual:chart_observation:exact:manual_research,chart_observation,exact,User-provided manual Rally 77LE1 Cars price history,2021-04-08T00:00:00Z,2021-03-31,quarterly
2021-07-07,rally-77le1,,,65.1,0,130200.0,manual:chart_observation:exact:manual_research,chart_observation,exact,User-provided manual Rally 77LE1 Cars price history,2021-07-07T00:00:00Z,2021-06-30,quarterly
2021-10-20,rally-77le1,,,60.0,0,120000.0,manual:chart_observation:exact:manual_research,chart_observation,exact,User-provided manual Rally 77LE1 Cars price history,2021-10-20T00:00:00Z,2021-09-30,quarterly
2022-02-28,rally-77le1,,,66.0,0,132000.0,manual:chart_observation:exact:manual_research,chart_observation,exact,User-provided manual Rally 77LE1 Cars price history,2022-02-28T00:00:00Z,2022-02-28,weekly
2022-03-24,rally-77le1,,,65.75,0,131500.0,manual:chart_observation:exact:manual_research,chart_observation,exact,User-provided manual Rally 77LE1 Cars price history,2022-03-24T00:00:00Z,2022-03-31,quarterly
2022-06-29,rally-77le1,,,50.0,0,100000.0,manual:chart_observation:exact:manual_research,chart_observation,exact,User-provided manual Rally 77LE1 Cars price history,2022-06-29T00:00:00Z,2022-06-30,quarterly
2022-09-23,rally-77le1,,,45.0,0,90000.0,manual:chart_observation:exact:manual_research,chart_observation,exact,User-provided manual Rally 77LE1 Cars price history,2022-09-23T00:00:00Z,2022-09-30,quarterly
2022-12-30,rally-77le1,,,32.0,0,64000.0,manual:chart_observation:exact:manual_research,chart_observation,exact,User-provided manual Rally 77LE1 Cars price history,2022-12-30T00:00:00Z,2022-12-31,quarterly
2023-03-27,rally-77le1,,,34.0,0,68000.0,manual:chart_observation:exact:manual_research,chart_observation,exact,User-provided manual Rally 77LE1 Cars price history,2023-03-27T00:00:00Z,2023-03-31,quarterly
2023-06-21,rally-77le1,,,33.95,0,67900.0,manual:chart_observation:exact:manual_research,chart_observation,exact,User-provided manual Rally 77LE1 Cars price history,2023-06-21T00:00:00Z,2023-06-30,quarterly
2023-09-26,rally-77le1,,,32.5,0,65000.0,manual:chart_observation:exact:manual_research,chart_observation,exact,User-provided manual Rally 77LE1 Cars price history,2023-09-26T00:00:00Z,2023-09-30,quarterly
2023-12-29,rally-77le1,,,23.25,0,46500.0,manual:chart_observation:exact:manual_research,chart_observation,exact,User-provided manual Rally 77LE1 Cars price history,2023-12-29T00:00:00Z,2023-12-31,quarterly
2024-03-28,rally-77le1,,,32.5,0,65000.0,manual:chart_observation:exact:manual_research,chart_observation,exact,User-provided manual Rally 77LE1 Cars price history,2024-03-28T00:00:00Z,2024-03-31,quarterly
2024-06-24,rally-77le1,,,34.0,0,68000.0,manual:chart_observation:exact:manual_research,chart_observation,exact,User-provided manual Rally 77LE1 Cars price history,2024-06-24T00:00:00Z,2024-06-30,quarterly
2024-09-27,rally-77le1,,,39.1,0,78200.0,manual:chart_observation:exact:manual_research,chart_observation,exact,User-provided manual Rally 77LE1 Cars price history,2024-09-27T00:00:00Z,2024-09-30,quarterly
2024-12-24,rally-77le1,,,40.05,0,80100.0,manual:chart_observation:exact:manual_research,chart_observation,exact,User-provided manual Rally 77LE1 Cars price history,2024-12-24T00:00:00Z,2024-12-31,quarterly
2025-03-31,rally-77le1,,,49.9,0,99800.0,manual:chart_observation:exact:manual_research,chart_observation,exact,User-provided manual Rally 77LE1 Cars price history,2025-03-31T00:00:00Z,2025-03-31,quarterly
2025-06-26,rally-77le1,,,49.85,0,99700.0,manual:chart_observation:exact:manual_research,chart_observation,exact,User-provided manual Rally 77LE1 Cars price history,2025-06-26T00:00:00Z,2025-06-30,quarterly
2025-10-01,rally-77le1,,,49.85,0,99700.0,manual:chart_observation:exact:manual_research,chart_observation,exact,User-provided manual Rally 77LE1 Cars price history,2025-10-01T00:00:00Z,2025-09-30,quarterly
2025-12-26,rally-77le1,,,40.1,0,80200.0,manual:chart_observation:exact:manual_research,chart_observation,exact,User-provided manual Rally 77LE1 Cars price history,2025-12-26T00:00:00Z,2025-12-31,quarterly
2026-03-23,rally-77le1,,,40.1,0,80200.0,manual:chart_observation:exact:manual_research,chart_observation,exact,User-provided manual Rally 77LE1 Cars price history,2026-03-23T00:00:00Z,2026-03-31,quarterly
2026-06-29,rally-77le1,,,40.1,0,80200.0,manual:chart_observation:exact:manual_research,chart_observation,exact,User-provided manual Rally 77LE1 Cars price history,2026-06-29T00:00:00Z,2026-06-30,quarterly
2019-06-06,rally-11bm1,,,42.0,0,84000.0,manual:chart_observation:exact:manual_research,chart_observation,exact,User-provided manual Rally 11BM1 Cars price history,2019-06-06T00:00:00Z,2019-06-30,quarterly
2019-09-17,rally-11bm1,,,42.2,0,84400.0,manual:chart_observation:exact:manual_research,chart_observation,exact,User-provided manual Rally 11BM1 Cars price history,2019-09-17T00:00:00Z,2019-09-30,quarterly
2019-12-03,rally-11bm1,,,42.5,0,85000.0,manual:chart_observation:exact:manual_research,chart_observation,exact,User-provided manual Rally 11BM1 Cars price history,2019-12-03T00:00:00Z,2019-12-31,quarterly
2020-03-10,rally-11bm1,,,43.75,0,87500.0,manual:chart_observation:exact:manual_research,chart_observation,exact,User-provided manual Rally 11BM1 Cars price history,2020-03-10T00:00:00Z,2020-03-31,quarterly
2020-06-23,rally-11bm1,,,43.75,0,87500.0,manual:chart_observation:exact:manual_research,chart_observation,exact,User-provided manual Rally 11BM1 Cars price history,2020-06-23T00:00:00Z,2020-06-30,quarterly
2020-09-29,rally-11bm1,,,43.75,0,87500.0,manual:chart_observation:exact:manual_research,chart_observation,exact,User-provided manual Rally 11BM1 Cars price history,2020-09-29T00:00:00Z,2020-09-30,quarterly
2021-01-05,rally-11bm1,,,48.75,0,97500.0,manual:chart_observation:exact:manual_research,chart_observation,exact,User-provided manual Rally 11BM1 Cars price history,2021-01-05T00:00:00Z,2020-12-31,quarterly
2021-03-11,rally-11bm1,,,45.4,0,90800.0,manual:chart_observation:exact:manual_research,chart_observation,exact,User-provided manual Rally 11BM1 Cars price history,2021-03-11T00:00:00Z,2021-03-31,quarterly
2021-05-25,rally-11bm1,,,32.55,0,65100.0,manual:chart_observation:exact:manual_research,chart_observation,exact,User-provided manual Rally 11BM1 Cars price history,2021-05-25T00:00:00Z,2021-06-30,quarterly
2021-08-25,rally-11bm1,,,38.0,0,76000.0,manual:chart_observation:exact:manual_research,chart_observation,exact,User-provided manual Rally 11BM1 Cars price history,2021-08-25T00:00:00Z,2021-09-30,quarterly
2022-06-28,rally-11bm1,,,27.0,0,54000.0,manual:chart_observation:exact:manual_research,chart_observation,exact,User-provided manual Rally 11BM1 Cars price history,2022-06-28T00:00:00Z,2022-06-30,quarterly
2022-09-29,rally-11bm1,,,30.5,0,61000.0,manual:chart_observation:exact:manual_research,chart_observation,exact,User-provided manual Rally 11BM1 Cars price history,2022-09-29T00:00:00Z,2022-09-30,quarterly
2022-12-30,rally-11bm1,,,30.0,0,60000.0,manual:chart_observation:exact:manual_research,chart_observation,exact,User-provided manual Rally 11BM1 Cars price history,2022-12-30T00:00:00Z,2022-12-31,quarterly
2023-03-31,rally-11bm1,,,31.0,0,62000.0,manual:chart_observation:exact:manual_research,chart_observation,exact,User-provided manual Rally 11BM1 Cars price history,2023-03-31T00:00:00Z,2023-03-31,quarterly
2023-06-23,rally-11bm1,,,33.29,0,66580.0,manual:chart_observation:exact:manual_research,chart_observation,exact,User-provided manual Rally 11BM1 Cars price history,2023-06-23T00:00:00Z,2023-06-30,quarterly
2023-09-25,rally-11bm1,,,37.5,0,75000.0,manual:chart_observation:exact:manual_research,chart_observation,exact,User-provided manual Rally 11BM1 Cars price history,2023-09-25T00:00:00Z,2023-09-30,quarterly
2023-12-26,rally-11bm1,,,27.1,0,54200.0,manual:chart_observation:exact:manual_research,chart_observation,exact,User-provided manual Rally 11BM1 Cars price history,2023-12-26T00:00:00Z,2023-12-31,quarterly
2024-03-27,rally-11bm1,,,40.0,0,80000.0,manual:chart_observation:exact:manual_research,chart_observation,exact,User-provided manual Rally 11BM1 Cars price history,2024-03-27T00:00:00Z,2024-03-31,quarterly
2024-06-27,rally-11bm1,,,45.0,0,90000.0,manual:chart_observation:exact:manual_research,chart_observation,exact,User-provided manual Rally 11BM1 Cars price history,2024-06-27T00:00:00Z,2024-06-30,quarterly
2024-09-27,rally-11bm1,,,37.5,0,75000.0,manual:chart_observation:exact:manual_research,chart_observation,exact,User-provided manual Rally 11BM1 Cars price history,2024-09-27T00:00:00Z,2024-09-30,quarterly
2024-12-30,rally-11bm1,,,42.05,0,84100.0,manual:chart_observation:exact:manual_research,chart_observation,exact,User-provided manual Rally 11BM1 Cars price history,2024-12-30T00:00:00Z,2024-12-31,quarterly
2025-03-31,rally-11bm1,,,50.4,0,100800.0,manual:chart_observation:exact:manual_research,chart_observation,exact,User-provided manual Rally 11BM1 Cars price history,2025-03-31T00:00:00Z,2025-03-31,quarterly
2025-06-23,rally-11bm1,,,49.45,0,98900.0,manual:chart_observation:exact:manual_research,chart_observation,exact,User-provided manual Rally 11BM1 Cars price history,2025-06-23T00:00:00Z,2025-06-30,quarterly
2025-09-23,rally-11bm1,,,36.2,0,72400.0,manual:chart_observation:exact:manual_research,chart_observation,exact,User-provided manual Rally 11BM1 Cars price history,2025-09-23T00:00:00Z,2025-09-30,quarterly
2025-12-24,rally-11bm1,,,40.05,0,80100.0,manual:chart_observation:exact:manual_research,chart_observation,exact,User-provided manual Rally 11BM1 Cars price history,2025-12-24T00:00:00Z,2025-12-31,quarterly
2026-03-27,rally-11bm1,,,41.5,0,83000.0,manual:chart_observation:exact:manual_research,chart_observation,exact,User-provided manual Rally 11BM1 Cars price history,2026-03-27T00:00:00Z,2026-03-31,quarterly
2026-06-26,rally-11bm1,,,42.4,0,84800.0,manual:chart_observation:exact:manual_research,chart_observation,exact,User-provided manual Rally 11BM1 Cars price history,2026-06-26T00:00:00Z,2026-06-30,quarterly
2020-01-28,rally-94fs1,,,72.45,0,144900.0,manual:chart_observation:exact:manual_research,chart_observation,exact,User-provided manual Rally 94FS1 Cars price history,2020-01-28T00:00:00Z,2019-12-31,quarterly
2020-04-28,rally-94fs1,,,72.0,0,144000.0,manual:chart_observation:exact:manual_research,chart_observation,exact,User-provided manual Rally 94FS1 Cars price history,2020-04-28T00:00:00Z,2020-03-31,quarterly
2020-08-11,rally-94fs1,,,70.0,0,140000.0,manual:chart_observation:exact:manual_research,chart_observation,exact,User-provided manual Rally 94FS1 Cars price history,2020-08-11T00:00:00Z,2020-06-30,quarterly
2020-11-10,rally-94fs1,,,69.0,0,138000.0,manual:chart_observation:exact:manual_research,chart_observation,exact,User-provided manual Rally 94FS1 Cars price history,2020-11-10T00:00:00Z,2020-09-30,quarterly
2021-02-11,rally-94fs1,,,64.25,0,128500.0,manual:chart_observation:exact:manual_research,chart_observation,exact,User-provided manual Rally 94FS1 Cars price history,2021-02-11T00:00:00Z,2020-12-31,quarterly
2021-04-22,rally-94fs1,,,63.0,0,126000.0,manual:chart_observation:exact:manual_research,chart_observation,exact,User-provided manual Rally 94FS1 Cars price history,2021-04-22T00:00:00Z,2021-03-31,quarterly
2021-07-23,rally-94fs1,,,85.0,0,170000.0,manual:chart_observation:exact:manual_research,chart_observation,exact,User-provided manual Rally 94FS1 Cars price history,2021-07-23T00:00:00Z,2021-06-30,quarterly
2022-03-21,rally-94fs1,,,85.0,0,170000.0,manual:chart_observation:exact:manual_research,chart_observation,exact,User-provided manual Rally 94FS1 Cars price history,2022-03-21T00:00:00Z,2022-03-31,quarterly
2022-06-29,rally-94fs1,,,48.0,0,96000.0,manual:chart_observation:exact:manual_research,chart_observation,exact,User-provided manual Rally 94FS1 Cars price history,2022-06-29T00:00:00Z,2022-06-30,quarterly
2022-09-29,rally-94fs1,,,52.5,0,105000.0,manual:chart_observation:exact:manual_research,chart_observation,exact,User-provided manual Rally 94FS1 Cars price history,2022-09-29T00:00:00Z,2022-09-30,quarterly
2022-12-29,rally-94fs1,,,57.0,0,114000.0,manual:chart_observation:exact:manual_research,chart_observation,exact,User-provided manual Rally 94FS1 Cars price history,2022-12-29T00:00:00Z,2022-12-31,quarterly
2023-03-30,rally-94fs1,,,60.0,0,120000.0,manual:chart_observation:exact:manual_research,chart_observation,exact,User-provided manual Rally 94FS1 Cars price history,2023-03-30T00:00:00Z,2023-03-31,quarterly
2023-06-30,rally-94fs1,,,50.55,0,101100.0,manual:chart_observation:exact:manual_research,chart_observation,exact,User-provided manual Rally 94FS1 Cars price history,2023-06-30T00:00:00Z,2023-06-30,quarterly
2023-09-29,rally-94fs1,,,49.6,0,99200.0,manual:chart_observation:exact:manual_research,chart_observation,exact,User-provided manual Rally 94FS1 Cars price history,2023-09-29T00:00:00Z,2023-09-30,quarterly
2023-12-29,rally-94fs1,,,49.0,0,98000.0,manual:chart_observation:exact:manual_research,chart_observation,exact,User-provided manual Rally 94FS1 Cars price history,2023-12-29T00:00:00Z,2023-12-31,quarterly
2024-03-22,rally-94fs1,,,58.0,0,116000.0,manual:chart_observation:exact:manual_research,chart_observation,exact,User-provided manual Rally 94FS1 Cars price history,2024-03-22T00:00:00Z,2024-03-31,quarterly
2024-06-21,rally-94fs1,,,59.7,0,119400.0,manual:chart_observation:exact:manual_research,chart_observation,exact,User-provided manual Rally 94FS1 Cars price history,2024-06-21T00:00:00Z,2024-06-30,quarterly
2024-09-30,rally-94fs1,,,60.0,0,120000.0,manual:chart_observation:exact:manual_research,chart_observation,exact,User-provided manual Rally 94FS1 Cars price history,2024-09-30T00:00:00Z,2024-09-30,quarterly
2024-12-30,rally-94fs1,,,56.0,0,112000.0,manual:chart_observation:exact:manual_research,chart_observation,exact,User-provided manual Rally 94FS1 Cars price history,2024-12-30T00:00:00Z,2024-12-31,quarterly
2025-03-31,rally-94fs1,,,57.0,0,114000.0,manual:chart_observation:exact:manual_research,chart_observation,exact,User-provided manual Rally 94FS1 Cars price history,2025-03-31T00:00:00Z,2025-03-31,quarterly
2025-06-30,rally-94fs1,,,57.0,0,114000.0,manual:chart_observation:exact:manual_research,chart_observation,exact,User-provided manual Rally 94FS1 Cars price history,2025-06-30T00:00:00Z,2025-06-30,quarterly
2025-09-30,rally-94fs1,,,56.0,0,112000.0,manual:chart_observation:exact:manual_research,chart_observation,exact,User-provided manual Rally 94FS1 Cars price history,2025-09-30T00:00:00Z,2025-09-30,quarterly
2025-12-30,rally-94fs1,,,57.0,0,114000.0,manual:chart_observation:exact:manual_research,chart_observation,exact,User-provided manual Rally 94FS1 Cars price history,2025-12-30T00:00:00Z,2025-12-31,quarterly
2026-03-24,rally-94fs1,,,57.5,0,115000.0,manual:chart_observation:exact:manual_research,chart_observation,exact,User-provided manual Rally 94FS1 Cars price history,2026-03-24T00:00:00Z,2026-03-31,quarterly
2026-06-24,rally-94fs1,,,58.0,0,116000.0,manual:chart_observation:exact:manual_research,chart_observation,exact,User-provided manual Rally 94FS1 Cars price history,2026-06-24T00:00:00Z,2026-06-30,quarterly
2020-01-07,rally-99ss1,,,139.95,0,139950.0,manual:chart_observation:exact:manual_research,chart_observation,exact,User-provided manual Rally 99SS1 Cars price history,2020-01-07T00:00:00Z,2019-12-31,quarterly
2020-04-14,rally-99ss1,,,141.0,0,141000.0,manual:chart_observation:exact:manual_research,chart_observation,exact,User-provided manual Rally 99SS1 Cars price history,2020-04-14T00:00:00Z,2020-03-31,quarterly
2020-07-21,rally-99ss1,,,141.0,0,141000.0,manual:chart_observation:exact:manual_research,chart_observation,exact,User-provided manual Rally 99SS1 Cars price history,2020-07-21T00:00:00Z,2020-06-30,quarterly
2020-10-20,rally-99ss1,,,141.5,0,141500.0,manual:chart_observation:exact:manual_research,chart_observation,exact,User-provided manual Rally 99SS1 Cars price history,2020-10-20T00:00:00Z,2020-09-30,quarterly
2021-02-02,rally-99ss1,,,141.5,0,141500.0,manual:chart_observation:exact:manual_research,chart_observation,exact,User-provided manual Rally 99SS1 Cars price history,2021-02-02T00:00:00Z,2020-12-31,quarterly
2021-04-01,rally-99ss1,,,141.5,0,141500.0,manual:chart_observation:exact:manual_research,chart_observation,exact,User-provided manual Rally 99SS1 Cars price history,2021-04-01T00:00:00Z,2021-03-31,quarterly
2021-06-17,rally-99ss1,,,141.5,0,141500.0,manual:chart_observation:exact:manual_research,chart_observation,exact,User-provided manual Rally 99SS1 Cars price history,2021-06-17T00:00:00Z,2021-06-30,quarterly
2021-09-28,rally-99ss1,,,141.5,0,141500.0,manual:chart_observation:exact:manual_research,chart_observation,exact,User-provided manual Rally 99SS1 Cars price history,2021-09-28T00:00:00Z,2021-09-30,quarterly
2022-02-28,rally-99ss1,,,138.0,0,138000.0,manual:chart_observation:exact:manual_research,chart_observation,exact,User-provided manual Rally 99SS1 Cars price history,2022-02-28T00:00:00Z,2022-03-31,quarterly
2022-06-24,rally-99ss1,,,135.0,0,135000.0,manual:chart_observation:exact:manual_research,chart_observation,exact,User-provided manual Rally 99SS1 Cars price history,2022-06-24T00:00:00Z,2022-06-30,quarterly
2022-09-23,rally-99ss1,,,115.0,0,115000.0,manual:chart_observation:exact:manual_research,chart_observation,exact,User-provided manual Rally 99SS1 Cars price history,2022-09-23T00:00:00Z,2022-09-30,quarterly
2022-12-23,rally-99ss1,,,120.0,0,120000.0,manual:chart_observation:exact:manual_research,chart_observation,exact,User-provided manual Rally 99SS1 Cars price history,2022-12-23T00:00:00Z,2022-12-31,quarterly
2023-03-27,rally-99ss1,,,126.0,0,126000.0,manual:chart_observation:exact:manual_research,chart_observation,exact,User-provided manual Rally 99SS1 Cars price history,2023-03-27T00:00:00Z,2023-03-31,quarterly
2023-06-26,rally-99ss1,,,119.0,0,119000.0,manual:chart_observation:exact:manual_research,chart_observation,exact,User-provided manual Rally 99SS1 Cars price history,2023-06-26T00:00:00Z,2023-06-30,quarterly
2023-09-26,rally-99ss1,,,114.0,0,114000.0,manual:chart_observation:exact:manual_research,chart_observation,exact,User-provided manual Rally 99SS1 Cars price history,2023-09-26T00:00:00Z,2023-09-30,quarterly
2023-12-27,rally-99ss1,,,100.0,0,100000.0,manual:chart_observation:exact:manual_research,chart_observation,exact,User-provided manual Rally 99SS1 Cars price history,2023-12-27T00:00:00Z,2023-12-31,quarterly
2024-03-27,rally-99ss1,,,133.0,0,133000.0,manual:chart_observation:exact:manual_research,chart_observation,exact,User-provided manual Rally 99SS1 Cars price history,2024-03-27T00:00:00Z,2024-03-31,quarterly
2024-06-27,rally-99ss1,,,155.0,0,155000.0,manual:chart_observation:exact:manual_research,chart_observation,exact,User-provided manual Rally 99SS1 Cars price history,2024-06-27T00:00:00Z,2024-06-30,quarterly
2024-09-27,rally-99ss1,,,131.0,0,131000.0,manual:chart_observation:exact:manual_research,chart_observation,exact,User-provided manual Rally 99SS1 Cars price history,2024-09-27T00:00:00Z,2024-09-30,quarterly
2024-12-27,rally-99ss1,,,172.0,0,172000.0,manual:chart_observation:exact:manual_research,chart_observation,exact,User-provided manual Rally 99SS1 Cars price history,2024-12-27T00:00:00Z,2024-12-31,quarterly
2025-03-28,rally-99ss1,,,170.5,0,170500.0,manual:chart_observation:exact:manual_research,chart_observation,exact,User-provided manual Rally 99SS1 Cars price history,2025-03-28T00:00:00Z,2025-03-31,quarterly
2025-06-30,rally-99ss1,,,170.5,0,170500.0,manual:chart_observation:exact:manual_research,chart_observation,exact,User-provided manual Rally 99SS1 Cars price history,2025-06-30T00:00:00Z,2025-06-30,quarterly
2025-09-29,rally-99ss1,,,150.0,0,150000.0,manual:chart_observation:exact:manual_research,chart_observation,exact,User-provided manual Rally 99SS1 Cars price history,2025-09-29T00:00:00Z,2025-09-30,quarterly
2025-12-30,rally-99ss1,,,149.15,0,149150.0,manual:chart_observation:exact:manual_research,chart_observation,exact,User-provided manual Rally 99SS1 Cars price history,2025-12-30T00:00:00Z,2025-12-31,quarterly
2026-03-24,rally-99ss1,,,165.4,0,165400.0,manual:chart_observation:exact:manual_research,chart_observation,exact,User-provided manual Rally 99SS1 Cars price history,2026-03-24T00:00:00Z,2026-03-31,quarterly
2026-06-23,rally-99ss1,,,165.0,0,165000.0,manual:chart_observation:exact:manual_research,chart_observation,exact,User-provided manual Rally 99SS1 Cars price history,2026-06-23T00:00:00Z,2026-06-30,quarterly
2019-03-21,rally-91mv1,,,19.0,0,38000.0,manual:chart_observation:exact:manual_research,chart_observation,exact,User-provided manual Rally 91MV1 Cars price history,2019-03-21T00:00:00Z,2019-03-31,quarterly
2019-05-02,rally-91mv1,,,18.95,0,37900.0,manual:chart_observation:exact:manual_research,chart_observation,exact,User-provided manual Rally 91MV1 Cars price history,2019-05-02T00:00:00Z,2019-05-02,weekly
2019-08-13,rally-91mv1,,,18.95,0,37900.0,manual:chart_observation:exact:manual_research,chart_observation,exact,User-provided manual Rally 91MV1 Cars price history,2019-08-13T00:00:00Z,2019-06-30,quarterly
2019-12-15,rally-91mv1,,,18.0,0,36000.0,manual:chart_observation:exact:manual_research,chart_observation,exact,User-provided manual Rally 91MV1 Cars price history,2019-12-15T00:00:00Z,2019-12-31,quarterly
2020-04-07,rally-91mv1,,,18.1,0,36200.0,manual:chart_observation:exact:manual_research,chart_observation,exact,User-provided manual Rally 91MV1 Cars price history,2020-04-07T00:00:00Z,2020-03-31,quarterly
2020-07-21,rally-91mv1,,,18.1,0,36200.0,manual:chart_observation:exact:manual_research,chart_observation,exact,User-provided manual Rally 91MV1 Cars price history,2020-07-21T00:00:00Z,2020-06-30,quarterly
2021-01-26,rally-91mv1,,,17.75,0,35500.0,manual:chart_observation:exact:manual_research,chart_observation,exact,User-provided manual Rally 91MV1 Cars price history,2021-01-26T00:00:00Z,2020-12-31,quarterly
2021-04-06,rally-91mv1,,,20.0,0,40000.0,manual:chart_observation:exact:manual_research,chart_observation,exact,User-provided manual Rally 91MV1 Cars price history,2021-04-06T00:00:00Z,2021-03-31,quarterly
2021-06-29,rally-91mv1,,,25.0,0,50000.0,manual:chart_observation:exact:manual_research,chart_observation,exact,User-provided manual Rally 91MV1 Cars price history,2021-06-29T00:00:00Z,2021-06-30,quarterly
2021-10-07,rally-91mv1,,,25.1,0,50200.0,manual:chart_observation:exact:manual_research,chart_observation,exact,User-provided manual Rally 91MV1 Cars price history,2021-10-07T00:00:00Z,2021-09-30,quarterly
2022-04-11,rally-91mv1,,,24.1,0,48200.0,manual:chart_observation:exact:manual_research,chart_observation,exact,User-provided manual Rally 91MV1 Cars price history,2022-04-11T00:00:00Z,2022-03-31,quarterly
2022-06-28,rally-91mv1,,,16.0,0,32000.0,manual:chart_observation:exact:manual_research,chart_observation,exact,User-provided manual Rally 91MV1 Cars price history,2022-06-28T00:00:00Z,2022-06-30,quarterly
2022-09-30,rally-91mv1,,,16.0,0,32000.0,manual:chart_observation:exact:manual_research,chart_observation,exact,User-provided manual Rally 91MV1 Cars price history,2022-09-30T00:00:00Z,2022-09-30,quarterly
2022-12-23,rally-91mv1,,,21.9,0,43800.0,manual:chart_observation:exact:manual_research,chart_observation,exact,User-provided manual Rally 91MV1 Cars price history,2022-12-23T00:00:00Z,2022-12-31,quarterly
2023-03-27,rally-91mv1,,,21.0,0,42000.0,manual:chart_observation:exact:manual_research,chart_observation,exact,User-provided manual Rally 91MV1 Cars price history,2023-03-27T00:00:00Z,2023-03-31,quarterly
2023-06-29,rally-91mv1,,,16.05,0,32100.0,manual:chart_observation:exact:manual_research,chart_observation,exact,User-provided manual Rally 91MV1 Cars price history,2023-06-29T00:00:00Z,2023-06-30,quarterly
2023-09-29,rally-91mv1,,,12.0,0,24000.0,manual:chart_observation:exact:manual_research,chart_observation,exact,User-provided manual Rally 91MV1 Cars price history,2023-09-29T00:00:00Z,2023-09-30,quarterly
2023-12-29,rally-91mv1,,,10.3,0,20600.0,manual:chart_observation:exact:manual_research,chart_observation,exact,User-provided manual Rally 91MV1 Cars price history,2023-12-29T00:00:00Z,2023-12-31,quarterly
2024-03-27,rally-91mv1,,,16.3,0,32600.0,manual:chart_observation:exact:manual_research,chart_observation,exact,User-provided manual Rally 91MV1 Cars price history,2024-03-27T00:00:00Z,2024-03-31,quarterly
2024-06-28,rally-91mv1,,,14.6,0,29200.0,manual:chart_observation:exact:manual_research,chart_observation,exact,User-provided manual Rally 91MV1 Cars price history,2024-06-28T00:00:00Z,2024-06-30,quarterly
2024-09-30,rally-91mv1,,,15.9,0,31800.0,manual:chart_observation:exact:manual_research,chart_observation,exact,User-provided manual Rally 91MV1 Cars price history,2024-09-30T00:00:00Z,2024-09-30,quarterly
2024-12-31,rally-91mv1,,,17.2,0,34400.0,manual:chart_observation:exact:manual_research,chart_observation,exact,User-provided manual Rally 91MV1 Cars price history,2024-12-31T00:00:00Z,2024-12-31,quarterly
2025-03-27,rally-91mv1,,,15.9,0,31800.0,manual:chart_observation:exact:manual_research,chart_observation,exact,User-provided manual Rally 91MV1 Cars price history,2025-03-27T00:00:00Z,2025-03-31,quarterly
2025-06-27,rally-91mv1,,,18.1,0,36200.0,manual:chart_observation:exact:manual_research,chart_observation,exact,User-provided manual Rally 91MV1 Cars price history,2025-06-27T00:00:00Z,2025-06-30,quarterly
2025-09-30,rally-91mv1,,,15.9,0,31800.0,manual:chart_observation:exact:manual_research,chart_observation,exact,User-provided manual Rally 91MV1 Cars price history,2025-09-30T00:00:00Z,2025-09-30,quarterly
2025-12-24,rally-91mv1,,,18.55,0,37100.0,manual:chart_observation:exact:manual_research,chart_observation,exact,User-provided manual Rally 91MV1 Cars price history,2025-12-24T00:00:00Z,2025-12-31,quarterly
2026-03-27,rally-91mv1,,,16.0,0,32000.0,manual:chart_observation:exact:manual_research,chart_observation,exact,User-provided manual Rally 91MV1 Cars price history,2026-03-27T00:00:00Z,2026-03-31,quarterly
2026-06-29,rally-91mv1,,,18.0,0,36000.0,manual:chart_observation:exact:manual_research,chart_observation,exact,User-provided manual Rally 91MV1 Cars price history,2026-06-29T00:00:00Z,2026-06-30,quarterly
2019-04-04,rally-94dv1,,,29.75,0,59500.0,manual:chart_observation:exact:manual_research,chart_observation,exact,User-provided manual Rally 94DV1 Cars price history,2019-04-04T00:00:00Z,2019-03-31,quarterly
2019-07-11,rally-94dv1,,,31.15,0,62300.0,manual:chart_observation:exact:manual_research,chart_observation,exact,User-provided manual Rally 94DV1 Cars price history,2019-07-11T00:00:00Z,2019-06-30,quarterly
2019-09-17,rally-94dv1,,,31.65,0,63300.0,manual:chart_observation:exact:manual_research,chart_observation,exact,User-provided manual Rally 94DV1 Cars price history,2019-09-17T00:00:00Z,2019-09-30,quarterly
2019-12-17,rally-94dv1,,,31.45,0,62900.0,manual:chart_observation:exact:manual_research,chart_observation,exact,User-provided manual Rally 94DV1 Cars price history,2019-12-17T00:00:00Z,2019-12-31,quarterly
2020-03-24,rally-94dv1,,,30.5,0,61000.0,manual:chart_observation:exact:manual_research,chart_observation,exact,User-provided manual Rally 94DV1 Cars price history,2020-03-24T00:00:00Z,2020-03-31,quarterly
2020-07-07,rally-94dv1,,,32.5,0,65000.0,manual:chart_observation:exact:manual_research,chart_observation,exact,User-provided manual Rally 94DV1 Cars price history,2020-07-07T00:00:00Z,2020-06-30,quarterly
2020-10-06,rally-94dv1,,,32.5,0,65000.0,manual:chart_observation:exact:manual_research,chart_observation,exact,User-provided manual Rally 94DV1 Cars price history,2020-10-06T00:00:00Z,2020-09-30,quarterly
2021-01-05,rally-94dv1,,,34.5,0,69000.0,manual:chart_observation:exact:manual_research,chart_observation,exact,User-provided manual Rally 94DV1 Cars price history,2021-01-05T00:00:00Z,2020-12-31,quarterly
2021-03-11,rally-94dv1,,,32.65,0,65300.0,manual:chart_observation:exact:manual_research,chart_observation,exact,User-provided manual Rally 94DV1 Cars price history,2021-03-11T00:00:00Z,2021-03-31,quarterly
2021-05-26,rally-94dv1,,,31.5,0,63000.0,manual:chart_observation:exact:manual_research,chart_observation,exact,User-provided manual Rally 94DV1 Cars price history,2021-05-26T00:00:00Z,2021-06-30,quarterly
2021-08-27,rally-94dv1,,,33.3,0,66600.0,manual:chart_observation:exact:manual_research,chart_observation,exact,User-provided manual Rally 94DV1 Cars price history,2021-08-27T00:00:00Z,2021-09-30,quarterly
2022-03-07,rally-94dv1,,,33.0,0,66000.0,manual:chart_observation:exact:manual_research,chart_observation,exact,User-provided manual Rally 94DV1 Cars price history,2022-03-07T00:00:00Z,2022-03-31,quarterly
2022-06-27,rally-94dv1,,,29.5,0,59000.0,manual:chart_observation:exact:manual_research,chart_observation,exact,User-provided manual Rally 94DV1 Cars price history,2022-06-27T00:00:00Z,2022-06-30,quarterly
2022-09-28,rally-94dv1,,,27.75,0,55500.0,manual:chart_observation:exact:manual_research,chart_observation,exact,User-provided manual Rally 94DV1 Cars price history,2022-09-28T00:00:00Z,2022-09-30,quarterly
2022-12-30,rally-94dv1,,,28.6,0,57200.0,manual:chart_observation:exact:manual_research,chart_observation,exact,User-provided manual Rally 94DV1 Cars price history,2022-12-30T00:00:00Z,2022-12-31,quarterly
2023-03-24,rally-94dv1,,,22.05,0,44100.0,manual:chart_observation:exact:manual_research,chart_observation,exact,User-provided manual Rally 94DV1 Cars price history,2023-03-24T00:00:00Z,2023-03-31,quarterly
2023-06-26,rally-94dv1,,,28.0,0,56000.0,manual:chart_observation:exact:manual_research,chart_observation,exact,User-provided manual Rally 94DV1 Cars price history,2023-06-26T00:00:00Z,2023-06-30,quarterly
2023-09-26,rally-94dv1,,,21.3,0,42600.0,manual:chart_observation:exact:manual_research,chart_observation,exact,User-provided manual Rally 94DV1 Cars price history,2023-09-26T00:00:00Z,2023-09-30,quarterly
2023-12-28,rally-94dv1,,,21.45,0,42900.0,manual:chart_observation:exact:manual_research,chart_observation,exact,User-provided manual Rally 94DV1 Cars price history,2023-12-28T00:00:00Z,2023-12-31,quarterly
2024-03-22,rally-94dv1,,,27.0,0,54000.0,manual:chart_observation:exact:manual_research,chart_observation,exact,User-provided manual Rally 94DV1 Cars price history,2024-03-22T00:00:00Z,2024-03-31,quarterly
2024-06-24,rally-94dv1,,,28.0,0,56000.0,manual:chart_observation:exact:manual_research,chart_observation,exact,User-provided manual Rally 94DV1 Cars price history,2024-06-24T00:00:00Z,2024-06-30,quarterly
2024-09-24,rally-94dv1,,,26.0,0,52000.0,manual:chart_observation:exact:manual_research,chart_observation,exact,User-provided manual Rally 94DV1 Cars price history,2024-09-24T00:00:00Z,2024-09-30,quarterly
2024-12-26,rally-94dv1,,,27.1,0,54200.0,manual:chart_observation:exact:manual_research,chart_observation,exact,User-provided manual Rally 94DV1 Cars price history,2024-12-26T00:00:00Z,2024-12-31,quarterly
2025-03-28,rally-94dv1,,,25.95,0,51900.0,manual:chart_observation:exact:manual_research,chart_observation,exact,User-provided manual Rally 94DV1 Cars price history,2025-03-28T00:00:00Z,2025-03-31,quarterly
2025-06-30,rally-94dv1,,,25.95,0,51900.0,manual:chart_observation:exact:manual_research,chart_observation,exact,User-provided manual Rally 94DV1 Cars price history,2025-06-30T00:00:00Z,2025-06-30,quarterly
2025-09-23,rally-94dv1,,,25.0,0,50000.0,manual:chart_observation:exact:manual_research,chart_observation,exact,User-provided manual Rally 94DV1 Cars price history,2025-09-23T00:00:00Z,2025-09-30,quarterly
2025-12-24,rally-94dv1,,,30.0,0,60000.0,manual:chart_observation:exact:manual_research,chart_observation,exact,User-provided manual Rally 94DV1 Cars price history,2025-12-24T00:00:00Z,2025-12-31,quarterly
2026-03-27,rally-94dv1,,,31.5,0,63000.0,manual:chart_observation:exact:manual_research,chart_observation,exact,User-provided manual Rally 94DV1 Cars price history,2026-03-27T00:00:00Z,2026-03-31,quarterly
2026-06-29,rally-94dv1,,,30.0,0,60000.0,manual:chart_observation:exact:manual_research,chart_observation,exact,User-provided manual Rally 94DV1 Cars price history,2026-06-29T00:00:00Z,2026-06-30,quarterly
2020-10-06,rally-super21,,,1.55,0,13175.0,manual:chart_observation:exact:manual_research,chart_observation,exact,User-provided manual Rally SUPER21 Comics price history,2020-10-06T00:00:00Z,2020-12-31,quarterly
2021-01-05,rally-super21,,,4.05,0,34425.0,manual:chart_observation:exact:manual_research,chart_observation,exact,User-provided manual Rally SUPER21 Comics price history,2021-01-05T00:00:00Z,2021-01-05,weekly
2021-03-11,rally-super21,,,3.2,0,27200.0,manual:chart_observation:exact:manual_research,chart_observation,exact,User-provided manual Rally SUPER21 Comics price history,2021-03-11T00:00:00Z,2021-03-31,quarterly
2021-05-17,rally-super21,,,2.3,0,19550.0,manual:chart_observation:exact:manual_research,chart_observation,exact,User-provided manual Rally SUPER21 Comics price history,2021-05-17T00:00:00Z,2021-06-30,quarterly
2021-09-24,rally-super21,,,4.35,0,36975.0,manual:chart_observation:exact:manual_research,chart_observation,exact,User-provided manual Rally SUPER21 Comics price history,2021-09-24T00:00:00Z,2021-09-30,quarterly
2022-01-10,rally-super21,,,4.0,0,34000.0,manual:chart_observation:exact:manual_research,chart_observation,exact,User-provided manual Rally SUPER21 Comics price history,2022-01-10T00:00:00Z,2022-03-31,quarterly
2022-03-30,rally-super21,,,2.25,0,19125.0,manual:chart_observation:exact:manual_research,chart_observation,exact,User-provided manual Rally SUPER21 Comics price history,2022-03-30T00:00:00Z,2022-03-31,quarterly
2022-06-28,rally-super21,,,1.45,0,12325.0,manual:chart_observation:exact:manual_research,chart_observation,exact,User-provided manual Rally SUPER21 Comics price history,2022-06-28T00:00:00Z,2022-06-30,quarterly
2022-09-26,rally-super21,,,2.4,0,20400.0,manual:chart_observation:exact:manual_research,chart_observation,exact,User-provided manual Rally SUPER21 Comics price history,2022-09-26T00:00:00Z,2022-09-30,quarterly
2022-12-30,rally-super21,,,2.5,0,21250.0,manual:chart_observation:exact:manual_research,chart_observation,exact,User-provided manual Rally SUPER21 Comics price history,2022-12-30T00:00:00Z,2022-12-31,quarterly
2023-03-31,rally-super21,,,2.5,0,21250.0,manual:chart_observation:exact:manual_research,chart_observation,exact,User-provided manual Rally SUPER21 Comics price history,2023-03-31T00:00:00Z,2023-03-31,quarterly
2023-06-29,rally-super21,,,2.15,0,18275.0,manual:chart_observation:exact:manual_research,chart_observation,exact,User-provided manual Rally SUPER21 Comics price history,2023-06-29T00:00:00Z,2023-06-30,quarterly
2023-09-27,rally-super21,,,1.9,0,16150.0,manual:chart_observation:exact:manual_research,chart_observation,exact,User-provided manual Rally SUPER21 Comics price history,2023-09-27T00:00:00Z,2023-09-30,quarterly
2023-12-29,rally-super21,,,2.25,0,19125.0,manual:chart_observation:exact:manual_research,chart_observation,exact,User-provided manual Rally SUPER21 Comics price history,2023-12-29T00:00:00Z,2023-12-31,quarterly
2024-03-25,rally-super21,,,2.15,0,18275.0,manual:chart_observation:exact:manual_research,chart_observation,exact,User-provided manual Rally SUPER21 Comics price history,2024-03-25T00:00:00Z,2024-03-31,quarterly
2024-06-24,rally-super21,,,2.35,0,19975.0,manual:chart_observation:exact:manual_research,chart_observation,exact,User-provided manual Rally SUPER21 Comics price history,2024-06-24T00:00:00Z,2024-06-30,quarterly
2024-09-27,rally-super21,,,2.55,0,21675.0,manual:chart_observation:exact:manual_research,chart_observation,exact,User-provided manual Rally SUPER21 Comics price history,2024-09-27T00:00:00Z,2024-09-30,quarterly
2024-12-27,rally-super21,,,2.7,0,22950.0,manual:chart_observation:exact:manual_research,chart_observation,exact,User-provided manual Rally SUPER21 Comics price history,2024-12-27T00:00:00Z,2024-12-31,quarterly
2025-03-27,rally-super21,,,2.75,0,23375.0,manual:chart_observation:exact:manual_research,chart_observation,exact,User-provided manual Rally SUPER21 Comics price history,2025-03-27T00:00:00Z,2025-03-31,quarterly
2025-06-25,rally-super21,,,2.7,0,22950.0,manual:chart_observation:exact:manual_research,chart_observation,exact,User-provided manual Rally SUPER21 Comics price history,2025-06-25T00:00:00Z,2025-06-30,quarterly
2025-09-30,rally-super21,,,1.9,0,16150.0,manual:chart_observation:exact:manual_research,chart_observation,exact,User-provided manual Rally SUPER21 Comics price history,2025-09-30T00:00:00Z,2025-09-30,quarterly
2025-12-29,rally-super21,,,1.5,0,12750.0,manual:chart_observation:exact:manual_research,chart_observation,exact,User-provided manual Rally SUPER21 Comics price history,2025-12-29T00:00:00Z,2025-12-31,quarterly
2026-03-27,rally-super21,,,2.1,0,17850.0,manual:chart_observation:exact:manual_research,chart_observation,exact,User-provided manual Rally SUPER21 Comics price history,2026-03-27T00:00:00Z,2026-03-31,quarterly
2026-06-26,rally-super21,,,1.95,0,16575.0,manual:chart_observation:exact:manual_research,chart_observation,exact,User-provided manual Rally SUPER21 Comics price history,2026-06-26T00:00:00Z,2026-06-30,quarterly
2020-06-09,rally-batman3,,,80.0,0,80000.0,manual:chart_observation:exact:manual_research,chart_observation,exact,User-provided manual Rally BATMAN3 Comics price history,2020-06-09T00:00:00Z,2020-06-30,quarterly
2020-09-22,rally-batman3,,,82.25,0,82250.0,manual:chart_observation:exact:manual_research,chart_observation,exact,User-provided manual Rally BATMAN3 Comics price history,2020-09-22T00:00:00Z,2020-09-30,quarterly
2021-01-05,rally-batman3,,,82.25,0,82250.0,manual:chart_observation:exact:manual_research,chart_observation,exact,User-provided manual Rally BATMAN3 Comics price history,2021-01-05T00:00:00Z,2021-01-05,weekly
2021-03-11,rally-batman3,,,82.25,0,82250.0,manual:chart_observation:exact:manual_research,chart_observation,exact,User-provided manual Rally BATMAN3 Comics price history,2021-03-11T00:00:00Z,2021-03-31,quarterly
2021-04-27,rally-batman3,,,82.25,0,82250.0,manual:chart_observation:exact:manual_research,chart_observation,exact,User-provided manual Rally BATMAN3 Comics price history,2021-04-27T00:00:00Z,2021-06-30,quarterly
2021-09-09,rally-batman3,,,137.1,0,137100.0,manual:chart_observation:exact:manual_research,chart_observation,exact,User-provided manual Rally BATMAN3 Comics price history,2021-09-09T00:00:00Z,2021-09-30,quarterly
2022-01-10,rally-batman3,,,140.0,0,140000.0,manual:chart_observation:exact:manual_research,chart_observation,exact,User-provided manual Rally BATMAN3 Comics price history,2022-01-10T00:00:00Z,2022-03-31,quarterly
2022-03-30,rally-batman3,,,170.0,0,170000.0,manual:chart_observation:exact:manual_research,chart_observation,exact,User-provided manual Rally BATMAN3 Comics price history,2022-03-30T00:00:00Z,2022-03-31,quarterly
2022-06-24,rally-batman3,,,143.95,0,143950.0,manual:chart_observation:exact:manual_research,chart_observation,exact,User-provided manual Rally BATMAN3 Comics price history,2022-06-24T00:00:00Z,2022-06-30,quarterly
2022-09-30,rally-batman3,,,145.0,0,145000.0,manual:chart_observation:exact:manual_research,chart_observation,exact,User-provided manual Rally BATMAN3 Comics price history,2022-09-30T00:00:00Z,2022-09-30,quarterly
2022-12-27,rally-batman3,,,135.15,0,135150.0,manual:chart_observation:exact:manual_research,chart_observation,exact,User-provided manual Rally BATMAN3 Comics price history,2022-12-27T00:00:00Z,2022-12-31,quarterly
2023-03-28,rally-batman3,,,129.0,0,129000.0,manual:chart_observation:exact:manual_research,chart_observation,exact,User-provided manual Rally BATMAN3 Comics price history,2023-03-28T00:00:00Z,2023-03-31,quarterly
2023-06-29,rally-batman3,,,120.0,0,120000.0,manual:chart_observation:exact:manual_research,chart_observation,exact,User-provided manual Rally BATMAN3 Comics price history,2023-06-29T00:00:00Z,2023-06-30,quarterly
2023-09-29,rally-batman3,,,125.25,0,125250.0,manual:chart_observation:exact:manual_research,chart_observation,exact,User-provided manual Rally BATMAN3 Comics price history,2023-09-29T00:00:00Z,2023-09-30,quarterly
2023-12-29,rally-batman3,,,115.0,0,115000.0,manual:chart_observation:exact:manual_research,chart_observation,exact,User-provided manual Rally BATMAN3 Comics price history,2023-12-29T00:00:00Z,2023-12-31,quarterly
2024-03-25,rally-batman3,,,134.0,0,134000.0,manual:chart_observation:exact:manual_research,chart_observation,exact,User-provided manual Rally BATMAN3 Comics price history,2024-03-25T00:00:00Z,2024-03-31,quarterly
2024-06-26,rally-batman3,,,119.0,0,119000.0,manual:chart_observation:exact:manual_research,chart_observation,exact,User-provided manual Rally BATMAN3 Comics price history,2024-06-26T00:00:00Z,2024-06-30,quarterly
2024-09-26,rally-batman3,,,110.0,0,110000.0,manual:chart_observation:exact:manual_research,chart_observation,exact,User-provided manual Rally BATMAN3 Comics price history,2024-09-26T00:00:00Z,2024-09-30,quarterly
2024-12-27,rally-batman3,,,116.95,0,116950.0,manual:chart_observation:exact:manual_research,chart_observation,exact,User-provided manual Rally BATMAN3 Comics price history,2024-12-27T00:00:00Z,2024-12-31,quarterly
2025-03-31,rally-batman3,,,107.95,0,107950.0,manual:chart_observation:exact:manual_research,chart_observation,exact,User-provided manual Rally BATMAN3 Comics price history,2025-03-31T00:00:00Z,2025-03-31,quarterly
2025-06-24,rally-batman3,,,100.0,0,100000.0,manual:chart_observation:exact:manual_research,chart_observation,exact,User-provided manual Rally BATMAN3 Comics price history,2025-06-24T00:00:00Z,2025-06-30,quarterly
2025-09-24,rally-batman3,,,108.0,0,108000.0,manual:chart_observation:exact:manual_research,chart_observation,exact,User-provided manual Rally BATMAN3 Comics price history,2025-09-24T00:00:00Z,2025-09-30,quarterly
2025-12-26,rally-batman3,,,80.0,0,80000.0,manual:chart_observation:exact:manual_research,chart_observation,exact,User-provided manual Rally BATMAN3 Comics price history,2025-12-26T00:00:00Z,2025-12-31,quarterly
2026-03-27,rally-batman3,,,83.5,0,83500.0,manual:chart_observation:exact:manual_research,chart_observation,exact,User-provided manual Rally BATMAN3 Comics price history,2026-03-27T00:00:00Z,2026-03-31,quarterly
2026-06-29,rally-batman3,,,85.0,0,85000.0,manual:chart_observation:exact:manual_research,chart_observation,exact,User-provided manual Rally BATMAN3 Comics price history,2026-06-29T00:00:00Z,2026-06-30,quarterly
2020-11-03,rally-starwars1,,,1.7,0,20400.0,manual:chart_observation:exact:manual_research,chart_observation,exact,User-provided manual Rally STARWARS1 Comics price history,2020-11-03T00:00:00Z,2020-12-31,quarterly
2021-01-28,rally-starwars1,,,2.55,0,30600.0,manual:chart_observation:exact:manual_research,chart_observation,exact,User-provided manual Rally STARWARS1 Comics price history,2021-01-28T00:00:00Z,2021-03-31,quarterly
2021-04-27,rally-starwars1,,,2.5,0,30000.0,manual:chart_observation:exact:manual_research,chart_observation,exact,User-provided manual Rally STARWARS1 Comics price history,2021-04-27T00:00:00Z,2021-06-30,quarterly
2021-08-12,rally-starwars1,,,5.0,0,60000.0,manual:chart_observation:exact:manual_research,chart_observation,exact,User-provided manual Rally STARWARS1 Comics price history,2021-08-12T00:00:00Z,2021-09-30,quarterly
2021-12-13,rally-starwars1,,,3.0,0,36000.0,manual:chart_observation:exact:manual_research,chart_observation,exact,User-provided manual Rally STARWARS1 Comics price history,2021-12-13T00:00:00Z,2021-12-31,quarterly
2022-03-28,rally-starwars1,,,6.25,0,75000.0,manual:chart_observation:exact:manual_research,chart_observation,exact,User-provided manual Rally STARWARS1 Comics price history,2022-03-28T00:00:00Z,2022-03-31,quarterly
2022-06-30,rally-starwars1,,,4.8,0,57600.0,manual:chart_observation:exact:manual_research,chart_observation,exact,User-provided manual Rally STARWARS1 Comics price history,2022-06-30T00:00:00Z,2022-06-30,quarterly
2022-09-26,rally-starwars1,,,5.0,0,60000.0,manual:chart_observation:exact:manual_research,chart_observation,exact,User-provided manual Rally STARWARS1 Comics price history,2022-09-26T00:00:00Z,2022-09-30,quarterly
2022-12-29,rally-starwars1,,,3.5,0,42000.0,manual:chart_observation:exact:manual_research,chart_observation,exact,User-provided manual Rally STARWARS1 Comics price history,2022-12-29T00:00:00Z,2022-12-31,quarterly
2023-03-27,rally-starwars1,,,4.0,0,48000.0,manual:chart_observation:exact:manual_research,chart_observation,exact,User-provided manual Rally STARWARS1 Comics price history,2023-03-27T00:00:00Z,2023-03-31,quarterly
2023-06-30,rally-starwars1,,,3.5,0,42000.0,manual:chart_observation:exact:manual_research,chart_observation,exact,User-provided manual Rally STARWARS1 Comics price history,2023-06-30T00:00:00Z,2023-06-30,quarterly
2023-09-25,rally-starwars1,,,3.4,0,40800.0,manual:chart_observation:exact:manual_research,chart_observation,exact,User-provided manual Rally STARWARS1 Comics price history,2023-09-25T00:00:00Z,2023-09-30,quarterly
2023-12-29,rally-starwars1,,,2.6,0,31200.0,manual:chart_observation:exact:manual_research,chart_observation,exact,User-provided manual Rally STARWARS1 Comics price history,2023-12-29T00:00:00Z,2023-12-31,quarterly
2024-03-26,rally-starwars1,,,2.65,0,31800.0,manual:chart_observation:exact:manual_research,chart_observation,exact,User-provided manual Rally STARWARS1 Comics price history,2024-03-26T00:00:00Z,2024-03-31,quarterly
2024-06-28,rally-starwars1,,,2.1,0,25200.0,manual:chart_observation:exact:manual_research,chart_observation,exact,User-provided manual Rally STARWARS1 Comics price history,2024-06-28T00:00:00Z,2024-06-30,quarterly
2024-09-24,rally-starwars1,,,2.05,0,24600.0,manual:chart_observation:exact:manual_research,chart_observation,exact,User-provided manual Rally STARWARS1 Comics price history,2024-09-24T00:00:00Z,2024-09-30,quarterly
2024-12-27,rally-starwars1,,,2.2,0,26400.000000000004,manual:chart_observation:exact:manual_research,chart_observation,exact,User-provided manual Rally STARWARS1 Comics price history,2024-12-27T00:00:00Z,2024-12-31,quarterly
2025-03-25,rally-starwars1,,,2.0,0,24000.0,manual:chart_observation:exact:manual_research,chart_observation,exact,User-provided manual Rally STARWARS1 Comics price history,2025-03-25T00:00:00Z,2025-03-31,quarterly
2025-06-27,rally-starwars1,,,1.95,0,23400.0,manual:chart_observation:exact:manual_research,chart_observation,exact,User-provided manual Rally STARWARS1 Comics price history,2025-06-27T00:00:00Z,2025-06-30,quarterly
2025-09-30,rally-starwars1,,,2.0,0,24000.0,manual:chart_observation:exact:manual_research,chart_observation,exact,User-provided manual Rally STARWARS1 Comics price history,2025-09-30T00:00:00Z,2025-09-30,quarterly
2025-12-26,rally-starwars1,,,2.0,0,24000.0,manual:chart_observation:exact:manual_research,chart_observation,exact,User-provided manual Rally STARWARS1 Comics price history,2025-12-26T00:00:00Z,2025-12-31,quarterly
2026-03-31,rally-starwars1,,,2.0,0,24000.0,manual:chart_observation:exact:manual_research,chart_observation,exact,User-provided manual Rally STARWARS1 Comics price history,2026-03-31T00:00:00Z,2026-03-31,quarterly
2026-06-26,rally-starwars1,,,2.15,0,25800.0,manual:chart_observation:exact:manual_research,chart_observation,exact,User-provided manual Rally STARWARS1 Comics price history,2026-06-26T00:00:00Z,2026-06-30,quarterly
2021-04-20,rally-avengers57,,,0.8,0,16000.0,manual:chart_observation:exact:manual_research,chart_observation,exact,User-provided manual Rally AVENGERS57 Comics price history,2021-04-20T00:00:00Z,2021-06-30,quarterly
2021-07-19,rally-avengers57,,,1.5,0,30000.0,manual:chart_observation:exact:manual_research,chart_observation,exact,User-provided manual Rally AVENGERS57 Comics price history,2021-07-19T00:00:00Z,2021-09-30,quarterly
2021-11-19,rally-avengers57,,,1.75,0,35000.0,manual:chart_observation:exact:manual_research,chart_observation,exact,User-provided manual Rally AVENGERS57 Comics price history,2021-11-19T00:00:00Z,2021-11-19,weekly
2021-12-27,rally-avengers57,,,1.5,0,30000.0,manual:chart_observation:exact:manual_research,chart_observation,exact,User-provided manual Rally AVENGERS57 Comics price history,2021-12-27T00:00:00Z,2021-12-31,quarterly
2022-03-31,rally-avengers57,,,1.65,0,33000.0,manual:chart_observation:exact:manual_research,chart_observation,exact,User-provided manual Rally AVENGERS57 Comics price history,2022-03-31T00:00:00Z,2022-03-31,quarterly
2022-06-27,rally-avengers57,,,1.5,0,30000.0,manual:chart_observation:exact:manual_research,chart_observation,exact,User-provided manual Rally AVENGERS57 Comics price history,2022-06-27T00:00:00Z,2022-06-30,quarterly
2022-09-29,rally-avengers57,,,1.8,0,36000.0,manual:chart_observation:exact:manual_research,chart_observation,exact,User-provided manual Rally AVENGERS57 Comics price history,2022-09-29T00:00:00Z,2022-09-30,quarterly
2022-12-27,rally-avengers57,,,1.8,0,36000.0,manual:chart_observation:exact:manual_research,chart_observation,exact,User-provided manual Rally AVENGERS57 Comics price history,2022-12-27T00:00:00Z,2022-12-31,quarterly
2023-03-30,rally-avengers57,,,1.75,0,35000.0,manual:chart_observation:exact:manual_research,chart_observation,exact,User-provided manual Rally AVENGERS57 Comics price history,2023-03-30T00:00:00Z,2023-03-31,quarterly
2023-06-26,rally-avengers57,,,1.65,0,33000.0,manual:chart_observation:exact:manual_research,chart_observation,exact,User-provided manual Rally AVENGERS57 Comics price history,2023-06-26T00:00:00Z,2023-06-30,quarterly
2023-09-28,rally-avengers57,,,1.3,0,26000.0,manual:chart_observation:exact:manual_research,chart_observation,exact,User-provided manual Rally AVENGERS57 Comics price history,2023-09-28T00:00:00Z,2023-09-30,quarterly
2023-12-29,rally-avengers57,,,1.45,0,29000.0,manual:chart_observation:exact:manual_research,chart_observation,exact,User-provided manual Rally AVENGERS57 Comics price history,2023-12-29T00:00:00Z,2023-12-31,quarterly
2024-03-28,rally-avengers57,,,1.25,0,25000.0,manual:chart_observation:exact:manual_research,chart_observation,exact,User-provided manual Rally AVENGERS57 Comics price history,2024-03-28T00:00:00Z,2024-03-31,quarterly
2024-06-24,rally-avengers57,,,1.25,0,25000.0,manual:chart_observation:exact:manual_research,chart_observation,exact,User-provided manual Rally AVENGERS57 Comics price history,2024-06-24T00:00:00Z,2024-06-30,quarterly
2024-09-27,rally-avengers57,,,1.3,0,26000.0,manual:chart_observation:exact:manual_research,chart_observation,exact,User-provided manual Rally AVENGERS57 Comics price history,2024-09-27T00:00:00Z,2024-09-30,quarterly
2024-12-30,rally-avengers57,,,1.1,0,22000.0,manual:chart_observation:exact:manual_research,chart_observation,exact,User-provided manual Rally AVENGERS57 Comics price history,2024-12-30T00:00:00Z,2024-12-31,quarterly
2025-03-28,rally-avengers57,,,0.9,0,18000.0,manual:chart_observation:exact:manual_research,chart_observation,exact,User-provided manual Rally AVENGERS57 Comics price history,2025-03-28T00:00:00Z,2025-03-31,quarterly
2025-06-30,rally-avengers57,,,0.9,0,18000.0,manual:chart_observation:exact:manual_research,chart_observation,exact,User-provided manual Rally AVENGERS57 Comics price history,2025-06-30T00:00:00Z,2025-06-30,quarterly
2025-09-26,rally-avengers57,,,1.25,0,25000.0,manual:chart_observation:exact:manual_research,chart_observation,exact,User-provided manual Rally AVENGERS57 Comics price history,2025-09-26T00:00:00Z,2025-09-30,quarterly
2025-12-29,rally-avengers57,,,1.05,0,21000.0,manual:chart_observation:exact:manual_research,chart_observation,exact,User-provided manual Rally AVENGERS57 Comics price history,2025-12-29T00:00:00Z,2025-12-31,quarterly
2026-03-27,rally-avengers57,,,0.95,0,19000.0,manual:chart_observation:exact:manual_research,chart_observation,exact,User-provided manual Rally AVENGERS57 Comics price history,2026-03-27T00:00:00Z,2026-03-31,quarterly
2026-06-30,rally-avengers57,,,0.9,0,18000.0,manual:chart_observation:exact:manual_research,chart_observation,exact,User-provided manual Rally AVENGERS57 Comics price history,2026-06-30T00:00:00Z,2026-06-30,quarterly
2021-07-06,rally-fan45,,,6.55,0,65500.0,manual:chart_observation:exact:manual_research,chart_observation,exact,User-provided manual Rally FAN45 Comics price history,2021-07-06T00:00:00Z,2021-09-30,quarterly
2021-10-19,rally-fan45,,,8.5,0,85000.0,manual:chart_observation:exact:manual_research,chart_observation,exact,User-provided manual Rally FAN45 Comics price history,2021-10-19T00:00:00Z,2021-10-19,weekly
2021-12-29,rally-fan45,,,9.15,0,91500.0,manual:chart_observation:exact:manual_research,chart_observation,exact,User-provided manual Rally FAN45 Comics price history,2021-12-29T00:00:00Z,2021-12-31,quarterly
2022-03-29,rally-fan45,,,16.0,0,160000.0,manual:chart_observation:exact:manual_research,chart_observation,exact,User-provided manual Rally FAN45 Comics price history,2022-03-29T00:00:00Z,2022-03-31,quarterly
2022-06-27,rally-fan45,,,9.0,0,90000.0,manual:chart_observation:exact:manual_research,chart_observation,exact,User-provided manual Rally FAN45 Comics price history,2022-06-27T00:00:00Z,2022-06-30,quarterly
2022-09-30,rally-fan45,,,11.95,0,119500.0,manual:chart_observation:exact:manual_research,chart_observation,exact,User-provided manual Rally FAN45 Comics price history,2022-09-30T00:00:00Z,2022-09-30,quarterly
2022-12-30,rally-fan45,,,11.45,0,114500.0,manual:chart_observation:exact:manual_research,chart_observation,exact,User-provided manual Rally FAN45 Comics price history,2022-12-30T00:00:00Z,2022-12-31,quarterly
2023-03-30,rally-fan45,,,13.5,0,135000.0,manual:chart_observation:exact:manual_research,chart_observation,exact,User-provided manual Rally FAN45 Comics price history,2023-03-30T00:00:00Z,2023-03-31,quarterly
2023-06-28,rally-fan45,,,12.2,0,122000.0,manual:chart_observation:exact:manual_research,chart_observation,exact,User-provided manual Rally FAN45 Comics price history,2023-06-28T00:00:00Z,2023-06-30,quarterly
2023-09-26,rally-fan45,,,9.0,0,90000.0,manual:chart_observation:exact:manual_research,chart_observation,exact,User-provided manual Rally FAN45 Comics price history,2023-09-26T00:00:00Z,2023-09-30,quarterly
2023-12-29,rally-fan45,,,9.3,0,93000.0,manual:chart_observation:exact:manual_research,chart_observation,exact,User-provided manual Rally FAN45 Comics price history,2023-12-29T00:00:00Z,2023-12-31,quarterly
2024-03-25,rally-fan45,,,9.75,0,97500.0,manual:chart_observation:exact:manual_research,chart_observation,exact,User-provided manual Rally FAN45 Comics price history,2024-03-25T00:00:00Z,2024-03-31,quarterly
2024-06-28,rally-fan45,,,9.35,0,93500.0,manual:chart_observation:exact:manual_research,chart_observation,exact,User-provided manual Rally FAN45 Comics price history,2024-06-28T00:00:00Z,2024-06-30,quarterly
2024-09-27,rally-fan45,,,9.5,0,95000.0,manual:chart_observation:exact:manual_research,chart_observation,exact,User-provided manual Rally FAN45 Comics price history,2024-09-27T00:00:00Z,2024-09-30,quarterly
2024-12-31,rally-fan45,,,8.9,0,89000.0,manual:chart_observation:exact:manual_research,chart_observation,exact,User-provided manual Rally FAN45 Comics price history,2024-12-31T00:00:00Z,2024-12-31,quarterly
2025-03-26,rally-fan45,,,10.75,0,107500.0,manual:chart_observation:exact:manual_research,chart_observation,exact,User-provided manual Rally FAN45 Comics price history,2025-03-26T00:00:00Z,2025-03-31,quarterly
2025-06-30,rally-fan45,,,9.0,0,90000.0,manual:chart_observation:exact:manual_research,chart_observation,exact,User-provided manual Rally FAN45 Comics price history,2025-06-30T00:00:00Z,2025-06-30,quarterly
2025-09-29,rally-fan45,,,8.75,0,87500.0,manual:chart_observation:exact:manual_research,chart_observation,exact,User-provided manual Rally FAN45 Comics price history,2025-09-29T00:00:00Z,2025-09-30,quarterly
2025-12-26,rally-fan45,,,8.3,0,83000.0,manual:chart_observation:exact:manual_research,chart_observation,exact,User-provided manual Rally FAN45 Comics price history,2025-12-26T00:00:00Z,2025-12-31,quarterly
2026-03-27,rally-fan45,,,7.8,0,78000.0,manual:chart_observation:exact:manual_research,chart_observation,exact,User-provided manual Rally FAN45 Comics price history,2026-03-27T00:00:00Z,2026-03-31,quarterly
2026-06-25,rally-fan45,,,7.7,0,77000.0,manual:chart_observation:exact:manual_research,chart_observation,exact,User-provided manual Rally FAN45 Comics price history,2026-06-25T00:00:00Z,2026-06-30,quarterly
2022-03-30,rally-batman181,,,11.0,0,55000.0,manual:chart_observation:exact:manual_research,chart_observation,exact,User-provided manual Rally BATMAN181 Comics price history,2022-03-30T00:00:00Z,2022-03-31,quarterly
2022-06-27,rally-batman181,,,6.05,0,30250.0,manual:chart_observation:exact:manual_research,chart_observation,exact,User-provided manual Rally BATMAN181 Comics price history,2022-06-27T00:00:00Z,2022-06-30,quarterly
2022-09-28,rally-batman181,,,5.5,0,27500.0,manual:chart_observation:exact:manual_research,chart_observation,exact,User-provided manual Rally BATMAN181 Comics price history,2022-09-28T00:00:00Z,2022-09-30,quarterly
2022-12-30,rally-batman181,,,8.0,0,40000.0,manual:chart_observation:exact:manual_research,chart_observation,exact,User-provided manual Rally BATMAN181 Comics price history,2022-12-30T00:00:00Z,2022-12-31,quarterly
2023-03-28,rally-batman181,,,8.95,0,44750.0,manual:chart_observation:exact:manual_research,chart_observation,exact,User-provided manual Rally BATMAN181 Comics price history,2023-03-28T00:00:00Z,2023-03-31,quarterly
2023-06-29,rally-batman181,,,6.0,0,30000.0,manual:chart_observation:exact:manual_research,chart_observation,exact,User-provided manual Rally BATMAN181 Comics price history,2023-06-29T00:00:00Z,2023-06-30,quarterly
2023-09-26,rally-batman181,,,8.95,0,44750.0,manual:chart_observation:exact:manual_research,chart_observation,exact,User-provided manual Rally BATMAN181 Comics price history,2023-09-26T00:00:00Z,2023-09-30,quarterly
2023-12-28,rally-batman181,,,6.0,0,30000.0,manual:chart_observation:exact:manual_research,chart_observation,exact,User-provided manual Rally BATMAN181 Comics price history,2023-12-28T00:00:00Z,2023-12-31,quarterly
2024-03-25,rally-batman181,,,7.35,0,36750.0,manual:chart_observation:exact:manual_research,chart_observation,exact,User-provided manual Rally BATMAN181 Comics price history,2024-03-25T00:00:00Z,2024-03-31,quarterly
2024-06-26,rally-batman181,,,8.4,0,42000.0,manual:chart_observation:exact:manual_research,chart_observation,exact,User-provided manual Rally BATMAN181 Comics price history,2024-06-26T00:00:00Z,2024-06-30,quarterly
2024-09-27,rally-batman181,,,7.5,0,37500.0,manual:chart_observation:exact:manual_research,chart_observation,exact,User-provided manual Rally BATMAN181 Comics price history,2024-09-27T00:00:00Z,2024-09-30,quarterly
2024-12-30,rally-batman181,,,7.5,0,37500.0,manual:chart_observation:exact:manual_research,chart_observation,exact,User-provided manual Rally BATMAN181 Comics price history,2024-12-30T00:00:00Z,2024-12-31,quarterly
2025-03-28,rally-batman181,,,6.65,0,33250.0,manual:chart_observation:exact:manual_research,chart_observation,exact,User-provided manual Rally BATMAN181 Comics price history,2025-03-28T00:00:00Z,2025-03-31,quarterly
2025-06-25,rally-batman181,,,7.0,0,35000.0,manual:chart_observation:exact:manual_research,chart_observation,exact,User-provided manual Rally BATMAN181 Comics price history,2025-06-25T00:00:00Z,2025-06-30,quarterly
2025-09-26,rally-batman181,,,6.65,0,33250.0,manual:chart_observation:exact:manual_research,chart_observation,exact,User-provided manual Rally BATMAN181 Comics price history,2025-09-26T00:00:00Z,2025-09-30,quarterly
2025-12-29,rally-batman181,,,5.0,0,25000.0,manual:chart_observation:exact:manual_research,chart_observation,exact,User-provided manual Rally BATMAN181 Comics price history,2025-12-29T00:00:00Z,2025-12-31,quarterly
2026-03-26,rally-batman181,,,6.9,0,34500.0,manual:chart_observation:exact:manual_research,chart_observation,exact,User-provided manual Rally BATMAN181 Comics price history,2026-03-26T00:00:00Z,2026-03-31,quarterly
2026-06-29,rally-batman181,,,5.6,0,28000.0,manual:chart_observation:exact:manual_research,chart_observation,exact,User-provided manual Rally BATMAN181 Comics price history,2026-06-29T00:00:00Z,2026-06-30,quarterly
2021-10-27,rally-batman2,,,13.0,0,110500.0,manual:chart_observation:exact:manual_research,chart_observation,exact,User-provided manual Rally BATMAN2 Comics price history,2021-10-27T00:00:00Z,2021-12-31,weekly
2021-12-27,rally-batman2,,,21.0,0,178500.0,manual:chart_observation:exact:manual_research,chart_observation,exact,User-provided manual Rally BATMAN2 Comics price history,2021-12-27T00:00:00Z,2021-12-31,quarterly
2022-03-30,rally-batman2,,,34.8,0,295800.0,manual:chart_observation:exact:manual_research,chart_observation,exact,User-provided manual Rally BATMAN2 Comics price history,2022-03-30T00:00:00Z,2022-03-31,quarterly
2022-06-24,rally-batman2,,,10.0,0,85000.0,manual:chart_observation:exact:manual_research,chart_observation,exact,User-provided manual Rally BATMAN2 Comics price history,2022-06-24T00:00:00Z,2022-06-30,quarterly
2022-09-30,rally-batman2,,,15.0,0,127500.0,manual:chart_observation:exact:manual_research,chart_observation,exact,User-provided manual Rally BATMAN2 Comics price history,2022-09-30T00:00:00Z,2022-09-30,quarterly
2022-12-27,rally-batman2,,,15.0,0,127500.0,manual:chart_observation:exact:manual_research,chart_observation,exact,User-provided manual Rally BATMAN2 Comics price history,2022-12-27T00:00:00Z,2022-12-31,quarterly
2023-03-30,rally-batman2,,,26.0,0,221000.0,manual:chart_observation:exact:manual_research,chart_observation,exact,User-provided manual Rally BATMAN2 Comics price history,2023-03-30T00:00:00Z,2023-03-31,quarterly
2023-06-30,rally-batman2,,,24.0,0,204000.0,manual:chart_observation:exact:manual_research,chart_observation,exact,User-provided manual Rally BATMAN2 Comics price history,2023-06-30T00:00:00Z,2023-06-30,quarterly
2023-09-25,rally-batman2,,,10.95,0,93075.0,manual:chart_observation:exact:manual_research,chart_observation,exact,User-provided manual Rally BATMAN2 Comics price history,2023-09-25T00:00:00Z,2023-09-30,quarterly
2023-12-29,rally-batman2,,,9.9,0,84150.0,manual:chart_observation:exact:manual_research,chart_observation,exact,User-provided manual Rally BATMAN2 Comics price history,2023-12-29T00:00:00Z,2023-12-31,quarterly
2024-03-28,rally-batman2,,,10.0,0,85000.0,manual:chart_observation:exact:manual_research,chart_observation,exact,User-provided manual Rally BATMAN2 Comics price history,2024-03-28T00:00:00Z,2024-03-31,quarterly
2024-06-28,rally-batman2,,,9.0,0,76500.0,manual:chart_observation:exact:manual_research,chart_observation,exact,User-provided manual Rally BATMAN2 Comics price history,2024-06-28T00:00:00Z,2024-06-30,quarterly
2024-09-30,rally-batman2,,,10.95,0,93075.0,manual:chart_observation:exact:manual_research,chart_observation,exact,User-provided manual Rally BATMAN2 Comics price history,2024-09-30T00:00:00Z,2024-09-30,quarterly
2024-12-31,rally-batman2,,,11.9,0,101150.0,manual:chart_observation:exact:manual_research,chart_observation,exact,User-provided manual Rally BATMAN2 Comics price history,2024-12-31T00:00:00Z,2024-12-31,quarterly
2025-03-28,rally-batman2,,,7.0,0,59500.0,manual:chart_observation:exact:manual_research,chart_observation,exact,User-provided manual Rally BATMAN2 Comics price history,2025-03-28T00:00:00Z,2025-03-31,quarterly
2025-06-27,rally-batman2,,,7.0,0,59500.0,manual:chart_observation:exact:manual_research,chart_observation,exact,User-provided manual Rally BATMAN2 Comics price history,2025-06-27T00:00:00Z,2025-06-30,quarterly
2025-09-29,rally-batman2,,,6.75,0,57375.0,manual:chart_observation:exact:manual_research,chart_observation,exact,User-provided manual Rally BATMAN2 Comics price history,2025-09-29T00:00:00Z,2025-09-30,quarterly
2025-12-31,rally-batman2,,,6.95,0,59075.0,manual:chart_observation:exact:manual_research,chart_observation,exact,User-provided manual Rally BATMAN2 Comics price history,2025-12-31T00:00:00Z,2025-12-31,quarterly
2026-03-27,rally-batman2,,,6.95,0,59075.0,manual:chart_observation:exact:manual_research,chart_observation,exact,User-provided manual Rally BATMAN2 Comics price history,2026-03-27T00:00:00Z,2026-03-31,quarterly
2026-06-29,rally-batman2,,,7.0,0,59500.0,manual:chart_observation:exact:manual_research,chart_observation,exact,User-provided manual Rally BATMAN2 Comics price history,2026-06-29T00:00:00Z,2026-06-30,quarterly
2022-03-28,rally-penguin,,,6.5,0,65000.0,manual:chart_observation:exact:manual_research,chart_observation,exact,User-provided manual Rally PENGUIN Comics price history,2022-03-28T00:00:00Z,2022-03-31,quarterly
2022-06-29,rally-penguin,,,4.05,0,40500.0,manual:chart_observation:exact:manual_research,chart_observation,exact,User-provided manual Rally PENGUIN Comics price history,2022-06-29T00:00:00Z,2022-06-30,quarterly
2022-09-30,rally-penguin,,,3.75,0,37500.0,manual:chart_observation:exact:manual_research,chart_observation,exact,User-provided manual Rally PENGUIN Comics price history,2022-09-30T00:00:00Z,2022-09-30,quarterly
2022-12-29,rally-penguin,,,3.75,0,37500.0,manual:chart_observation:exact:manual_research,chart_observation,exact,User-provided manual Rally PENGUIN Comics price history,2022-12-29T00:00:00Z,2022-12-31,quarterly
2023-03-28,rally-penguin,,,4.0,0,40000.0,manual:chart_observation:exact:manual_research,chart_observation,exact,User-provided manual Rally PENGUIN Comics price history,2023-03-28T00:00:00Z,2023-03-31,quarterly
2023-06-30,rally-penguin,,,3.55,0,35500.0,manual:chart_observation:exact:manual_research,chart_observation,exact,User-provided manual Rally PENGUIN Comics price history,2023-06-30T00:00:00Z,2023-06-30,quarterly
2023-09-27,rally-penguin,,,3.55,0,35500.0,manual:chart_observation:exact:manual_research,chart_observation,exact,User-provided manual Rally PENGUIN Comics price history,2023-09-27T00:00:00Z,2023-09-30,quarterly
2023-12-29,rally-penguin,,,3.0,0,30000.0,manual:chart_observation:exact:manual_research,chart_observation,exact,User-provided manual Rally PENGUIN Comics price history,2023-12-29T00:00:00Z,2023-12-31,quarterly
2024-03-28,rally-penguin,,,4.0,0,40000.0,manual:chart_observation:exact:manual_research,chart_observation,exact,User-provided manual Rally PENGUIN Comics price history,2024-03-28T00:00:00Z,2024-03-31,quarterly
2024-06-25,rally-penguin,,,4.5,0,45000.0,manual:chart_observation:exact:manual_research,chart_observation,exact,User-provided manual Rally PENGUIN Comics price history,2024-06-25T00:00:00Z,2024-06-30,quarterly
2024-09-27,rally-penguin,,,4.05,0,40500.0,manual:chart_observation:exact:manual_research,chart_observation,exact,User-provided manual Rally PENGUIN Comics price history,2024-09-27T00:00:00Z,2024-09-30,quarterly
2024-12-30,rally-penguin,,,4.5,0,45000.0,manual:chart_observation:exact:manual_research,chart_observation,exact,User-provided manual Rally PENGUIN Comics price history,2024-12-30T00:00:00Z,2024-12-31,quarterly
2025-03-28,rally-penguin,,,3.7,0,37000.0,manual:chart_observation:exact:manual_research,chart_observation,exact,User-provided manual Rally PENGUIN Comics price history,2025-03-28T00:00:00Z,2025-03-31,quarterly
2025-06-26,rally-penguin,,,2.0,0,20000.0,manual:chart_observation:exact:manual_research,chart_observation,exact,User-provided manual Rally PENGUIN Comics price history,2025-06-26T00:00:00Z,2025-06-30,quarterly
2025-09-29,rally-penguin,,,2.0,0,20000.0,manual:chart_observation:exact:manual_research,chart_observation,exact,User-provided manual Rally PENGUIN Comics price history,2025-09-29T00:00:00Z,2025-09-30,quarterly
2025-12-31,rally-penguin,,,2.2,0,22000.0,manual:chart_observation:exact:manual_research,chart_observation,exact,User-provided manual Rally PENGUIN Comics price history,2025-12-31T00:00:00Z,2025-12-31,quarterly
2026-03-30,rally-penguin,,,2.75,0,27500.0,manual:chart_observation:exact:manual_research,chart_observation,exact,User-provided manual Rally PENGUIN Comics price history,2026-03-30T00:00:00Z,2026-03-31,quarterly
2026-06-26,rally-penguin,,,2.75,0,27500.0,manual:chart_observation:exact:manual_research,chart_observation,exact,User-provided manual Rally PENGUIN Comics price history,2026-06-26T00:00:00Z,2026-06-30,quarterly
2020-06-02,rally-spider1,,,27.0,0,27000.0,manual:chart_observation:exact:manual_research,chart_observation,exact,User-provided manual Rally SPIDER1 Comics price history,2020-06-02T00:00:00Z,2020-06-30,quarterly
2020-09-15,rally-spider1,,,28.3,0,28300.0,manual:chart_observation:exact:manual_research,chart_observation,exact,User-provided manual Rally SPIDER1 Comics price history,2020-09-15T00:00:00Z,2020-09-30,quarterly
2020-12-29,rally-spider1,,,30.05,0,30050.0,manual:chart_observation:exact:manual_research,chart_observation,exact,User-provided manual Rally SPIDER1 Comics price history,2020-12-29T00:00:00Z,2020-12-31,quarterly
2021-03-01,rally-spider1,,,34.1,0,34100.0,manual:chart_observation:exact:manual_research,chart_observation,exact,User-provided manual Rally SPIDER1 Comics price history,2021-03-01T00:00:00Z,2021-03-31,quarterly
2021-05-11,rally-spider1,,,33.75,0,33750.0,manual:chart_observation:exact:manual_research,chart_observation,exact,User-provided manual Rally SPIDER1 Comics price history,2021-05-11T00:00:00Z,2021-06-30,quarterly
2021-09-21,rally-spider1,,,52.0,0,52000.0,manual:chart_observation:exact:manual_research,chart_observation,exact,User-provided manual Rally SPIDER1 Comics price history,2021-09-21T00:00:00Z,2021-09-30,quarterly
2022-01-24,rally-spider1,,,55.0,0,55000.0,manual:chart_observation:exact:manual_research,chart_observation,exact,User-provided manual Rally SPIDER1 Comics price history,2022-01-24T00:00:00Z,2022-03-31,weekly
2022-03-25,rally-spider1,,,44.0,0,44000.0,manual:chart_observation:exact:manual_research,chart_observation,exact,User-provided manual Rally SPIDER1 Comics price history,2022-03-25T00:00:00Z,2022-03-31,quarterly
2022-06-27,rally-spider1,,,53.0,0,53000.0,manual:chart_observation:exact:manual_research,chart_observation,exact,User-provided manual Rally SPIDER1 Comics price history,2022-06-27T00:00:00Z,2022-06-30,quarterly
2022-09-27,rally-spider1,,,51.0,0,51000.0,manual:chart_observation:exact:manual_research,chart_observation,exact,User-provided manual Rally SPIDER1 Comics price history,2022-09-27T00:00:00Z,2022-09-30,quarterly
2022-12-29,rally-spider1,,,47.0,0,47000.0,manual:chart_observation:exact:manual_research,chart_observation,exact,User-provided manual Rally SPIDER1 Comics price history,2022-12-29T00:00:00Z,2022-12-31,quarterly
2023-03-31,rally-spider1,,,86.0,0,86000.0,manual:chart_observation:exact:manual_research,chart_observation,exact,User-provided manual Rally SPIDER1 Comics price history,2023-03-31T00:00:00Z,2023-03-31,quarterly
2023-06-26,rally-spider1,,,60.0,0,60000.0,manual:chart_observation:exact:manual_research,chart_observation,exact,User-provided manual Rally SPIDER1 Comics price history,2023-06-26T00:00:00Z,2023-06-30,quarterly
2023-09-26,rally-spider1,,,60.0,0,60000.0,manual:chart_observation:exact:manual_research,chart_observation,exact,User-provided manual Rally SPIDER1 Comics price history,2023-09-26T00:00:00Z,2023-09-30,quarterly
2023-12-28,rally-spider1,,,20.0,0,20000.0,manual:chart_observation:exact:manual_research,chart_observation,exact,User-provided manual Rally SPIDER1 Comics price history,2023-12-28T00:00:00Z,2023-12-31,quarterly
2024-03-28,rally-spider1,,,33.75,0,33750.0,manual:chart_observation:exact:manual_research,chart_observation,exact,User-provided manual Rally SPIDER1 Comics price history,2024-03-28T00:00:00Z,2024-03-31,quarterly
2024-06-24,rally-spider1,,,43.75,0,43750.0,manual:chart_observation:exact:manual_research,chart_observation,exact,User-provided manual Rally SPIDER1 Comics price history,2024-06-24T00:00:00Z,2024-06-30,quarterly
2024-09-24,rally-spider1,,,33.0,0,33000.0,manual:chart_observation:exact:manual_research,chart_observation,exact,User-provided manual Rally SPIDER1 Comics price history,2024-09-24T00:00:00Z,2024-09-30,quarterly
2024-12-26,rally-spider1,,,20.95,0,20950.0,manual:chart_observation:exact:manual_research,chart_observation,exact,User-provided manual Rally SPIDER1 Comics price history,2024-12-26T00:00:00Z,2024-12-31,quarterly
2025-03-28,rally-spider1,,,22.55,0,22550.0,manual:chart_observation:exact:manual_research,chart_observation,exact,User-provided manual Rally SPIDER1 Comics price history,2025-03-28T00:00:00Z,2025-03-31,quarterly
2025-06-30,rally-spider1,,,24.0,0,24000.0,manual:chart_observation:exact:manual_research,chart_observation,exact,User-provided manual Rally SPIDER1 Comics price history,2025-06-30T00:00:00Z,2025-06-30,quarterly
2025-09-30,rally-spider1,,,22.55,0,22550.0,manual:chart_observation:exact:manual_research,chart_observation,exact,User-provided manual Rally SPIDER1 Comics price history,2025-09-30T00:00:00Z,2025-09-30,quarterly
2025-12-31,rally-spider1,,,19.95,0,19950.0,manual:chart_observation:exact:manual_research,chart_observation,exact,User-provided manual Rally SPIDER1 Comics price history,2025-12-31T00:00:00Z,2025-12-31,quarterly
2026-03-27,rally-spider1,,,30.15,0,30150.0,manual:chart_observation:exact:manual_research,chart_observation,exact,User-provided manual Rally SPIDER1 Comics price history,2026-03-27T00:00:00Z,2026-03-31,quarterly
2026-06-29,rally-spider1,,,30.0,0,30000.0,manual:chart_observation:exact:manual_research,chart_observation,exact,User-provided manual Rally SPIDER1 Comics price history,2026-06-29T00:00:00Z,2026-06-30,quarterly
2022-03-25,rally-surfer4,,,7.5,0,75000.0,manual:chart_observation:exact:manual_research,chart_observation,exact,User-provided manual Rally SURFER4 Comics price history,2022-03-25T00:00:00Z,2022-03-31,quarterly
2022-06-29,rally-surfer4,,,4.5,0,45000.0,manual:chart_observation:exact:manual_research,chart_observation,exact,User-provided manual Rally SURFER4 Comics price history,2022-06-29T00:00:00Z,2022-06-30,quarterly
2022-09-30,rally-surfer4,,,5.25,0,52500.0,manual:chart_observation:exact:manual_research,chart_observation,exact,User-provided manual Rally SURFER4 Comics price history,2022-09-30T00:00:00Z,2022-09-30,quarterly
2022-12-30,rally-surfer4,,,5.5,0,55000.0,manual:chart_observation:exact:manual_research,chart_observation,exact,User-provided manual Rally SURFER4 Comics price history,2022-12-30T00:00:00Z,2022-12-31,quarterly
2023-03-29,rally-surfer4,,,6.25,0,62500.0,manual:chart_observation:exact:manual_research,chart_observation,exact,User-provided manual Rally SURFER4 Comics price history,2023-03-29T00:00:00Z,2023-03-31,quarterly
2023-06-30,rally-surfer4,,,6.0,0,60000.0,manual:chart_observation:exact:manual_research,chart_observation,exact,User-provided manual Rally SURFER4 Comics price history,2023-06-30T00:00:00Z,2023-06-30,quarterly
2023-09-29,rally-surfer4,,,5.0,0,50000.0,manual:chart_observation:exact:manual_research,chart_observation,exact,User-provided manual Rally SURFER4 Comics price history,2023-09-29T00:00:00Z,2023-09-30,quarterly
2023-12-29,rally-surfer4,,,5.0,0,50000.0,manual:chart_observation:exact:manual_research,chart_observation,exact,User-provided manual Rally SURFER4 Comics price history,2023-12-29T00:00:00Z,2023-12-31,quarterly
2024-03-25,rally-surfer4,,,6.6,0,66000.0,manual:chart_observation:exact:manual_research,chart_observation,exact,User-provided manual Rally SURFER4 Comics price history,2024-03-25T00:00:00Z,2024-03-31,quarterly
2024-06-28,rally-surfer4,,,6.6,0,66000.0,manual:chart_observation:exact:manual_research,chart_observation,exact,User-provided manual Rally SURFER4 Comics price history,2024-06-28T00:00:00Z,2024-06-30,quarterly
2024-09-30,rally-surfer4,,,6.05,0,60500.0,manual:chart_observation:exact:manual_research,chart_observation,exact,User-provided manual Rally SURFER4 Comics price history,2024-09-30T00:00:00Z,2024-09-30,quarterly
2024-12-27,rally-surfer4,,,4.55,0,45500.0,manual:chart_observation:exact:manual_research,chart_observation,exact,User-provided manual Rally SURFER4 Comics price history,2024-12-27T00:00:00Z,2024-12-31,quarterly
2025-03-28,rally-surfer4,,,5.0,0,50000.0,manual:chart_observation:exact:manual_research,chart_observation,exact,User-provided manual Rally SURFER4 Comics price history,2025-03-28T00:00:00Z,2025-03-31,quarterly
2025-06-30,rally-surfer4,,,4.8,0,48000.0,manual:chart_observation:exact:manual_research,chart_observation,exact,User-provided manual Rally SURFER4 Comics price history,2025-06-30T00:00:00Z,2025-06-30,quarterly
2025-09-26,rally-surfer4,,,4.8,0,48000.0,manual:chart_observation:exact:manual_research,chart_observation,exact,User-provided manual Rally SURFER4 Comics price history,2025-09-26T00:00:00Z,2025-09-30,quarterly
2025-12-31,rally-surfer4,,,2.9,0,29000.0,manual:chart_observation:exact:manual_research,chart_observation,exact,User-provided manual Rally SURFER4 Comics price history,2025-12-31T00:00:00Z,2025-12-31,quarterly
2026-03-25,rally-surfer4,,,4.65,0,46500.0,manual:chart_observation:exact:manual_research,chart_observation,exact,User-provided manual Rally SURFER4 Comics price history,2026-03-25T00:00:00Z,2026-03-31,quarterly
2026-06-26,rally-surfer4,,,3.5,0,35000.0,manual:chart_observation:exact:manual_research,chart_observation,exact,User-provided manual Rally SURFER4 Comics price history,2026-06-26T00:00:00Z,2026-06-30,quarterly
2021-10-19,rally-spider129,,,4.0,0,40000.0,manual:chart_observation:exact:manual_research,chart_observation,exact,User-provided manual Rally SPIDER129 Comics price history,2021-10-19T00:00:00Z,2021-09-30,quarterly
2022-03-28,rally-spider129,,,5.0,0,50000.0,manual:chart_observation:exact:manual_research,chart_observation,exact,User-provided manual Rally SPIDER129 Comics price history,2022-03-28T00:00:00Z,2022-03-31,quarterly
2022-06-27,rally-spider129,,,3.7,0,37000.0,manual:chart_observation:exact:manual_research,chart_observation,exact,User-provided manual Rally SPIDER129 Comics price history,2022-06-27T00:00:00Z,2022-06-30,quarterly
2022-09-29,rally-spider129,,,4.0,0,40000.0,manual:chart_observation:exact:manual_research,chart_observation,exact,User-provided manual Rally SPIDER129 Comics price history,2022-09-29T00:00:00Z,2022-09-30,quarterly
2022-12-29,rally-spider129,,,4.0,0,40000.0,manual:chart_observation:exact:manual_research,chart_observation,exact,User-provided manual Rally SPIDER129 Comics price history,2022-12-29T00:00:00Z,2022-12-31,quarterly
2023-03-29,rally-spider129,,,5.7,0,57000.0,manual:chart_observation:exact:manual_research,chart_observation,exact,User-provided manual Rally SPIDER129 Comics price history,2023-03-29T00:00:00Z,2023-03-31,quarterly
2023-06-28,rally-spider129,,,4.5,0,45000.0,manual:chart_observation:exact:manual_research,chart_observation,exact,User-provided manual Rally SPIDER129 Comics price history,2023-06-28T00:00:00Z,2023-06-30,quarterly
2023-09-26,rally-spider129,,,3.1,0,31000.0,manual:chart_observation:exact:manual_research,chart_observation,exact,User-provided manual Rally SPIDER129 Comics price history,2023-09-26T00:00:00Z,2023-09-30,quarterly
2023-12-29,rally-spider129,,,3.0,0,30000.0,manual:chart_observation:exact:manual_research,chart_observation,exact,User-provided manual Rally SPIDER129 Comics price history,2023-12-29T00:00:00Z,2023-12-31,quarterly
2024-03-23,rally-spider129,,,2.95,0,29500.0,manual:chart_observation:exact:manual_research,chart_observation,exact,User-provided manual Rally SPIDER129 Comics price history,2024-03-23T00:00:00Z,2024-03-31,quarterly
2024-06-28,rally-spider129,,,3.0,0,30000.0,manual:chart_observation:exact:manual_research,chart_observation,exact,User-provided manual Rally SPIDER129 Comics price history,2024-06-28T00:00:00Z,2024-06-30,quarterly
2024-09-27,rally-spider129,,,3.5,0,35000.0,manual:chart_observation:exact:manual_research,chart_observation,exact,User-provided manual Rally SPIDER129 Comics price history,2024-09-27T00:00:00Z,2024-09-30,quarterly
2024-12-31,rally-spider129,,,2.1,0,21000.0,manual:chart_observation:exact:manual_research,chart_observation,exact,User-provided manual Rally SPIDER129 Comics price history,2024-12-31T00:00:00Z,2024-12-31,quarterly
2025-03-27,rally-spider129,,,2.15,0,21500.0,manual:chart_observation:exact:manual_research,chart_observation,exact,User-provided manual Rally SPIDER129 Comics price history,2025-03-27T00:00:00Z,2025-03-31,quarterly
2025-06-30,rally-spider129,,,2.5,0,25000.0,manual:chart_observation:exact:manual_research,chart_observation,exact,User-provided manual Rally SPIDER129 Comics price history,2025-06-30T00:00:00Z,2025-06-30,quarterly
2025-09-29,rally-spider129,,,2.2,0,22000.0,manual:chart_observation:exact:manual_research,chart_observation,exact,User-provided manual Rally SPIDER129 Comics price history,2025-09-29T00:00:00Z,2025-09-30,quarterly
2025-12-29,rally-spider129,,,2.3,0,23000.0,manual:chart_observation:exact:manual_research,chart_observation,exact,User-provided manual Rally SPIDER129 Comics price history,2025-12-29T00:00:00Z,2025-12-31,quarterly
2026-03-27,rally-spider129,,,2.25,0,22500.0,manual:chart_observation:exact:manual_research,chart_observation,exact,User-provided manual Rally SPIDER129 Comics price history,2026-03-27T00:00:00Z,2026-03-31,quarterly
2026-06-26,rally-spider129,,,2.15,0,21500.0,manual:chart_observation:exact:manual_research,chart_observation,exact,User-provided manual Rally SPIDER129 Comics price history,2026-06-26T00:00:00Z,2026-06-30,quarterly
2022-06-27,rally-showcase4,,,4.5,0,49500.0,manual:chart_observation:exact:manual_research,chart_observation,exact,User-provided manual Rally SHOWCASE4 Comics price history,2022-06-27T00:00:00Z,2022-06-30,quarterly
2022-09-29,rally-showcase4,,,6.0,0,66000.0,manual:chart_observation:exact:manual_research,chart_observation,exact,User-provided manual Rally SHOWCASE4 Comics price history,2022-09-29T00:00:00Z,2022-09-30,quarterly
2022-12-29,rally-showcase4,,,5.6,0,61599.99999999999,manual:chart_observation:exact:manual_research,chart_observation,exact,User-provided manual Rally SHOWCASE4 Comics price history,2022-12-29T00:00:00Z,2022-12-31,quarterly
2023-03-29,rally-showcase4,,,7.0,0,77000.0,manual:chart_observation:exact:manual_research,chart_observation,exact,User-provided manual Rally SHOWCASE4 Comics price history,2023-03-29T00:00:00Z,2023-03-31,quarterly
2023-06-27,rally-showcase4,,,5.5,0,60500.0,manual:chart_observation:exact:manual_research,chart_observation,exact,User-provided manual Rally SHOWCASE4 Comics price history,2023-06-27T00:00:00Z,2023-06-30,quarterly
2023-09-25,rally-showcase4,,,6.5,0,71500.0,manual:chart_observation:exact:manual_research,chart_observation,exact,User-provided manual Rally SHOWCASE4 Comics price history,2023-09-25T00:00:00Z,2023-09-30,quarterly
2023-12-26,rally-showcase4,,,5.5,0,60500.0,manual:chart_observation:exact:manual_research,chart_observation,exact,User-provided manual Rally SHOWCASE4 Comics price history,2023-12-26T00:00:00Z,2023-12-31,quarterly
2024-03-25,rally-showcase4,,,6.25,0,68750.0,manual:chart_observation:exact:manual_research,chart_observation,exact,User-provided manual Rally SHOWCASE4 Comics price history,2024-03-25T00:00:00Z,2024-03-31,quarterly
2024-06-27,rally-showcase4,,,6.2,0,68200.0,manual:chart_observation:exact:manual_research,chart_observation,exact,User-provided manual Rally SHOWCASE4 Comics price history,2024-06-27T00:00:00Z,2024-06-30,quarterly
2024-09-25,rally-showcase4,,,5.5,0,60500.0,manual:chart_observation:exact:manual_research,chart_observation,exact,User-provided manual Rally SHOWCASE4 Comics price history,2024-09-25T00:00:00Z,2024-09-30,quarterly
2024-12-30,rally-showcase4,,,5.0,0,55000.0,manual:chart_observation:exact:manual_research,chart_observation,exact,User-provided manual Rally SHOWCASE4 Comics price history,2024-12-30T00:00:00Z,2024-12-31,quarterly
2025-03-31,rally-showcase4,,,4.8,0,52800.0,manual:chart_observation:exact:manual_research,chart_observation,exact,User-provided manual Rally SHOWCASE4 Comics price history,2025-03-31T00:00:00Z,2025-03-31,quarterly
2025-06-27,rally-showcase4,,,4.75,0,52250.0,manual:chart_observation:exact:manual_research,chart_observation,exact,User-provided manual Rally SHOWCASE4 Comics price history,2025-06-27T00:00:00Z,2025-06-30,quarterly
2025-09-26,rally-showcase4,,,4.5,0,49500.0,manual:chart_observation:exact:manual_research,chart_observation,exact,User-provided manual Rally SHOWCASE4 Comics price history,2025-09-26T00:00:00Z,2025-09-30,quarterly
2025-12-30,rally-showcase4,,,4.0,0,44000.0,manual:chart_observation:exact:manual_research,chart_observation,exact,User-provided manual Rally SHOWCASE4 Comics price history,2025-12-30T00:00:00Z,2025-12-31,quarterly
2026-03-31,rally-showcase4,,,4.0,0,44000.0,manual:chart_observation:exact:manual_research,chart_observation,exact,User-provided manual Rally SHOWCASE4 Comics price history,2026-03-31T00:00:00Z,2026-03-31,quarterly
2026-06-29,rally-showcase4,,,4.35,0,47849.99999999999,manual:chart_observation:exact:manual_research,chart_observation,exact,User-provided manual Rally SHOWCASE4 Comics price history,2026-06-29T00:00:00Z,2026-06-30,quarterly
2022-03-28,rally-hulk180,,,4.35,0,43500.0,manual:chart_observation:exact:manual_research,chart_observation,exact,User-provided manual Rally HULK180 Comics price history,2022-03-28T00:00:00Z,2022-03-31,quarterly
2022-06-28,rally-hulk180,,,3.85,0,38500.0,manual:chart_observation:exact:manual_research,chart_observation,exact,User-provided manual Rally HULK180 Comics price history,2022-06-28T00:00:00Z,2022-06-30,quarterly
2022-09-29,rally-hulk180,,,4.2,0,42000.0,manual:chart_observation:exact:manual_research,chart_observation,exact,User-provided manual Rally HULK180 Comics price history,2022-09-29T00:00:00Z,2022-09-30,quarterly
2022-12-30,rally-hulk180,,,3.2,0,32000.0,manual:chart_observation:exact:manual_research,chart_observation,exact,User-provided manual Rally HULK180 Comics price history,2022-12-30T00:00:00Z,2022-12-31,quarterly
2023-03-28,rally-hulk180,,,5.0,0,50000.0,manual:chart_observation:exact:manual_research,chart_observation,exact,User-provided manual Rally HULK180 Comics price history,2023-03-28T00:00:00Z,2023-03-31,quarterly
2023-06-28,rally-hulk180,,,4.3,0,43000.0,manual:chart_observation:exact:manual_research,chart_observation,exact,User-provided manual Rally HULK180 Comics price history,2023-06-28T00:00:00Z,2023-06-30,quarterly
2023-09-29,rally-hulk180,,,4.1,0,41000.0,manual:chart_observation:exact:manual_research,chart_observation,exact,User-provided manual Rally HULK180 Comics price history,2023-09-29T00:00:00Z,2023-09-30,quarterly
2023-12-29,rally-hulk180,,,2.8,0,28000.0,manual:chart_observation:exact:manual_research,chart_observation,exact,User-provided manual Rally HULK180 Comics price history,2023-12-29T00:00:00Z,2023-12-31,quarterly
2024-03-27,rally-hulk180,,,4.4,0,44000.0,manual:chart_observation:exact:manual_research,chart_observation,exact,User-provided manual Rally HULK180 Comics price history,2024-03-27T00:00:00Z,2024-03-31,quarterly
2024-06-28,rally-hulk180,,,3.0,0,30000.0,manual:chart_observation:exact:manual_research,chart_observation,exact,User-provided manual Rally HULK180 Comics price history,2024-06-28T00:00:00Z,2024-06-30,quarterly
2024-09-27,rally-hulk180,,,3.25,0,32500.0,manual:chart_observation:exact:manual_research,chart_observation,exact,User-provided manual Rally HULK180 Comics price history,2024-09-27T00:00:00Z,2024-09-30,quarterly
2024-12-30,rally-hulk180,,,2.45,0,24500.0,manual:chart_observation:exact:manual_research,chart_observation,exact,User-provided manual Rally HULK180 Comics price history,2024-12-30T00:00:00Z,2024-12-31,quarterly
2025-03-27,rally-hulk180,,,3.5,0,35000.0,manual:chart_observation:exact:manual_research,chart_observation,exact,User-provided manual Rally HULK180 Comics price history,2025-03-27T00:00:00Z,2025-03-31,quarterly
2025-06-27,rally-hulk180,,,2.55,0,25500.0,manual:chart_observation:exact:manual_research,chart_observation,exact,User-provided manual Rally HULK180 Comics price history,2025-06-27T00:00:00Z,2025-06-30,quarterly
2025-09-29,rally-hulk180,,,2.0,0,20000.0,manual:chart_observation:exact:manual_research,chart_observation,exact,User-provided manual Rally HULK180 Comics price history,2025-09-29T00:00:00Z,2025-09-30,quarterly
2025-12-30,rally-hulk180,,,1.85,0,18500.0,manual:chart_observation:exact:manual_research,chart_observation,exact,User-provided manual Rally HULK180 Comics price history,2025-12-30T00:00:00Z,2025-12-31,quarterly
2026-03-27,rally-hulk180,,,2.05,0,20500.0,manual:chart_observation:exact:manual_research,chart_observation,exact,User-provided manual Rally HULK180 Comics price history,2026-03-27T00:00:00Z,2026-03-31,quarterly
2026-06-29,rally-hulk180,,,2.05,0,20500.0,manual:chart_observation:exact:manual_research,chart_observation,exact,User-provided manual Rally HULK180 Comics price history,2026-06-29T00:00:00Z,2026-06-30,quarterly
2021-05-04,rally-59flash,,,5.0,0,50000.0,manual:chart_observation:exact:manual_research,chart_observation,exact,User-provided manual Rally 59FLASH Comics price history,2021-05-04T00:00:00Z,2021-03-31,quarterly
2021-09-16,rally-59flash,,,6.0,0,60000.0,manual:chart_observation:exact:manual_research,chart_observation,exact,User-provided manual Rally 59FLASH Comics price history,2021-09-16T00:00:00Z,2021-09-30,quarterly
2021-12-30,rally-59flash,,,6.25,0,62500.0,manual:chart_observation:exact:manual_research,chart_observation,exact,User-provided manual Rally 59FLASH Comics price history,2021-12-30T00:00:00Z,2021-12-31,quarterly
2022-03-28,rally-59flash,,,6.55,0,65500.0,manual:chart_observation:exact:manual_research,chart_observation,exact,User-provided manual Rally 59FLASH Comics price history,2022-03-28T00:00:00Z,2022-03-31,quarterly
2022-06-27,rally-59flash,,,4.25,0,42500.0,manual:chart_observation:exact:manual_research,chart_observation,exact,User-provided manual Rally 59FLASH Comics price history,2022-06-27T00:00:00Z,2022-06-30,quarterly
2022-09-27,rally-59flash,,,5.95,0,59500.0,manual:chart_observation:exact:manual_research,chart_observation,exact,User-provided manual Rally 59FLASH Comics price history,2022-09-27T00:00:00Z,2022-09-30,quarterly
2022-12-29,rally-59flash,,,4.0,0,40000.0,manual:chart_observation:exact:manual_research,chart_observation,exact,User-provided manual Rally 59FLASH Comics price history,2022-12-29T00:00:00Z,2022-12-31,quarterly
2023-03-31,rally-59flash,,,5.75,0,57500.0,manual:chart_observation:exact:manual_research,chart_observation,exact,User-provided manual Rally 59FLASH Comics price history,2023-03-31T00:00:00Z,2023-03-31,quarterly
2023-06-26,rally-59flash,,,5.0,0,50000.0,manual:chart_observation:exact:manual_research,chart_observation,exact,User-provided manual Rally 59FLASH Comics price history,2023-06-26T00:00:00Z,2023-06-30,quarterly
2023-09-26,rally-59flash,,,5.0,0,50000.0,manual:chart_observation:exact:manual_research,chart_observation,exact,User-provided manual Rally 59FLASH Comics price history,2023-09-26T00:00:00Z,2023-09-30,quarterly
2023-12-28,rally-59flash,,,3.5,0,35000.0,manual:chart_observation:exact:manual_research,chart_observation,exact,User-provided manual Rally 59FLASH Comics price history,2023-12-28T00:00:00Z,2023-12-31,quarterly
2024-03-28,rally-59flash,,,5.0,0,50000.0,manual:chart_observation:exact:manual_research,chart_observation,exact,User-provided manual Rally 59FLASH Comics price history,2024-03-28T00:00:00Z,2024-03-31,quarterly
2024-06-24,rally-59flash,,,4.9,0,49000.0,manual:chart_observation:exact:manual_research,chart_observation,exact,User-provided manual Rally 59FLASH Comics price history,2024-06-24T00:00:00Z,2024-06-30,quarterly
2024-09-30,rally-59flash,,,4.8,0,48000.0,manual:chart_observation:exact:manual_research,chart_observation,exact,User-provided manual Rally 59FLASH Comics price history,2024-09-30T00:00:00Z,2024-09-30,quarterly
2024-12-26,rally-59flash,,,4.8,0,48000.0,manual:chart_observation:exact:manual_research,chart_observation,exact,User-provided manual Rally 59FLASH Comics price history,2024-12-26T00:00:00Z,2024-12-31,quarterly
2025-03-28,rally-59flash,,,2.95,0,29500.0,manual:chart_observation:exact:manual_research,chart_observation,exact,User-provided manual Rally 59FLASH Comics price history,2025-03-28T00:00:00Z,2025-03-31,quarterly
2025-06-27,rally-59flash,,,2.95,0,29500.0,manual:chart_observation:exact:manual_research,chart_observation,exact,User-provided manual Rally 59FLASH Comics price history,2025-06-27T00:00:00Z,2025-06-30,quarterly
2025-09-29,rally-59flash,,,2.5,0,25000.0,manual:chart_observation:exact:manual_research,chart_observation,exact,User-provided manual Rally 59FLASH Comics price history,2025-09-29T00:00:00Z,2025-09-30,quarterly
2025-12-30,rally-59flash,,,4.8,0,48000.0,manual:chart_observation:exact:manual_research,chart_observation,exact,User-provided manual Rally 59FLASH Comics price history,2025-12-30T00:00:00Z,2025-12-31,quarterly
2026-03-27,rally-59flash,,,3.0,0,30000.0,manual:chart_observation:exact:manual_research,chart_observation,exact,User-provided manual Rally 59FLASH Comics price history,2026-03-27T00:00:00Z,2026-03-31,quarterly
2026-06-26,rally-59flash,,,4.75,0,47500.0,manual:chart_observation:exact:manual_research,chart_observation,exact,User-provided manual Rally 59FLASH Comics price history,2026-06-26T00:00:00Z,2026-06-30,quarterly
2021-05-25,rally-ac23,,,7.55,0,30200.0,manual:chart_observation:exact:manual_research,chart_observation,exact,User-provided manual Rally AC23 Comics price history,2021-05-25T00:00:00Z,2021-06-30,quarterly
2022-01-18,rally-ac23,,,7.0,0,28000.0,manual:chart_observation:exact:manual_research,chart_observation,exact,User-provided manual Rally AC23 Comics price history,2022-01-18T00:00:00Z,2021-12-31,quarterly
2022-03-28,rally-ac23,,,6.95,0,27800.0,manual:chart_observation:exact:manual_research,chart_observation,exact,User-provided manual Rally AC23 Comics price history,2022-03-28T00:00:00Z,2022-03-31,quarterly
2022-06-27,rally-ac23,,,5.55,0,22200.0,manual:chart_observation:exact:manual_research,chart_observation,exact,User-provided manual Rally AC23 Comics price history,2022-06-27T00:00:00Z,2022-06-30,quarterly
2022-09-27,rally-ac23,,,4.25,0,17000.0,manual:chart_observation:exact:manual_research,chart_observation,exact,User-provided manual Rally AC23 Comics price history,2022-09-27T00:00:00Z,2022-09-30,quarterly
2022-12-29,rally-ac23,,,6.5,0,26000.0,manual:chart_observation:exact:manual_research,chart_observation,exact,User-provided manual Rally AC23 Comics price history,2022-12-29T00:00:00Z,2022-12-31,quarterly
2023-03-31,rally-ac23,,,6.5,0,26000.0,manual:chart_observation:exact:manual_research,chart_observation,exact,User-provided manual Rally AC23 Comics price history,2023-03-31T00:00:00Z,2023-03-31,quarterly
2023-06-30,rally-ac23,,,5.6,0,22400.0,manual:chart_observation:exact:manual_research,chart_observation,exact,User-provided manual Rally AC23 Comics price history,2023-06-30T00:00:00Z,2023-06-30,quarterly
2023-09-25,rally-ac23,,,5.5,0,22000.0,manual:chart_observation:exact:manual_research,chart_observation,exact,User-provided manual Rally AC23 Comics price history,2023-09-25T00:00:00Z,2023-09-30,quarterly
2023-12-29,rally-ac23,,,5.95,0,23800.0,manual:chart_observation:exact:manual_research,chart_observation,exact,User-provided manual Rally AC23 Comics price history,2023-12-29T00:00:00Z,2023-12-31,quarterly
2024-03-28,rally-ac23,,,4.95,0,19800.0,manual:chart_observation:exact:manual_research,chart_observation,exact,User-provided manual Rally AC23 Comics price history,2024-03-28T00:00:00Z,2024-03-31,quarterly
2024-06-28,rally-ac23,,,5.5,0,22000.0,manual:chart_observation:exact:manual_research,chart_observation,exact,User-provided manual Rally AC23 Comics price history,2024-06-28T00:00:00Z,2024-06-30,quarterly
2024-09-27,rally-ac23,,,5.95,0,23800.0,manual:chart_observation:exact:manual_research,chart_observation,exact,User-provided manual Rally AC23 Comics price history,2024-09-27T00:00:00Z,2024-09-30,quarterly
2024-12-30,rally-ac23,,,5.0,0,20000.0,manual:chart_observation:exact:manual_research,chart_observation,exact,User-provided manual Rally AC23 Comics price history,2024-12-30T00:00:00Z,2024-12-31,quarterly
2025-03-31,rally-ac23,,,4.6,0,18400.0,manual:chart_observation:exact:manual_research,chart_observation,exact,User-provided manual Rally AC23 Comics price history,2025-03-31T00:00:00Z,2025-03-31,quarterly
2025-06-26,rally-ac23,,,4.25,0,17000.0,manual:chart_observation:exact:manual_research,chart_observation,exact,User-provided manual Rally AC23 Comics price history,2025-06-26T00:00:00Z,2025-06-30,quarterly
2025-09-26,rally-ac23,,,4.95,0,19800.0,manual:chart_observation:exact:manual_research,chart_observation,exact,User-provided manual Rally AC23 Comics price history,2025-09-26T00:00:00Z,2025-09-30,quarterly
2025-12-26,rally-ac23,,,4.2,0,16800.0,manual:chart_observation:exact:manual_research,chart_observation,exact,User-provided manual Rally AC23 Comics price history,2025-12-26T00:00:00Z,2025-12-31,quarterly
2026-03-30,rally-ac23,,,5.0,0,20000.0,manual:chart_observation:exact:manual_research,chart_observation,exact,User-provided manual Rally AC23 Comics price history,2026-03-30T00:00:00Z,2026-03-31,quarterly
2026-06-29,rally-ac23,,,5.0,0,20000.0,manual:chart_observation:exact:manual_research,chart_observation,exact,User-provided manual Rally AC23 Comics price history,2026-06-29T00:00:00Z,2026-06-30,quarterly
2021-02-04,rally-spider10,,,6.0,0,25200.0,manual:chart_observation:exact:manual_research,chart_observation,exact,User-provided manual Rally SPIDER10 Comics price history,2021-02-04T00:00:00Z,2020-12-31,quarterly
2021-04-27,rally-spider10,,,4.0,0,16800.0,manual:chart_observation:exact:manual_research,chart_observation,exact,User-provided manual Rally SPIDER10 Comics price history,2021-04-27T00:00:00Z,2021-03-31,quarterly
2021-09-07,rally-spider10,,,12.1,0,50820.0,manual:chart_observation:exact:manual_research,chart_observation,exact,User-provided manual Rally SPIDER10 Comics price history,2021-09-07T00:00:00Z,2021-09-30,quarterly
2021-12-29,rally-spider10,,,11.0,0,46200.0,manual:chart_observation:exact:manual_research,chart_observation,exact,User-provided manual Rally SPIDER10 Comics price history,2021-12-29T00:00:00Z,2021-12-31,quarterly
2022-03-30,rally-spider10,,,8.55,0,35910.0,manual:chart_observation:exact:manual_research,chart_observation,exact,User-provided manual Rally SPIDER10 Comics price history,2022-03-30T00:00:00Z,2022-03-31,quarterly
2022-06-30,rally-spider10,,,5.35,0,22470.0,manual:chart_observation:exact:manual_research,chart_observation,exact,User-provided manual Rally SPIDER10 Comics price history,2022-06-30T00:00:00Z,2022-06-30,quarterly
2022-09-30,rally-spider10,,,5.45,0,22890.0,manual:chart_observation:exact:manual_research,chart_observation,exact,User-provided manual Rally SPIDER10 Comics price history,2022-09-30T00:00:00Z,2022-09-30,quarterly
2022-12-30,rally-spider10,,,5.0,0,21000.0,manual:chart_observation:exact:manual_research,chart_observation,exact,User-provided manual Rally SPIDER10 Comics price history,2022-12-30T00:00:00Z,2022-12-31,quarterly
2023-03-27,rally-spider10,,,5.25,0,22050.0,manual:chart_observation:exact:manual_research,chart_observation,exact,User-provided manual Rally SPIDER10 Comics price history,2023-03-27T00:00:00Z,2023-03-31,quarterly
2023-06-26,rally-spider10,,,6.0,0,25200.0,manual:chart_observation:exact:manual_research,chart_observation,exact,User-provided manual Rally SPIDER10 Comics price history,2023-06-26T00:00:00Z,2023-06-30,quarterly
2023-09-26,rally-spider10,,,3.9,0,16380.0,manual:chart_observation:exact:manual_research,chart_observation,exact,User-provided manual Rally SPIDER10 Comics price history,2023-09-26T00:00:00Z,2023-09-30,quarterly
2023-12-29,rally-spider10,,,3.75,0,15750.0,manual:chart_observation:exact:manual_research,chart_observation,exact,User-provided manual Rally SPIDER10 Comics price history,2023-12-29T00:00:00Z,2023-12-31,quarterly
2024-03-27,rally-spider10,,,4.2,0,17640.0,manual:chart_observation:exact:manual_research,chart_observation,exact,User-provided manual Rally SPIDER10 Comics price history,2024-03-27T00:00:00Z,2024-03-31,quarterly
2024-06-27,rally-spider10,,,4.0,0,16800.0,manual:chart_observation:exact:manual_research,chart_observation,exact,User-provided manual Rally SPIDER10 Comics price history,2024-06-27T00:00:00Z,2024-06-30,quarterly
2024-09-27,rally-spider10,,,5.15,0,21630.0,manual:chart_observation:exact:manual_research,chart_observation,exact,User-provided manual Rally SPIDER10 Comics price history,2024-09-27T00:00:00Z,2024-09-30,quarterly
2024-12-27,rally-spider10,,,4.6,0,19320.0,manual:chart_observation:exact:manual_research,chart_observation,exact,User-provided manual Rally SPIDER10 Comics price history,2024-12-27T00:00:00Z,2024-12-31,quarterly
2025-03-28,rally-spider10,,,3.55,0,14910.0,manual:chart_observation:exact:manual_research,chart_observation,exact,User-provided manual Rally SPIDER10 Comics price history,2025-03-28T00:00:00Z,2025-03-31,quarterly
2025-06-30,rally-spider10,,,3.5,0,14700.0,manual:chart_observation:exact:manual_research,chart_observation,exact,User-provided manual Rally SPIDER10 Comics price history,2025-06-30T00:00:00Z,2025-06-30,quarterly
2025-09-29,rally-spider10,,,3.3,0,13860.0,manual:chart_observation:exact:manual_research,chart_observation,exact,User-provided manual Rally SPIDER10 Comics price history,2025-09-29T00:00:00Z,2025-09-30,quarterly
2025-12-30,rally-spider10,,,2.0,0,8400.0,manual:chart_observation:exact:manual_research,chart_observation,exact,User-provided manual Rally SPIDER10 Comics price history,2025-12-30T00:00:00Z,2025-12-31,quarterly
2026-03-31,rally-spider10,,,3.05,0,12810.0,manual:chart_observation:exact:manual_research,chart_observation,exact,User-provided manual Rally SPIDER10 Comics price history,2026-03-31T00:00:00Z,2026-03-31,quarterly
2026-07-01,rally-spider10,,,3.4,0,14280.0,manual:chart_observation:exact:manual_research,chart_observation,exact,User-provided manual Rally SPIDER10 Comics price history,2026-07-01T00:00:00Z,2026-06-30,quarterly
2021-10-28,rally-flash123,,,8.25,0,29906.25,manual:chart_observation:exact:manual_research,chart_observation,exact,User-provided manual Rally FLASH123 Comics price history,2021-10-28T00:00:00Z,2021-09-30,quarterly
2022-01-10,rally-flash123,,,8.2,0,29725.0,manual:chart_observation:exact:manual_research,chart_observation,exact,User-provided manual Rally FLASH123 Comics price history,2022-01-10T00:00:00Z,2021-12-31,quarterly
2022-03-28,rally-flash123,,,6.3,0,22837.5,manual:chart_observation:exact:manual_research,chart_observation,exact,User-provided manual Rally FLASH123 Comics price history,2022-03-28T00:00:00Z,2022-03-31,quarterly
2022-06-27,rally-flash123,,,7.0,0,25375.0,manual:chart_observation:exact:manual_research,chart_observation,exact,User-provided manual Rally FLASH123 Comics price history,2022-06-27T00:00:00Z,2022-06-30,quarterly
2022-09-30,rally-flash123,,,4.0,0,14500.0,manual:chart_observation:exact:manual_research,chart_observation,exact,User-provided manual Rally FLASH123 Comics price history,2022-09-30T00:00:00Z,2022-09-30,quarterly
2022-12-27,rally-flash123,,,6.5,0,23562.5,manual:chart_observation:exact:manual_research,chart_observation,exact,User-provided manual Rally FLASH123 Comics price history,2022-12-27T00:00:00Z,2022-12-31,quarterly
2023-03-27,rally-flash123,,,6.0,0,21750.0,manual:chart_observation:exact:manual_research,chart_observation,exact,User-provided manual Rally FLASH123 Comics price history,2023-03-27T00:00:00Z,2023-03-31,quarterly
2023-06-26,rally-flash123,,,6.5,0,23562.5,manual:chart_observation:exact:manual_research,chart_observation,exact,User-provided manual Rally FLASH123 Comics price history,2023-06-26T00:00:00Z,2023-06-30,quarterly
2023-09-29,rally-flash123,,,4.75,0,17218.75,manual:chart_observation:exact:manual_research,chart_observation,exact,User-provided manual Rally FLASH123 Comics price history,2023-09-29T00:00:00Z,2023-09-30,quarterly
2023-12-29,rally-flash123,,,4.9,0,17762.5,manual:chart_observation:exact:manual_research,chart_observation,exact,User-provided manual Rally FLASH123 Comics price history,2023-12-29T00:00:00Z,2023-12-31,quarterly
2024-03-28,rally-flash123,,,3.95,0,14318.75,manual:chart_observation:exact:manual_research,chart_observation,exact,User-provided manual Rally FLASH123 Comics price history,2024-03-28T00:00:00Z,2024-03-31,quarterly
2024-06-28,rally-flash123,,,4.0,0,14500.0,manual:chart_observation:exact:manual_research,chart_observation,exact,User-provided manual Rally FLASH123 Comics price history,2024-06-28T00:00:00Z,2024-06-30,quarterly
2024-09-27,rally-flash123,,,4.0,0,14500.0,manual:chart_observation:exact:manual_research,chart_observation,exact,User-provided manual Rally FLASH123 Comics price history,2024-09-27T00:00:00Z,2024-09-30,quarterly
2024-12-26,rally-flash123,,,3.65,0,13231.25,manual:chart_observation:exact:manual_research,chart_observation,exact,User-provided manual Rally FLASH123 Comics price history,2024-12-26T00:00:00Z,2024-12-31,weekly
2025-01-02,rally-flash123,,,6.4,0,23200.0,manual:chart_observation:exact:manual_research,chart_observation,exact,User-provided manual Rally FLASH123 Comics price history,2025-01-02T00:00:00Z,2024-12-31,quarterly
2025-03-27,rally-flash123,,,4.2,0,15225.0,manual:chart_observation:exact:manual_research,chart_observation,exact,User-provided manual Rally FLASH123 Comics price history,2025-03-27T00:00:00Z,2025-03-31,quarterly
2025-06-26,rally-flash123,,,5.9,0,21387.5,manual:chart_observation:exact:manual_research,chart_observation,exact,User-provided manual Rally FLASH123 Comics price history,2025-06-26T00:00:00Z,2025-06-30,quarterly
2025-09-25,rally-flash123,,,4.5,0,16312.5,manual:chart_observation:exact:manual_research,chart_observation,exact,User-provided manual Rally FLASH123 Comics price history,2025-09-25T00:00:00Z,2025-09-30,quarterly
2025-12-30,rally-flash123,,,3.75,0,13593.75,manual:chart_observation:exact:manual_research,chart_observation,exact,User-provided manual Rally FLASH123 Comics price history,2025-12-30T00:00:00Z,2025-12-31,quarterly
2026-03-25,rally-flash123,,,3.75,0,13593.75,manual:chart_observation:exact:manual_research,chart_observation,exact,User-provided manual Rally FLASH123 Comics price history,2026-03-25T00:00:00Z,2026-03-31,quarterly
2026-06-30,rally-flash123,,,3.75,0,13593.75,manual:chart_observation:exact:manual_research,chart_observation,exact,User-provided manual Rally FLASH123 Comics price history,2026-06-30T00:00:00Z,2026-06-30,quarterly
2022-01-31,rally-xlxmen1,,,7.0,0,56000.0,manual:chart_observation:exact:manual_research,chart_observation,exact,User-provided manual Rally XLXMEN1 Comics price history,2022-01-31T00:00:00Z,2021-12-31,quarterly
2022-03-28,rally-xlxmen1,,,7.5,0,60000.0,manual:chart_observation:exact:manual_research,chart_observation,exact,User-provided manual Rally XLXMEN1 Comics price history,2022-03-28T00:00:00Z,2022-03-31,quarterly
2022-06-28,rally-xlxmen1,,,7.0,0,56000.0,manual:chart_observation:exact:manual_research,chart_observation,exact,User-provided manual Rally XLXMEN1 Comics price history,2022-06-28T00:00:00Z,2022-06-30,quarterly
2022-09-29,rally-xlxmen1,,,4.4,0,35200.0,manual:chart_observation:exact:manual_research,chart_observation,exact,User-provided manual Rally XLXMEN1 Comics price history,2022-09-29T00:00:00Z,2022-09-30,quarterly
2022-12-27,rally-xlxmen1,,,6.05,0,48400.0,manual:chart_observation:exact:manual_research,chart_observation,exact,User-provided manual Rally XLXMEN1 Comics price history,2022-12-27T00:00:00Z,2022-12-31,quarterly
2023-03-29,rally-xlxmen1,,,6.0,0,48000.0,manual:chart_observation:exact:manual_research,chart_observation,exact,User-provided manual Rally XLXMEN1 Comics price history,2023-03-29T00:00:00Z,2023-03-31,quarterly
2023-06-26,rally-xlxmen1,,,5.0,0,40000.0,manual:chart_observation:exact:manual_research,chart_observation,exact,User-provided manual Rally XLXMEN1 Comics price history,2023-06-26T00:00:00Z,2023-06-30,quarterly
2023-09-26,rally-xlxmen1,,,5.5,0,44000.0,manual:chart_observation:exact:manual_research,chart_observation,exact,User-provided manual Rally XLXMEN1 Comics price history,2023-09-26T00:00:00Z,2023-09-30,quarterly
2023-12-29,rally-xlxmen1,,,4.0,0,32000.0,manual:chart_observation:exact:manual_research,chart_observation,exact,User-provided manual Rally XLXMEN1 Comics price history,2023-12-29T00:00:00Z,2023-12-31,quarterly
2024-03-25,rally-xlxmen1,,,5.5,0,44000.0,manual:chart_observation:exact:manual_research,chart_observation,exact,User-provided manual Rally XLXMEN1 Comics price history,2024-03-25T00:00:00Z,2024-03-31,quarterly
2024-06-26,rally-xlxmen1,,,5.0,0,40000.0,manual:chart_observation:exact:manual_research,chart_observation,exact,User-provided manual Rally XLXMEN1 Comics price history,2024-06-26T00:00:00Z,2024-06-30,quarterly
2024-09-27,rally-xlxmen1,,,5.25,0,42000.0,manual:chart_observation:exact:manual_research,chart_observation,exact,User-provided manual Rally XLXMEN1 Comics price history,2024-09-27T00:00:00Z,2024-09-30,quarterly
2024-12-30,rally-xlxmen1,,,4.5,0,36000.0,manual:chart_observation:exact:manual_research,chart_observation,exact,User-provided manual Rally XLXMEN1 Comics price history,2024-12-30T00:00:00Z,2024-12-31,quarterly
2025-03-27,rally-xlxmen1,,,4.0,0,32000.0,manual:chart_observation:exact:manual_research,chart_observation,exact,User-provided manual Rally XLXMEN1 Comics price history,2025-03-27T00:00:00Z,2025-03-31,quarterly
2025-06-30,rally-xlxmen1,,,3.5,0,28000.0,manual:chart_observation:exact:manual_research,chart_observation,exact,User-provided manual Rally XLXMEN1 Comics price history,2025-06-30T00:00:00Z,2025-06-30,quarterly
2025-09-30,rally-xlxmen1,,,3.5,0,28000.0,manual:chart_observation:exact:manual_research,chart_observation,exact,User-provided manual Rally XLXMEN1 Comics price history,2025-09-30T00:00:00Z,2025-09-30,quarterly
2025-12-26,rally-xlxmen1,,,3.55,0,28400.0,manual:chart_observation:exact:manual_research,chart_observation,exact,User-provided manual Rally XLXMEN1 Comics price history,2025-12-26T00:00:00Z,2025-12-31,quarterly
2026-03-30,rally-xlxmen1,,,4.0,0,32000.0,manual:chart_observation:exact:manual_research,chart_observation,exact,User-provided manual Rally XLXMEN1 Comics price history,2026-03-30T00:00:00Z,2026-03-31,quarterly
2026-06-26,rally-xlxmen1,,,4.0,0,32000.0,manual:chart_observation:exact:manual_research,chart_observation,exact,User-provided manual Rally XLXMEN1 Comics price history,2026-06-26T00:00:00Z,2026-06-30,quarterly
2021-04-27,rally-batman6,,,12.55,0,25100.0,manual:chart_observation:exact:manual_research,chart_observation,exact,User-provided manual Rally BATMAN6 Comics price history,2021-04-27T00:00:00Z,2021-03-31,quarterly
2021-08-05,rally-batman6,,,14.5,0,29000.0,manual:chart_observation:exact:manual_research,chart_observation,exact,User-provided manual Rally BATMAN6 Comics price history,2021-08-05T00:00:00Z,2021-06-30,quarterly
2022-01-03,rally-batman6,,,27.0,0,54000.0,manual:chart_observation:exact:manual_research,chart_observation,exact,User-provided manual Rally BATMAN6 Comics price history,2022-01-03T00:00:00Z,2021-12-31,quarterly
2022-03-31,rally-batman6,,,37.0,0,74000.0,manual:chart_observation:exact:manual_research,chart_observation,exact,User-provided manual Rally BATMAN6 Comics price history,2022-03-31T00:00:00Z,2022-03-31,quarterly
2022-06-29,rally-batman6,,,16.0,0,32000.0,manual:chart_observation:exact:manual_research,chart_observation,exact,User-provided manual Rally BATMAN6 Comics price history,2022-06-29T00:00:00Z,2022-06-30,quarterly
2022-09-27,rally-batman6,,,15.0,0,30000.0,manual:chart_observation:exact:manual_research,chart_observation,exact,User-provided manual Rally BATMAN6 Comics price history,2022-09-27T00:00:00Z,2022-09-30,quarterly
2022-12-27,rally-batman6,,,15.0,0,30000.0,manual:chart_observation:exact:manual_research,chart_observation,exact,User-provided manual Rally BATMAN6 Comics price history,2022-12-27T00:00:00Z,2022-12-31,quarterly
2023-03-27,rally-batman6,,,14.0,0,28000.0,manual:chart_observation:exact:manual_research,chart_observation,exact,User-provided manual Rally BATMAN6 Comics price history,2023-03-27T00:00:00Z,2023-03-31,quarterly
2023-06-30,rally-batman6,,,14.0,0,28000.0,manual:chart_observation:exact:manual_research,chart_observation,exact,User-provided manual Rally BATMAN6 Comics price history,2023-06-30T00:00:00Z,2023-06-30,quarterly
2023-09-28,rally-batman6,,,11.05,0,22100.0,manual:chart_observation:exact:manual_research,chart_observation,exact,User-provided manual Rally BATMAN6 Comics price history,2023-09-28T00:00:00Z,2023-09-30,quarterly
2023-12-29,rally-batman6,,,10.5,0,21000.0,manual:chart_observation:exact:manual_research,chart_observation,exact,User-provided manual Rally BATMAN6 Comics price history,2023-12-29T00:00:00Z,2023-12-31,quarterly
2024-03-26,rally-batman6,,,10.0,0,20000.0,manual:chart_observation:exact:manual_research,chart_observation,exact,User-provided manual Rally BATMAN6 Comics price history,2024-03-26T00:00:00Z,2024-03-31,quarterly
2024-06-24,rally-batman6,,,10.5,0,21000.0,manual:chart_observation:exact:manual_research,chart_observation,exact,User-provided manual Rally BATMAN6 Comics price history,2024-06-24T00:00:00Z,2024-06-30,quarterly
2024-09-27,rally-batman6,,,8.15,0,16300.0,manual:chart_observation:exact:manual_research,chart_observation,exact,User-provided manual Rally BATMAN6 Comics price history,2024-09-27T00:00:00Z,2024-09-30,quarterly
2024-12-27,rally-batman6,,,7.2,0,14400.0,manual:chart_observation:exact:manual_research,chart_observation,exact,User-provided manual Rally BATMAN6 Comics price history,2024-12-27T00:00:00Z,2024-12-31,quarterly
2025-03-27,rally-batman6,,,8.0,0,16000.0,manual:chart_observation:exact:manual_research,chart_observation,exact,User-provided manual Rally BATMAN6 Comics price history,2025-03-27T00:00:00Z,2025-03-31,quarterly
2025-09-29,rally-batman6,,,9.0,0,18000.0,manual:chart_observation:exact:manual_research,chart_observation,exact,User-provided manual Rally BATMAN6 Comics price history,2025-09-29T00:00:00Z,2025-09-30,quarterly
2025-12-29,rally-batman6,,,8.0,0,16000.0,manual:chart_observation:exact:manual_research,chart_observation,exact,User-provided manual Rally BATMAN6 Comics price history,2025-12-29T00:00:00Z,2025-12-31,quarterly
2026-03-27,rally-batman6,,,9.25,0,18500.0,manual:chart_observation:exact:manual_research,chart_observation,exact,User-provided manual Rally BATMAN6 Comics price history,2026-03-27T00:00:00Z,2026-03-31,quarterly
2026-06-25,rally-batman6,,,8.7,0,17400.0,manual:chart_observation:exact:manual_research,chart_observation,exact,User-provided manual Rally BATMAN6 Comics price history,2026-06-25T00:00:00Z,2026-06-30,quarterly
2020-07-24,rally-captain3,,,37.0,0,37000.0,manual:chart_observation:exact:manual_research,chart_observation,exact,User-provided manual Rally CAPTAIN3 Comics price history,2020-07-24T00:00:00Z,2020-06-30,quarterly
2020-11-17,rally-captain3,,,42.0,0,42000.0,manual:chart_observation:exact:manual_research,chart_observation,exact,User-provided manual Rally CAPTAIN3 Comics price history,2020-11-17T00:00:00Z,2020-12-31,weekly
2021-02-11,rally-captain3,,,42.0,0,42000.0,manual:chart_observation:exact:manual_research,chart_observation,exact,User-provided manual Rally CAPTAIN3 Comics price history,2021-02-11T00:00:00Z,2020-12-31,quarterly
2021-04-06,rally-captain3,,,39.0,0,39000.0,manual:chart_observation:exact:manual_research,chart_observation,exact,User-provided manual Rally CAPTAIN3 Comics price history,2021-04-06T00:00:00Z,2021-03-31,quarterly
2021-06-18,rally-captain3,,,37.0,0,37000.0,manual:chart_observation:exact:manual_research,chart_observation,exact,User-provided manual Rally CAPTAIN3 Comics price history,2021-06-18T00:00:00Z,2021-06-30,quarterly
2022-01-31,rally-captain3,,,37.0,0,37000.0,manual:chart_observation:exact:manual_research,chart_observation,exact,User-provided manual Rally CAPTAIN3 Comics price history,2022-01-31T00:00:00Z,2021-12-31,quarterly
2022-03-31,rally-captain3,,,37.0,0,37000.0,manual:chart_observation:exact:manual_research,chart_observation,exact,User-provided manual Rally CAPTAIN3 Comics price history,2022-03-31T00:00:00Z,2022-03-31,quarterly
2022-06-27,rally-captain3,,,37.0,0,37000.0,manual:chart_observation:exact:manual_research,chart_observation,exact,User-provided manual Rally CAPTAIN3 Comics price history,2022-06-27T00:00:00Z,2022-06-30,quarterly
2022-09-28,rally-captain3,,,32.5,0,32500.0,manual:chart_observation:exact:manual_research,chart_observation,exact,User-provided manual Rally CAPTAIN3 Comics price history,2022-09-28T00:00:00Z,2022-09-30,quarterly
2022-12-30,rally-captain3,,,31.5,0,31500.0,manual:chart_observation:exact:manual_research,chart_observation,exact,User-provided manual Rally CAPTAIN3 Comics price history,2022-12-30T00:00:00Z,2022-12-31,quarterly
2023-03-28,rally-captain3,,,32.1,0,32100.0,manual:chart_observation:exact:manual_research,chart_observation,exact,User-provided manual Rally CAPTAIN3 Comics price history,2023-03-28T00:00:00Z,2023-03-31,quarterly
2023-06-29,rally-captain3,,,30.0,0,30000.0,manual:chart_observation:exact:manual_research,chart_observation,exact,User-provided manual Rally CAPTAIN3 Comics price history,2023-06-29T00:00:00Z,2023-06-30,quarterly
2023-09-25,rally-captain3,,,30.0,0,30000.0,manual:chart_observation:exact:manual_research,chart_observation,exact,User-provided manual Rally CAPTAIN3 Comics price history,2023-09-25T00:00:00Z,2023-09-30,quarterly
2023-12-29,rally-captain3,,,20.0,0,20000.0,manual:chart_observation:exact:manual_research,chart_observation,exact,User-provided manual Rally CAPTAIN3 Comics price history,2023-12-29T00:00:00Z,2023-12-31,quarterly
2024-03-28,rally-captain3,,,35.0,0,35000.0,manual:chart_observation:exact:manual_research,chart_observation,exact,User-provided manual Rally CAPTAIN3 Comics price history,2024-03-28T00:00:00Z,2024-03-31,quarterly
2024-06-25,rally-captain3,,,35.25,0,35250.0,manual:chart_observation:exact:manual_research,chart_observation,exact,User-provided manual Rally CAPTAIN3 Comics price history,2024-06-25T00:00:00Z,2024-06-30,quarterly
2024-09-26,rally-captain3,,,35.25,0,35250.0,manual:chart_observation:exact:manual_research,chart_observation,exact,User-provided manual Rally CAPTAIN3 Comics price history,2024-09-26T00:00:00Z,2024-09-30,quarterly
2024-12-30,rally-captain3,,,34.0,0,34000.0,manual:chart_observation:exact:manual_research,chart_observation,exact,User-provided manual Rally CAPTAIN3 Comics price history,2024-12-30T00:00:00Z,2024-12-31,quarterly
2025-03-26,rally-captain3,,,26.5,0,26500.0,manual:chart_observation:exact:manual_research,chart_observation,exact,User-provided manual Rally CAPTAIN3 Comics price history,2025-03-26T00:00:00Z,2025-03-31,quarterly
2025-06-27,rally-captain3,,,26.45,0,26450.0,manual:chart_observation:exact:manual_research,chart_observation,exact,User-provided manual Rally CAPTAIN3 Comics price history,2025-06-27T00:00:00Z,2025-06-30,quarterly
2025-09-29,rally-captain3,,,26.45,0,26450.0,manual:chart_observation:exact:manual_research,chart_observation,exact,User-provided manual Rally CAPTAIN3 Comics price history,2025-09-29T00:00:00Z,2025-09-30,quarterly
2025-12-31,rally-captain3,,,20.0,0,20000.0,manual:chart_observation:exact:manual_research,chart_observation,exact,User-provided manual Rally CAPTAIN3 Comics price history,2025-12-31T00:00:00Z,2025-12-31,quarterly
2026-03-30,rally-captain3,,,20.0,0,20000.0,manual:chart_observation:exact:manual_research,chart_observation,exact,User-provided manual Rally CAPTAIN3 Comics price history,2026-03-30T00:00:00Z,2026-03-31,quarterly
2026-07-01,rally-captain3,,,21.25,0,21250.0,manual:chart_observation:exact:manual_research,chart_observation,exact,User-provided manual Rally CAPTAIN3 Comics price history,2026-07-01T00:00:00Z,2026-06-30,quarterly
2022-11-07,rally-dracula10,,,6.0,0,24000.0,manual:chart_observation:exact:manual_research,chart_observation,exact,User-provided manual Rally DRACULA10 Comics price history,2022-11-07T00:00:00Z,2022-09-30,quarterly
2022-12-27,rally-dracula10,,,6.6,0,26400.0,manual:chart_observation:exact:manual_research,chart_observation,exact,User-provided manual Rally DRACULA10 Comics price history,2022-12-27T00:00:00Z,2022-12-31,quarterly
2023-03-29,rally-dracula10,,,5.75,0,23000.0,manual:chart_observation:exact:manual_research,chart_observation,exact,User-provided manual Rally DRACULA10 Comics price history,2023-03-29T00:00:00Z,2023-03-31,quarterly
2023-06-26,rally-dracula10,,,5.0,0,20000.0,manual:chart_observation:exact:manual_research,chart_observation,exact,User-provided manual Rally DRACULA10 Comics price history,2023-06-26T00:00:00Z,2023-06-30,quarterly
2023-09-26,rally-dracula10,,,6.5,0,26000.0,manual:chart_observation:exact:manual_research,chart_observation,exact,User-provided manual Rally DRACULA10 Comics price history,2023-09-26T00:00:00Z,2023-09-30,quarterly
2023-12-29,rally-dracula10,,,4.75,0,19000.0,manual:chart_observation:exact:manual_research,chart_observation,exact,User-provided manual Rally DRACULA10 Comics price history,2023-12-29T00:00:00Z,2023-12-31,quarterly
2024-03-28,rally-dracula10,,,4.5,0,18000.0,manual:chart_observation:exact:manual_research,chart_observation,exact,User-provided manual Rally DRACULA10 Comics price history,2024-03-28T00:00:00Z,2024-03-31,quarterly
2024-06-26,rally-dracula10,,,3.95,0,15800.0,manual:chart_observation:exact:manual_research,chart_observation,exact,User-provided manual Rally DRACULA10 Comics price history,2024-06-26T00:00:00Z,2024-06-30,quarterly
2024-09-27,rally-dracula10,,,4.4,0,17600.0,manual:chart_observation:exact:manual_research,chart_observation,exact,User-provided manual Rally DRACULA10 Comics price history,2024-09-27T00:00:00Z,2024-09-30,quarterly
2024-12-27,rally-dracula10,,,4.55,0,18200.0,manual:chart_observation:exact:manual_research,chart_observation,exact,User-provided manual Rally DRACULA10 Comics price history,2024-12-27T00:00:00Z,2024-12-31,quarterly
2025-03-31,rally-dracula10,,,3.75,0,15000.0,manual:chart_observation:exact:manual_research,chart_observation,exact,User-provided manual Rally DRACULA10 Comics price history,2025-03-31T00:00:00Z,2025-03-31,quarterly
2025-06-27,rally-dracula10,,,3.0,0,12000.0,manual:chart_observation:exact:manual_research,chart_observation,exact,User-provided manual Rally DRACULA10 Comics price history,2025-06-27T00:00:00Z,2025-06-30,quarterly
2025-09-29,rally-dracula10,,,2.3,0,9200.0,manual:chart_observation:exact:manual_research,chart_observation,exact,User-provided manual Rally DRACULA10 Comics price history,2025-09-29T00:00:00Z,2025-09-30,quarterly
2025-12-30,rally-dracula10,,,1.9,0,7600.0,manual:chart_observation:exact:manual_research,chart_observation,exact,User-provided manual Rally DRACULA10 Comics price history,2025-12-30T00:00:00Z,2025-12-31,quarterly
2026-03-27,rally-dracula10,,,2.0,0,8000.0,manual:chart_observation:exact:manual_research,chart_observation,exact,User-provided manual Rally DRACULA10 Comics price history,2026-03-27T00:00:00Z,2026-03-31,quarterly
2026-06-29,rally-dracula10,,,1.65,0,6600.0,manual:chart_observation:exact:manual_research,chart_observation,exact,User-provided manual Rally DRACULA10 Comics price history,2026-06-29T00:00:00Z,2026-06-30,quarterly
2022-02-07,rally-ghost1,,,10.0,0,20000.0,manual:chart_observation:exact:manual_research,chart_observation,exact,User-provided manual Rally GHOST1 Comics price history,2022-02-07T00:00:00Z,2021-12-31,quarterly
2022-03-31,rally-ghost1,,,14.75,0,29500.0,manual:chart_observation:exact:manual_research,chart_observation,exact,User-provided manual Rally GHOST1 Comics price history,2022-03-31T00:00:00Z,2022-03-31,quarterly
2022-06-30,rally-ghost1,,,6.35,0,12700.0,manual:chart_observation:exact:manual_research,chart_observation,exact,User-provided manual Rally GHOST1 Comics price history,2022-06-30T00:00:00Z,2022-06-30,quarterly
2022-09-29,rally-ghost1,,,12.95,0,25900.0,manual:chart_observation:exact:manual_research,chart_observation,exact,User-provided manual Rally GHOST1 Comics price history,2022-09-29T00:00:00Z,2022-09-30,quarterly
2022-12-29,rally-ghost1,,,9.0,0,18000.0,manual:chart_observation:exact:manual_research,chart_observation,exact,User-provided manual Rally GHOST1 Comics price history,2022-12-29T00:00:00Z,2022-12-31,quarterly
2023-03-30,rally-ghost1,,,11.5,0,23000.0,manual:chart_observation:exact:manual_research,chart_observation,exact,User-provided manual Rally GHOST1 Comics price history,2023-03-30T00:00:00Z,2023-03-31,quarterly
2023-06-29,rally-ghost1,,,8.0,0,16000.0,manual:chart_observation:exact:manual_research,chart_observation,exact,User-provided manual Rally GHOST1 Comics price history,2023-06-29T00:00:00Z,2023-06-30,quarterly
2023-09-28,rally-ghost1,,,10.0,0,20000.0,manual:chart_observation:exact:manual_research,chart_observation,exact,User-provided manual Rally GHOST1 Comics price history,2023-09-28T00:00:00Z,2023-09-30,quarterly
2023-12-28,rally-ghost1,,,10.3,0,20600.0,manual:chart_observation:exact:manual_research,chart_observation,exact,User-provided manual Rally GHOST1 Comics price history,2023-12-28T00:00:00Z,2023-12-31,quarterly
2024-03-28,rally-ghost1,,,10.0,0,20000.0,manual:chart_observation:exact:manual_research,chart_observation,exact,User-provided manual Rally GHOST1 Comics price history,2024-03-28T00:00:00Z,2024-03-31,quarterly
2024-06-28,rally-ghost1,,,7.5,0,15000.0,manual:chart_observation:exact:manual_research,chart_observation,exact,User-provided manual Rally GHOST1 Comics price history,2024-06-28T00:00:00Z,2024-06-30,quarterly
2024-09-27,rally-ghost1,,,6.55,0,13100.0,manual:chart_observation:exact:manual_research,chart_observation,exact,User-provided manual Rally GHOST1 Comics price history,2024-09-27T00:00:00Z,2024-09-30,quarterly
2024-12-27,rally-ghost1,,,6.65,0,13300.0,manual:chart_observation:exact:manual_research,chart_observation,exact,User-provided manual Rally GHOST1 Comics price history,2024-12-27T00:00:00Z,2024-12-31,quarterly
2025-03-28,rally-ghost1,,,6.6,0,13200.0,manual:chart_observation:exact:manual_research,chart_observation,exact,User-provided manual Rally GHOST1 Comics price history,2025-03-28T00:00:00Z,2025-03-31,quarterly
2025-06-27,rally-ghost1,,,5.55,0,11100.0,manual:chart_observation:exact:manual_research,chart_observation,exact,User-provided manual Rally GHOST1 Comics price history,2025-06-27T00:00:00Z,2025-06-30,quarterly
2025-09-26,rally-ghost1,,,5.45,0,10900.0,manual:chart_observation:exact:manual_research,chart_observation,exact,User-provided manual Rally GHOST1 Comics price history,2025-09-26T00:00:00Z,2025-09-30,quarterly
2025-12-31,rally-ghost1,,,5.9,0,11800.0,manual:chart_observation:exact:manual_research,chart_observation,exact,User-provided manual Rally GHOST1 Comics price history,2025-12-31T00:00:00Z,2025-12-31,quarterly
2026-03-27,rally-ghost1,,,5.5,0,11000.0,manual:chart_observation:exact:manual_research,chart_observation,exact,User-provided manual Rally GHOST1 Comics price history,2026-03-27T00:00:00Z,2026-03-31,quarterly
2026-06-26,rally-ghost1,,,5.0,0,10000.0,manual:chart_observation:exact:manual_research,chart_observation,exact,User-provided manual Rally GHOST1 Comics price history,2026-06-26T00:00:00Z,2026-06-30,quarterly
2022-07-05,rally-superman6,,,8.0,0,24000.0,manual:chart_observation:exact:manual_research,chart_observation,exact,User-provided manual Rally SUPERMAN6 Comics price history,2022-07-05T00:00:00Z,2022-06-30,quarterly
2022-11-21,rally-superman6,,,8.5,0,25500.0,manual:chart_observation:exact:manual_research,chart_observation,exact,User-provided manual Rally SUPERMAN6 Comics price history,2022-11-21T00:00:00Z,2022-12-31,weekly
2022-12-28,rally-superman6,,,6.0,0,18000.0,manual:chart_observation:exact:manual_research,chart_observation,exact,User-provided manual Rally SUPERMAN6 Comics price history,2022-12-28T00:00:00Z,2022-12-31,quarterly
2023-03-29,rally-superman6,,,7.5,0,22500.0,manual:chart_observation:exact:manual_research,chart_observation,exact,User-provided manual Rally SUPERMAN6 Comics price history,2023-03-29T00:00:00Z,2023-03-31,quarterly
2023-06-28,rally-superman6,,,7.3,0,21900.0,manual:chart_observation:exact:manual_research,chart_observation,exact,User-provided manual Rally SUPERMAN6 Comics price history,2023-06-28T00:00:00Z,2023-06-30,quarterly
2023-09-26,rally-superman6,,,7.35,0,22050.0,manual:chart_observation:exact:manual_research,chart_observation,exact,User-provided manual Rally SUPERMAN6 Comics price history,2023-09-26T00:00:00Z,2023-09-30,quarterly
2023-12-29,rally-superman6,,,5.75,0,17250.0,manual:chart_observation:exact:manual_research,chart_observation,exact,User-provided manual Rally SUPERMAN6 Comics price history,2023-12-29T00:00:00Z,2023-12-31,quarterly
2024-03-28,rally-superman6,,,6.9,0,20700.0,manual:chart_observation:exact:manual_research,chart_observation,exact,User-provided manual Rally SUPERMAN6 Comics price history,2024-03-28T00:00:00Z,2024-03-31,quarterly
2024-06-28,rally-superman6,,,5.5,0,16500.0,manual:chart_observation:exact:manual_research,chart_observation,exact,User-provided manual Rally SUPERMAN6 Comics price history,2024-06-28T00:00:00Z,2024-06-30,quarterly
2024-09-27,rally-superman6,,,7.0,0,21000.0,manual:chart_observation:exact:manual_research,chart_observation,exact,User-provided manual Rally SUPERMAN6 Comics price history,2024-09-27T00:00:00Z,2024-09-30,quarterly
2024-12-31,rally-superman6,,,7.0,0,21000.0,manual:chart_observation:exact:manual_research,chart_observation,exact,User-provided manual Rally SUPERMAN6 Comics price history,2024-12-31T00:00:00Z,2024-12-31,quarterly
2025-03-27,rally-superman6,,,4.5,0,13500.0,manual:chart_observation:exact:manual_research,chart_observation,exact,User-provided manual Rally SUPERMAN6 Comics price history,2025-03-27T00:00:00Z,2025-03-31,quarterly
2025-06-30,rally-superman6,,,5.5,0,16500.0,manual:chart_observation:exact:manual_research,chart_observation,exact,User-provided manual Rally SUPERMAN6 Comics price history,2025-06-30T00:00:00Z,2025-06-30,quarterly
2025-09-29,rally-superman6,,,7.7,0,23100.0,manual:chart_observation:exact:manual_research,chart_observation,exact,User-provided manual Rally SUPERMAN6 Comics price history,2025-09-29T00:00:00Z,2025-09-30,quarterly
2025-12-29,rally-superman6,,,7.5,0,22500.0,manual:chart_observation:exact:manual_research,chart_observation,exact,User-provided manual Rally SUPERMAN6 Comics price history,2025-12-29T00:00:00Z,2025-12-31,quarterly
2026-03-30,rally-superman6,,,7.45,0,22350.0,manual:chart_observation:exact:manual_research,chart_observation,exact,User-provided manual Rally SUPERMAN6 Comics price history,2026-03-30T00:00:00Z,2026-03-31,quarterly
2026-06-29,rally-superman6,,,7.45,0,22350.0,manual:chart_observation:exact:manual_research,chart_observation,exact,User-provided manual Rally SUPERMAN6 Comics price history,2026-06-29T00:00:00Z,2026-06-30,quarterly
2021-10-13,rally-xmen94,,,6.8,0,68000.0,manual:chart_observation:exact:manual_research,chart_observation,exact,User-provided manual Rally XMEN94 Comics price history,2021-10-13T00:00:00Z,2021-09-30,quarterly
2022-01-03,rally-xmen94,,,5.0,0,50000.0,manual:chart_observation:exact:manual_research,chart_observation,exact,User-provided manual Rally XMEN94 Comics price history,2022-01-03T00:00:00Z,2021-12-31,quarterly
2022-03-28,rally-xmen94,,,6.0,0,60000.0,manual:chart_observation:exact:manual_research,chart_observation,exact,User-provided manual Rally XMEN94 Comics price history,2022-03-28T00:00:00Z,2022-03-31,quarterly
2022-06-29,rally-xmen94,,,4.0,0,40000.0,manual:chart_observation:exact:manual_research,chart_observation,exact,User-provided manual Rally XMEN94 Comics price history,2022-06-29T00:00:00Z,2022-06-30,quarterly
2022-09-30,rally-xmen94,,,5.0,0,50000.0,manual:chart_observation:exact:manual_research,chart_observation,exact,User-provided manual Rally XMEN94 Comics price history,2022-09-30T00:00:00Z,2022-09-30,quarterly
2022-12-29,rally-xmen94,,,5.0,0,50000.0,manual:chart_observation:exact:manual_research,chart_observation,exact,User-provided manual Rally XMEN94 Comics price history,2022-12-29T00:00:00Z,2022-12-31,quarterly
2023-03-27,rally-xmen94,,,5.0,0,50000.0,manual:chart_observation:exact:manual_research,chart_observation,exact,User-provided manual Rally XMEN94 Comics price history,2023-03-27T00:00:00Z,2023-03-31,quarterly
2023-06-30,rally-xmen94,,,5.25,0,52500.0,manual:chart_observation:exact:manual_research,chart_observation,exact,User-provided manual Rally XMEN94 Comics price history,2023-06-30T00:00:00Z,2023-06-30,quarterly
2023-09-26,rally-xmen94,,,4.25,0,42500.0,manual:chart_observation:exact:manual_research,chart_observation,exact,User-provided manual Rally XMEN94 Comics price history,2023-09-26T00:00:00Z,2023-09-30,quarterly
2023-12-29,rally-xmen94,,,4.0,0,40000.0,manual:chart_observation:exact:manual_research,chart_observation,exact,User-provided manual Rally XMEN94 Comics price history,2023-12-29T00:00:00Z,2023-12-31,quarterly
2024-03-27,rally-xmen94,,,3.5,0,35000.0,manual:chart_observation:exact:manual_research,chart_observation,exact,User-provided manual Rally XMEN94 Comics price history,2024-03-27T00:00:00Z,2024-03-31,quarterly
2024-06-28,rally-xmen94,,,4.55,0,45500.0,manual:chart_observation:exact:manual_research,chart_observation,exact,User-provided manual Rally XMEN94 Comics price history,2024-06-28T00:00:00Z,2024-06-30,quarterly
2024-09-26,rally-xmen94,,,3.7,0,37000.0,manual:chart_observation:exact:manual_research,chart_observation,exact,User-provided manual Rally XMEN94 Comics price history,2024-09-26T00:00:00Z,2024-09-30,quarterly
2024-12-30,rally-xmen94,,,3.0,0,30000.0,manual:chart_observation:exact:manual_research,chart_observation,exact,User-provided manual Rally XMEN94 Comics price history,2024-12-30T00:00:00Z,2024-12-31,quarterly
2025-03-28,rally-xmen94,,,2.7,0,27000.0,manual:chart_observation:exact:manual_research,chart_observation,exact,User-provided manual Rally XMEN94 Comics price history,2025-03-28T00:00:00Z,2025-03-31,quarterly
2025-06-30,rally-xmen94,,,4.0,0,40000.0,manual:chart_observation:exact:manual_research,chart_observation,exact,User-provided manual Rally XMEN94 Comics price history,2025-06-30T00:00:00Z,2025-06-30,quarterly
2025-09-26,rally-xmen94,,,3.0,0,30000.0,manual:chart_observation:exact:manual_research,chart_observation,exact,User-provided manual Rally XMEN94 Comics price history,2025-09-26T00:00:00Z,2025-09-30,quarterly
2025-12-30,rally-xmen94,,,2.05,0,20500.0,manual:chart_observation:exact:manual_research,chart_observation,exact,User-provided manual Rally XMEN94 Comics price history,2025-12-30T00:00:00Z,2025-12-31,quarterly
2026-03-30,rally-xmen94,,,3.1,0,31000.0,manual:chart_observation:exact:manual_research,chart_observation,exact,User-provided manual Rally XMEN94 Comics price history,2026-03-30T00:00:00Z,2026-03-31,quarterly
2026-06-25,rally-xmen94,,,2.75,0,27500.0,manual:chart_observation:exact:manual_research,chart_observation,exact,User-provided manual Rally XMEN94 Comics price history,2026-06-25T00:00:00Z,2026-06-30,quarterly
2022-03-29,rally-05jayz,,,4.5,0,16650.0,manual:chart_observation:exact:manual_research,chart_observation,exact,User-provided manual Rally 05JAYZ Trading Cards price history,2022-03-29T00:00:00Z,2022-03-31,quarterly
2022-06-30,rally-05jayz,,,2.05,0,7584.999999999999,manual:chart_observation:exact:manual_research,chart_observation,exact,User-provided manual Rally 05JAYZ Trading Cards price history,2022-06-30T00:00:00Z,2022-06-30,quarterly
2022-09-30,rally-05jayz,,,2.1,0,7770.0,manual:chart_observation:exact:manual_research,chart_observation,exact,User-provided manual Rally 05JAYZ Trading Cards price history,2022-09-30T00:00:00Z,2022-09-30,quarterly
2022-12-27,rally-05jayz,,,2.0,0,7400.0,manual:chart_observation:exact:manual_research,chart_observation,exact,User-provided manual Rally 05JAYZ Trading Cards price history,2022-12-27T00:00:00Z,2022-12-31,quarterly
2023-03-30,rally-05jayz,,,2.05,0,7584.999999999999,manual:chart_observation:exact:manual_research,chart_observation,exact,User-provided manual Rally 05JAYZ Trading Cards price history,2023-03-30T00:00:00Z,2023-03-31,quarterly
2023-06-30,rally-05jayz,,,2.6,0,9620.0,manual:chart_observation:exact:manual_research,chart_observation,exact,User-provided manual Rally 05JAYZ Trading Cards price history,2023-06-30T00:00:00Z,2023-06-30,quarterly
2023-09-27,rally-05jayz,,,2.6,0,9620.0,manual:chart_observation:exact:manual_research,chart_observation,exact,User-provided manual Rally 05JAYZ Trading Cards price history,2023-09-27T00:00:00Z,2023-09-30,quarterly
2023-12-29,rally-05jayz,,,2.5,0,9250.0,manual:chart_observation:exact:manual_research,chart_observation,exact,User-provided manual Rally 05JAYZ Trading Cards price history,2023-12-29T00:00:00Z,2023-12-31,quarterly
2024-03-25,rally-05jayz,,,2.2,0,8140.000000000001,manual:chart_observation:exact:manual_research,chart_observation,exact,User-provided manual Rally 05JAYZ Trading Cards price history,2024-03-25T00:00:00Z,2024-03-31,quarterly
2024-06-26,rally-05jayz,,,2.25,0,8325.0,manual:chart_observation:exact:manual_research,chart_observation,exact,User-provided manual Rally 05JAYZ Trading Cards price history,2024-06-26T00:00:00Z,2024-06-30,quarterly
2024-09-27,rally-05jayz,,,2.2,0,8140.000000000001,manual:chart_observation:exact:manual_research,chart_observation,exact,User-provided manual Rally 05JAYZ Trading Cards price history,2024-09-27T00:00:00Z,2024-09-30,quarterly
2024-12-30,rally-05jayz,,,2.25,0,8325.0,manual:chart_observation:exact:manual_research,chart_observation,exact,User-provided manual Rally 05JAYZ Trading Cards price history,2024-12-30T00:00:00Z,2024-12-31,quarterly
2025-03-26,rally-05jayz,,,0.9,0,3330.0,manual:chart_observation:exact:manual_research,chart_observation,exact,User-provided manual Rally 05JAYZ Trading Cards price history,2025-03-26T00:00:00Z,2025-03-31,quarterly
2025-06-27,rally-05jayz,,,1.35,0,4995.0,manual:chart_observation:exact:manual_research,chart_observation,exact,User-provided manual Rally 05JAYZ Trading Cards price history,2025-06-27T00:00:00Z,2025-06-30,quarterly
2025-09-29,rally-05jayz,,,0.65,0,2405.0,manual:chart_observation:exact:manual_research,chart_observation,exact,User-provided manual Rally 05JAYZ Trading Cards price history,2025-09-29T00:00:00Z,2025-09-30,quarterly
2025-12-30,rally-05jayz,,,2.35,0,8695.0,manual:chart_observation:exact:manual_research,chart_observation,exact,User-provided manual Rally 05JAYZ Trading Cards price history,2025-12-30T00:00:00Z,2025-12-31,quarterly
2026-03-27,rally-05jayz,,,1.45,0,5365.0,manual:chart_observation:exact:manual_research,chart_observation,exact,User-provided manual Rally 05JAYZ Trading Cards price history,2026-03-27T00:00:00Z,2026-03-31,quarterly
2026-06-29,rally-05jayz,,,1.45,0,5365.0,manual:chart_observation:exact:manual_research,chart_observation,exact,User-provided manual Rally 05JAYZ Trading Cards price history,2026-06-29T00:00:00Z,2026-06-30,quarterly
2022-10-17,rally-blastoise,,,1.2,0,60000.0,manual:chart_observation:exact:manual_research,chart_observation,exact,User-provided manual Rally BLASTOISE Trading Cards price history,2022-10-17T00:00:00Z,2022-12-31,weekly
2022-12-29,rally-blastoise,,,1.25,0,62500.0,manual:chart_observation:exact:manual_research,chart_observation,exact,User-provided manual Rally BLASTOISE Trading Cards price history,2022-12-29T00:00:00Z,2022-12-31,quarterly
2023-03-27,rally-blastoise,,,1.7,0,85000.0,manual:chart_observation:exact:manual_research,chart_observation,exact,User-provided manual Rally BLASTOISE Trading Cards price history,2023-03-27T00:00:00Z,2023-03-31,quarterly
2023-06-29,rally-blastoise,,,1.7,0,85000.0,manual:chart_observation:exact:manual_research,chart_observation,exact,User-provided manual Rally BLASTOISE Trading Cards price history,2023-06-29T00:00:00Z,2023-06-30,quarterly
2023-09-29,rally-blastoise,,,1.55,0,77500.0,manual:chart_observation:exact:manual_research,chart_observation,exact,User-provided manual Rally BLASTOISE Trading Cards price history,2023-09-29T00:00:00Z,2023-09-30,quarterly
2023-12-27,rally-blastoise,,,1.35,0,67500.0,manual:chart_observation:exact:manual_research,chart_observation,exact,User-provided manual Rally BLASTOISE Trading Cards price history,2023-12-27T00:00:00Z,2023-12-31,quarterly
2024-03-28,rally-blastoise,,,2.4,0,120000.0,manual:chart_observation:exact:manual_research,chart_observation,exact,User-provided manual Rally BLASTOISE Trading Cards price history,2024-03-28T00:00:00Z,2024-03-31,quarterly
2024-06-26,rally-blastoise,,,2.25,0,112500.0,manual:chart_observation:exact:manual_research,chart_observation,exact,User-provided manual Rally BLASTOISE Trading Cards price history,2024-06-26T00:00:00Z,2024-06-30,quarterly
2024-09-27,rally-blastoise,,,1.75,0,87500.0,manual:chart_observation:exact:manual_research,chart_observation,exact,User-provided manual Rally BLASTOISE Trading Cards price history,2024-09-27T00:00:00Z,2024-09-30,quarterly
2024-12-30,rally-blastoise,,,1.95,0,97500.0,manual:chart_observation:exact:manual_research,chart_observation,exact,User-provided manual Rally BLASTOISE Trading Cards price history,2024-12-30T00:00:00Z,2024-12-31,quarterly
2025-03-28,rally-blastoise,,,1.65,0,82500.0,manual:chart_observation:exact:manual_research,chart_observation,exact,User-provided manual Rally BLASTOISE Trading Cards price history,2025-03-28T00:00:00Z,2025-03-31,quarterly
2025-06-30,rally-blastoise,,,2.0,0,100000.0,manual:chart_observation:exact:manual_research,chart_observation,exact,User-provided manual Rally BLASTOISE Trading Cards price history,2025-06-30T00:00:00Z,2025-06-30,quarterly
2025-09-26,rally-blastoise,,,2.0,0,100000.0,manual:chart_observation:exact:manual_research,chart_observation,exact,User-provided manual Rally BLASTOISE Trading Cards price history,2025-09-26T00:00:00Z,2025-09-30,quarterly
2025-12-29,rally-blastoise,,,2.0,0,100000.0,manual:chart_observation:exact:manual_research,chart_observation,exact,User-provided manual Rally BLASTOISE Trading Cards price history,2025-12-29T00:00:00Z,2025-12-31,quarterly
2026-03-27,rally-blastoise,,,2.35,0,117500.0,manual:chart_observation:exact:manual_research,chart_observation,exact,User-provided manual Rally BLASTOISE Trading Cards price history,2026-03-27T00:00:00Z,2026-03-31,quarterly
2026-06-29,rally-blastoise,,,2.25,0,112500.0,manual:chart_observation:exact:manual_research,chart_observation,exact,User-provided manual Rally BLASTOISE Trading Cards price history,2026-06-29T00:00:00Z,2026-06-30,quarterly
2021-04-29,rally-fossilbox,,,3.6,0,15120.0,manual:chart_observation:exact:manual_research,chart_observation,exact,User-provided manual Rally FOSSILBOX Trading Cards price history,2021-04-29T00:00:00Z,2021-06-30,quarterly
2021-07-28,rally-fossilbox,,,4.1,0,17220.0,manual:chart_observation:exact:manual_research,chart_observation,exact,User-provided manual Rally FOSSILBOX Trading Cards price history,2021-07-28T00:00:00Z,2021-09-30,quarterly
2021-11-12,rally-fossilbox,,,5.1,0,21420.0,manual:chart_observation:exact:manual_research,chart_observation,exact,User-provided manual Rally FOSSILBOX Trading Cards price history,2021-11-12T00:00:00Z,2021-12-31,weekly
2021-12-31,rally-fossilbox,,,2.2,0,9240.0,manual:chart_observation:exact:manual_research,chart_observation,exact,User-provided manual Rally FOSSILBOX Trading Cards price history,2021-12-31T00:00:00Z,2021-12-31,quarterly
2022-03-28,rally-fossilbox,,,2.9,0,12180.0,manual:chart_observation:exact:manual_research,chart_observation,exact,User-provided manual Rally FOSSILBOX Trading Cards price history,2022-03-28T00:00:00Z,2022-03-31,quarterly
2022-06-29,rally-fossilbox,,,2.2,0,9240.0,manual:chart_observation:exact:manual_research,chart_observation,exact,User-provided manual Rally FOSSILBOX Trading Cards price history,2022-06-29T00:00:00Z,2022-06-30,quarterly
2022-09-30,rally-fossilbox,,,2.15,0,9030.0,manual:chart_observation:exact:manual_research,chart_observation,exact,User-provided manual Rally FOSSILBOX Trading Cards price history,2022-09-30T00:00:00Z,2022-09-30,quarterly
2022-12-23,rally-fossilbox,,,2.0,0,8400.0,manual:chart_observation:exact:manual_research,chart_observation,exact,User-provided manual Rally FOSSILBOX Trading Cards price history,2022-12-23T00:00:00Z,2022-12-31,quarterly
2023-03-29,rally-fossilbox,,,3.2,0,13440.0,manual:chart_observation:exact:manual_research,chart_observation,exact,User-provided manual Rally FOSSILBOX Trading Cards price history,2023-03-29T00:00:00Z,2023-03-31,quarterly
2023-06-30,rally-fossilbox,,,3.6,0,15120.0,manual:chart_observation:exact:manual_research,chart_observation,exact,User-provided manual Rally FOSSILBOX Trading Cards price history,2023-06-30T00:00:00Z,2023-06-30,quarterly
2023-09-25,rally-fossilbox,,,3.1,0,13020.0,manual:chart_observation:exact:manual_research,chart_observation,exact,User-provided manual Rally FOSSILBOX Trading Cards price history,2023-09-25T00:00:00Z,2023-09-30,quarterly
2023-12-27,rally-fossilbox,,,2.0,0,8400.0,manual:chart_observation:exact:manual_research,chart_observation,exact,User-provided manual Rally FOSSILBOX Trading Cards price history,2023-12-27T00:00:00Z,2023-12-31,quarterly
2024-03-28,rally-fossilbox,,,3.25,0,13650.0,manual:chart_observation:exact:manual_research,chart_observation,exact,User-provided manual Rally FOSSILBOX Trading Cards price history,2024-03-28T00:00:00Z,2024-03-31,quarterly
2024-06-24,rally-fossilbox,,,3.35,0,14070.0,manual:chart_observation:exact:manual_research,chart_observation,exact,User-provided manual Rally FOSSILBOX Trading Cards price history,2024-06-24T00:00:00Z,2024-06-30,quarterly
2024-09-25,rally-fossilbox,,,3.25,0,13650.0,manual:chart_observation:exact:manual_research,chart_observation,exact,User-provided manual Rally FOSSILBOX Trading Cards price history,2024-09-25T00:00:00Z,2024-09-30,quarterly
2024-12-27,rally-fossilbox,,,3.2,0,13440.0,manual:chart_observation:exact:manual_research,chart_observation,exact,User-provided manual Rally FOSSILBOX Trading Cards price history,2024-12-27T00:00:00Z,2024-12-31,quarterly
2025-03-31,rally-fossilbox,,,2.25,0,9450.0,manual:chart_observation:exact:manual_research,chart_observation,exact,User-provided manual Rally FOSSILBOX Trading Cards price history,2025-03-31T00:00:00Z,2025-03-31,quarterly
2025-06-25,rally-fossilbox,,,3.25,0,13650.0,manual:chart_observation:exact:manual_research,chart_observation,exact,User-provided manual Rally FOSSILBOX Trading Cards price history,2025-06-25T00:00:00Z,2025-06-30,quarterly
2025-09-26,rally-fossilbox,,,2.5,0,10500.0,manual:chart_observation:exact:manual_research,chart_observation,exact,User-provided manual Rally FOSSILBOX Trading Cards price history,2025-09-26T00:00:00Z,2025-09-30,quarterly
2025-12-29,rally-fossilbox,,,4.8,0,20160.0,manual:chart_observation:exact:manual_research,chart_observation,exact,User-provided manual Rally FOSSILBOX Trading Cards price history,2025-12-29T00:00:00Z,2025-12-31,quarterly
2026-03-31,rally-fossilbox,,,7.5,0,31500.0,manual:chart_observation:exact:manual_research,chart_observation,exact,User-provided manual Rally FOSSILBOX Trading Cards price history,2026-03-31T00:00:00Z,2026-03-31,quarterly
2026-06-25,rally-fossilbox,,,10.1,0,42420.0,manual:chart_observation:exact:manual_research,chart_observation,exact,User-provided manual Rally FOSSILBOX Trading Cards price history,2026-06-25T00:00:00Z,2026-06-30,weekly
2026-07-02,rally-fossilbox,,,10.1,0,42420.0,manual:chart_observation:exact:manual_research,chart_observation,exact,User-provided manual Rally FOSSILBOX Trading Cards price history,2026-07-02T00:00:00Z,2026-06-30,quarterly
2021-03-30,rally-gymbox,,,6.0,0,18000.0,manual:chart_observation:exact:manual_research,chart_observation,exact,User-provided manual Rally GYMBOX Trading Cards price history,2021-03-30T00:00:00Z,2021-03-31,quarterly
2021-10-08,rally-gymbox,,,6.25,0,18750.0,manual:chart_observation:exact:manual_research,chart_observation,exact,User-provided manual Rally GYMBOX Trading Cards price history,2021-10-08T00:00:00Z,2021-12-31,quarterly
2022-02-14,rally-gymbox,,,6.0,0,18000.0,manual:chart_observation:exact:manual_research,chart_observation,exact,User-provided manual Rally GYMBOX Trading Cards price history,2022-02-14T00:00:00Z,2022-03-31,weekly
2022-03-29,rally-gymbox,,,2.2,0,6600.000000000001,manual:chart_observation:exact:manual_research,chart_observation,exact,User-provided manual Rally GYMBOX Trading Cards price history,2022-03-29T00:00:00Z,2022-03-31,quarterly
2022-06-27,rally-gymbox,,,1.9,0,5700.0,manual:chart_observation:exact:manual_research,chart_observation,exact,User-provided manual Rally GYMBOX Trading Cards price history,2022-06-27T00:00:00Z,2022-06-30,quarterly
2022-09-30,rally-gymbox,,,2.3,0,6899.999999999999,manual:chart_observation:exact:manual_research,chart_observation,exact,User-provided manual Rally GYMBOX Trading Cards price history,2022-09-30T00:00:00Z,2022-09-30,quarterly
2022-12-28,rally-gymbox,,,3.0,0,9000.0,manual:chart_observation:exact:manual_research,chart_observation,exact,User-provided manual Rally GYMBOX Trading Cards price history,2022-12-28T00:00:00Z,2022-12-31,quarterly
2023-03-28,rally-gymbox,,,3.0,0,9000.0,manual:chart_observation:exact:manual_research,chart_observation,exact,User-provided manual Rally GYMBOX Trading Cards price history,2023-03-28T00:00:00Z,2023-03-31,quarterly
2023-06-30,rally-gymbox,,,3.64,0,10920.0,manual:chart_observation:exact:manual_research,chart_observation,exact,User-provided manual Rally GYMBOX Trading Cards price history,2023-06-30T00:00:00Z,2023-06-30,quarterly
2023-09-29,rally-gymbox,,,3.35,0,10050.0,manual:chart_observation:exact:manual_research,chart_observation,exact,User-provided manual Rally GYMBOX Trading Cards price history,2023-09-29T00:00:00Z,2023-09-30,quarterly
2023-12-27,rally-gymbox,,,3.0,0,9000.0,manual:chart_observation:exact:manual_research,chart_observation,exact,User-provided manual Rally GYMBOX Trading Cards price history,2023-12-27T00:00:00Z,2023-12-31,quarterly
2024-03-26,rally-gymbox,,,1.9,0,5700.0,manual:chart_observation:exact:manual_research,chart_observation,exact,User-provided manual Rally GYMBOX Trading Cards price history,2024-03-26T00:00:00Z,2024-03-31,quarterly
2024-06-28,rally-gymbox,,,3.15,0,9450.0,manual:chart_observation:exact:manual_research,chart_observation,exact,User-provided manual Rally GYMBOX Trading Cards price history,2024-06-28T00:00:00Z,2024-06-30,quarterly
2024-09-27,rally-gymbox,,,3.4,0,10200.0,manual:chart_observation:exact:manual_research,chart_observation,exact,User-provided manual Rally GYMBOX Trading Cards price history,2024-09-27T00:00:00Z,2024-09-30,quarterly
2024-12-26,rally-gymbox,,,2.75,0,8250.0,manual:chart_observation:exact:manual_research,chart_observation,exact,User-provided manual Rally GYMBOX Trading Cards price history,2024-12-26T00:00:00Z,2024-12-31,quarterly
2025-03-31,rally-gymbox,,,4.2,0,12600.0,manual:chart_observation:exact:manual_research,chart_observation,exact,User-provided manual Rally GYMBOX Trading Cards price history,2025-03-31T00:00:00Z,2025-03-31,quarterly
2025-06-27,rally-gymbox,,,5.0,0,15000.0,manual:chart_observation:exact:manual_research,chart_observation,exact,User-provided manual Rally GYMBOX Trading Cards price history,2025-06-27T00:00:00Z,2025-06-30,quarterly
2025-09-26,rally-gymbox,,,5.0,0,15000.0,manual:chart_observation:exact:manual_research,chart_observation,exact,User-provided manual Rally GYMBOX Trading Cards price history,2025-09-26T00:00:00Z,2025-09-30,quarterly
2025-12-30,rally-gymbox,,,6.4,0,19200.0,manual:chart_observation:exact:manual_research,chart_observation,exact,User-provided manual Rally GYMBOX Trading Cards price history,2025-12-30T00:00:00Z,2025-12-31,quarterly
2026-03-30,rally-gymbox,,,24.55,0,73650.0,manual:chart_observation:exact:manual_research,chart_observation,exact,User-provided manual Rally GYMBOX Trading Cards price history,2026-03-30T00:00:00Z,2026-03-31,quarterly
2026-06-26,rally-gymbox,,,13.7,0,41100.0,manual:chart_observation:exact:manual_research,chart_observation,exact,User-provided manual Rally GYMBOX Trading Cards price history,2026-06-26T00:00:00Z,2026-06-30,quarterly
2021-04-09,rally-pokemon2,,,10.0,0,415000.0,manual:chart_observation:exact:manual_research,chart_observation,exact,User-provided manual Rally POKEMON2 Trading Cards price history,2021-04-09T00:00:00Z,2021-06-30,quarterly
2021-10-04,rally-pokemon2,,,8.75,0,363125.0,manual:chart_observation:exact:manual_research,chart_observation,exact,User-provided manual Rally POKEMON2 Trading Cards price history,2021-10-04T00:00:00Z,2021-12-31,quarterly
2022-01-18,rally-pokemon2,,,3.25,0,134875.0,manual:chart_observation:exact:manual_research,chart_observation,exact,User-provided manual Rally POKEMON2 Trading Cards price history,2022-01-18T00:00:00Z,2022-03-31,weekly
2022-03-31,rally-pokemon2,,,4.35,0,180525.0,manual:chart_observation:exact:manual_research,chart_observation,exact,User-provided manual Rally POKEMON2 Trading Cards price history,2022-03-31T00:00:00Z,2022-03-31,quarterly
2022-06-28,rally-pokemon2,,,3.1,0,128650.0,manual:chart_observation:exact:manual_research,chart_observation,exact,User-provided manual Rally POKEMON2 Trading Cards price history,2022-06-28T00:00:00Z,2022-06-30,quarterly
2022-09-26,rally-pokemon2,,,3.25,0,134875.0,manual:chart_observation:exact:manual_research,chart_observation,exact,User-provided manual Rally POKEMON2 Trading Cards price history,2022-09-26T00:00:00Z,2022-09-30,quarterly
2022-12-29,rally-pokemon2,,,3.6,0,149400.0,manual:chart_observation:exact:manual_research,chart_observation,exact,User-provided manual Rally POKEMON2 Trading Cards price history,2022-12-29T00:00:00Z,2022-12-31,quarterly
2023-03-28,rally-pokemon2,,,3.95,0,163925.0,manual:chart_observation:exact:manual_research,chart_observation,exact,User-provided manual Rally POKEMON2 Trading Cards price history,2023-03-28T00:00:00Z,2023-03-31,quarterly
2023-06-30,rally-pokemon2,,,4.25,0,176375.0,manual:chart_observation:exact:manual_research,chart_observation,exact,User-provided manual Rally POKEMON2 Trading Cards price history,2023-06-30T00:00:00Z,2023-06-30,quarterly
2023-09-28,rally-pokemon2,,,4.35,0,180525.0,manual:chart_observation:exact:manual_research,chart_observation,exact,User-provided manual Rally POKEMON2 Trading Cards price history,2023-09-28T00:00:00Z,2023-09-30,quarterly
2023-12-29,rally-pokemon2,,,3.9,0,161850.0,manual:chart_observation:exact:manual_research,chart_observation,exact,User-provided manual Rally POKEMON2 Trading Cards price history,2023-12-29T00:00:00Z,2023-12-31,quarterly
2024-03-25,rally-pokemon2,,,4.5,0,186750.0,manual:chart_observation:exact:manual_research,chart_observation,exact,User-provided manual Rally POKEMON2 Trading Cards price history,2024-03-25T00:00:00Z,2024-03-31,quarterly
2024-06-27,rally-pokemon2,,,4.5,0,186750.0,manual:chart_observation:exact:manual_research,chart_observation,exact,User-provided manual Rally POKEMON2 Trading Cards price history,2024-06-27T00:00:00Z,2024-06-30,quarterly
2024-09-30,rally-pokemon2,,,4.6,0,190900.0,manual:chart_observation:exact:manual_research,chart_observation,exact,User-provided manual Rally POKEMON2 Trading Cards price history,2024-09-30T00:00:00Z,2024-09-30,quarterly
2024-12-27,rally-pokemon2,,,4.25,0,176375.0,manual:chart_observation:exact:manual_research,chart_observation,exact,User-provided manual Rally POKEMON2 Trading Cards price history,2024-12-27T00:00:00Z,2024-12-31,quarterly
2025-03-27,rally-pokemon2,,,3.8,0,157700.0,manual:chart_observation:exact:manual_research,chart_observation,exact,User-provided manual Rally POKEMON2 Trading Cards price history,2025-03-27T00:00:00Z,2025-03-31,quarterly
2025-06-30,rally-pokemon2,,,4.25,0,176375.0,manual:chart_observation:exact:manual_research,chart_observation,exact,User-provided manual Rally POKEMON2 Trading Cards price history,2025-06-30T00:00:00Z,2025-06-30,quarterly
2025-09-26,rally-pokemon2,,,4.0,0,166000.0,manual:chart_observation:exact:manual_research,chart_observation,exact,User-provided manual Rally POKEMON2 Trading Cards price history,2025-09-26T00:00:00Z,2025-09-30,quarterly
2025-12-31,rally-pokemon2,,,7.0,0,290500.0,manual:chart_observation:exact:manual_research,chart_observation,exact,User-provided manual Rally POKEMON2 Trading Cards price history,2025-12-31T00:00:00Z,2025-12-31,quarterly
2026-03-30,rally-pokemon2,,,8.75,0,363125.0,manual:chart_observation:exact:manual_research,chart_observation,exact,User-provided manual Rally POKEMON2 Trading Cards price history,2026-03-30T00:00:00Z,2026-03-31,quarterly
2026-06-29,rally-pokemon2,,,8.8,0,365200.00000000006,manual:chart_observation:exact:manual_research,chart_observation,exact,User-provided manual Rally POKEMON2 Trading Cards price history,2026-06-29T00:00:00Z,2026-06-30,quarterly
