index_id,index_name,date,index_level,return_1d,constituent_count,weighting_method,category,data_quality_notes,max_staleness_days
rally_market_equal_weight,Equal-Weighted Rally Market Index,2020-03-17,100.0,,1,equal,all,Prototype index from local manual/imported Rally price snapshots; limited price-history coverage.,0
rally_market_equal_weight,Equal-Weighted Rally Market Index,2020-04-14,100.0,,1,equal,all,Prototype index from local manual/imported Rally price snapshots; limited price-history coverage.,0
rally_market_equal_weight,Equal-Weighted Rally Market Index,2020-04-21,100.0,,1,equal,all,Prototype index from local manual/imported Rally price snapshots; limited price-history coverage.,0
rally_market_equal_weight,Equal-Weighted Rally Market Index,2020-04-28,100.0,,1,equal,all,Prototype index from local manual/imported Rally price snapshots; limited price-history coverage.,0
rally_market_equal_weight,Equal-Weighted Rally Market Index,2020-05-05,100.0,,1,equal,all,Prototype index from local manual/imported Rally price snapshots; limited price-history coverage.,0
rally_market_equal_weight,Equal-Weighted Rally Market Index,2020-05-12,100.0,,1,equal,all,Prototype index from local manual/imported Rally price snapshots; limited price-history coverage.,0
rally_market_equal_weight,Equal-Weighted Rally Market Index,2020-06-02,100.0,,1,equal,all,Prototype index from local manual/imported Rally price snapshots; limited price-history coverage.,0
rally_market_equal_weight,Equal-Weighted Rally Market Index,2020-06-09,100.0,,1,equal,all,Prototype index from local manual/imported Rally price snapshots; limited price-history coverage.,0
rally_market_equal_weight,Equal-Weighted Rally Market Index,2020-06-16,100.0,,1,equal,all,Prototype index from local manual/imported Rally price snapshots; limited price-history coverage.,0
rally_market_equal_weight,Equal-Weighted Rally Market Index,2020-06-23,100.0,,1,equal,all,Prototype index from local manual/imported Rally price snapshots; limited price-history coverage.,0
rally_market_equal_weight,Equal-Weighted Rally Market Index,2020-06-30,100.0,,1,equal,all,Prototype index from local manual/imported Rally price snapshots; limited price-history coverage.,0
rally_market_equal_weight,Equal-Weighted Rally Market Index,2020-07-21,100.0,,1,equal,all,Prototype index from local manual/imported Rally price snapshots; limited price-history coverage.,0
rally_market_equal_weight,Equal-Weighted Rally Market Index,2020-07-28,100.0,,1,equal,all,Prototype index from local manual/imported Rally price snapshots; limited price-history coverage.,0
rally_market_equal_weight,Equal-Weighted Rally Market Index,2020-08-04,100.0,,1,equal,all,Prototype index from local manual/imported Rally price snapshots; limited price-history coverage.,0
rally_market_equal_weight,Equal-Weighted Rally Market Index,2020-08-11,100.0,,1,equal,all,Prototype index from local manual/imported Rally price snapshots; limited price-history coverage.,0
rally_market_equal_weight,Equal-Weighted Rally Market Index,2020-08-18,100.0,,1,equal,all,Prototype index from local manual/imported Rally price snapshots; limited price-history coverage.,0
rally_market_equal_weight,Equal-Weighted Rally Market Index,2020-09-08,100.0,,1,equal,all,Prototype index from local manual/imported Rally price snapshots; limited price-history coverage.,0
rally_market_equal_weight,Equal-Weighted Rally Market Index,2020-09-15,100.0,,3,equal,all,Prototype index from local manual/imported Rally price snapshots; limited price-history coverage.,0
rally_market_equal_weight,Equal-Weighted Rally Market Index,2020-09-22,100.0,,1,equal,all,Prototype index from local manual/imported Rally price snapshots; limited price-history coverage.,0
rally_market_equal_weight,Equal-Weighted Rally Market Index,2020-09-29,100.0,,1,equal,all,Prototype index from local manual/imported Rally price snapshots; limited price-history coverage.,0
rally_market_equal_weight,Equal-Weighted Rally Market Index,2020-10-06,100.0,,1,equal,all,Prototype index from local manual/imported Rally price snapshots; limited price-history coverage.,0
rally_market_equal_weight,Equal-Weighted Rally Market Index,2020-10-13,100.0,,2,equal,all,Prototype index from local manual/imported Rally price snapshots; limited price-history coverage.,0
rally_market_equal_weight,Equal-Weighted Rally Market Index,2020-10-20,100.0,,2,equal,all,Prototype index from local manual/imported Rally price snapshots; limited price-history coverage.,0
rally_market_equal_weight,Equal-Weighted Rally Market Index,2020-10-27,100.0,,1,equal,all,Prototype index from local manual/imported Rally price snapshots; limited price-history coverage.,0
rally_market_equal_weight,Equal-Weighted Rally Market Index,2020-11-05,100.0,,1,equal,all,Prototype index from local manual/imported Rally price snapshots; limited price-history coverage.,0
rally_market_equal_weight,Equal-Weighted Rally Market Index,2020-11-10,100.0,,1,equal,all,Prototype index from local manual/imported Rally price snapshots; limited price-history coverage.,0
rally_market_equal_weight,Equal-Weighted Rally Market Index,2020-11-17,100.0,,2,equal,all,Prototype index from local manual/imported Rally price snapshots; limited price-history coverage.,0
rally_market_equal_weight,Equal-Weighted Rally Market Index,2020-11-24,100.0,,1,equal,all,Prototype index from local manual/imported Rally price snapshots; limited price-history coverage.,0
rally_market_equal_weight,Equal-Weighted Rally Market Index,2020-12-01,100.0,,2,equal,all,Prototype index from local manual/imported Rally price snapshots; limited price-history coverage.,0
rally_market_equal_weight,Equal-Weighted Rally Market Index,2020-12-08,100.0,,1,equal,all,Prototype index from local manual/imported Rally price snapshots; limited price-history coverage.,0
rally_market_equal_weight,Equal-Weighted Rally Market Index,2020-12-15,100.0,,3,equal,all,Prototype index from local manual/imported Rally price snapshots; limited price-history coverage.,0
rally_market_equal_weight,Equal-Weighted Rally Market Index,2020-12-22,100.0,,3,equal,all,Prototype index from local manual/imported Rally price snapshots; limited price-history coverage.,0
rally_market_equal_weight,Equal-Weighted Rally Market Index,2020-12-29,100.0,,1,equal,all,Prototype index from local manual/imported Rally price snapshots; limited price-history coverage.,0
rally_market_equal_weight,Equal-Weighted Rally Market Index,2020-12-30,100.0,,1,equal,all,Prototype index from local manual/imported Rally price snapshots; limited price-history coverage.,0
rally_market_equal_weight,Equal-Weighted Rally Market Index,2021-01-05,100.0,,4,equal,all,Prototype index from local manual/imported Rally price snapshots; limited price-history coverage.,0
rally_market_equal_weight,Equal-Weighted Rally Market Index,2021-01-12,100.0,,1,equal,all,Prototype index from local manual/imported Rally price snapshots; limited price-history coverage.,0
rally_market_equal_weight,Equal-Weighted Rally Market Index,2021-01-14,100.0,,1,equal,all,Prototype index from local manual/imported Rally price snapshots; limited price-history coverage.,0
rally_market_equal_weight,Equal-Weighted Rally Market Index,2021-01-19,100.0,,1,equal,all,Prototype index from local manual/imported Rally price snapshots; limited price-history coverage.,0
rally_market_equal_weight,Equal-Weighted Rally Market Index,2021-01-21,100.0,,2,equal,all,Prototype index from local manual/imported Rally price snapshots; limited price-history coverage.,0
rally_market_equal_weight,Equal-Weighted Rally Market Index,2021-02-02,100.0,,1,equal,all,Prototype index from local manual/imported Rally price snapshots; limited price-history coverage.,0
rally_market_equal_weight,Equal-Weighted Rally Market Index,2021-02-09,100.0,,3,equal,all,Prototype index from local manual/imported Rally price snapshots; limited price-history coverage.,0
rally_market_equal_weight,Equal-Weighted Rally Market Index,2021-02-18,100.0,,2,equal,all,Prototype index from local manual/imported Rally price snapshots; limited price-history coverage.,0
rally_market_equal_weight,Equal-Weighted Rally Market Index,2021-02-23,100.0,,3,equal,all,Prototype index from local manual/imported Rally price snapshots; limited price-history coverage.,0
rally_market_equal_weight,Equal-Weighted Rally Market Index,2021-02-25,100.0,,1,equal,all,Prototype index from local manual/imported Rally price snapshots; limited price-history coverage.,0
rally_market_equal_weight,Equal-Weighted Rally Market Index,2021-03-02,100.0,,3,equal,all,Prototype index from local manual/imported Rally price snapshots; limited price-history coverage.,0
rally_market_equal_weight,Equal-Weighted Rally Market Index,2021-03-04,100.0,,1,equal,all,Prototype index from local manual/imported Rally price snapshots; limited price-history coverage.,0
rally_market_equal_weight,Equal-Weighted Rally Market Index,2021-03-09,100.0,,2,equal,all,Prototype index from local manual/imported Rally price snapshots; limited price-history coverage.,0
rally_market_equal_weight,Equal-Weighted Rally Market Index,2021-03-11,100.0,,1,equal,all,Prototype index from local manual/imported Rally price snapshots; limited price-history coverage.,0
rally_market_equal_weight,Equal-Weighted Rally Market Index,2021-03-16,100.0,,3,equal,all,Prototype index from local manual/imported Rally price snapshots; limited price-history coverage.,0
rally_market_equal_weight,Equal-Weighted Rally Market Index,2021-03-18,100.0,,1,equal,all,Prototype index from local manual/imported Rally price snapshots; limited price-history coverage.,0
rally_market_equal_weight,Equal-Weighted Rally Market Index,2021-03-23,100.0,,3,equal,all,Prototype index from local manual/imported Rally price snapshots; limited price-history coverage.,0
rally_market_equal_weight,Equal-Weighted Rally Market Index,2021-03-25,100.0,,2,equal,all,Prototype index from local manual/imported Rally price snapshots; limited price-history coverage.,0
rally_market_equal_weight,Equal-Weighted Rally Market Index,2021-03-30,100.0,,1,equal,all,Prototype index from local manual/imported Rally price snapshots; limited price-history coverage.,0
rally_market_equal_weight,Equal-Weighted Rally Market Index,2021-04-01,100.0,,1,equal,all,Prototype index from local manual/imported Rally price snapshots; limited price-history coverage.,0
rally_market_equal_weight,Equal-Weighted Rally Market Index,2021-04-06,100.0,,2,equal,all,Prototype index from local manual/imported Rally price snapshots; limited price-history coverage.,0
rally_market_equal_weight,Equal-Weighted Rally Market Index,2021-04-13,100.0,,8,equal,all,Prototype index from local manual/imported Rally price snapshots; limited price-history coverage.,0
rally_market_equal_weight,Equal-Weighted Rally Market Index,2021-04-15,100.0,,2,equal,all,Prototype index from local manual/imported Rally price snapshots; limited price-history coverage.,0
rally_market_equal_weight,Equal-Weighted Rally Market Index,2021-04-20,100.0,,1,equal,all,Prototype index from local manual/imported Rally price snapshots; limited price-history coverage.,0
rally_market_equal_weight,Equal-Weighted Rally Market Index,2021-04-22,100.0,,2,equal,all,Prototype index from local manual/imported Rally price snapshots; limited price-history coverage.,0
rally_market_equal_weight,Equal-Weighted Rally Market Index,2021-04-29,100.0,,1,equal,all,Prototype index from local manual/imported Rally price snapshots; limited price-history coverage.,0
rally_market_equal_weight,Equal-Weighted Rally Market Index,2021-05-04,100.0,,1,equal,all,Prototype index from local manual/imported Rally price snapshots; limited price-history coverage.,0
rally_market_equal_weight,Equal-Weighted Rally Market Index,2021-05-06,100.0,,1,equal,all,Prototype index from local manual/imported Rally price snapshots; limited price-history coverage.,0
rally_market_equal_weight,Equal-Weighted Rally Market Index,2021-05-10,100.0,,1,equal,all,Prototype index from local manual/imported Rally price snapshots; limited price-history coverage.,0
rally_market_equal_weight,Equal-Weighted Rally Market Index,2021-05-11,100.0,,1,equal,all,Prototype index from local manual/imported Rally price snapshots; limited price-history coverage.,0
rally_market_equal_weight,Equal-Weighted Rally Market Index,2021-05-12,100.0,,1,equal,all,Prototype index from local manual/imported Rally price snapshots; limited price-history coverage.,0
rally_market_equal_weight,Equal-Weighted Rally Market Index,2021-05-13,100.0,,1,equal,all,Prototype index from local manual/imported Rally price snapshots; limited price-history coverage.,0
rally_market_equal_weight,Equal-Weighted Rally Market Index,2021-05-14,100.0,,1,equal,all,Prototype index from local manual/imported Rally price snapshots; limited price-history coverage.,0
rally_market_equal_weight,Equal-Weighted Rally Market Index,2021-05-17,100.0,,1,equal,all,Prototype index from local manual/imported Rally price snapshots; limited price-history coverage.,0
rally_market_equal_weight,Equal-Weighted Rally Market Index,2021-05-19,100.0,,1,equal,all,Prototype index from local manual/imported Rally price snapshots; limited price-history coverage.,0
rally_market_equal_weight,Equal-Weighted Rally Market Index,2021-05-21,100.0,,1,equal,all,Prototype index from local manual/imported Rally price snapshots; limited price-history coverage.,0
rally_market_equal_weight,Equal-Weighted Rally Market Index,2021-05-24,100.0,,1,equal,all,Prototype index from local manual/imported Rally price snapshots; limited price-history coverage.,0
rally_market_equal_weight,Equal-Weighted Rally Market Index,2021-05-25,100.0,,1,equal,all,Prototype index from local manual/imported Rally price snapshots; limited price-history coverage.,0
rally_market_equal_weight,Equal-Weighted Rally Market Index,2021-05-28,100.0,,1,equal,all,Prototype index from local manual/imported Rally price snapshots; limited price-history coverage.,0
rally_market_equal_weight,Equal-Weighted Rally Market Index,2021-05-31,100.0,,1,equal,all,Prototype index from local manual/imported Rally price snapshots; limited price-history coverage.,0
rally_market_equal_weight,Equal-Weighted Rally Market Index,2021-06-01,100.0,,1,equal,all,Prototype index from local manual/imported Rally price snapshots; limited price-history coverage.,0
rally_market_equal_weight,Equal-Weighted Rally Market Index,2021-06-03,100.0,,1,equal,all,Prototype index from local manual/imported Rally price snapshots; limited price-history coverage.,0
rally_market_equal_weight,Equal-Weighted Rally Market Index,2021-06-07,100.0,,1,equal,all,Prototype index from local manual/imported Rally price snapshots; limited price-history coverage.,0
rally_market_equal_weight,Equal-Weighted Rally Market Index,2021-06-11,100.0,,1,equal,all,Prototype index from local manual/imported Rally price snapshots; limited price-history coverage.,0
rally_market_equal_weight,Equal-Weighted Rally Market Index,2021-06-14,100.0,,1,equal,all,Prototype index from local manual/imported Rally price snapshots; limited price-history coverage.,0
rally_market_equal_weight,Equal-Weighted Rally Market Index,2021-06-15,100.0,,1,equal,all,Prototype index from local manual/imported Rally price snapshots; limited price-history coverage.,0
rally_market_equal_weight,Equal-Weighted Rally Market Index,2021-06-16,100.0,,1,equal,all,Prototype index from local manual/imported Rally price snapshots; limited price-history coverage.,0
rally_market_equal_weight,Equal-Weighted Rally Market Index,2021-06-17,100.0,,1,equal,all,Prototype index from local manual/imported Rally price snapshots; limited price-history coverage.,0
rally_market_equal_weight,Equal-Weighted Rally Market Index,2021-06-18,100.0,,1,equal,all,Prototype index from local manual/imported Rally price snapshots; limited price-history coverage.,0
rally_market_equal_weight,Equal-Weighted Rally Market Index,2021-06-21,100.0,,2,equal,all,Prototype index from local manual/imported Rally price snapshots; limited price-history coverage.,0
rally_market_equal_weight,Equal-Weighted Rally Market Index,2021-06-23,100.0,,1,equal,all,Prototype index from local manual/imported Rally price snapshots; limited price-history coverage.,0
rally_market_equal_weight,Equal-Weighted Rally Market Index,2021-06-24,100.0,,1,equal,all,Prototype index from local manual/imported Rally price snapshots; limited price-history coverage.,0
rally_market_equal_weight,Equal-Weighted Rally Market Index,2021-06-25,100.0,,1,equal,all,Prototype index from local manual/imported Rally price snapshots; limited price-history coverage.,0
rally_market_equal_weight,Equal-Weighted Rally Market Index,2021-06-28,100.0,,1,equal,all,Prototype index from local manual/imported Rally price snapshots; limited price-history coverage.,0
rally_market_equal_weight,Equal-Weighted Rally Market Index,2021-07-06,100.0,,1,equal,all,Prototype index from local manual/imported Rally price snapshots; limited price-history coverage.,0
rally_market_equal_weight,Equal-Weighted Rally Market Index,2021-07-07,100.0,,1,equal,all,Prototype index from local manual/imported Rally price snapshots; limited price-history coverage.,0
rally_market_equal_weight,Equal-Weighted Rally Market Index,2021-07-08,100.0,,1,equal,all,Prototype index from local manual/imported Rally price snapshots; limited price-history coverage.,0
rally_market_equal_weight,Equal-Weighted Rally Market Index,2021-07-14,100.0,,1,equal,all,Prototype index from local manual/imported Rally price snapshots; limited price-history coverage.,0
rally_market_equal_weight,Equal-Weighted Rally Market Index,2021-07-16,100.0,,1,equal,all,Prototype index from local manual/imported Rally price snapshots; limited price-history coverage.,0
rally_market_equal_weight,Equal-Weighted Rally Market Index,2021-07-20,100.0,,2,equal,all,Prototype index from local manual/imported Rally price snapshots; limited price-history coverage.,0
rally_market_equal_weight,Equal-Weighted Rally Market Index,2021-07-23,100.0,,1,equal,all,Prototype index from local manual/imported Rally price snapshots; limited price-history coverage.,0
rally_market_equal_weight,Equal-Weighted Rally Market Index,2021-07-26,100.0,,1,equal,all,Prototype index from local manual/imported Rally price snapshots; limited price-history coverage.,0
rally_market_equal_weight,Equal-Weighted Rally Market Index,2021-07-27,100.0,,1,equal,all,Prototype index from local manual/imported Rally price snapshots; limited price-history coverage.,0
rally_market_equal_weight,Equal-Weighted Rally Market Index,2021-07-30,100.0,,1,equal,all,Prototype index from local manual/imported Rally price snapshots; limited price-history coverage.,0
rally_market_equal_weight,Equal-Weighted Rally Market Index,2021-08-04,100.0,,1,equal,all,Prototype index from local manual/imported Rally price snapshots; limited price-history coverage.,0
rally_market_equal_weight,Equal-Weighted Rally Market Index,2021-08-05,100.0,,1,equal,all,Prototype index from local manual/imported Rally price snapshots; limited price-history coverage.,0
rally_market_equal_weight,Equal-Weighted Rally Market Index,2021-08-06,100.0,,1,equal,all,Prototype index from local manual/imported Rally price snapshots; limited price-history coverage.,0
rally_market_equal_weight,Equal-Weighted Rally Market Index,2021-08-10,100.0,,2,equal,all,Prototype index from local manual/imported Rally price snapshots; limited price-history coverage.,0
rally_market_equal_weight,Equal-Weighted Rally Market Index,2021-08-11,100.0,,1,equal,all,Prototype index from local manual/imported Rally price snapshots; limited price-history coverage.,0
rally_market_equal_weight,Equal-Weighted Rally Market Index,2021-08-13,100.0,,1,equal,all,Prototype index from local manual/imported Rally price snapshots; limited price-history coverage.,0
rally_market_equal_weight,Equal-Weighted Rally Market Index,2021-08-16,100.0,,2,equal,all,Prototype index from local manual/imported Rally price snapshots; limited price-history coverage.,0
rally_market_equal_weight,Equal-Weighted Rally Market Index,2021-08-17,100.0,,1,equal,all,Prototype index from local manual/imported Rally price snapshots; limited price-history coverage.,0
rally_market_equal_weight,Equal-Weighted Rally Market Index,2021-08-19,100.0,,1,equal,all,Prototype index from local manual/imported Rally price snapshots; limited price-history coverage.,0
rally_market_equal_weight,Equal-Weighted Rally Market Index,2021-08-20,100.0,,1,equal,all,Prototype index from local manual/imported Rally price snapshots; limited price-history coverage.,0
rally_market_equal_weight,Equal-Weighted Rally Market Index,2021-08-24,100.0,,1,equal,all,Prototype index from local manual/imported Rally price snapshots; limited price-history coverage.,0
rally_market_equal_weight,Equal-Weighted Rally Market Index,2021-08-25,100.0,,1,equal,all,Prototype index from local manual/imported Rally price snapshots; limited price-history coverage.,0
rally_market_equal_weight,Equal-Weighted Rally Market Index,2021-08-26,100.0,,1,equal,all,Prototype index from local manual/imported Rally price snapshots; limited price-history coverage.,0
rally_market_equal_weight,Equal-Weighted Rally Market Index,2021-08-27,100.0,,1,equal,all,Prototype index from local manual/imported Rally price snapshots; limited price-history coverage.,0
rally_market_equal_weight,Equal-Weighted Rally Market Index,2021-08-30,100.0,,1,equal,all,Prototype index from local manual/imported Rally price snapshots; limited price-history coverage.,0
rally_market_equal_weight,Equal-Weighted Rally Market Index,2021-09-01,100.0,,1,equal,all,Prototype index from local manual/imported Rally price snapshots; limited price-history coverage.,0
rally_market_equal_weight,Equal-Weighted Rally Market Index,2021-09-03,100.0,,1,equal,all,Prototype index from local manual/imported Rally price snapshots; limited price-history coverage.,0
rally_market_equal_weight,Equal-Weighted Rally Market Index,2021-09-08,100.0,,1,equal,all,Prototype index from local manual/imported Rally price snapshots; limited price-history coverage.,0
rally_market_equal_weight,Equal-Weighted Rally Market Index,2021-09-10,100.0,,1,equal,all,Prototype index from local manual/imported Rally price snapshots; limited price-history coverage.,0
rally_market_equal_weight,Equal-Weighted Rally Market Index,2021-09-13,100.0,,1,equal,all,Prototype index from local manual/imported Rally price snapshots; limited price-history coverage.,0
rally_market_equal_weight,Equal-Weighted Rally Market Index,2021-09-14,100.0,,1,equal,all,Prototype index from local manual/imported Rally price snapshots; limited price-history coverage.,0
rally_market_equal_weight,Equal-Weighted Rally Market Index,2021-09-15,100.0,,2,equal,all,Prototype index from local manual/imported Rally price snapshots; limited price-history coverage.,0
rally_market_equal_weight,Equal-Weighted Rally Market Index,2021-09-17,100.0,,1,equal,all,Prototype index from local manual/imported Rally price snapshots; limited price-history coverage.,0
rally_market_equal_weight,Equal-Weighted Rally Market Index,2021-09-20,100.0,,1,equal,all,Prototype index from local manual/imported Rally price snapshots; limited price-history coverage.,0
rally_market_equal_weight,Equal-Weighted Rally Market Index,2021-09-21,100.0,,1,equal,all,Prototype index from local manual/imported Rally price snapshots; limited price-history coverage.,0
rally_market_equal_weight,Equal-Weighted Rally Market Index,2021-09-22,100.0,,2,equal,all,Prototype index from local manual/imported Rally price snapshots; limited price-history coverage.,0
rally_market_equal_weight,Equal-Weighted Rally Market Index,2021-09-24,100.0,,1,equal,all,Prototype index from local manual/imported Rally price snapshots; limited price-history coverage.,0
rally_market_equal_weight,Equal-Weighted Rally Market Index,2021-09-27,100.0,,1,equal,all,Prototype index from local manual/imported Rally price snapshots; limited price-history coverage.,0
rally_market_equal_weight,Equal-Weighted Rally Market Index,2021-09-28,100.0,,1,equal,all,Prototype index from local manual/imported Rally price snapshots; limited price-history coverage.,0
rally_market_equal_weight,Equal-Weighted Rally Market Index,2021-09-30,100.0,,2,equal,all,Prototype index from local manual/imported Rally price snapshots; limited price-history coverage.,0
rally_market_equal_weight,Equal-Weighted Rally Market Index,2021-10-01,100.0,,1,equal,all,Prototype index from local manual/imported Rally price snapshots; limited price-history coverage.,0
rally_market_equal_weight,Equal-Weighted Rally Market Index,2021-10-04,100.0,,1,equal,all,Prototype index from local manual/imported Rally price snapshots; limited price-history coverage.,0
rally_market_equal_weight,Equal-Weighted Rally Market Index,2021-10-05,100.0,,1,equal,all,Prototype index from local manual/imported Rally price snapshots; limited price-history coverage.,0
rally_market_equal_weight,Equal-Weighted Rally Market Index,2021-10-12,100.0,,1,equal,all,Prototype index from local manual/imported Rally price snapshots; limited price-history coverage.,0
rally_market_equal_weight,Equal-Weighted Rally Market Index,2021-10-15,100.0,,1,equal,all,Prototype index from local manual/imported Rally price snapshots; limited price-history coverage.,0
rally_market_equal_weight,Equal-Weighted Rally Market Index,2021-10-18,100.0,,2,equal,all,Prototype index from local manual/imported Rally price snapshots; limited price-history coverage.,0
rally_market_equal_weight,Equal-Weighted Rally Market Index,2021-10-21,100.0,,1,equal,all,Prototype index from local manual/imported Rally price snapshots; limited price-history coverage.,0
rally_market_equal_weight,Equal-Weighted Rally Market Index,2021-10-22,100.0,,1,equal,all,Prototype index from local manual/imported Rally price snapshots; limited price-history coverage.,0
rally_market_equal_weight,Equal-Weighted Rally Market Index,2021-10-26,100.0,,1,equal,all,Prototype index from local manual/imported Rally price snapshots; limited price-history coverage.,0
rally_market_equal_weight,Equal-Weighted Rally Market Index,2021-10-28,100.0,,1,equal,all,Prototype index from local manual/imported Rally price snapshots; limited price-history coverage.,0
rally_market_equal_weight,Equal-Weighted Rally Market Index,2021-10-29,100.0,,1,equal,all,Prototype index from local manual/imported Rally price snapshots; limited price-history coverage.,0
rally_market_equal_weight,Equal-Weighted Rally Market Index,2021-11-01,100.0,,2,equal,all,Prototype index from local manual/imported Rally price snapshots; limited price-history coverage.,0
rally_market_equal_weight,Equal-Weighted Rally Market Index,2021-11-03,100.0,,1,equal,all,Prototype index from local manual/imported Rally price snapshots; limited price-history coverage.,0
rally_market_equal_weight,Equal-Weighted Rally Market Index,2021-11-04,100.0,,1,equal,all,Prototype index from local manual/imported Rally price snapshots; limited price-history coverage.,0
rally_market_equal_weight,Equal-Weighted Rally Market Index,2021-11-08,100.0,,1,equal,all,Prototype index from local manual/imported Rally price snapshots; limited price-history coverage.,0
rally_market_equal_weight,Equal-Weighted Rally Market Index,2021-11-09,100.0,,1,equal,all,Prototype index from local manual/imported Rally price snapshots; limited price-history coverage.,0
rally_market_equal_weight,Equal-Weighted Rally Market Index,2021-11-10,100.0,,1,equal,all,Prototype index from local manual/imported Rally price snapshots; limited price-history coverage.,0
rally_market_equal_weight,Equal-Weighted Rally Market Index,2021-11-11,100.0,,2,equal,all,Prototype index from local manual/imported Rally price snapshots; limited price-history coverage.,0
rally_market_equal_weight,Equal-Weighted Rally Market Index,2021-11-15,100.0,,1,equal,all,Prototype index from local manual/imported Rally price snapshots; limited price-history coverage.,0
rally_market_equal_weight,Equal-Weighted Rally Market Index,2021-11-17,100.0,,1,equal,all,Prototype index from local manual/imported Rally price snapshots; limited price-history coverage.,0
rally_market_equal_weight,Equal-Weighted Rally Market Index,2021-12-20,100.0,,1,equal,all,Prototype index from local manual/imported Rally price snapshots; limited price-history coverage.,0
rally_market_equal_weight,Equal-Weighted Rally Market Index,2021-12-28,100.0,,1,equal,all,Prototype index from local manual/imported Rally price snapshots; limited price-history coverage.,0
rally_market_equal_weight,Equal-Weighted Rally Market Index,2021-12-30,100.0,,1,equal,all,Prototype index from local manual/imported Rally price snapshots; limited price-history coverage.,0
rally_market_equal_weight,Equal-Weighted Rally Market Index,2021-12-31,100.0,,1,equal,all,Prototype index from local manual/imported Rally price snapshots; limited price-history coverage.,0
rally_market_equal_weight,Equal-Weighted Rally Market Index,2022-01-03,100.0,,5,equal,all,Prototype index from local manual/imported Rally price snapshots; limited price-history coverage.,0
rally_market_equal_weight,Equal-Weighted Rally Market Index,2022-01-10,100.0,,8,equal,all,Prototype index from local manual/imported Rally price snapshots; limited price-history coverage.,0
rally_market_equal_weight,Equal-Weighted Rally Market Index,2022-01-18,100.0,,3,equal,all,Prototype index from local manual/imported Rally price snapshots; limited price-history coverage.,0
rally_market_equal_weight,Equal-Weighted Rally Market Index,2022-01-24,100.0,,6,equal,all,Prototype index from local manual/imported Rally price snapshots; limited price-history coverage.,0
rally_market_equal_weight,Equal-Weighted Rally Market Index,2022-01-31,100.0,,7,equal,all,Prototype index from local manual/imported Rally price snapshots; limited price-history coverage.,0
rally_market_equal_weight,Equal-Weighted Rally Market Index,2022-02-07,100.0,,3,equal,all,Prototype index from local manual/imported Rally price snapshots; limited price-history coverage.,0
rally_market_equal_weight,Equal-Weighted Rally Market Index,2022-02-14,100.0,,4,equal,all,Prototype index from local manual/imported Rally price snapshots; limited price-history coverage.,0
rally_market_equal_weight,Equal-Weighted Rally Market Index,2022-02-22,100.0,,1,equal,all,Prototype index from local manual/imported Rally price snapshots; limited price-history coverage.,0
rally_market_equal_weight,Equal-Weighted Rally Market Index,2022-03-07,100.0,,1,equal,all,Prototype index from local manual/imported Rally price snapshots; limited price-history coverage.,0
rally_market_equal_weight,Equal-Weighted Rally Market Index,2022-03-25,100.0,,9,equal,all,Prototype index from local manual/imported Rally price snapshots; limited price-history coverage.,0
rally_market_equal_weight,Equal-Weighted Rally Market Index,2022-03-28,100.0,,23,equal,all,Prototype index from local manual/imported Rally price snapshots; limited price-history coverage.,0
rally_market_equal_weight,Equal-Weighted Rally Market Index,2022-03-29,100.0,,11,equal,all,Prototype index from local manual/imported Rally price snapshots; limited price-history coverage.,0
rally_market_equal_weight,Equal-Weighted Rally Market Index,2022-03-30,100.0,,9,equal,all,Prototype index from local manual/imported Rally price snapshots; limited price-history coverage.,0
rally_market_equal_weight,Equal-Weighted Rally Market Index,2022-03-31,100.0,,10,equal,all,Prototype index from local manual/imported Rally price snapshots; limited price-history coverage.,0
rally_market_equal_weight,Equal-Weighted Rally Market Index,2022-04-01,100.0,,2,equal,all,Prototype index from local manual/imported Rally price snapshots; limited price-history coverage.,0
rally_market_equal_weight,Equal-Weighted Rally Market Index,2022-04-11,100.0,,1,equal,all,Prototype index from local manual/imported Rally price snapshots; limited price-history coverage.,0
rally_market_equal_weight,Equal-Weighted Rally Market Index,2022-06-24,100.0,,5,equal,all,Prototype index from local manual/imported Rally price snapshots; limited price-history coverage.,0
rally_market_equal_weight,Equal-Weighted Rally Market Index,2022-06-27,100.0,,30,equal,all,Prototype index from local manual/imported Rally price snapshots; limited price-history coverage.,0
rally_market_equal_weight,Equal-Weighted Rally Market Index,2022-06-28,100.0,,4,equal,all,Prototype index from local manual/imported Rally price snapshots; limited price-history coverage.,0
rally_market_equal_weight,Equal-Weighted Rally Market Index,2022-06-29,100.0,,9,equal,all,Prototype index from local manual/imported Rally price snapshots; limited price-history coverage.,0
rally_market_equal_weight,Equal-Weighted Rally Market Index,2022-06-30,100.0,,17,equal,all,Prototype index from local manual/imported Rally price snapshots; limited price-history coverage.,0
rally_market_equal_weight,Equal-Weighted Rally Market Index,2022-07-01,100.0,,2,equal,all,Prototype index from local manual/imported Rally price snapshots; limited price-history coverage.,0
rally_market_equal_weight,Equal-Weighted Rally Market Index,2022-09-26,100.0,,15,equal,all,Prototype index from local manual/imported Rally price snapshots; limited price-history coverage.,0
rally_market_equal_weight,Equal-Weighted Rally Market Index,2022-09-27,100.0,,14,equal,all,Prototype index from local manual/imported Rally price snapshots; limited price-history coverage.,0
rally_market_equal_weight,Equal-Weighted Rally Market Index,2022-09-28,100.0,,11,equal,all,Prototype index from local manual/imported Rally price snapshots; limited price-history coverage.,0
rally_market_equal_weight,Equal-Weighted Rally Market Index,2022-09-29,100.0,,12,equal,all,Prototype index from local manual/imported Rally price snapshots; limited price-history coverage.,0
rally_market_equal_weight,Equal-Weighted Rally Market Index,2022-09-30,100.0,,16,equal,all,Prototype index from local manual/imported Rally price snapshots; limited price-history coverage.,0
rally_market_equal_weight,Equal-Weighted Rally Market Index,2022-10-03,100.0,,2,equal,all,Prototype index from local manual/imported Rally price snapshots; limited price-history coverage.,0
rally_market_equal_weight,Equal-Weighted Rally Market Index,2022-10-10,100.0,,2,equal,all,Prototype index from local manual/imported Rally price snapshots; limited price-history coverage.,0
rally_market_equal_weight,Equal-Weighted Rally Market Index,2022-10-17,100.0,,1,equal,all,Prototype index from local manual/imported Rally price snapshots; limited price-history coverage.,0
rally_market_equal_weight,Equal-Weighted Rally Market Index,2022-12-27,100.0,,19,equal,all,Prototype index from local manual/imported Rally price snapshots; limited price-history coverage.,0
rally_market_equal_weight,Equal-Weighted Rally Market Index,2022-12-28,100.0,,12,equal,all,Prototype index from local manual/imported Rally price snapshots; limited price-history coverage.,0
rally_market_equal_weight,Equal-Weighted Rally Market Index,2022-12-29,100.0,,16,equal,all,Prototype index from local manual/imported Rally price snapshots; limited price-history coverage.,0
rally_market_equal_weight,Equal-Weighted Rally Market Index,2022-12-30,100.0,,31,equal,all,Prototype index from local manual/imported Rally price snapshots; limited price-history coverage.,0
rally_market_equal_weight,Equal-Weighted Rally Market Index,2023-03-13,100.0,,1,equal,all,Prototype index from local manual/imported Rally price snapshots; limited price-history coverage.,0
rally_market_equal_weight,Equal-Weighted Rally Market Index,2023-03-24,100.0,,1,equal,all,Prototype index from local manual/imported Rally price snapshots; limited price-history coverage.,0
rally_market_equal_weight,Equal-Weighted Rally Market Index,2023-03-27,100.0,,12,equal,all,Prototype index from local manual/imported Rally price snapshots; limited price-history coverage.,0
rally_market_equal_weight,Equal-Weighted Rally Market Index,2023-03-28,100.0,,10,equal,all,Prototype index from local manual/imported Rally price snapshots; limited price-history coverage.,0
rally_market_equal_weight,Equal-Weighted Rally Market Index,2023-03-29,100.0,,12,equal,all,Prototype index from local manual/imported Rally price snapshots; limited price-history coverage.,0
rally_market_equal_weight,Equal-Weighted Rally Market Index,2023-03-30,100.0,,18,equal,all,Prototype index from local manual/imported Rally price snapshots; limited price-history coverage.,0
rally_market_equal_weight,Equal-Weighted Rally Market Index,2023-03-31,100.0,,26,equal,all,Prototype index from local manual/imported Rally price snapshots; limited price-history coverage.,0
rally_market_equal_weight,Equal-Weighted Rally Market Index,2023-06-26,111.780627,0.11780626780626782,12,equal,all,Prototype index from local manual/imported Rally price snapshots; limited price-history coverage.,0
rally_market_equal_weight,Equal-Weighted Rally Market Index,2023-06-27,111.780627,,13,equal,all,Prototype index from local manual/imported Rally price snapshots; limited price-history coverage.,0
rally_market_equal_weight,Equal-Weighted Rally Market Index,2023-06-28,111.780627,,11,equal,all,Prototype index from local manual/imported Rally price snapshots; limited price-history coverage.,0
rally_market_equal_weight,Equal-Weighted Rally Market Index,2023-06-29,111.780627,,18,equal,all,Prototype index from local manual/imported Rally price snapshots; limited price-history coverage.,0
rally_market_equal_weight,Equal-Weighted Rally Market Index,2023-06-30,111.780627,,25,equal,all,Prototype index from local manual/imported Rally price snapshots; limited price-history coverage.,0
rally_market_equal_weight,Equal-Weighted Rally Market Index,2023-09-25,105.005386,-0.06061193708252528,11,equal,all,Prototype index from local manual/imported Rally price snapshots; limited price-history coverage.,0
rally_market_equal_weight,Equal-Weighted Rally Market Index,2023-09-26,105.005386,,15,equal,all,Prototype index from local manual/imported Rally price snapshots; limited price-history coverage.,0
rally_market_equal_weight,Equal-Weighted Rally Market Index,2023-09-27,105.005386,,11,equal,all,Prototype index from local manual/imported Rally price snapshots; limited price-history coverage.,0
rally_market_equal_weight,Equal-Weighted Rally Market Index,2023-09-28,105.005386,,16,equal,all,Prototype index from local manual/imported Rally price snapshots; limited price-history coverage.,0
rally_market_equal_weight,Equal-Weighted Rally Market Index,2023-09-29,105.005386,,26,equal,all,Prototype index from local manual/imported Rally price snapshots; limited price-history coverage.,0
rally_market_equal_weight,Equal-Weighted Rally Market Index,2023-12-26,124.693896,0.1875,3,equal,all,Prototype index from local manual/imported Rally price snapshots; limited price-history coverage.,0
rally_market_equal_weight,Equal-Weighted Rally Market Index,2023-12-27,124.693896,,4,equal,all,Prototype index from local manual/imported Rally price snapshots; limited price-history coverage.,0
rally_market_equal_weight,Equal-Weighted Rally Market Index,2023-12-28,124.693896,,10,equal,all,Prototype index from local manual/imported Rally price snapshots; limited price-history coverage.,0
rally_market_equal_weight,Equal-Weighted Rally Market Index,2023-12-29,124.693896,,61,equal,all,Prototype index from local manual/imported Rally price snapshots; limited price-history coverage.,0
rally_market_equal_weight,Equal-Weighted Rally Market Index,2024-03-22,142.57846,0.14342774146695714,2,equal,all,Prototype index from local manual/imported Rally price snapshots; limited price-history coverage.,0
rally_market_equal_weight,Equal-Weighted Rally Market Index,2024-03-25,142.57846,,16,equal,all,Prototype index from local manual/imported Rally price snapshots; limited price-history coverage.,0
rally_market_equal_weight,Equal-Weighted Rally Market Index,2024-03-26,142.57846,,13,equal,all,Prototype index from local manual/imported Rally price snapshots; limited price-history coverage.,0
rally_market_equal_weight,Equal-Weighted Rally Market Index,2024-03-27,142.57846,,8,equal,all,Prototype index from local manual/imported Rally price snapshots; limited price-history coverage.,0
rally_market_equal_weight,Equal-Weighted Rally Market Index,2024-03-28,142.57846,,38,equal,all,Prototype index from local manual/imported Rally price snapshots; limited price-history coverage.,0
rally_market_equal_weight,Equal-Weighted Rally Market Index,2024-04-02,142.57846,,1,equal,all,Prototype index from local manual/imported Rally price snapshots; limited price-history coverage.,0
rally_market_equal_weight,Equal-Weighted Rally Market Index,2024-06-21,142.57846,,1,equal,all,Prototype index from local manual/imported Rally price snapshots; limited price-history coverage.,0
rally_market_equal_weight,Equal-Weighted Rally Market Index,2024-06-24,142.57846,,16,equal,all,Prototype index from local manual/imported Rally price snapshots; limited price-history coverage.,0
rally_market_equal_weight,Equal-Weighted Rally Market Index,2024-06-25,142.57846,,8,equal,all,Prototype index from local manual/imported Rally price snapshots; limited price-history coverage.,0
rally_market_equal_weight,Equal-Weighted Rally Market Index,2024-06-26,142.57846,,16,equal,all,Prototype index from local manual/imported Rally price snapshots; limited price-history coverage.,0
rally_market_equal_weight,Equal-Weighted Rally Market Index,2024-06-27,142.57846,,14,equal,all,Prototype index from local manual/imported Rally price snapshots; limited price-history coverage.,0
rally_market_equal_weight,Equal-Weighted Rally Market Index,2024-06-28,142.57846,,23,equal,all,Prototype index from local manual/imported Rally price snapshots; limited price-history coverage.,0
rally_market_equal_weight,Equal-Weighted Rally Market Index,2024-09-23,142.57846,,1,equal,all,Prototype index from local manual/imported Rally price snapshots; limited price-history coverage.,0
rally_market_equal_weight,Equal-Weighted Rally Market Index,2024-09-24,142.57846,,5,equal,all,Prototype index from local manual/imported Rally price snapshots; limited price-history coverage.,0
rally_market_equal_weight,Equal-Weighted Rally Market Index,2024-09-25,142.57846,,13,equal,all,Prototype index from local manual/imported Rally price snapshots; limited price-history coverage.,0
rally_market_equal_weight,Equal-Weighted Rally Market Index,2024-09-26,142.57846,,14,equal,all,Prototype index from local manual/imported Rally price snapshots; limited price-history coverage.,0
rally_market_equal_weight,Equal-Weighted Rally Market Index,2024-09-27,142.57846,,23,equal,all,Prototype index from local manual/imported Rally price snapshots; limited price-history coverage.,0
rally_market_equal_weight,Equal-Weighted Rally Market Index,2024-09-30,142.57846,,21,equal,all,Prototype index from local manual/imported Rally price snapshots; limited price-history coverage.,0
rally_market_equal_weight,Equal-Weighted Rally Market Index,2024-10-02,142.57846,,1,equal,all,Prototype index from local manual/imported Rally price snapshots; limited price-history coverage.,0
rally_market_equal_weight,Equal-Weighted Rally Market Index,2024-12-24,142.57846,,2,equal,all,Prototype index from local manual/imported Rally price snapshots; limited price-history coverage.,0
rally_market_equal_weight,Equal-Weighted Rally Market Index,2024-12-26,142.57846,,7,equal,all,Prototype index from local manual/imported Rally price snapshots; limited price-history coverage.,0
rally_market_equal_weight,Equal-Weighted Rally Market Index,2024-12-27,142.57846,,26,equal,all,Prototype index from local manual/imported Rally price snapshots; limited price-history coverage.,0
rally_market_equal_weight,Equal-Weighted Rally Market Index,2024-12-30,142.57846,,28,equal,all,Prototype index from local manual/imported Rally price snapshots; limited price-history coverage.,0
rally_market_equal_weight,Equal-Weighted Rally Market Index,2024-12-31,142.57846,,14,equal,all,Prototype index from local manual/imported Rally price snapshots; limited price-history coverage.,0
rally_market_equal_weight,Equal-Weighted Rally Market Index,2025-03-24,142.57846,,2,equal,all,Prototype index from local manual/imported Rally price snapshots; limited price-history coverage.,0
rally_market_equal_weight,Equal-Weighted Rally Market Index,2025-03-25,142.57846,,1,equal,all,Prototype index from local manual/imported Rally price snapshots; limited price-history coverage.,0
rally_market_equal_weight,Equal-Weighted Rally Market Index,2025-03-26,142.57846,,6,equal,all,Prototype index from local manual/imported Rally price snapshots; limited price-history coverage.,0
rally_market_equal_weight,Equal-Weighted Rally Market Index,2025-03-27,142.57846,,14,equal,all,Prototype index from local manual/imported Rally price snapshots; limited price-history coverage.,0
rally_market_equal_weight,Equal-Weighted Rally Market Index,2025-03-28,142.57846,,26,equal,all,Prototype index from local manual/imported Rally price snapshots; limited price-history coverage.,0
rally_market_equal_weight,Equal-Weighted Rally Market Index,2025-03-31,142.57846,,26,equal,all,Prototype index from local manual/imported Rally price snapshots; limited price-history coverage.,0
rally_market_equal_weight,Equal-Weighted Rally Market Index,2025-04-01,142.57846,,2,equal,all,Prototype index from local manual/imported Rally price snapshots; limited price-history coverage.,0
rally_market_equal_weight,Equal-Weighted Rally Market Index,2025-06-24,142.57846,,7,equal,all,Prototype index from local manual/imported Rally price snapshots; limited price-history coverage.,0
rally_market_equal_weight,Equal-Weighted Rally Market Index,2025-06-25,142.57846,,11,equal,all,Prototype index from local manual/imported Rally price snapshots; limited price-history coverage.,0
rally_market_equal_weight,Equal-Weighted Rally Market Index,2025-06-26,142.57846,,6,equal,all,Prototype index from local manual/imported Rally price snapshots; limited price-history coverage.,0
rally_market_equal_weight,Equal-Weighted Rally Market Index,2025-06-27,142.57846,,27,equal,all,Prototype index from local manual/imported Rally price snapshots; limited price-history coverage.,0
rally_market_equal_weight,Equal-Weighted Rally Market Index,2025-06-30,142.57846,,22,equal,all,Prototype index from local manual/imported Rally price snapshots; limited price-history coverage.,0
rally_market_equal_weight,Equal-Weighted Rally Market Index,2025-07-02,142.57846,,1,equal,all,Prototype index from local manual/imported Rally price snapshots; limited price-history coverage.,0
rally_market_equal_weight,Equal-Weighted Rally Market Index,2025-09-24,142.57846,,2,equal,all,Prototype index from local manual/imported Rally price snapshots; limited price-history coverage.,0
rally_market_equal_weight,Equal-Weighted Rally Market Index,2025-09-25,142.57846,,8,equal,all,Prototype index from local manual/imported Rally price snapshots; limited price-history coverage.,0
rally_market_equal_weight,Equal-Weighted Rally Market Index,2025-09-26,142.57846,,25,equal,all,Prototype index from local manual/imported Rally price snapshots; limited price-history coverage.,0
rally_market_equal_weight,Equal-Weighted Rally Market Index,2025-09-29,142.57846,,26,equal,all,Prototype index from local manual/imported Rally price snapshots; limited price-history coverage.,0
rally_market_equal_weight,Equal-Weighted Rally Market Index,2025-09-30,142.57846,,12,equal,all,Prototype index from local manual/imported Rally price snapshots; limited price-history coverage.,0
rally_market_equal_weight,Equal-Weighted Rally Market Index,2025-10-01,142.57846,,1,equal,all,Prototype index from local manual/imported Rally price snapshots; limited price-history coverage.,0
rally_market_equal_weight,Equal-Weighted Rally Market Index,2025-12-26,142.34083,-0.0016666666666667052,14,equal,all,Prototype index from local manual/imported Rally price snapshots; limited price-history coverage.,0
rally_market_equal_weight,Equal-Weighted Rally Market Index,2025-12-29,142.34083,,21,equal,all,Prototype index from local manual/imported Rally price snapshots; limited price-history coverage.,0
rally_market_equal_weight,Equal-Weighted Rally Market Index,2025-12-30,142.34083,,21,equal,all,Prototype index from local manual/imported Rally price snapshots; limited price-history coverage.,0
rally_market_equal_weight,Equal-Weighted Rally Market Index,2025-12-31,142.34083,,19,equal,all,Prototype index from local manual/imported Rally price snapshots; limited price-history coverage.,0
rally_market_equal_weight,Equal-Weighted Rally Market Index,2026-03-24,142.34083,,1,equal,all,Prototype index from local manual/imported Rally price snapshots; limited price-history coverage.,0
rally_market_equal_weight,Equal-Weighted Rally Market Index,2026-03-25,142.34083,,4,equal,all,Prototype index from local manual/imported Rally price snapshots; limited price-history coverage.,0
rally_market_equal_weight,Equal-Weighted Rally Market Index,2026-03-26,142.34083,,11,equal,all,Prototype index from local manual/imported Rally price snapshots; limited price-history coverage.,0
rally_market_equal_weight,Equal-Weighted Rally Market Index,2026-03-27,142.34083,,28,equal,all,Prototype index from local manual/imported Rally price snapshots; limited price-history coverage.,0
rally_market_equal_weight,Equal-Weighted Rally Market Index,2026-03-30,142.34083,,21,equal,all,Prototype index from local manual/imported Rally price snapshots; limited price-history coverage.,0
rally_market_equal_weight,Equal-Weighted Rally Market Index,2026-03-31,142.34083,,10,equal,all,Prototype index from local manual/imported Rally price snapshots; limited price-history coverage.,0
rally_market_equal_weight,Equal-Weighted Rally Market Index,2026-06-22,142.34083,,1,equal,all,Prototype index from local manual/imported Rally price snapshots; limited price-history coverage.,0
rally_market_equal_weight,Equal-Weighted Rally Market Index,2026-06-24,142.34083,,5,equal,all,Prototype index from local manual/imported Rally price snapshots; limited price-history coverage.,0
rally_market_equal_weight,Equal-Weighted Rally Market Index,2026-06-25,142.34083,,6,equal,all,Prototype index from local manual/imported Rally price snapshots; limited price-history coverage.,0
rally_market_equal_weight,Equal-Weighted Rally Market Index,2026-06-26,142.34083,,23,equal,all,Prototype index from local manual/imported Rally price snapshots; limited price-history coverage.,0
rally_market_equal_weight,Equal-Weighted Rally Market Index,2026-06-29,142.34083,,27,equal,all,Prototype index from local manual/imported Rally price snapshots; limited price-history coverage.,0
rally_market_equal_weight,Equal-Weighted Rally Market Index,2026-06-30,142.34083,,10,equal,all,Prototype index from local manual/imported Rally price snapshots; limited price-history coverage.,0
rally_market_equal_weight,Equal-Weighted Rally Market Index,2026-07-01,142.34083,,2,equal,all,Prototype index from local manual/imported Rally price snapshots; limited price-history coverage.,0
rally_market_equal_weight,Equal-Weighted Rally Market Index,2026-07-02,142.34083,,2,equal,all,Prototype index from local manual/imported Rally price snapshots; limited price-history coverage.,0
rally_market_equal_weight,Equal-Weighted Rally Market Index,2026-07-08,142.34083,,1,equal,all,Prototype index from local manual/imported Rally price snapshots; limited price-history coverage.,0
rally_market_equal_weight,Equal-Weighted Rally Market Index,2026-07-09,142.34083,,2,equal,all,Prototype index from local manual/imported Rally price snapshots; limited price-history coverage.,0
rally_market_equal_weight,Equal-Weighted Rally Market Index,2026-07-22,142.34083,,1,equal,all,Prototype index from local manual/imported Rally price snapshots; limited price-history coverage.,0
rally_market_equal_weight,Equal-Weighted Rally Market Index,2026-07-23,142.34083,,2,equal,all,Prototype index from local manual/imported Rally price snapshots; limited price-history coverage.,0
rally_market_market_cap_weight,Market-Cap-Weighted Rally Market Index,2020-03-17,100.0,,1,market_cap,all,Prototype index from local manual/imported Rally price snapshots; limited price-history coverage.,0
rally_market_market_cap_weight,Market-Cap-Weighted Rally Market Index,2020-04-14,100.0,,1,market_cap,all,Prototype index from local manual/imported Rally price snapshots; limited price-history coverage.,0
rally_market_market_cap_weight,Market-Cap-Weighted Rally Market Index,2020-04-21,100.0,,1,market_cap,all,Prototype index from local manual/imported Rally price snapshots; limited price-history coverage.,0
rally_market_market_cap_weight,Market-Cap-Weighted Rally Market Index,2020-04-28,100.0,,1,market_cap,all,Prototype index from local manual/imported Rally price snapshots; limited price-history coverage.,0
rally_market_market_cap_weight,Market-Cap-Weighted Rally Market Index,2020-05-05,100.0,,1,market_cap,all,Prototype index from local manual/imported Rally price snapshots; limited price-history coverage.,0
rally_market_market_cap_weight,Market-Cap-Weighted Rally Market Index,2020-05-12,100.0,,1,market_cap,all,Prototype index from local manual/imported Rally price snapshots; limited price-history coverage.,0
rally_market_market_cap_weight,Market-Cap-Weighted Rally Market Index,2020-06-02,100.0,,1,market_cap,all,Prototype index from local manual/imported Rally price snapshots; limited price-history coverage.,0
rally_market_market_cap_weight,Market-Cap-Weighted Rally Market Index,2020-06-09,100.0,,1,market_cap,all,Prototype index from local manual/imported Rally price snapshots; limited price-history coverage.,0
rally_market_market_cap_weight,Market-Cap-Weighted Rally Market Index,2020-06-16,100.0,,1,market_cap,all,Prototype index from local manual/imported Rally price snapshots; limited price-history coverage.,0
rally_market_market_cap_weight,Market-Cap-Weighted Rally Market Index,2020-06-23,100.0,,1,market_cap,all,Prototype index from local manual/imported Rally price snapshots; limited price-history coverage.,0
rally_market_market_cap_weight,Market-Cap-Weighted Rally Market Index,2020-06-30,100.0,,1,market_cap,all,Prototype index from local manual/imported Rally price snapshots; limited price-history coverage.,0
rally_market_market_cap_weight,Market-Cap-Weighted Rally Market Index,2020-07-21,100.0,,1,market_cap,all,Prototype index from local manual/imported Rally price snapshots; limited price-history coverage.,0
rally_market_market_cap_weight,Market-Cap-Weighted Rally Market Index,2020-07-28,100.0,,1,market_cap,all,Prototype index from local manual/imported Rally price snapshots; limited price-history coverage.,0
rally_market_market_cap_weight,Market-Cap-Weighted Rally Market Index,2020-08-04,100.0,,1,market_cap,all,Prototype index from local manual/imported Rally price snapshots; limited price-history coverage.,0
rally_market_market_cap_weight,Market-Cap-Weighted Rally Market Index,2020-08-11,100.0,,1,market_cap,all,Prototype index from local manual/imported Rally price snapshots; limited price-history coverage.,0
rally_market_market_cap_weight,Market-Cap-Weighted Rally Market Index,2020-08-18,100.0,,1,market_cap,all,Prototype index from local manual/imported Rally price snapshots; limited price-history coverage.,0
rally_market_market_cap_weight,Market-Cap-Weighted Rally Market Index,2020-09-08,100.0,,1,market_cap,all,Prototype index from local manual/imported Rally price snapshots; limited price-history coverage.,0
rally_market_market_cap_weight,Market-Cap-Weighted Rally Market Index,2020-09-15,100.0,,3,market_cap,all,Prototype index from local manual/imported Rally price snapshots; limited price-history coverage.,0
rally_market_market_cap_weight,Market-Cap-Weighted Rally Market Index,2020-09-22,100.0,,1,market_cap,all,Prototype index from local manual/imported Rally price snapshots; limited price-history coverage.,0
rally_market_market_cap_weight,Market-Cap-Weighted Rally Market Index,2020-09-29,100.0,,1,market_cap,all,Prototype index from local manual/imported Rally price snapshots; limited price-history coverage.,0
rally_market_market_cap_weight,Market-Cap-Weighted Rally Market Index,2020-10-06,100.0,,1,market_cap,all,Prototype index from local manual/imported Rally price snapshots; limited price-history coverage.,0
rally_market_market_cap_weight,Market-Cap-Weighted Rally Market Index,2020-10-13,100.0,,2,market_cap,all,Prototype index from local manual/imported Rally price snapshots; limited price-history coverage.,0
rally_market_market_cap_weight,Market-Cap-Weighted Rally Market Index,2020-10-20,100.0,,2,market_cap,all,Prototype index from local manual/imported Rally price snapshots; limited price-history coverage.,0
rally_market_market_cap_weight,Market-Cap-Weighted Rally Market Index,2020-10-27,100.0,,1,market_cap,all,Prototype index from local manual/imported Rally price snapshots; limited price-history coverage.,0
rally_market_market_cap_weight,Market-Cap-Weighted Rally Market Index,2020-11-05,100.0,,1,market_cap,all,Prototype index from local manual/imported Rally price snapshots; limited price-history coverage.,0
rally_market_market_cap_weight,Market-Cap-Weighted Rally Market Index,2020-11-10,100.0,,1,market_cap,all,Prototype index from local manual/imported Rally price snapshots; limited price-history coverage.,0
rally_market_market_cap_weight,Market-Cap-Weighted Rally Market Index,2020-11-17,100.0,,2,market_cap,all,Prototype index from local manual/imported Rally price snapshots; limited price-history coverage.,0
rally_market_market_cap_weight,Market-Cap-Weighted Rally Market Index,2020-11-24,100.0,,1,market_cap,all,Prototype index from local manual/imported Rally price snapshots; limited price-history coverage.,0
rally_market_market_cap_weight,Market-Cap-Weighted Rally Market Index,2020-12-01,100.0,,2,market_cap,all,Prototype index from local manual/imported Rally price snapshots; limited price-history coverage.,0
rally_market_market_cap_weight,Market-Cap-Weighted Rally Market Index,2020-12-08,100.0,,1,market_cap,all,Prototype index from local manual/imported Rally price snapshots; limited price-history coverage.,0
rally_market_market_cap_weight,Market-Cap-Weighted Rally Market Index,2020-12-15,100.0,,3,market_cap,all,Prototype index from local manual/imported Rally price snapshots; limited price-history coverage.,0
rally_market_market_cap_weight,Market-Cap-Weighted Rally Market Index,2020-12-22,100.0,,3,market_cap,all,Prototype index from local manual/imported Rally price snapshots; limited price-history coverage.,0
rally_market_market_cap_weight,Market-Cap-Weighted Rally Market Index,2020-12-29,100.0,,1,market_cap,all,Prototype index from local manual/imported Rally price snapshots; limited price-history coverage.,0
rally_market_market_cap_weight,Market-Cap-Weighted Rally Market Index,2020-12-30,100.0,,1,market_cap,all,Prototype index from local manual/imported Rally price snapshots; limited price-history coverage.,0
rally_market_market_cap_weight,Market-Cap-Weighted Rally Market Index,2021-01-05,100.0,,4,market_cap,all,Prototype index from local manual/imported Rally price snapshots; limited price-history coverage.,0
rally_market_market_cap_weight,Market-Cap-Weighted Rally Market Index,2021-01-12,100.0,,1,market_cap,all,Prototype index from local manual/imported Rally price snapshots; limited price-history coverage.,0
rally_market_market_cap_weight,Market-Cap-Weighted Rally Market Index,2021-01-14,100.0,,1,market_cap,all,Prototype index from local manual/imported Rally price snapshots; limited price-history coverage.,0
rally_market_market_cap_weight,Market-Cap-Weighted Rally Market Index,2021-01-19,100.0,,1,market_cap,all,Prototype index from local manual/imported Rally price snapshots; limited price-history coverage.,0
rally_market_market_cap_weight,Market-Cap-Weighted Rally Market Index,2021-01-21,100.0,,2,market_cap,all,Prototype index from local manual/imported Rally price snapshots; limited price-history coverage.,0
rally_market_market_cap_weight,Market-Cap-Weighted Rally Market Index,2021-02-02,100.0,,1,market_cap,all,Prototype index from local manual/imported Rally price snapshots; limited price-history coverage.,0
rally_market_market_cap_weight,Market-Cap-Weighted Rally Market Index,2021-02-09,100.0,,3,market_cap,all,Prototype index from local manual/imported Rally price snapshots; limited price-history coverage.,0
rally_market_market_cap_weight,Market-Cap-Weighted Rally Market Index,2021-02-18,100.0,,2,market_cap,all,Prototype index from local manual/imported Rally price snapshots; limited price-history coverage.,0
rally_market_market_cap_weight,Market-Cap-Weighted Rally Market Index,2021-02-23,100.0,,3,market_cap,all,Prototype index from local manual/imported Rally price snapshots; limited price-history coverage.,0
rally_market_market_cap_weight,Market-Cap-Weighted Rally Market Index,2021-02-25,100.0,,1,market_cap,all,Prototype index from local manual/imported Rally price snapshots; limited price-history coverage.,0
rally_market_market_cap_weight,Market-Cap-Weighted Rally Market Index,2021-03-02,100.0,,3,market_cap,all,Prototype index from local manual/imported Rally price snapshots; limited price-history coverage.,0
rally_market_market_cap_weight,Market-Cap-Weighted Rally Market Index,2021-03-04,100.0,,1,market_cap,all,Prototype index from local manual/imported Rally price snapshots; limited price-history coverage.,0
rally_market_market_cap_weight,Market-Cap-Weighted Rally Market Index,2021-03-09,100.0,,2,market_cap,all,Prototype index from local manual/imported Rally price snapshots; limited price-history coverage.,0
rally_market_market_cap_weight,Market-Cap-Weighted Rally Market Index,2021-03-11,100.0,,1,market_cap,all,Prototype index from local manual/imported Rally price snapshots; limited price-history coverage.,0
rally_market_market_cap_weight,Market-Cap-Weighted Rally Market Index,2021-03-16,100.0,,3,market_cap,all,Prototype index from local manual/imported Rally price snapshots; limited price-history coverage.,0
rally_market_market_cap_weight,Market-Cap-Weighted Rally Market Index,2021-03-18,100.0,,1,market_cap,all,Prototype index from local manual/imported Rally price snapshots; limited price-history coverage.,0
rally_market_market_cap_weight,Market-Cap-Weighted Rally Market Index,2021-03-23,100.0,,3,market_cap,all,Prototype index from local manual/imported Rally price snapshots; limited price-history coverage.,0
rally_market_market_cap_weight,Market-Cap-Weighted Rally Market Index,2021-03-25,100.0,,2,market_cap,all,Prototype index from local manual/imported Rally price snapshots; limited price-history coverage.,0
rally_market_market_cap_weight,Market-Cap-Weighted Rally Market Index,2021-03-30,100.0,,1,market_cap,all,Prototype index from local manual/imported Rally price snapshots; limited price-history coverage.,0
rally_market_market_cap_weight,Market-Cap-Weighted Rally Market Index,2021-04-01,100.0,,1,market_cap,all,Prototype index from local manual/imported Rally price snapshots; limited price-history coverage.,0
rally_market_market_cap_weight,Market-Cap-Weighted Rally Market Index,2021-04-06,100.0,,2,market_cap,all,Prototype index from local manual/imported Rally price snapshots; limited price-history coverage.,0
rally_market_market_cap_weight,Market-Cap-Weighted Rally Market Index,2021-04-13,100.0,,8,market_cap,all,Prototype index from local manual/imported Rally price snapshots; limited price-history coverage.,0
rally_market_market_cap_weight,Market-Cap-Weighted Rally Market Index,2021-04-15,100.0,,2,market_cap,all,Prototype index from local manual/imported Rally price snapshots; limited price-history coverage.,0
rally_market_market_cap_weight,Market-Cap-Weighted Rally Market Index,2021-04-20,100.0,,1,market_cap,all,Prototype index from local manual/imported Rally price snapshots; limited price-history coverage.,0
rally_market_market_cap_weight,Market-Cap-Weighted Rally Market Index,2021-04-22,100.0,,2,market_cap,all,Prototype index from local manual/imported Rally price snapshots; limited price-history coverage.,0
rally_market_market_cap_weight,Market-Cap-Weighted Rally Market Index,2021-04-29,100.0,,1,market_cap,all,Prototype index from local manual/imported Rally price snapshots; limited price-history coverage.,0
rally_market_market_cap_weight,Market-Cap-Weighted Rally Market Index,2021-05-04,100.0,,1,market_cap,all,Prototype index from local manual/imported Rally price snapshots; limited price-history coverage.,0
rally_market_market_cap_weight,Market-Cap-Weighted Rally Market Index,2021-05-06,100.0,,1,market_cap,all,Prototype index from local manual/imported Rally price snapshots; limited price-history coverage.,0
rally_market_market_cap_weight,Market-Cap-Weighted Rally Market Index,2021-05-10,100.0,,1,market_cap,all,Prototype index from local manual/imported Rally price snapshots; limited price-history coverage.,0
rally_market_market_cap_weight,Market-Cap-Weighted Rally Market Index,2021-05-11,100.0,,1,market_cap,all,Prototype index from local manual/imported Rally price snapshots; limited price-history coverage.,0
rally_market_market_cap_weight,Market-Cap-Weighted Rally Market Index,2021-05-12,100.0,,1,market_cap,all,Prototype index from local manual/imported Rally price snapshots; limited price-history coverage.,0
rally_market_market_cap_weight,Market-Cap-Weighted Rally Market Index,2021-05-13,100.0,,1,market_cap,all,Prototype index from local manual/imported Rally price snapshots; limited price-history coverage.,0
rally_market_market_cap_weight,Market-Cap-Weighted Rally Market Index,2021-05-14,100.0,,1,market_cap,all,Prototype index from local manual/imported Rally price snapshots; limited price-history coverage.,0
rally_market_market_cap_weight,Market-Cap-Weighted Rally Market Index,2021-05-17,100.0,,1,market_cap,all,Prototype index from local manual/imported Rally price snapshots; limited price-history coverage.,0
rally_market_market_cap_weight,Market-Cap-Weighted Rally Market Index,2021-05-19,100.0,,1,market_cap,all,Prototype index from local manual/imported Rally price snapshots; limited price-history coverage.,0
rally_market_market_cap_weight,Market-Cap-Weighted Rally Market Index,2021-05-21,100.0,,1,market_cap,all,Prototype index from local manual/imported Rally price snapshots; limited price-history coverage.,0
rally_market_market_cap_weight,Market-Cap-Weighted Rally Market Index,2021-05-24,100.0,,1,market_cap,all,Prototype index from local manual/imported Rally price snapshots; limited price-history coverage.,0
rally_market_market_cap_weight,Market-Cap-Weighted Rally Market Index,2021-05-25,100.0,,1,market_cap,all,Prototype index from local manual/imported Rally price snapshots; limited price-history coverage.,0
rally_market_market_cap_weight,Market-Cap-Weighted Rally Market Index,2021-05-28,100.0,,1,market_cap,all,Prototype index from local manual/imported Rally price snapshots; limited price-history coverage.,0
rally_market_market_cap_weight,Market-Cap-Weighted Rally Market Index,2021-05-31,100.0,,1,market_cap,all,Prototype index from local manual/imported Rally price snapshots; limited price-history coverage.,0
rally_market_market_cap_weight,Market-Cap-Weighted Rally Market Index,2021-06-01,100.0,,1,market_cap,all,Prototype index from local manual/imported Rally price snapshots; limited price-history coverage.,0
rally_market_market_cap_weight,Market-Cap-Weighted Rally Market Index,2021-06-03,100.0,,1,market_cap,all,Prototype index from local manual/imported Rally price snapshots; limited price-history coverage.,0
rally_market_market_cap_weight,Market-Cap-Weighted Rally Market Index,2021-06-07,100.0,,1,market_cap,all,Prototype index from local manual/imported Rally price snapshots; limited price-history coverage.,0
rally_market_market_cap_weight,Market-Cap-Weighted Rally Market Index,2021-06-11,100.0,,1,market_cap,all,Prototype index from local manual/imported Rally price snapshots; limited price-history coverage.,0
rally_market_market_cap_weight,Market-Cap-Weighted Rally Market Index,2021-06-14,100.0,,1,market_cap,all,Prototype index from local manual/imported Rally price snapshots; limited price-history coverage.,0
rally_market_market_cap_weight,Market-Cap-Weighted Rally Market Index,2021-06-15,100.0,,1,market_cap,all,Prototype index from local manual/imported Rally price snapshots; limited price-history coverage.,0
rally_market_market_cap_weight,Market-Cap-Weighted Rally Market Index,2021-06-16,100.0,,1,market_cap,all,Prototype index from local manual/imported Rally price snapshots; limited price-history coverage.,0
rally_market_market_cap_weight,Market-Cap-Weighted Rally Market Index,2021-06-17,100.0,,1,market_cap,all,Prototype index from local manual/imported Rally price snapshots; limited price-history coverage.,0
rally_market_market_cap_weight,Market-Cap-Weighted Rally Market Index,2021-06-18,100.0,,1,market_cap,all,Prototype index from local manual/imported Rally price snapshots; limited price-history coverage.,0
rally_market_market_cap_weight,Market-Cap-Weighted Rally Market Index,2021-06-21,100.0,,2,market_cap,all,Prototype index from local manual/imported Rally price snapshots; limited price-history coverage.,0
rally_market_market_cap_weight,Market-Cap-Weighted Rally Market Index,2021-06-23,100.0,,1,market_cap,all,Prototype index from local manual/imported Rally price snapshots; limited price-history coverage.,0
rally_market_market_cap_weight,Market-Cap-Weighted Rally Market Index,2021-06-24,100.0,,1,market_cap,all,Prototype index from local manual/imported Rally price snapshots; limited price-history coverage.,0
rally_market_market_cap_weight,Market-Cap-Weighted Rally Market Index,2021-06-25,100.0,,1,market_cap,all,Prototype index from local manual/imported Rally price snapshots; limited price-history coverage.,0
rally_market_market_cap_weight,Market-Cap-Weighted Rally Market Index,2021-06-28,100.0,,1,market_cap,all,Prototype index from local manual/imported Rally price snapshots; limited price-history coverage.,0
rally_market_market_cap_weight,Market-Cap-Weighted Rally Market Index,2021-07-06,100.0,,1,market_cap,all,Prototype index from local manual/imported Rally price snapshots; limited price-history coverage.,0
rally_market_market_cap_weight,Market-Cap-Weighted Rally Market Index,2021-07-07,100.0,,1,market_cap,all,Prototype index from local manual/imported Rally price snapshots; limited price-history coverage.,0
rally_market_market_cap_weight,Market-Cap-Weighted Rally Market Index,2021-07-08,100.0,,1,market_cap,all,Prototype index from local manual/imported Rally price snapshots; limited price-history coverage.,0
rally_market_market_cap_weight,Market-Cap-Weighted Rally Market Index,2021-07-14,100.0,,1,market_cap,all,Prototype index from local manual/imported Rally price snapshots; limited price-history coverage.,0
rally_market_market_cap_weight,Market-Cap-Weighted Rally Market Index,2021-07-16,100.0,,1,market_cap,all,Prototype index from local manual/imported Rally price snapshots; limited price-history coverage.,0
rally_market_market_cap_weight,Market-Cap-Weighted Rally Market Index,2021-07-20,100.0,,2,market_cap,all,Prototype index from local manual/imported Rally price snapshots; limited price-history coverage.,0
rally_market_market_cap_weight,Market-Cap-Weighted Rally Market Index,2021-07-23,100.0,,1,market_cap,all,Prototype index from local manual/imported Rally price snapshots; limited price-history coverage.,0
rally_market_market_cap_weight,Market-Cap-Weighted Rally Market Index,2021-07-26,100.0,,1,market_cap,all,Prototype index from local manual/imported Rally price snapshots; limited price-history coverage.,0
rally_market_market_cap_weight,Market-Cap-Weighted Rally Market Index,2021-07-27,100.0,,1,market_cap,all,Prototype index from local manual/imported Rally price snapshots; limited price-history coverage.,0
rally_market_market_cap_weight,Market-Cap-Weighted Rally Market Index,2021-07-30,100.0,,1,market_cap,all,Prototype index from local manual/imported Rally price snapshots; limited price-history coverage.,0
rally_market_market_cap_weight,Market-Cap-Weighted Rally Market Index,2021-08-04,100.0,,1,market_cap,all,Prototype index from local manual/imported Rally price snapshots; limited price-history coverage.,0
rally_market_market_cap_weight,Market-Cap-Weighted Rally Market Index,2021-08-05,100.0,,1,market_cap,all,Prototype index from local manual/imported Rally price snapshots; limited price-history coverage.,0
rally_market_market_cap_weight,Market-Cap-Weighted Rally Market Index,2021-08-06,100.0,,1,market_cap,all,Prototype index from local manual/imported Rally price snapshots; limited price-history coverage.,0
rally_market_market_cap_weight,Market-Cap-Weighted Rally Market Index,2021-08-10,100.0,,2,market_cap,all,Prototype index from local manual/imported Rally price snapshots; limited price-history coverage.,0
rally_market_market_cap_weight,Market-Cap-Weighted Rally Market Index,2021-08-11,100.0,,1,market_cap,all,Prototype index from local manual/imported Rally price snapshots; limited price-history coverage.,0
rally_market_market_cap_weight,Market-Cap-Weighted Rally Market Index,2021-08-13,100.0,,1,market_cap,all,Prototype index from local manual/imported Rally price snapshots; limited price-history coverage.,0
rally_market_market_cap_weight,Market-Cap-Weighted Rally Market Index,2021-08-16,100.0,,2,market_cap,all,Prototype index from local manual/imported Rally price snapshots; limited price-history coverage.,0
rally_market_market_cap_weight,Market-Cap-Weighted Rally Market Index,2021-08-17,100.0,,1,market_cap,all,Prototype index from local manual/imported Rally price snapshots; limited price-history coverage.,0
rally_market_market_cap_weight,Market-Cap-Weighted Rally Market Index,2021-08-19,100.0,,1,market_cap,all,Prototype index from local manual/imported Rally price snapshots; limited price-history coverage.,0
rally_market_market_cap_weight,Market-Cap-Weighted Rally Market Index,2021-08-20,100.0,,1,market_cap,all,Prototype index from local manual/imported Rally price snapshots; limited price-history coverage.,0
rally_market_market_cap_weight,Market-Cap-Weighted Rally Market Index,2021-08-24,100.0,,1,market_cap,all,Prototype index from local manual/imported Rally price snapshots; limited price-history coverage.,0
rally_market_market_cap_weight,Market-Cap-Weighted Rally Market Index,2021-08-25,100.0,,1,market_cap,all,Prototype index from local manual/imported Rally price snapshots; limited price-history coverage.,0
rally_market_market_cap_weight,Market-Cap-Weighted Rally Market Index,2021-08-26,100.0,,1,market_cap,all,Prototype index from local manual/imported Rally price snapshots; limited price-history coverage.,0
rally_market_market_cap_weight,Market-Cap-Weighted Rally Market Index,2021-08-27,100.0,,1,market_cap,all,Prototype index from local manual/imported Rally price snapshots; limited price-history coverage.,0
rally_market_market_cap_weight,Market-Cap-Weighted Rally Market Index,2021-08-30,100.0,,1,market_cap,all,Prototype index from local manual/imported Rally price snapshots; limited price-history coverage.,0
rally_market_market_cap_weight,Market-Cap-Weighted Rally Market Index,2021-09-01,100.0,,1,market_cap,all,Prototype index from local manual/imported Rally price snapshots; limited price-history coverage.,0
rally_market_market_cap_weight,Market-Cap-Weighted Rally Market Index,2021-09-03,100.0,,1,market_cap,all,Prototype index from local manual/imported Rally price snapshots; limited price-history coverage.,0
rally_market_market_cap_weight,Market-Cap-Weighted Rally Market Index,2021-09-08,100.0,,1,market_cap,all,Prototype index from local manual/imported Rally price snapshots; limited price-history coverage.,0
rally_market_market_cap_weight,Market-Cap-Weighted Rally Market Index,2021-09-10,100.0,,1,market_cap,all,Prototype index from local manual/imported Rally price snapshots; limited price-history coverage.,0
rally_market_market_cap_weight,Market-Cap-Weighted Rally Market Index,2021-09-13,100.0,,1,market_cap,all,Prototype index from local manual/imported Rally price snapshots; limited price-history coverage.,0
rally_market_market_cap_weight,Market-Cap-Weighted Rally Market Index,2021-09-14,100.0,,1,market_cap,all,Prototype index from local manual/imported Rally price snapshots; limited price-history coverage.,0
rally_market_market_cap_weight,Market-Cap-Weighted Rally Market Index,2021-09-15,100.0,,2,market_cap,all,Prototype index from local manual/imported Rally price snapshots; limited price-history coverage.,0
rally_market_market_cap_weight,Market-Cap-Weighted Rally Market Index,2021-09-17,100.0,,1,market_cap,all,Prototype index from local manual/imported Rally price snapshots; limited price-history coverage.,0
rally_market_market_cap_weight,Market-Cap-Weighted Rally Market Index,2021-09-20,100.0,,1,market_cap,all,Prototype index from local manual/imported Rally price snapshots; limited price-history coverage.,0
rally_market_market_cap_weight,Market-Cap-Weighted Rally Market Index,2021-09-21,100.0,,1,market_cap,all,Prototype index from local manual/imported Rally price snapshots; limited price-history coverage.,0
rally_market_market_cap_weight,Market-Cap-Weighted Rally Market Index,2021-09-22,100.0,,2,market_cap,all,Prototype index from local manual/imported Rally price snapshots; limited price-history coverage.,0
rally_market_market_cap_weight,Market-Cap-Weighted Rally Market Index,2021-09-24,100.0,,1,market_cap,all,Prototype index from local manual/imported Rally price snapshots; limited price-history coverage.,0
rally_market_market_cap_weight,Market-Cap-Weighted Rally Market Index,2021-09-27,100.0,,1,market_cap,all,Prototype index from local manual/imported Rally price snapshots; limited price-history coverage.,0
rally_market_market_cap_weight,Market-Cap-Weighted Rally Market Index,2021-09-28,100.0,,1,market_cap,all,Prototype index from local manual/imported Rally price snapshots; limited price-history coverage.,0
rally_market_market_cap_weight,Market-Cap-Weighted Rally Market Index,2021-09-30,100.0,,2,market_cap,all,Prototype index from local manual/imported Rally price snapshots; limited price-history coverage.,0
rally_market_market_cap_weight,Market-Cap-Weighted Rally Market Index,2021-10-01,100.0,,1,market_cap,all,Prototype index from local manual/imported Rally price snapshots; limited price-history coverage.,0
rally_market_market_cap_weight,Market-Cap-Weighted Rally Market Index,2021-10-04,100.0,,1,market_cap,all,Prototype index from local manual/imported Rally price snapshots; limited price-history coverage.,0
rally_market_market_cap_weight,Market-Cap-Weighted Rally Market Index,2021-10-05,100.0,,1,market_cap,all,Prototype index from local manual/imported Rally price snapshots; limited price-history coverage.,0
rally_market_market_cap_weight,Market-Cap-Weighted Rally Market Index,2021-10-12,100.0,,1,market_cap,all,Prototype index from local manual/imported Rally price snapshots; limited price-history coverage.,0
rally_market_market_cap_weight,Market-Cap-Weighted Rally Market Index,2021-10-15,100.0,,1,market_cap,all,Prototype index from local manual/imported Rally price snapshots; limited price-history coverage.,0
rally_market_market_cap_weight,Market-Cap-Weighted Rally Market Index,2021-10-18,100.0,,2,market_cap,all,Prototype index from local manual/imported Rally price snapshots; limited price-history coverage.,0
rally_market_market_cap_weight,Market-Cap-Weighted Rally Market Index,2021-10-21,100.0,,1,market_cap,all,Prototype index from local manual/imported Rally price snapshots; limited price-history coverage.,0
rally_market_market_cap_weight,Market-Cap-Weighted Rally Market Index,2021-10-22,100.0,,1,market_cap,all,Prototype index from local manual/imported Rally price snapshots; limited price-history coverage.,0
rally_market_market_cap_weight,Market-Cap-Weighted Rally Market Index,2021-10-26,100.0,,1,market_cap,all,Prototype index from local manual/imported Rally price snapshots; limited price-history coverage.,0
rally_market_market_cap_weight,Market-Cap-Weighted Rally Market Index,2021-10-28,100.0,,1,market_cap,all,Prototype index from local manual/imported Rally price snapshots; limited price-history coverage.,0
rally_market_market_cap_weight,Market-Cap-Weighted Rally Market Index,2021-10-29,100.0,,1,market_cap,all,Prototype index from local manual/imported Rally price snapshots; limited price-history coverage.,0
rally_market_market_cap_weight,Market-Cap-Weighted Rally Market Index,2021-11-01,100.0,,2,market_cap,all,Prototype index from local manual/imported Rally price snapshots; limited price-history coverage.,0
rally_market_market_cap_weight,Market-Cap-Weighted Rally Market Index,2021-11-03,100.0,,1,market_cap,all,Prototype index from local manual/imported Rally price snapshots; limited price-history coverage.,0
rally_market_market_cap_weight,Market-Cap-Weighted Rally Market Index,2021-11-04,100.0,,1,market_cap,all,Prototype index from local manual/imported Rally price snapshots; limited price-history coverage.,0
rally_market_market_cap_weight,Market-Cap-Weighted Rally Market Index,2021-11-08,100.0,,1,market_cap,all,Prototype index from local manual/imported Rally price snapshots; limited price-history coverage.,0
rally_market_market_cap_weight,Market-Cap-Weighted Rally Market Index,2021-11-09,100.0,,1,market_cap,all,Prototype index from local manual/imported Rally price snapshots; limited price-history coverage.,0
rally_market_market_cap_weight,Market-Cap-Weighted Rally Market Index,2021-11-10,100.0,,1,market_cap,all,Prototype index from local manual/imported Rally price snapshots; limited price-history coverage.,0
rally_market_market_cap_weight,Market-Cap-Weighted Rally Market Index,2021-11-11,100.0,,2,market_cap,all,Prototype index from local manual/imported Rally price snapshots; limited price-history coverage.,0
rally_market_market_cap_weight,Market-Cap-Weighted Rally Market Index,2021-11-15,100.0,,1,market_cap,all,Prototype index from local manual/imported Rally price snapshots; limited price-history coverage.,0
rally_market_market_cap_weight,Market-Cap-Weighted Rally Market Index,2021-11-17,100.0,,1,market_cap,all,Prototype index from local manual/imported Rally price snapshots; limited price-history coverage.,0
rally_market_market_cap_weight,Market-Cap-Weighted Rally Market Index,2021-12-20,100.0,,1,market_cap,all,Prototype index from local manual/imported Rally price snapshots; limited price-history coverage.,0
rally_market_market_cap_weight,Market-Cap-Weighted Rally Market Index,2021-12-28,100.0,,1,market_cap,all,Prototype index from local manual/imported Rally price snapshots; limited price-history coverage.,0
rally_market_market_cap_weight,Market-Cap-Weighted Rally Market Index,2021-12-30,100.0,,1,market_cap,all,Prototype index from local manual/imported Rally price snapshots; limited price-history coverage.,0
rally_market_market_cap_weight,Market-Cap-Weighted Rally Market Index,2021-12-31,100.0,,1,market_cap,all,Prototype index from local manual/imported Rally price snapshots; limited price-history coverage.,0
rally_market_market_cap_weight,Market-Cap-Weighted Rally Market Index,2022-01-03,100.0,,5,market_cap,all,Prototype index from local manual/imported Rally price snapshots; limited price-history coverage.,0
rally_market_market_cap_weight,Market-Cap-Weighted Rally Market Index,2022-01-10,100.0,,8,market_cap,all,Prototype index from local manual/imported Rally price snapshots; limited price-history coverage.,0
rally_market_market_cap_weight,Market-Cap-Weighted Rally Market Index,2022-01-18,100.0,,3,market_cap,all,Prototype index from local manual/imported Rally price snapshots; limited price-history coverage.,0
rally_market_market_cap_weight,Market-Cap-Weighted Rally Market Index,2022-01-24,100.0,,6,market_cap,all,Prototype index from local manual/imported Rally price snapshots; limited price-history coverage.,0
rally_market_market_cap_weight,Market-Cap-Weighted Rally Market Index,2022-01-31,100.0,,7,market_cap,all,Prototype index from local manual/imported Rally price snapshots; limited price-history coverage.,0
rally_market_market_cap_weight,Market-Cap-Weighted Rally Market Index,2022-02-07,100.0,,3,market_cap,all,Prototype index from local manual/imported Rally price snapshots; limited price-history coverage.,0
rally_market_market_cap_weight,Market-Cap-Weighted Rally Market Index,2022-02-14,100.0,,4,market_cap,all,Prototype index from local manual/imported Rally price snapshots; limited price-history coverage.,0
rally_market_market_cap_weight,Market-Cap-Weighted Rally Market Index,2022-02-22,100.0,,1,market_cap,all,Prototype index from local manual/imported Rally price snapshots; limited price-history coverage.,0
rally_market_market_cap_weight,Market-Cap-Weighted Rally Market Index,2022-03-07,100.0,,1,market_cap,all,Prototype index from local manual/imported Rally price snapshots; limited price-history coverage.,0
rally_market_market_cap_weight,Market-Cap-Weighted Rally Market Index,2022-03-25,100.0,,9,market_cap,all,Prototype index from local manual/imported Rally price snapshots; limited price-history coverage.,0
rally_market_market_cap_weight,Market-Cap-Weighted Rally Market Index,2022-03-28,100.0,,23,market_cap,all,Prototype index from local manual/imported Rally price snapshots; limited price-history coverage.,0
rally_market_market_cap_weight,Market-Cap-Weighted Rally Market Index,2022-03-29,100.0,,11,market_cap,all,Prototype index from local manual/imported Rally price snapshots; limited price-history coverage.,0
rally_market_market_cap_weight,Market-Cap-Weighted Rally Market Index,2022-03-30,100.0,,9,market_cap,all,Prototype index from local manual/imported Rally price snapshots; limited price-history coverage.,0
rally_market_market_cap_weight,Market-Cap-Weighted Rally Market Index,2022-03-31,100.0,,10,market_cap,all,Prototype index from local manual/imported Rally price snapshots; limited price-history coverage.,0
rally_market_market_cap_weight,Market-Cap-Weighted Rally Market Index,2022-04-01,100.0,,2,market_cap,all,Prototype index from local manual/imported Rally price snapshots; limited price-history coverage.,0
rally_market_market_cap_weight,Market-Cap-Weighted Rally Market Index,2022-04-11,100.0,,1,market_cap,all,Prototype index from local manual/imported Rally price snapshots; limited price-history coverage.,0
rally_market_market_cap_weight,Market-Cap-Weighted Rally Market Index,2022-06-24,100.0,,5,market_cap,all,Prototype index from local manual/imported Rally price snapshots; limited price-history coverage.,0
rally_market_market_cap_weight,Market-Cap-Weighted Rally Market Index,2022-06-27,100.0,,30,market_cap,all,Prototype index from local manual/imported Rally price snapshots; limited price-history coverage.,0
rally_market_market_cap_weight,Market-Cap-Weighted Rally Market Index,2022-06-28,100.0,,4,market_cap,all,Prototype index from local manual/imported Rally price snapshots; limited price-history coverage.,0
rally_market_market_cap_weight,Market-Cap-Weighted Rally Market Index,2022-06-29,100.0,,9,market_cap,all,Prototype index from local manual/imported Rally price snapshots; limited price-history coverage.,0
rally_market_market_cap_weight,Market-Cap-Weighted Rally Market Index,2022-06-30,100.0,,17,market_cap,all,Prototype index from local manual/imported Rally price snapshots; limited price-history coverage.,0
rally_market_market_cap_weight,Market-Cap-Weighted Rally Market Index,2022-07-01,100.0,,2,market_cap,all,Prototype index from local manual/imported Rally price snapshots; limited price-history coverage.,0
rally_market_market_cap_weight,Market-Cap-Weighted Rally Market Index,2022-09-26,100.0,,15,market_cap,all,Prototype index from local manual/imported Rally price snapshots; limited price-history coverage.,0
rally_market_market_cap_weight,Market-Cap-Weighted Rally Market Index,2022-09-27,100.0,,14,market_cap,all,Prototype index from local manual/imported Rally price snapshots; limited price-history coverage.,0
rally_market_market_cap_weight,Market-Cap-Weighted Rally Market Index,2022-09-28,100.0,,11,market_cap,all,Prototype index from local manual/imported Rally price snapshots; limited price-history coverage.,0
rally_market_market_cap_weight,Market-Cap-Weighted Rally Market Index,2022-09-29,100.0,,12,market_cap,all,Prototype index from local manual/imported Rally price snapshots; limited price-history coverage.,0
rally_market_market_cap_weight,Market-Cap-Weighted Rally Market Index,2022-09-30,100.0,,16,market_cap,all,Prototype index from local manual/imported Rally price snapshots; limited price-history coverage.,0
rally_market_market_cap_weight,Market-Cap-Weighted Rally Market Index,2022-10-03,100.0,,2,market_cap,all,Prototype index from local manual/imported Rally price snapshots; limited price-history coverage.,0
rally_market_market_cap_weight,Market-Cap-Weighted Rally Market Index,2022-10-10,100.0,,2,market_cap,all,Prototype index from local manual/imported Rally price snapshots; limited price-history coverage.,0
rally_market_market_cap_weight,Market-Cap-Weighted Rally Market Index,2022-10-17,100.0,,1,market_cap,all,Prototype index from local manual/imported Rally price snapshots; limited price-history coverage.,0
rally_market_market_cap_weight,Market-Cap-Weighted Rally Market Index,2022-12-27,100.0,,19,market_cap,all,Prototype index from local manual/imported Rally price snapshots; limited price-history coverage.,0
rally_market_market_cap_weight,Market-Cap-Weighted Rally Market Index,2022-12-28,100.0,,12,market_cap,all,Prototype index from local manual/imported Rally price snapshots; limited price-history coverage.,0
rally_market_market_cap_weight,Market-Cap-Weighted Rally Market Index,2022-12-29,100.0,,16,market_cap,all,Prototype index from local manual/imported Rally price snapshots; limited price-history coverage.,0
rally_market_market_cap_weight,Market-Cap-Weighted Rally Market Index,2022-12-30,100.0,,31,market_cap,all,Prototype index from local manual/imported Rally price snapshots; limited price-history coverage.,0
rally_market_market_cap_weight,Market-Cap-Weighted Rally Market Index,2023-03-13,100.0,,1,market_cap,all,Prototype index from local manual/imported Rally price snapshots; limited price-history coverage.,0
rally_market_market_cap_weight,Market-Cap-Weighted Rally Market Index,2023-03-24,100.0,,1,market_cap,all,Prototype index from local manual/imported Rally price snapshots; limited price-history coverage.,0
rally_market_market_cap_weight,Market-Cap-Weighted Rally Market Index,2023-03-27,100.0,,12,market_cap,all,Prototype index from local manual/imported Rally price snapshots; limited price-history coverage.,0
rally_market_market_cap_weight,Market-Cap-Weighted Rally Market Index,2023-03-28,100.0,,10,market_cap,all,Prototype index from local manual/imported Rally price snapshots; limited price-history coverage.,0
rally_market_market_cap_weight,Market-Cap-Weighted Rally Market Index,2023-03-29,100.0,,12,market_cap,all,Prototype index from local manual/imported Rally price snapshots; limited price-history coverage.,0
rally_market_market_cap_weight,Market-Cap-Weighted Rally Market Index,2023-03-30,100.0,,18,market_cap,all,Prototype index from local manual/imported Rally price snapshots; limited price-history coverage.,0
rally_market_market_cap_weight,Market-Cap-Weighted Rally Market Index,2023-03-31,100.0,,26,market_cap,all,Prototype index from local manual/imported Rally price snapshots; limited price-history coverage.,0
rally_market_market_cap_weight,Market-Cap-Weighted Rally Market Index,2023-06-26,108.995434,0.08995433789954341,12,market_cap,all,Prototype index from local manual/imported Rally price snapshots; limited price-history coverage.,0
rally_market_market_cap_weight,Market-Cap-Weighted Rally Market Index,2023-06-27,108.995434,,13,market_cap,all,Prototype index from local manual/imported Rally price snapshots; limited price-history coverage.,0
rally_market_market_cap_weight,Market-Cap-Weighted Rally Market Index,2023-06-28,108.995434,,11,market_cap,all,Prototype index from local manual/imported Rally price snapshots; limited price-history coverage.,0
rally_market_market_cap_weight,Market-Cap-Weighted Rally Market Index,2023-06-29,108.995434,,18,market_cap,all,Prototype index from local manual/imported Rally price snapshots; limited price-history coverage.,0
rally_market_market_cap_weight,Market-Cap-Weighted Rally Market Index,2023-06-30,108.995434,,25,market_cap,all,Prototype index from local manual/imported Rally price snapshots; limited price-history coverage.,0
rally_market_market_cap_weight,Market-Cap-Weighted Rally Market Index,2023-09-25,106.550169,-0.022434565849605258,11,market_cap,all,Prototype index from local manual/imported Rally price snapshots; limited price-history coverage.,0
rally_market_market_cap_weight,Market-Cap-Weighted Rally Market Index,2023-09-26,106.550169,,15,market_cap,all,Prototype index from local manual/imported Rally price snapshots; limited price-history coverage.,0
rally_market_market_cap_weight,Market-Cap-Weighted Rally Market Index,2023-09-27,106.550169,,11,market_cap,all,Prototype index from local manual/imported Rally price snapshots; limited price-history coverage.,0
rally_market_market_cap_weight,Market-Cap-Weighted Rally Market Index,2023-09-28,106.550169,,16,market_cap,all,Prototype index from local manual/imported Rally price snapshots; limited price-history coverage.,0
rally_market_market_cap_weight,Market-Cap-Weighted Rally Market Index,2023-09-29,106.550169,,26,market_cap,all,Prototype index from local manual/imported Rally price snapshots; limited price-history coverage.,0
rally_market_market_cap_weight,Market-Cap-Weighted Rally Market Index,2023-12-26,126.528325,0.1875,3,market_cap,all,Prototype index from local manual/imported Rally price snapshots; limited price-history coverage.,0
rally_market_market_cap_weight,Market-Cap-Weighted Rally Market Index,2023-12-27,126.528325,,4,market_cap,all,Prototype index from local manual/imported Rally price snapshots; limited price-history coverage.,0
rally_market_market_cap_weight,Market-Cap-Weighted Rally Market Index,2023-12-28,126.528325,,10,market_cap,all,Prototype index from local manual/imported Rally price snapshots; limited price-history coverage.,0
rally_market_market_cap_weight,Market-Cap-Weighted Rally Market Index,2023-12-29,126.528325,,61,market_cap,all,Prototype index from local manual/imported Rally price snapshots; limited price-history coverage.,0
rally_market_market_cap_weight,Market-Cap-Weighted Rally Market Index,2024-03-22,144.059358,0.13855421686746985,2,market_cap,all,Prototype index from local manual/imported Rally price snapshots; limited price-history coverage.,0
rally_market_market_cap_weight,Market-Cap-Weighted Rally Market Index,2024-03-25,144.059358,,16,market_cap,all,Prototype index from local manual/imported Rally price snapshots; limited price-history coverage.,0
rally_market_market_cap_weight,Market-Cap-Weighted Rally Market Index,2024-03-26,144.059358,,13,market_cap,all,Prototype index from local manual/imported Rally price snapshots; limited price-history coverage.,0
rally_market_market_cap_weight,Market-Cap-Weighted Rally Market Index,2024-03-27,144.059358,,8,market_cap,all,Prototype index from local manual/imported Rally price snapshots; limited price-history coverage.,0
rally_market_market_cap_weight,Market-Cap-Weighted Rally Market Index,2024-03-28,144.059358,,38,market_cap,all,Prototype index from local manual/imported Rally price snapshots; limited price-history coverage.,0
rally_market_market_cap_weight,Market-Cap-Weighted Rally Market Index,2024-04-02,144.059358,,1,market_cap,all,Prototype index from local manual/imported Rally price snapshots; limited price-history coverage.,0
rally_market_market_cap_weight,Market-Cap-Weighted Rally Market Index,2024-06-21,144.059358,,1,market_cap,all,Prototype index from local manual/imported Rally price snapshots; limited price-history coverage.,0
rally_market_market_cap_weight,Market-Cap-Weighted Rally Market Index,2024-06-24,144.059358,,16,market_cap,all,Prototype index from local manual/imported Rally price snapshots; limited price-history coverage.,0
rally_market_market_cap_weight,Market-Cap-Weighted Rally Market Index,2024-06-25,144.059358,,8,market_cap,all,Prototype index from local manual/imported Rally price snapshots; limited price-history coverage.,0
rally_market_market_cap_weight,Market-Cap-Weighted Rally Market Index,2024-06-26,144.059358,,16,market_cap,all,Prototype index from local manual/imported Rally price snapshots; limited price-history coverage.,0
rally_market_market_cap_weight,Market-Cap-Weighted Rally Market Index,2024-06-27,144.059358,,14,market_cap,all,Prototype index from local manual/imported Rally price snapshots; limited price-history coverage.,0
rally_market_market_cap_weight,Market-Cap-Weighted Rally Market Index,2024-06-28,144.059358,,23,market_cap,all,Prototype index from local manual/imported Rally price snapshots; limited price-history coverage.,0
rally_market_market_cap_weight,Market-Cap-Weighted Rally Market Index,2024-09-23,144.059358,,1,market_cap,all,Prototype index from local manual/imported Rally price snapshots; limited price-history coverage.,0
rally_market_market_cap_weight,Market-Cap-Weighted Rally Market Index,2024-09-24,144.059358,,5,market_cap,all,Prototype index from local manual/imported Rally price snapshots; limited price-history coverage.,0
rally_market_market_cap_weight,Market-Cap-Weighted Rally Market Index,2024-09-25,144.059358,,13,market_cap,all,Prototype index from local manual/imported Rally price snapshots; limited price-history coverage.,0
rally_market_market_cap_weight,Market-Cap-Weighted Rally Market Index,2024-09-26,144.059358,,14,market_cap,all,Prototype index from local manual/imported Rally price snapshots; limited price-history coverage.,0
rally_market_market_cap_weight,Market-Cap-Weighted Rally Market Index,2024-09-27,144.059358,,23,market_cap,all,Prototype index from local manual/imported Rally price snapshots; limited price-history coverage.,0
rally_market_market_cap_weight,Market-Cap-Weighted Rally Market Index,2024-09-30,144.059358,,21,market_cap,all,Prototype index from local manual/imported Rally price snapshots; limited price-history coverage.,0
rally_market_market_cap_weight,Market-Cap-Weighted Rally Market Index,2024-10-02,144.059358,,1,market_cap,all,Prototype index from local manual/imported Rally price snapshots; limited price-history coverage.,0
rally_market_market_cap_weight,Market-Cap-Weighted Rally Market Index,2024-12-24,144.059358,,2,market_cap,all,Prototype index from local manual/imported Rally price snapshots; limited price-history coverage.,0
rally_market_market_cap_weight,Market-Cap-Weighted Rally Market Index,2024-12-26,144.059358,,7,market_cap,all,Prototype index from local manual/imported Rally price snapshots; limited price-history coverage.,0
rally_market_market_cap_weight,Market-Cap-Weighted Rally Market Index,2024-12-27,144.059358,,26,market_cap,all,Prototype index from local manual/imported Rally price snapshots; limited price-history coverage.,0
rally_market_market_cap_weight,Market-Cap-Weighted Rally Market Index,2024-12-30,144.059358,,28,market_cap,all,Prototype index from local manual/imported Rally price snapshots; limited price-history coverage.,0
rally_market_market_cap_weight,Market-Cap-Weighted Rally Market Index,2024-12-31,144.059358,,14,market_cap,all,Prototype index from local manual/imported Rally price snapshots; limited price-history coverage.,0
rally_market_market_cap_weight,Market-Cap-Weighted Rally Market Index,2025-03-24,144.059358,,2,market_cap,all,Prototype index from local manual/imported Rally price snapshots; limited price-history coverage.,0
rally_market_market_cap_weight,Market-Cap-Weighted Rally Market Index,2025-03-25,144.059358,,1,market_cap,all,Prototype index from local manual/imported Rally price snapshots; limited price-history coverage.,0
rally_market_market_cap_weight,Market-Cap-Weighted Rally Market Index,2025-03-26,144.059358,,6,market_cap,all,Prototype index from local manual/imported Rally price snapshots; limited price-history coverage.,0
rally_market_market_cap_weight,Market-Cap-Weighted Rally Market Index,2025-03-27,144.059358,,14,market_cap,all,Prototype index from local manual/imported Rally price snapshots; limited price-history coverage.,0
rally_market_market_cap_weight,Market-Cap-Weighted Rally Market Index,2025-03-28,144.059358,,26,market_cap,all,Prototype index from local manual/imported Rally price snapshots; limited price-history coverage.,0
rally_market_market_cap_weight,Market-Cap-Weighted Rally Market Index,2025-03-31,144.059358,,26,market_cap,all,Prototype index from local manual/imported Rally price snapshots; limited price-history coverage.,0
rally_market_market_cap_weight,Market-Cap-Weighted Rally Market Index,2025-04-01,144.059358,,2,market_cap,all,Prototype index from local manual/imported Rally price snapshots; limited price-history coverage.,0
rally_market_market_cap_weight,Market-Cap-Weighted Rally Market Index,2025-06-24,144.059358,,7,market_cap,all,Prototype index from local manual/imported Rally price snapshots; limited price-history coverage.,0
rally_market_market_cap_weight,Market-Cap-Weighted Rally Market Index,2025-06-25,144.059358,,11,market_cap,all,Prototype index from local manual/imported Rally price snapshots; limited price-history coverage.,0
rally_market_market_cap_weight,Market-Cap-Weighted Rally Market Index,2025-06-26,144.059358,,6,market_cap,all,Prototype index from local manual/imported Rally price snapshots; limited price-history coverage.,0
rally_market_market_cap_weight,Market-Cap-Weighted Rally Market Index,2025-06-27,144.059358,,27,market_cap,all,Prototype index from local manual/imported Rally price snapshots; limited price-history coverage.,0
rally_market_market_cap_weight,Market-Cap-Weighted Rally Market Index,2025-06-30,144.059358,,22,market_cap,all,Prototype index from local manual/imported Rally price snapshots; limited price-history coverage.,0
rally_market_market_cap_weight,Market-Cap-Weighted Rally Market Index,2025-07-02,144.059358,,1,market_cap,all,Prototype index from local manual/imported Rally price snapshots; limited price-history coverage.,0
rally_market_market_cap_weight,Market-Cap-Weighted Rally Market Index,2025-09-24,144.059358,,2,market_cap,all,Prototype index from local manual/imported Rally price snapshots; limited price-history coverage.,0
rally_market_market_cap_weight,Market-Cap-Weighted Rally Market Index,2025-09-25,144.059358,,8,market_cap,all,Prototype index from local manual/imported Rally price snapshots; limited price-history coverage.,0
rally_market_market_cap_weight,Market-Cap-Weighted Rally Market Index,2025-09-26,144.059358,,25,market_cap,all,Prototype index from local manual/imported Rally price snapshots; limited price-history coverage.,0
rally_market_market_cap_weight,Market-Cap-Weighted Rally Market Index,2025-09-29,144.059358,,26,market_cap,all,Prototype index from local manual/imported Rally price snapshots; limited price-history coverage.,0
rally_market_market_cap_weight,Market-Cap-Weighted Rally Market Index,2025-09-30,144.059358,,12,market_cap,all,Prototype index from local manual/imported Rally price snapshots; limited price-history coverage.,0
rally_market_market_cap_weight,Market-Cap-Weighted Rally Market Index,2025-10-01,144.059358,,1,market_cap,all,Prototype index from local manual/imported Rally price snapshots; limited price-history coverage.,0
rally_market_market_cap_weight,Market-Cap-Weighted Rally Market Index,2025-12-26,143.819259,-0.0016666666666667052,14,market_cap,all,Prototype index from local manual/imported Rally price snapshots; limited price-history coverage.,0
rally_market_market_cap_weight,Market-Cap-Weighted Rally Market Index,2025-12-29,143.819259,,21,market_cap,all,Prototype index from local manual/imported Rally price snapshots; limited price-history coverage.,0
rally_market_market_cap_weight,Market-Cap-Weighted Rally Market Index,2025-12-30,143.819259,,21,market_cap,all,Prototype index from local manual/imported Rally price snapshots; limited price-history coverage.,0
rally_market_market_cap_weight,Market-Cap-Weighted Rally Market Index,2025-12-31,143.819259,,19,market_cap,all,Prototype index from local manual/imported Rally price snapshots; limited price-history coverage.,0
rally_market_market_cap_weight,Market-Cap-Weighted Rally Market Index,2026-03-24,143.819259,,1,market_cap,all,Prototype index from local manual/imported Rally price snapshots; limited price-history coverage.,0
rally_market_market_cap_weight,Market-Cap-Weighted Rally Market Index,2026-03-25,143.819259,,4,market_cap,all,Prototype index from local manual/imported Rally price snapshots; limited price-history coverage.,0
rally_market_market_cap_weight,Market-Cap-Weighted Rally Market Index,2026-03-26,143.819259,,11,market_cap,all,Prototype index from local manual/imported Rally price snapshots; limited price-history coverage.,0
rally_market_market_cap_weight,Market-Cap-Weighted Rally Market Index,2026-03-27,143.819259,,28,market_cap,all,Prototype index from local manual/imported Rally price snapshots; limited price-history coverage.,0
rally_market_market_cap_weight,Market-Cap-Weighted Rally Market Index,2026-03-30,143.819259,,21,market_cap,all,Prototype index from local manual/imported Rally price snapshots; limited price-history coverage.,0
rally_market_market_cap_weight,Market-Cap-Weighted Rally Market Index,2026-03-31,143.819259,,10,market_cap,all,Prototype index from local manual/imported Rally price snapshots; limited price-history coverage.,0
rally_market_market_cap_weight,Market-Cap-Weighted Rally Market Index,2026-06-22,143.819259,,1,market_cap,all,Prototype index from local manual/imported Rally price snapshots; limited price-history coverage.,0
rally_market_market_cap_weight,Market-Cap-Weighted Rally Market Index,2026-06-24,143.819259,,5,market_cap,all,Prototype index from local manual/imported Rally price snapshots; limited price-history coverage.,0
rally_market_market_cap_weight,Market-Cap-Weighted Rally Market Index,2026-06-25,143.819259,,6,market_cap,all,Prototype index from local manual/imported Rally price snapshots; limited price-history coverage.,0
rally_market_market_cap_weight,Market-Cap-Weighted Rally Market Index,2026-06-26,143.819259,,23,market_cap,all,Prototype index from local manual/imported Rally price snapshots; limited price-history coverage.,0
rally_market_market_cap_weight,Market-Cap-Weighted Rally Market Index,2026-06-29,143.819259,,27,market_cap,all,Prototype index from local manual/imported Rally price snapshots; limited price-history coverage.,0
rally_market_market_cap_weight,Market-Cap-Weighted Rally Market Index,2026-06-30,143.819259,,10,market_cap,all,Prototype index from local manual/imported Rally price snapshots; limited price-history coverage.,0
rally_market_market_cap_weight,Market-Cap-Weighted Rally Market Index,2026-07-01,143.819259,,2,market_cap,all,Prototype index from local manual/imported Rally price snapshots; limited price-history coverage.,0
rally_market_market_cap_weight,Market-Cap-Weighted Rally Market Index,2026-07-02,143.819259,,2,market_cap,all,Prototype index from local manual/imported Rally price snapshots; limited price-history coverage.,0
rally_market_market_cap_weight,Market-Cap-Weighted Rally Market Index,2026-07-08,143.819259,,1,market_cap,all,Prototype index from local manual/imported Rally price snapshots; limited price-history coverage.,0
rally_market_market_cap_weight,Market-Cap-Weighted Rally Market Index,2026-07-09,143.819259,,2,market_cap,all,Prototype index from local manual/imported Rally price snapshots; limited price-history coverage.,0
rally_market_market_cap_weight,Market-Cap-Weighted Rally Market Index,2026-07-22,143.819259,,1,market_cap,all,Prototype index from local manual/imported Rally price snapshots; limited price-history coverage.,0
rally_market_market_cap_weight,Market-Cap-Weighted Rally Market Index,2026-07-23,143.819259,,2,market_cap,all,Prototype index from local manual/imported Rally price snapshots; limited price-history coverage.,0
