index_id,index_name,date,index_level,return_1d,constituent_count,weighting_method,category,data_quality_notes,max_staleness_days
rally_quarterly_all_equal_weight,Rally Market Equal-Weighted Quarterly Historical Index Prototype,2019-12-31,100.0,,7,equal,all,"Quarterly Historical Index Prototype from manually transcribed Rally observations; period_end is the calendar quarter, observed_at may be earlier, and no interpolation is used.",0
rally_quarterly_all_equal_weight,Rally Market Equal-Weighted Quarterly Historical Index Prototype,2020-03-31,109.357559,0.09357559360145135,7,equal,all,"Quarterly Historical Index Prototype from manually transcribed Rally observations; period_end is the calendar quarter, observed_at may be earlier, and no interpolation is used.",0
rally_quarterly_all_equal_weight,Rally Market Equal-Weighted Quarterly Historical Index Prototype,2020-06-30,132.784862,0.21422663732395333,16,equal,all,"Quarterly Historical Index Prototype from manually transcribed Rally observations; period_end is the calendar quarter, observed_at may be earlier, and no interpolation is used.",0
rally_quarterly_all_equal_weight,Rally Market Equal-Weighted Quarterly Historical Index Prototype,2020-09-30,142.363886,0.07213943243072216,27,equal,all,"Quarterly Historical Index Prototype from manually transcribed Rally observations; period_end is the calendar quarter, observed_at may be earlier, and no interpolation is used.",0
rally_quarterly_all_equal_weight,Rally Market Equal-Weighted Quarterly Historical Index Prototype,2020-12-31,155.031571,0.08898102816995941,39,equal,all,"Quarterly Historical Index Prototype from manually transcribed Rally observations; period_end is the calendar quarter, observed_at may be earlier, and no interpolation is used.",0
rally_quarterly_all_equal_weight,Rally Market Equal-Weighted Quarterly Historical Index Prototype,2021-01-31,155.031571,,1,equal,all,"Quarterly Historical Index Prototype from manually transcribed Rally observations; period_end is the calendar quarter, observed_at may be earlier, and no interpolation is used.",0
rally_quarterly_all_equal_weight,Rally Market Equal-Weighted Quarterly Historical Index Prototype,2021-03-31,155.031571,,44,equal,all,"Quarterly Historical Index Prototype from manually transcribed Rally observations; period_end is the calendar quarter, observed_at may be earlier, and no interpolation is used.",0
rally_quarterly_all_equal_weight,Rally Market Equal-Weighted Quarterly Historical Index Prototype,2021-06-30,165.69161,0.06876043955460256,52,equal,all,"Quarterly Historical Index Prototype from manually transcribed Rally observations; period_end is the calendar quarter, observed_at may be earlier, and no interpolation is used.",0
rally_quarterly_all_equal_weight,Rally Market Equal-Weighted Quarterly Historical Index Prototype,2021-09-30,185.28433,0.11824810950378918,51,equal,all,"Quarterly Historical Index Prototype from manually transcribed Rally observations; period_end is the calendar quarter, observed_at may be earlier, and no interpolation is used.",0
rally_quarterly_all_equal_weight,Rally Market Equal-Weighted Quarterly Historical Index Prototype,2021-12-31,185.290233,3.1858418410602666e-05,58,equal,all,"Quarterly Historical Index Prototype from manually transcribed Rally observations; period_end is the calendar quarter, observed_at may be earlier, and no interpolation is used.",0
rally_quarterly_all_equal_weight,Rally Market Equal-Weighted Quarterly Historical Index Prototype,2022-03-31,160.8594,-0.13185170199114513,73,equal,all,"Quarterly Historical Index Prototype from manually transcribed Rally observations; period_end is the calendar quarter, observed_at may be earlier, and no interpolation is used.",0
rally_quarterly_all_equal_weight,Rally Market Equal-Weighted Quarterly Historical Index Prototype,2022-06-30,153.680895,-0.044625959854891935,68,equal,all,"Quarterly Historical Index Prototype from manually transcribed Rally observations; period_end is the calendar quarter, observed_at may be earlier, and no interpolation is used.",0
rally_quarterly_all_equal_weight,Rally Market Equal-Weighted Quarterly Historical Index Prototype,2022-09-30,156.471921,0.018161178374416897,77,equal,all,"Quarterly Historical Index Prototype from manually transcribed Rally observations; period_end is the calendar quarter, observed_at may be earlier, and no interpolation is used.",0
rally_quarterly_all_equal_weight,Rally Market Equal-Weighted Quarterly Historical Index Prototype,2022-12-31,161.659705,0.03315472463598886,78,equal,all,"Quarterly Historical Index Prototype from manually transcribed Rally observations; period_end is the calendar quarter, observed_at may be earlier, and no interpolation is used.",0
rally_quarterly_all_equal_weight,Rally Market Equal-Weighted Quarterly Historical Index Prototype,2023-03-31,171.739165,0.06234986411341115,80,equal,all,"Quarterly Historical Index Prototype from manually transcribed Rally observations; period_end is the calendar quarter, observed_at may be earlier, and no interpolation is used.",0
rally_quarterly_all_equal_weight,Rally Market Equal-Weighted Quarterly Historical Index Prototype,2023-06-30,175.230068,0.020326770593983003,80,equal,all,"Quarterly Historical Index Prototype from manually transcribed Rally observations; period_end is the calendar quarter, observed_at may be earlier, and no interpolation is used.",0
rally_quarterly_all_equal_weight,Rally Market Equal-Weighted Quarterly Historical Index Prototype,2023-09-30,168.263944,-0.03975415784143225,79,equal,all,"Quarterly Historical Index Prototype from manually transcribed Rally observations; period_end is the calendar quarter, observed_at may be earlier, and no interpolation is used.",0
rally_quarterly_all_equal_weight,Rally Market Equal-Weighted Quarterly Historical Index Prototype,2023-12-31,159.662079,-0.051121263351143406,79,equal,all,"Quarterly Historical Index Prototype from manually transcribed Rally observations; period_end is the calendar quarter, observed_at may be earlier, and no interpolation is used.",0
rally_quarterly_all_equal_weight,Rally Market Equal-Weighted Quarterly Historical Index Prototype,2024-03-31,174.954611,0.09578061669260625,78,equal,all,"Quarterly Historical Index Prototype from manually transcribed Rally observations; period_end is the calendar quarter, observed_at may be earlier, and no interpolation is used.",0
rally_quarterly_all_equal_weight,Rally Market Equal-Weighted Quarterly Historical Index Prototype,2024-06-30,174.088407,-0.004951019485544551,78,equal,all,"Quarterly Historical Index Prototype from manually transcribed Rally observations; period_end is the calendar quarter, observed_at may be earlier, and no interpolation is used.",0
rally_quarterly_all_equal_weight,Rally Market Equal-Weighted Quarterly Historical Index Prototype,2024-09-30,180.517472,0.03692988229291853,78,equal,all,"Quarterly Historical Index Prototype from manually transcribed Rally observations; period_end is the calendar quarter, observed_at may be earlier, and no interpolation is used.",0
rally_quarterly_all_equal_weight,Rally Market Equal-Weighted Quarterly Historical Index Prototype,2024-12-31,183.37812,0.015846934355902956,77,equal,all,"Quarterly Historical Index Prototype from manually transcribed Rally observations; period_end is the calendar quarter, observed_at may be earlier, and no interpolation is used.",0
rally_quarterly_all_equal_weight,Rally Market Equal-Weighted Quarterly Historical Index Prototype,2025-03-31,181.905849,-0.008028607169996057,78,equal,all,"Quarterly Historical Index Prototype from manually transcribed Rally observations; period_end is the calendar quarter, observed_at may be earlier, and no interpolation is used.",0
rally_quarterly_all_equal_weight,Rally Market Equal-Weighted Quarterly Historical Index Prototype,2025-06-30,187.014661,0.028084921744696983,76,equal,all,"Quarterly Historical Index Prototype from manually transcribed Rally observations; period_end is the calendar quarter, observed_at may be earlier, and no interpolation is used.",0
rally_quarterly_all_equal_weight,Rally Market Equal-Weighted Quarterly Historical Index Prototype,2025-09-30,181.671385,-0.028571426676803284,74,equal,all,"Quarterly Historical Index Prototype from manually transcribed Rally observations; period_end is the calendar quarter, observed_at may be earlier, and no interpolation is used.",0
rally_quarterly_all_equal_weight,Rally Market Equal-Weighted Quarterly Historical Index Prototype,2025-12-31,183.535004,0.01025818517005071,75,equal,all,"Quarterly Historical Index Prototype from manually transcribed Rally observations; period_end is the calendar quarter, observed_at may be earlier, and no interpolation is used.",0
rally_quarterly_all_equal_weight,Rally Market Equal-Weighted Quarterly Historical Index Prototype,2026-03-31,186.895271,0.01830859277969055,75,equal,all,"Quarterly Historical Index Prototype from manually transcribed Rally observations; period_end is the calendar quarter, observed_at may be earlier, and no interpolation is used.",0
rally_quarterly_all_equal_weight,Rally Market Equal-Weighted Quarterly Historical Index Prototype,2026-06-30,203.828328,0.09060184420858919,75,equal,all,"Quarterly Historical Index Prototype from manually transcribed Rally observations; period_end is the calendar quarter, observed_at may be earlier, and no interpolation is used.",0
rally_quarterly_all_market_cap_weight,Rally Market Market-Cap-Weighted Quarterly Historical Index Prototype,2019-12-31,100.0,,7,market_cap,all,"Quarterly Historical Index Prototype from manually transcribed Rally observations; period_end is the calendar quarter, observed_at may be earlier, and no interpolation is used.",0
rally_quarterly_all_market_cap_weight,Rally Market Market-Cap-Weighted Quarterly Historical Index Prototype,2020-03-31,108.306351,0.08306351183063503,7,market_cap,all,"Quarterly Historical Index Prototype from manually transcribed Rally observations; period_end is the calendar quarter, observed_at may be earlier, and no interpolation is used.",0
rally_quarterly_all_market_cap_weight,Rally Market Market-Cap-Weighted Quarterly Historical Index Prototype,2020-06-30,132.648668,0.22475428372618947,16,market_cap,all,"Quarterly Historical Index Prototype from manually transcribed Rally observations; period_end is the calendar quarter, observed_at may be earlier, and no interpolation is used.",0
rally_quarterly_all_market_cap_weight,Rally Market Market-Cap-Weighted Quarterly Historical Index Prototype,2020-09-30,140.110892,0.05625555497464315,27,market_cap,all,"Quarterly Historical Index Prototype from manually transcribed Rally observations; period_end is the calendar quarter, observed_at may be earlier, and no interpolation is used.",0
rally_quarterly_all_market_cap_weight,Rally Market Market-Cap-Weighted Quarterly Historical Index Prototype,2020-12-31,146.657434,0.04672400421753412,39,market_cap,all,"Quarterly Historical Index Prototype from manually transcribed Rally observations; period_end is the calendar quarter, observed_at may be earlier, and no interpolation is used.",0
rally_quarterly_all_market_cap_weight,Rally Market Market-Cap-Weighted Quarterly Historical Index Prototype,2021-01-31,146.657434,,1,market_cap,all,"Quarterly Historical Index Prototype from manually transcribed Rally observations; period_end is the calendar quarter, observed_at may be earlier, and no interpolation is used.",0
rally_quarterly_all_market_cap_weight,Rally Market Market-Cap-Weighted Quarterly Historical Index Prototype,2021-03-31,146.657434,,44,market_cap,all,"Quarterly Historical Index Prototype from manually transcribed Rally observations; period_end is the calendar quarter, observed_at may be earlier, and no interpolation is used.",0
rally_quarterly_all_market_cap_weight,Rally Market Market-Cap-Weighted Quarterly Historical Index Prototype,2021-06-30,145.439669,-0.008303463630667966,52,market_cap,all,"Quarterly Historical Index Prototype from manually transcribed Rally observations; period_end is the calendar quarter, observed_at may be earlier, and no interpolation is used.",0
rally_quarterly_all_market_cap_weight,Rally Market Market-Cap-Weighted Quarterly Historical Index Prototype,2021-09-30,160.51596,0.10366010232563047,51,market_cap,all,"Quarterly Historical Index Prototype from manually transcribed Rally observations; period_end is the calendar quarter, observed_at may be earlier, and no interpolation is used.",0
rally_quarterly_all_market_cap_weight,Rally Market Market-Cap-Weighted Quarterly Historical Index Prototype,2021-12-31,150.555966,-0.062049869179149945,58,market_cap,all,"Quarterly Historical Index Prototype from manually transcribed Rally observations; period_end is the calendar quarter, observed_at may be earlier, and no interpolation is used.",0
rally_quarterly_all_market_cap_weight,Rally Market Market-Cap-Weighted Quarterly Historical Index Prototype,2022-03-31,129.377975,-0.14066523596320873,73,market_cap,all,"Quarterly Historical Index Prototype from manually transcribed Rally observations; period_end is the calendar quarter, observed_at may be earlier, and no interpolation is used.",0
rally_quarterly_all_market_cap_weight,Rally Market Market-Cap-Weighted Quarterly Historical Index Prototype,2022-06-30,121.987245,-0.057125103491667814,68,market_cap,all,"Quarterly Historical Index Prototype from manually transcribed Rally observations; period_end is the calendar quarter, observed_at may be earlier, and no interpolation is used.",0
rally_quarterly_all_market_cap_weight,Rally Market Market-Cap-Weighted Quarterly Historical Index Prototype,2022-09-30,122.287852,0.0024642499478936234,77,market_cap,all,"Quarterly Historical Index Prototype from manually transcribed Rally observations; period_end is the calendar quarter, observed_at may be earlier, and no interpolation is used.",0
rally_quarterly_all_market_cap_weight,Rally Market Market-Cap-Weighted Quarterly Historical Index Prototype,2022-12-31,124.94014,0.02168888724716936,78,market_cap,all,"Quarterly Historical Index Prototype from manually transcribed Rally observations; period_end is the calendar quarter, observed_at may be earlier, and no interpolation is used.",0
rally_quarterly_all_market_cap_weight,Rally Market Market-Cap-Weighted Quarterly Historical Index Prototype,2023-03-31,132.643785,0.06165868712416044,80,market_cap,all,"Quarterly Historical Index Prototype from manually transcribed Rally observations; period_end is the calendar quarter, observed_at may be earlier, and no interpolation is used.",0
rally_quarterly_all_market_cap_weight,Rally Market Market-Cap-Weighted Quarterly Historical Index Prototype,2023-06-30,134.818127,0.016392341187133133,80,market_cap,all,"Quarterly Historical Index Prototype from manually transcribed Rally observations; period_end is the calendar quarter, observed_at may be earlier, and no interpolation is used.",0
rally_quarterly_all_market_cap_weight,Rally Market Market-Cap-Weighted Quarterly Historical Index Prototype,2023-09-30,127.160528,-0.0567994721901299,79,market_cap,all,"Quarterly Historical Index Prototype from manually transcribed Rally observations; period_end is the calendar quarter, observed_at may be earlier, and no interpolation is used.",0
rally_quarterly_all_market_cap_weight,Rally Market Market-Cap-Weighted Quarterly Historical Index Prototype,2023-12-31,117.213319,-0.07822560850809555,79,market_cap,all,"Quarterly Historical Index Prototype from manually transcribed Rally observations; period_end is the calendar quarter, observed_at may be earlier, and no interpolation is used.",0
rally_quarterly_all_market_cap_weight,Rally Market Market-Cap-Weighted Quarterly Historical Index Prototype,2024-03-31,129.23019,0.10252138466116967,78,market_cap,all,"Quarterly Historical Index Prototype from manually transcribed Rally observations; period_end is the calendar quarter, observed_at may be earlier, and no interpolation is used.",0
rally_quarterly_all_market_cap_weight,Rally Market Market-Cap-Weighted Quarterly Historical Index Prototype,2024-06-30,128.031012,-0.009279397087876822,78,market_cap,all,"Quarterly Historical Index Prototype from manually transcribed Rally observations; period_end is the calendar quarter, observed_at may be earlier, and no interpolation is used.",0
rally_quarterly_all_market_cap_weight,Rally Market Market-Cap-Weighted Quarterly Historical Index Prototype,2024-09-30,130.257294,0.017388614857515534,78,market_cap,all,"Quarterly Historical Index Prototype from manually transcribed Rally observations; period_end is the calendar quarter, observed_at may be earlier, and no interpolation is used.",0
rally_quarterly_all_market_cap_weight,Rally Market Market-Cap-Weighted Quarterly Historical Index Prototype,2024-12-31,132.967694,0.020808050017564184,77,market_cap,all,"Quarterly Historical Index Prototype from manually transcribed Rally observations; period_end is the calendar quarter, observed_at may be earlier, and no interpolation is used.",0
rally_quarterly_all_market_cap_weight,Rally Market Market-Cap-Weighted Quarterly Historical Index Prototype,2025-03-31,130.401998,-0.01929563853257655,78,market_cap,all,"Quarterly Historical Index Prototype from manually transcribed Rally observations; period_end is the calendar quarter, observed_at may be earlier, and no interpolation is used.",0
rally_quarterly_all_market_cap_weight,Rally Market Market-Cap-Weighted Quarterly Historical Index Prototype,2025-06-30,129.026178,-0.010550601819935227,76,market_cap,all,"Quarterly Historical Index Prototype from manually transcribed Rally observations; period_end is the calendar quarter, observed_at may be earlier, and no interpolation is used.",0
rally_quarterly_all_market_cap_weight,Rally Market Market-Cap-Weighted Quarterly Historical Index Prototype,2025-09-30,125.549544,-0.026945182834321377,74,market_cap,all,"Quarterly Historical Index Prototype from manually transcribed Rally observations; period_end is the calendar quarter, observed_at may be earlier, and no interpolation is used.",0
rally_quarterly_all_market_cap_weight,Rally Market Market-Cap-Weighted Quarterly Historical Index Prototype,2025-12-31,124.295741,-0.009986525627271235,75,market_cap,all,"Quarterly Historical Index Prototype from manually transcribed Rally observations; period_end is the calendar quarter, observed_at may be earlier, and no interpolation is used.",0
rally_quarterly_all_market_cap_weight,Rally Market Market-Cap-Weighted Quarterly Historical Index Prototype,2026-03-31,124.406922,0.0008944938736441465,75,market_cap,all,"Quarterly Historical Index Prototype from manually transcribed Rally observations; period_end is the calendar quarter, observed_at may be earlier, and no interpolation is used.",0
rally_quarterly_all_market_cap_weight,Rally Market Market-Cap-Weighted Quarterly Historical Index Prototype,2026-06-30,129.112775,0.037826295468572836,75,market_cap,all,"Quarterly Historical Index Prototype from manually transcribed Rally observations; period_end is the calendar quarter, observed_at may be earlier, and no interpolation is used.",0
rally_quarterly_books_equal_weight,Rally Books Equal-Weighted Quarterly Historical Index Prototype,2019-12-31,100.0,,2,equal,books,"Quarterly Historical Index Prototype from manually transcribed Rally observations; period_end is the calendar quarter, observed_at may be earlier, and no interpolation is used.",0
rally_quarterly_books_equal_weight,Rally Books Equal-Weighted Quarterly Historical Index Prototype,2020-03-31,110.36143,0.1036143039591314,5,equal,books,"Quarterly Historical Index Prototype from manually transcribed Rally observations; period_end is the calendar quarter, observed_at may be earlier, and no interpolation is used.",0
rally_quarterly_books_equal_weight,Rally Books Equal-Weighted Quarterly Historical Index Prototype,2020-06-30,131.00696,0.187071964788744,8,equal,books,"Quarterly Historical Index Prototype from manually transcribed Rally observations; period_end is the calendar quarter, observed_at may be earlier, and no interpolation is used.",0
rally_quarterly_books_equal_weight,Rally Books Equal-Weighted Quarterly Historical Index Prototype,2020-09-30,137.601235,0.05033530566536917,12,equal,books,"Quarterly Historical Index Prototype from manually transcribed Rally observations; period_end is the calendar quarter, observed_at may be earlier, and no interpolation is used.",0
rally_quarterly_books_equal_weight,Rally Books Equal-Weighted Quarterly Historical Index Prototype,2020-12-31,171.035509,0.24297945650993885,16,equal,books,"Quarterly Historical Index Prototype from manually transcribed Rally observations; period_end is the calendar quarter, observed_at may be earlier, and no interpolation is used.",0
rally_quarterly_books_equal_weight,Rally Books Equal-Weighted Quarterly Historical Index Prototype,2021-03-31,199.125668,0.16423583420769683,18,equal,books,"Quarterly Historical Index Prototype from manually transcribed Rally observations; period_end is the calendar quarter, observed_at may be earlier, and no interpolation is used.",0
rally_quarterly_books_equal_weight,Rally Books Equal-Weighted Quarterly Historical Index Prototype,2021-06-30,198.32311,-0.004030411701477822,22,equal,books,"Quarterly Historical Index Prototype from manually transcribed Rally observations; period_end is the calendar quarter, observed_at may be earlier, and no interpolation is used.",0
rally_quarterly_books_equal_weight,Rally Books Equal-Weighted Quarterly Historical Index Prototype,2021-09-30,216.89643,0.09365181799517149,22,equal,books,"Quarterly Historical Index Prototype from manually transcribed Rally observations; period_end is the calendar quarter, observed_at may be earlier, and no interpolation is used.",0
rally_quarterly_books_equal_weight,Rally Books Equal-Weighted Quarterly Historical Index Prototype,2021-12-31,218.10915,0.005591239883194711,28,equal,books,"Quarterly Historical Index Prototype from manually transcribed Rally observations; period_end is the calendar quarter, observed_at may be earlier, and no interpolation is used.",0
rally_quarterly_books_equal_weight,Rally Books Equal-Weighted Quarterly Historical Index Prototype,2022-03-31,168.60431,-0.22697277800693777,37,equal,books,"Quarterly Historical Index Prototype from manually transcribed Rally observations; period_end is the calendar quarter, observed_at may be earlier, and no interpolation is used.",0
rally_quarterly_books_equal_weight,Rally Books Equal-Weighted Quarterly Historical Index Prototype,2022-06-30,165.307224,-0.019555167890090788,33,equal,books,"Quarterly Historical Index Prototype from manually transcribed Rally observations; period_end is the calendar quarter, observed_at may be earlier, and no interpolation is used.",0
rally_quarterly_books_equal_weight,Rally Books Equal-Weighted Quarterly Historical Index Prototype,2022-09-30,163.66394,-0.009940790022302795,38,equal,books,"Quarterly Historical Index Prototype from manually transcribed Rally observations; period_end is the calendar quarter, observed_at may be earlier, and no interpolation is used.",0
rally_quarterly_books_equal_weight,Rally Books Equal-Weighted Quarterly Historical Index Prototype,2022-12-31,162.82521,-0.005124709584097113,38,equal,books,"Quarterly Historical Index Prototype from manually transcribed Rally observations; period_end is the calendar quarter, observed_at may be earlier, and no interpolation is used.",0
rally_quarterly_books_equal_weight,Rally Books Equal-Weighted Quarterly Historical Index Prototype,2023-03-31,160.985754,-0.011297122305690264,40,equal,books,"Quarterly Historical Index Prototype from manually transcribed Rally observations; period_end is the calendar quarter, observed_at may be earlier, and no interpolation is used.",0
rally_quarterly_books_equal_weight,Rally Books Equal-Weighted Quarterly Historical Index Prototype,2023-06-30,166.267433,0.03280836625563484,40,equal,books,"Quarterly Historical Index Prototype from manually transcribed Rally observations; period_end is the calendar quarter, observed_at may be earlier, and no interpolation is used.",0
rally_quarterly_books_equal_weight,Rally Books Equal-Weighted Quarterly Historical Index Prototype,2023-09-30,160.185578,-0.036578749905297,40,equal,books,"Quarterly Historical Index Prototype from manually transcribed Rally observations; period_end is the calendar quarter, observed_at may be earlier, and no interpolation is used.",0
rally_quarterly_books_equal_weight,Rally Books Equal-Weighted Quarterly Historical Index Prototype,2023-12-31,153.411192,-0.04229086423304852,40,equal,books,"Quarterly Historical Index Prototype from manually transcribed Rally observations; period_end is the calendar quarter, observed_at may be earlier, and no interpolation is used.",0
rally_quarterly_books_equal_weight,Rally Books Equal-Weighted Quarterly Historical Index Prototype,2024-03-31,163.210867,0.06387848998894774,40,equal,books,"Quarterly Historical Index Prototype from manually transcribed Rally observations; period_end is the calendar quarter, observed_at may be earlier, and no interpolation is used.",0
rally_quarterly_books_equal_weight,Rally Books Equal-Weighted Quarterly Historical Index Prototype,2024-06-30,168.773588,0.03408302907217341,40,equal,books,"Quarterly Historical Index Prototype from manually transcribed Rally observations; period_end is the calendar quarter, observed_at may be earlier, and no interpolation is used.",0
rally_quarterly_books_equal_weight,Rally Books Equal-Weighted Quarterly Historical Index Prototype,2024-09-30,177.808548,0.05353302045174388,40,equal,books,"Quarterly Historical Index Prototype from manually transcribed Rally observations; period_end is the calendar quarter, observed_at may be earlier, and no interpolation is used.",0
rally_quarterly_books_equal_weight,Rally Books Equal-Weighted Quarterly Historical Index Prototype,2024-12-31,176.414924,-0.007837773942793988,40,equal,books,"Quarterly Historical Index Prototype from manually transcribed Rally observations; period_end is the calendar quarter, observed_at may be earlier, and no interpolation is used.",0
rally_quarterly_books_equal_weight,Rally Books Equal-Weighted Quarterly Historical Index Prototype,2025-03-31,177.024498,0.003455342820320076,40,equal,books,"Quarterly Historical Index Prototype from manually transcribed Rally observations; period_end is the calendar quarter, observed_at may be earlier, and no interpolation is used.",0
rally_quarterly_books_equal_weight,Rally Books Equal-Weighted Quarterly Historical Index Prototype,2025-06-30,180.225184,0.01808046946549081,39,equal,books,"Quarterly Historical Index Prototype from manually transcribed Rally observations; period_end is the calendar quarter, observed_at may be earlier, and no interpolation is used.",0
rally_quarterly_books_equal_weight,Rally Books Equal-Weighted Quarterly Historical Index Prototype,2025-09-30,168.814177,-0.06331527553223797,39,equal,books,"Quarterly Historical Index Prototype from manually transcribed Rally observations; period_end is the calendar quarter, observed_at may be earlier, and no interpolation is used.",0
rally_quarterly_books_equal_weight,Rally Books Equal-Weighted Quarterly Historical Index Prototype,2025-12-31,175.067849,0.03704470609971677,40,equal,books,"Quarterly Historical Index Prototype from manually transcribed Rally observations; period_end is the calendar quarter, observed_at may be earlier, and no interpolation is used.",0
rally_quarterly_books_equal_weight,Rally Books Equal-Weighted Quarterly Historical Index Prototype,2026-03-31,177.344133,0.013002295804487678,40,equal,books,"Quarterly Historical Index Prototype from manually transcribed Rally observations; period_end is the calendar quarter, observed_at may be earlier, and no interpolation is used.",0
rally_quarterly_books_equal_weight,Rally Books Equal-Weighted Quarterly Historical Index Prototype,2026-06-30,210.755228,0.1883969563939124,40,equal,books,"Quarterly Historical Index Prototype from manually transcribed Rally observations; period_end is the calendar quarter, observed_at may be earlier, and no interpolation is used.",0
rally_quarterly_books_market_cap_weight,Rally Books Market-Cap-Weighted Quarterly Historical Index Prototype,2019-12-31,100.0,,2,market_cap,books,"Quarterly Historical Index Prototype from manually transcribed Rally observations; period_end is the calendar quarter, observed_at may be earlier, and no interpolation is used.",0
rally_quarterly_books_market_cap_weight,Rally Books Market-Cap-Weighted Quarterly Historical Index Prototype,2020-03-31,110.607143,0.10607142857142844,5,market_cap,books,"Quarterly Historical Index Prototype from manually transcribed Rally observations; period_end is the calendar quarter, observed_at may be earlier, and no interpolation is used.",0
rally_quarterly_books_market_cap_weight,Rally Books Market-Cap-Weighted Quarterly Historical Index Prototype,2020-06-30,132.549215,0.19837843529535643,8,market_cap,books,"Quarterly Historical Index Prototype from manually transcribed Rally observations; period_end is the calendar quarter, observed_at may be earlier, and no interpolation is used.",0
rally_quarterly_books_market_cap_weight,Rally Books Market-Cap-Weighted Quarterly Historical Index Prototype,2020-09-30,139.638698,0.05348566806531519,12,market_cap,books,"Quarterly Historical Index Prototype from manually transcribed Rally observations; period_end is the calendar quarter, observed_at may be earlier, and no interpolation is used.",0
rally_quarterly_books_market_cap_weight,Rally Books Market-Cap-Weighted Quarterly Historical Index Prototype,2020-12-31,186.511633,0.33567295836099775,16,market_cap,books,"Quarterly Historical Index Prototype from manually transcribed Rally observations; period_end is the calendar quarter, observed_at may be earlier, and no interpolation is used.",0
rally_quarterly_books_market_cap_weight,Rally Books Market-Cap-Weighted Quarterly Historical Index Prototype,2021-03-31,188.810767,0.012327025483223073,18,market_cap,books,"Quarterly Historical Index Prototype from manually transcribed Rally observations; period_end is the calendar quarter, observed_at may be earlier, and no interpolation is used.",0
rally_quarterly_books_market_cap_weight,Rally Books Market-Cap-Weighted Quarterly Historical Index Prototype,2021-06-30,163.588793,-0.13358334501612223,22,market_cap,books,"Quarterly Historical Index Prototype from manually transcribed Rally observations; period_end is the calendar quarter, observed_at may be earlier, and no interpolation is used.",0
rally_quarterly_books_market_cap_weight,Rally Books Market-Cap-Weighted Quarterly Historical Index Prototype,2021-09-30,170.28967,0.04096171438786134,22,market_cap,books,"Quarterly Historical Index Prototype from manually transcribed Rally observations; period_end is the calendar quarter, observed_at may be earlier, and no interpolation is used.",0
rally_quarterly_books_market_cap_weight,Rally Books Market-Cap-Weighted Quarterly Historical Index Prototype,2021-12-31,165.81949,-0.026250451227779806,28,market_cap,books,"Quarterly Historical Index Prototype from manually transcribed Rally observations; period_end is the calendar quarter, observed_at may be earlier, and no interpolation is used.",0
rally_quarterly_books_market_cap_weight,Rally Books Market-Cap-Weighted Quarterly Historical Index Prototype,2022-03-31,129.499606,-0.21903265680449777,37,market_cap,books,"Quarterly Historical Index Prototype from manually transcribed Rally observations; period_end is the calendar quarter, observed_at may be earlier, and no interpolation is used.",0
rally_quarterly_books_market_cap_weight,Rally Books Market-Cap-Weighted Quarterly Historical Index Prototype,2022-06-30,124.908569,-0.035452130075813895,33,market_cap,books,"Quarterly Historical Index Prototype from manually transcribed Rally observations; period_end is the calendar quarter, observed_at may be earlier, and no interpolation is used.",0
rally_quarterly_books_market_cap_weight,Rally Books Market-Cap-Weighted Quarterly Historical Index Prototype,2022-09-30,119.213454,-0.04559427440903608,38,market_cap,books,"Quarterly Historical Index Prototype from manually transcribed Rally observations; period_end is the calendar quarter, observed_at may be earlier, and no interpolation is used.",0
rally_quarterly_books_market_cap_weight,Rally Books Market-Cap-Weighted Quarterly Historical Index Prototype,2022-12-31,119.646561,0.003633037008913957,38,market_cap,books,"Quarterly Historical Index Prototype from manually transcribed Rally observations; period_end is the calendar quarter, observed_at may be earlier, and no interpolation is used.",0
rally_quarterly_books_market_cap_weight,Rally Books Market-Cap-Weighted Quarterly Historical Index Prototype,2023-03-31,115.821505,-0.03196962680282238,40,market_cap,books,"Quarterly Historical Index Prototype from manually transcribed Rally observations; period_end is the calendar quarter, observed_at may be earlier, and no interpolation is used.",0
rally_quarterly_books_market_cap_weight,Rally Books Market-Cap-Weighted Quarterly Historical Index Prototype,2023-06-30,112.575739,-0.02802386070426101,40,market_cap,books,"Quarterly Historical Index Prototype from manually transcribed Rally observations; period_end is the calendar quarter, observed_at may be earlier, and no interpolation is used.",0
rally_quarterly_books_market_cap_weight,Rally Books Market-Cap-Weighted Quarterly Historical Index Prototype,2023-09-30,105.267078,-0.06492216802378685,40,market_cap,books,"Quarterly Historical Index Prototype from manually transcribed Rally observations; period_end is the calendar quarter, observed_at may be earlier, and no interpolation is used.",0
rally_quarterly_books_market_cap_weight,Rally Books Market-Cap-Weighted Quarterly Historical Index Prototype,2023-12-31,97.873313,-0.07023815214386808,40,market_cap,books,"Quarterly Historical Index Prototype from manually transcribed Rally observations; period_end is the calendar quarter, observed_at may be earlier, and no interpolation is used.",0
rally_quarterly_books_market_cap_weight,Rally Books Market-Cap-Weighted Quarterly Historical Index Prototype,2024-03-31,104.208638,0.06472985267129674,40,market_cap,books,"Quarterly Historical Index Prototype from manually transcribed Rally observations; period_end is the calendar quarter, observed_at may be earlier, and no interpolation is used.",0
rally_quarterly_books_market_cap_weight,Rally Books Market-Cap-Weighted Quarterly Historical Index Prototype,2024-06-30,110.890724,0.06412218548260115,40,market_cap,books,"Quarterly Historical Index Prototype from manually transcribed Rally observations; period_end is the calendar quarter, observed_at may be earlier, and no interpolation is used.",0
rally_quarterly_books_market_cap_weight,Rally Books Market-Cap-Weighted Quarterly Historical Index Prototype,2024-09-30,110.218643,-0.006060749544260044,40,market_cap,books,"Quarterly Historical Index Prototype from manually transcribed Rally observations; period_end is the calendar quarter, observed_at may be earlier, and no interpolation is used.",0
rally_quarterly_books_market_cap_weight,Rally Books Market-Cap-Weighted Quarterly Historical Index Prototype,2024-12-31,109.311159,-0.008233491333793839,40,market_cap,books,"Quarterly Historical Index Prototype from manually transcribed Rally observations; period_end is the calendar quarter, observed_at may be earlier, and no interpolation is used.",0
rally_quarterly_books_market_cap_weight,Rally Books Market-Cap-Weighted Quarterly Historical Index Prototype,2025-03-31,106.110242,-0.02928261496093252,40,market_cap,books,"Quarterly Historical Index Prototype from manually transcribed Rally observations; period_end is the calendar quarter, observed_at may be earlier, and no interpolation is used.",0
rally_quarterly_books_market_cap_weight,Rally Books Market-Cap-Weighted Quarterly Historical Index Prototype,2025-06-30,105.235301,-0.008245585176270186,39,market_cap,books,"Quarterly Historical Index Prototype from manually transcribed Rally observations; period_end is the calendar quarter, observed_at may be earlier, and no interpolation is used.",0
rally_quarterly_books_market_cap_weight,Rally Books Market-Cap-Weighted Quarterly Historical Index Prototype,2025-09-30,100.101139,-0.04878745441097163,39,market_cap,books,"Quarterly Historical Index Prototype from manually transcribed Rally observations; period_end is the calendar quarter, observed_at may be earlier, and no interpolation is used.",0
rally_quarterly_books_market_cap_weight,Rally Books Market-Cap-Weighted Quarterly Historical Index Prototype,2025-12-31,99.483552,-0.006169628250566173,40,market_cap,books,"Quarterly Historical Index Prototype from manually transcribed Rally observations; period_end is the calendar quarter, observed_at may be earlier, and no interpolation is used.",0
rally_quarterly_books_market_cap_weight,Rally Books Market-Cap-Weighted Quarterly Historical Index Prototype,2026-03-31,100.113738,0.006334576008340965,40,market_cap,books,"Quarterly Historical Index Prototype from manually transcribed Rally observations; period_end is the calendar quarter, observed_at may be earlier, and no interpolation is used.",0
rally_quarterly_books_market_cap_weight,Rally Books Market-Cap-Weighted Quarterly Historical Index Prototype,2026-06-30,109.627979,0.09503432484317662,40,market_cap,books,"Quarterly Historical Index Prototype from manually transcribed Rally observations; period_end is the calendar quarter, observed_at may be earlier, and no interpolation is used.",0
rally_quarterly_fossils_equal_weight,Rally Fossils Equal-Weighted Quarterly Historical Index Prototype,2021-01-31,100.0,,1,equal,fossils,"Quarterly Historical Index Prototype from manually transcribed Rally observations; period_end is the calendar quarter, observed_at may be earlier, and no interpolation is used.",0
rally_quarterly_fossils_equal_weight,Rally Fossils Equal-Weighted Quarterly Historical Index Prototype,2021-06-30,70.0,-0.30000000000000004,2,equal,fossils,"Quarterly Historical Index Prototype from manually transcribed Rally observations; period_end is the calendar quarter, observed_at may be earlier, and no interpolation is used.",0
rally_quarterly_fossils_equal_weight,Rally Fossils Equal-Weighted Quarterly Historical Index Prototype,2021-09-30,84.732673,0.2104667609618105,2,equal,fossils,"Quarterly Historical Index Prototype from manually transcribed Rally observations; period_end is the calendar quarter, observed_at may be earlier, and no interpolation is used.",0
rally_quarterly_fossils_equal_weight,Rally Fossils Equal-Weighted Quarterly Historical Index Prototype,2021-12-31,69.661315,-0.17786949685534592,3,equal,fossils,"Quarterly Historical Index Prototype from manually transcribed Rally observations; period_end is the calendar quarter, observed_at may be earlier, and no interpolation is used.",0
rally_quarterly_fossils_equal_weight,Rally Fossils Equal-Weighted Quarterly Historical Index Prototype,2022-03-31,68.817993,-0.012106038291605281,2,equal,fossils,"Quarterly Historical Index Prototype from manually transcribed Rally observations; period_end is the calendar quarter, observed_at may be earlier, and no interpolation is used.",0
rally_quarterly_fossils_equal_weight,Rally Fossils Equal-Weighted Quarterly Historical Index Prototype,2022-06-30,64.631872,-0.060828877005347615,2,equal,fossils,"Quarterly Historical Index Prototype from manually transcribed Rally observations; period_end is the calendar quarter, observed_at may be earlier, and no interpolation is used.",0
rally_quarterly_fossils_equal_weight,Rally Fossils Equal-Weighted Quarterly Historical Index Prototype,2022-09-30,72.127373,0.11597222222222225,2,equal,fossils,"Quarterly Historical Index Prototype from manually transcribed Rally observations; period_end is the calendar quarter, observed_at may be earlier, and no interpolation is used.",0
rally_quarterly_fossils_equal_weight,Rally Fossils Equal-Weighted Quarterly Historical Index Prototype,2022-12-31,57.99267,-0.19596864501679734,3,equal,fossils,"Quarterly Historical Index Prototype from manually transcribed Rally observations; period_end is the calendar quarter, observed_at may be earlier, and no interpolation is used.",0
rally_quarterly_fossils_equal_weight,Rally Fossils Equal-Weighted Quarterly Historical Index Prototype,2023-03-31,68.799174,0.18634259259259262,3,equal,fossils,"Quarterly Historical Index Prototype from manually transcribed Rally observations; period_end is the calendar quarter, observed_at may be earlier, and no interpolation is used.",0
rally_quarterly_fossils_equal_weight,Rally Fossils Equal-Weighted Quarterly Historical Index Prototype,2023-06-30,66.624695,-0.031606177305792266,3,equal,fossils,"Quarterly Historical Index Prototype from manually transcribed Rally observations; period_end is the calendar quarter, observed_at may be earlier, and no interpolation is used.",0
rally_quarterly_fossils_equal_weight,Rally Fossils Equal-Weighted Quarterly Historical Index Prototype,2023-09-30,70.103985,0.052222222222222246,3,equal,fossils,"Quarterly Historical Index Prototype from manually transcribed Rally observations; period_end is the calendar quarter, observed_at may be earlier, and no interpolation is used.",0
rally_quarterly_fossils_equal_weight,Rally Fossils Equal-Weighted Quarterly Historical Index Prototype,2023-12-31,57.349797,-0.18193241943241945,3,equal,fossils,"Quarterly Historical Index Prototype from manually transcribed Rally observations; period_end is the calendar quarter, observed_at may be earlier, and no interpolation is used.",0
rally_quarterly_fossils_equal_weight,Rally Fossils Equal-Weighted Quarterly Historical Index Prototype,2024-03-31,75.145161,0.31029515162631444,3,equal,fossils,"Quarterly Historical Index Prototype from manually transcribed Rally observations; period_end is the calendar quarter, observed_at may be earlier, and no interpolation is used.",0
rally_quarterly_fossils_equal_weight,Rally Fossils Equal-Weighted Quarterly Historical Index Prototype,2024-06-30,77.672462,0.03363224660366773,3,equal,fossils,"Quarterly Historical Index Prototype from manually transcribed Rally observations; period_end is the calendar quarter, observed_at may be earlier, and no interpolation is used.",0
rally_quarterly_fossils_equal_weight,Rally Fossils Equal-Weighted Quarterly Historical Index Prototype,2024-09-30,83.881456,0.07993816641511278,3,equal,fossils,"Quarterly Historical Index Prototype from manually transcribed Rally observations; period_end is the calendar quarter, observed_at may be earlier, and no interpolation is used.",0
rally_quarterly_fossils_equal_weight,Rally Fossils Equal-Weighted Quarterly Historical Index Prototype,2024-12-31,112.561492,0.34191151637960143,3,equal,fossils,"Quarterly Historical Index Prototype from manually transcribed Rally observations; period_end is the calendar quarter, observed_at may be earlier, and no interpolation is used.",0
rally_quarterly_fossils_equal_weight,Rally Fossils Equal-Weighted Quarterly Historical Index Prototype,2025-03-31,103.369367,-0.08166313788906854,3,equal,fossils,"Quarterly Historical Index Prototype from manually transcribed Rally observations; period_end is the calendar quarter, observed_at may be earlier, and no interpolation is used.",0
rally_quarterly_fossils_equal_weight,Rally Fossils Equal-Weighted Quarterly Historical Index Prototype,2025-06-30,85.571315,-0.17217917217917217,3,equal,fossils,"Quarterly Historical Index Prototype from manually transcribed Rally observations; period_end is the calendar quarter, observed_at may be earlier, and no interpolation is used.",0
rally_quarterly_fossils_equal_weight,Rally Fossils Equal-Weighted Quarterly Historical Index Prototype,2025-09-30,86.018414,0.005224867724867785,3,equal,fossils,"Quarterly Historical Index Prototype from manually transcribed Rally observations; period_end is the calendar quarter, observed_at may be earlier, and no interpolation is used.",0
rally_quarterly_fossils_equal_weight,Rally Fossils Equal-Weighted Quarterly Historical Index Prototype,2025-12-31,91.344679,0.06192005177220228,3,equal,fossils,"Quarterly Historical Index Prototype from manually transcribed Rally observations; period_end is the calendar quarter, observed_at may be earlier, and no interpolation is used.",0
rally_quarterly_fossils_equal_weight,Rally Fossils Equal-Weighted Quarterly Historical Index Prototype,2026-03-31,84.8984,-0.07057093274906696,3,equal,fossils,"Quarterly Historical Index Prototype from manually transcribed Rally observations; period_end is the calendar quarter, observed_at may be earlier, and no interpolation is used.",0
rally_quarterly_fossils_equal_weight,Rally Fossils Equal-Weighted Quarterly Historical Index Prototype,2026-06-30,95.980571,0.13053451178451175,3,equal,fossils,"Quarterly Historical Index Prototype from manually transcribed Rally observations; period_end is the calendar quarter, observed_at may be earlier, and no interpolation is used.",0
rally_quarterly_fossils_market_cap_weight,Rally Fossils Market-Cap-Weighted Quarterly Historical Index Prototype,2021-01-31,100.0,,1,market_cap,fossils,"Quarterly Historical Index Prototype from manually transcribed Rally observations; period_end is the calendar quarter, observed_at may be earlier, and no interpolation is used.",0
rally_quarterly_fossils_market_cap_weight,Rally Fossils Market-Cap-Weighted Quarterly Historical Index Prototype,2021-06-30,70.0,-0.30000000000000004,2,market_cap,fossils,"Quarterly Historical Index Prototype from manually transcribed Rally observations; period_end is the calendar quarter, observed_at may be earlier, and no interpolation is used.",0
rally_quarterly_fossils_market_cap_weight,Rally Fossils Market-Cap-Weighted Quarterly Historical Index Prototype,2021-09-30,93.028721,0.32898172323759794,2,market_cap,fossils,"Quarterly Historical Index Prototype from manually transcribed Rally observations; period_end is the calendar quarter, observed_at may be earlier, and no interpolation is used.",0
rally_quarterly_fossils_market_cap_weight,Rally Fossils Market-Cap-Weighted Quarterly Historical Index Prototype,2021-12-31,69.634465,-0.2514734774066798,3,market_cap,fossils,"Quarterly Historical Index Prototype from manually transcribed Rally observations; period_end is the calendar quarter, observed_at may be earlier, and no interpolation is used.",0
rally_quarterly_fossils_market_cap_weight,Rally Fossils Market-Cap-Weighted Quarterly Historical Index Prototype,2022-03-31,72.979112,0.04803149606299208,2,market_cap,fossils,"Quarterly Historical Index Prototype from manually transcribed Rally observations; period_end is the calendar quarter, observed_at may be earlier, and no interpolation is used.",0
rally_quarterly_fossils_market_cap_weight,Rally Fossils Market-Cap-Weighted Quarterly Historical Index Prototype,2022-06-30,63.785901,-0.12597044828449788,2,market_cap,fossils,"Quarterly Historical Index Prototype from manually transcribed Rally observations; period_end is the calendar quarter, observed_at may be earlier, and no interpolation is used.",0
rally_quarterly_fossils_market_cap_weight,Rally Fossils Market-Cap-Weighted Quarterly Historical Index Prototype,2022-09-30,74.565397,0.16899496154866087,2,market_cap,fossils,"Quarterly Historical Index Prototype from manually transcribed Rally observations; period_end is the calendar quarter, observed_at may be earlier, and no interpolation is used.",0
rally_quarterly_fossils_market_cap_weight,Rally Fossils Market-Cap-Weighted Quarterly Historical Index Prototype,2022-12-31,62.137831,-0.16666666666666669,3,market_cap,fossils,"Quarterly Historical Index Prototype from manually transcribed Rally observations; period_end is the calendar quarter, observed_at may be earlier, and no interpolation is used.",0
rally_quarterly_fossils_market_cap_weight,Rally Fossils Market-Cap-Weighted Quarterly Historical Index Prototype,2023-03-31,73.795547,0.18761061946902655,3,market_cap,fossils,"Quarterly Historical Index Prototype from manually transcribed Rally observations; period_end is the calendar quarter, observed_at may be earlier, and no interpolation is used.",0
rally_quarterly_fossils_market_cap_weight,Rally Fossils Market-Cap-Weighted Quarterly Historical Index Prototype,2023-06-30,80.944147,0.09687034277198205,3,market_cap,fossils,"Quarterly Historical Index Prototype from manually transcribed Rally observations; period_end is the calendar quarter, observed_at may be earlier, and no interpolation is used.",0
rally_quarterly_fossils_market_cap_weight,Rally Fossils Market-Cap-Weighted Quarterly Historical Index Prototype,2023-09-30,81.219094,0.003396739130434783,3,market_cap,fossils,"Quarterly Historical Index Prototype from manually transcribed Rally observations; period_end is the calendar quarter, observed_at may be earlier, and no interpolation is used.",0
rally_quarterly_fossils_market_cap_weight,Rally Fossils Market-Cap-Weighted Quarterly Historical Index Prototype,2023-12-31,69.891312,-0.13947190250507785,3,market_cap,fossils,"Quarterly Historical Index Prototype from manually transcribed Rally observations; period_end is the calendar quarter, observed_at may be earlier, and no interpolation is used.",0
rally_quarterly_fossils_market_cap_weight,Rally Fossils Market-Cap-Weighted Quarterly Historical Index Prototype,2024-03-31,82.731297,0.18371361132966157,3,market_cap,fossils,"Quarterly Historical Index Prototype from manually transcribed Rally observations; period_end is the calendar quarter, observed_at may be earlier, and no interpolation is used.",0
rally_quarterly_fossils_market_cap_weight,Rally Fossils Market-Cap-Weighted Quarterly Historical Index Prototype,2024-06-30,79.129503,-0.04353605849119306,3,market_cap,fossils,"Quarterly Historical Index Prototype from manually transcribed Rally observations; period_end is the calendar quarter, observed_at may be earlier, and no interpolation is used.",0
rally_quarterly_fossils_market_cap_weight,Rally Fossils Market-Cap-Weighted Quarterly Historical Index Prototype,2024-09-30,85.909675,0.08568450312717171,3,market_cap,fossils,"Quarterly Historical Index Prototype from manually transcribed Rally observations; period_end is the calendar quarter, observed_at may be earlier, and no interpolation is used.",0
rally_quarterly_fossils_market_cap_weight,Rally Fossils Market-Cap-Weighted Quarterly Historical Index Prototype,2024-12-31,103.049818,0.19951353773282982,3,market_cap,fossils,"Quarterly Historical Index Prototype from manually transcribed Rally observations; period_end is the calendar quarter, observed_at may be earlier, and no interpolation is used.",0
rally_quarterly_fossils_market_cap_weight,Rally Fossils Market-Cap-Weighted Quarterly Historical Index Prototype,2025-03-31,103.352259,0.0029348986125933944,3,market_cap,fossils,"Quarterly Historical Index Prototype from manually transcribed Rally observations; period_end is the calendar quarter, observed_at may be earlier, and no interpolation is used.",0
rally_quarterly_fossils_market_cap_weight,Rally Fossils Market-Cap-Weighted Quarterly Historical Index Prototype,2025-06-30,91.612058,-0.11359404096834265,3,market_cap,fossils,"Quarterly Historical Index Prototype from manually transcribed Rally observations; period_end is the calendar quarter, observed_at may be earlier, and no interpolation is used.",0
rally_quarterly_fossils_market_cap_weight,Rally Fossils Market-Cap-Weighted Quarterly Historical Index Prototype,2025-09-30,84.958361,-0.07262905162064823,3,market_cap,fossils,"Quarterly Historical Index Prototype from manually transcribed Rally observations; period_end is the calendar quarter, observed_at may be earlier, and no interpolation is used.",0
rally_quarterly_fossils_market_cap_weight,Rally Fossils Market-Cap-Weighted Quarterly Historical Index Prototype,2025-12-31,85.051843,0.0011003236245953965,3,market_cap,fossils,"Quarterly Historical Index Prototype from manually transcribed Rally observations; period_end is the calendar quarter, observed_at may be earlier, and no interpolation is used.",0
rally_quarterly_fossils_market_cap_weight,Rally Fossils Market-Cap-Weighted Quarterly Historical Index Prototype,2026-03-31,82.593824,-0.028900239218982292,3,market_cap,fossils,"Quarterly Historical Index Prototype from manually transcribed Rally observations; period_end is the calendar quarter, observed_at may be earlier, and no interpolation is used.",0
rally_quarterly_fossils_market_cap_weight,Rally Fossils Market-Cap-Weighted Quarterly Historical Index Prototype,2026-06-30,88.615145,0.07290279627163783,3,market_cap,fossils,"Quarterly Historical Index Prototype from manually transcribed Rally observations; period_end is the calendar quarter, observed_at may be earlier, and no interpolation is used.",0
rally_quarterly_handbags_equal_weight,Rally Handbags Equal-Weighted Quarterly Historical Index Prototype,2019-12-31,100.0,,1,equal,handbags,"Quarterly Historical Index Prototype from manually transcribed Rally observations; period_end is the calendar quarter, observed_at may be earlier, and no interpolation is used.",0
rally_quarterly_handbags_equal_weight,Rally Handbags Equal-Weighted Quarterly Historical Index Prototype,2020-06-30,106.034483,0.06034482758620685,3,equal,handbags,"Quarterly Historical Index Prototype from manually transcribed Rally observations; period_end is the calendar quarter, observed_at may be earlier, and no interpolation is used.",0
rally_quarterly_handbags_equal_weight,Rally Handbags Equal-Weighted Quarterly Historical Index Prototype,2020-09-30,109.864532,0.03612078977932631,4,equal,handbags,"Quarterly Historical Index Prototype from manually transcribed Rally observations; period_end is the calendar quarter, observed_at may be earlier, and no interpolation is used.",0
rally_quarterly_handbags_equal_weight,Rally Handbags Equal-Weighted Quarterly Historical Index Prototype,2020-12-31,101.181509,-0.07903390100963212,6,equal,handbags,"Quarterly Historical Index Prototype from manually transcribed Rally observations; period_end is the calendar quarter, observed_at may be earlier, and no interpolation is used.",0
rally_quarterly_handbags_equal_weight,Rally Handbags Equal-Weighted Quarterly Historical Index Prototype,2021-03-31,76.160919,-0.24728421417380747,7,equal,handbags,"Quarterly Historical Index Prototype from manually transcribed Rally observations; period_end is the calendar quarter, observed_at may be earlier, and no interpolation is used.",0
rally_quarterly_handbags_equal_weight,Rally Handbags Equal-Weighted Quarterly Historical Index Prototype,2021-06-30,86.013876,0.12937024027249588,7,equal,handbags,"Quarterly Historical Index Prototype from manually transcribed Rally observations; period_end is the calendar quarter, observed_at may be earlier, and no interpolation is used.",0
rally_quarterly_handbags_equal_weight,Rally Handbags Equal-Weighted Quarterly Historical Index Prototype,2021-09-30,95.160811,0.10634255092941655,7,equal,handbags,"Quarterly Historical Index Prototype from manually transcribed Rally observations; period_end is the calendar quarter, observed_at may be earlier, and no interpolation is used.",0
rally_quarterly_handbags_equal_weight,Rally Handbags Equal-Weighted Quarterly Historical Index Prototype,2021-12-31,96.586922,0.014986332515838974,4,equal,handbags,"Quarterly Historical Index Prototype from manually transcribed Rally observations; period_end is the calendar quarter, observed_at may be earlier, and no interpolation is used.",0
rally_quarterly_handbags_equal_weight,Rally Handbags Equal-Weighted Quarterly Historical Index Prototype,2022-03-31,83.308752,-0.1374737956532988,7,equal,handbags,"Quarterly Historical Index Prototype from manually transcribed Rally observations; period_end is the calendar quarter, observed_at may be earlier, and no interpolation is used.",0
rally_quarterly_handbags_equal_weight,Rally Handbags Equal-Weighted Quarterly Historical Index Prototype,2022-06-30,76.915854,-0.07673740947734756,7,equal,handbags,"Quarterly Historical Index Prototype from manually transcribed Rally observations; period_end is the calendar quarter, observed_at may be earlier, and no interpolation is used.",0
rally_quarterly_handbags_equal_weight,Rally Handbags Equal-Weighted Quarterly Historical Index Prototype,2022-09-30,76.450365,-0.006051924738149243,8,equal,handbags,"Quarterly Historical Index Prototype from manually transcribed Rally observations; period_end is the calendar quarter, observed_at may be earlier, and no interpolation is used.",0
rally_quarterly_handbags_equal_weight,Rally Handbags Equal-Weighted Quarterly Historical Index Prototype,2022-12-31,75.692725,-0.009910216594999188,8,equal,handbags,"Quarterly Historical Index Prototype from manually transcribed Rally observations; period_end is the calendar quarter, observed_at may be earlier, and no interpolation is used.",0
rally_quarterly_handbags_equal_weight,Rally Handbags Equal-Weighted Quarterly Historical Index Prototype,2023-03-31,77.366999,0.022119353819472568,8,equal,handbags,"Quarterly Historical Index Prototype from manually transcribed Rally observations; period_end is the calendar quarter, observed_at may be earlier, and no interpolation is used.",0
rally_quarterly_handbags_equal_weight,Rally Handbags Equal-Weighted Quarterly Historical Index Prototype,2023-06-30,92.009677,0.18926258188207423,8,equal,handbags,"Quarterly Historical Index Prototype from manually transcribed Rally observations; period_end is the calendar quarter, observed_at may be earlier, and no interpolation is used.",0
rally_quarterly_handbags_equal_weight,Rally Handbags Equal-Weighted Quarterly Historical Index Prototype,2023-09-30,84.071406,-0.08627648184397513,7,equal,handbags,"Quarterly Historical Index Prototype from manually transcribed Rally observations; period_end is the calendar quarter, observed_at may be earlier, and no interpolation is used.",0
rally_quarterly_handbags_equal_weight,Rally Handbags Equal-Weighted Quarterly Historical Index Prototype,2023-12-31,82.167404,-0.02264744119612406,7,equal,handbags,"Quarterly Historical Index Prototype from manually transcribed Rally observations; period_end is the calendar quarter, observed_at may be earlier, and no interpolation is used.",0
rally_quarterly_handbags_equal_weight,Rally Handbags Equal-Weighted Quarterly Historical Index Prototype,2024-03-31,88.415612,0.07604241981378948,7,equal,handbags,"Quarterly Historical Index Prototype from manually transcribed Rally observations; period_end is the calendar quarter, observed_at may be earlier, and no interpolation is used.",0
rally_quarterly_handbags_equal_weight,Rally Handbags Equal-Weighted Quarterly Historical Index Prototype,2024-06-30,86.383017,-0.022989098023971612,7,equal,handbags,"Quarterly Historical Index Prototype from manually transcribed Rally observations; period_end is the calendar quarter, observed_at may be earlier, and no interpolation is used.",0
rally_quarterly_handbags_equal_weight,Rally Handbags Equal-Weighted Quarterly Historical Index Prototype,2024-09-30,85.332691,-0.012158937049088277,7,equal,handbags,"Quarterly Historical Index Prototype from manually transcribed Rally observations; period_end is the calendar quarter, observed_at may be earlier, and no interpolation is used.",0
rally_quarterly_handbags_equal_weight,Rally Handbags Equal-Weighted Quarterly Historical Index Prototype,2024-12-31,86.616607,0.015046001364874908,6,equal,handbags,"Quarterly Historical Index Prototype from manually transcribed Rally observations; period_end is the calendar quarter, observed_at may be earlier, and no interpolation is used.",0
rally_quarterly_handbags_equal_weight,Rally Handbags Equal-Weighted Quarterly Historical Index Prototype,2025-03-31,83.318389,-0.03807835102963952,7,equal,handbags,"Quarterly Historical Index Prototype from manually transcribed Rally observations; period_end is the calendar quarter, observed_at may be earlier, and no interpolation is used.",0
rally_quarterly_handbags_equal_weight,Rally Handbags Equal-Weighted Quarterly Historical Index Prototype,2025-06-30,112.844968,0.3543824922551617,6,equal,handbags,"Quarterly Historical Index Prototype from manually transcribed Rally observations; period_end is the calendar quarter, observed_at may be earlier, and no interpolation is used.",0
rally_quarterly_handbags_equal_weight,Rally Handbags Equal-Weighted Quarterly Historical Index Prototype,2025-09-30,129.586757,0.14836096827375894,5,equal,handbags,"Quarterly Historical Index Prototype from manually transcribed Rally observations; period_end is the calendar quarter, observed_at may be earlier, and no interpolation is used.",0
rally_quarterly_handbags_equal_weight,Rally Handbags Equal-Weighted Quarterly Historical Index Prototype,2025-12-31,126.404173,-0.024559482247102762,5,equal,handbags,"Quarterly Historical Index Prototype from manually transcribed Rally observations; period_end is the calendar quarter, observed_at may be earlier, and no interpolation is used.",0
rally_quarterly_handbags_equal_weight,Rally Handbags Equal-Weighted Quarterly Historical Index Prototype,2026-03-31,129.484007,0.024364971124119904,5,equal,handbags,"Quarterly Historical Index Prototype from manually transcribed Rally observations; period_end is the calendar quarter, observed_at may be earlier, and no interpolation is used.",0
rally_quarterly_handbags_equal_weight,Rally Handbags Equal-Weighted Quarterly Historical Index Prototype,2026-06-30,107.080199,-0.1730237500908136,5,equal,handbags,"Quarterly Historical Index Prototype from manually transcribed Rally observations; period_end is the calendar quarter, observed_at may be earlier, and no interpolation is used.",0
rally_quarterly_handbags_market_cap_weight,Rally Handbags Market-Cap-Weighted Quarterly Historical Index Prototype,2019-12-31,100.0,,1,market_cap,handbags,"Quarterly Historical Index Prototype from manually transcribed Rally observations; period_end is the calendar quarter, observed_at may be earlier, and no interpolation is used.",0
rally_quarterly_handbags_market_cap_weight,Rally Handbags Market-Cap-Weighted Quarterly Historical Index Prototype,2020-06-30,106.034483,0.06034482758620685,3,market_cap,handbags,"Quarterly Historical Index Prototype from manually transcribed Rally observations; period_end is the calendar quarter, observed_at may be earlier, and no interpolation is used.",0
rally_quarterly_handbags_market_cap_weight,Rally Handbags Market-Cap-Weighted Quarterly Historical Index Prototype,2020-09-30,111.323051,0.049875930521091766,4,market_cap,handbags,"Quarterly Historical Index Prototype from manually transcribed Rally observations; period_end is the calendar quarter, observed_at may be earlier, and no interpolation is used.",0
rally_quarterly_handbags_market_cap_weight,Rally Handbags Market-Cap-Weighted Quarterly Historical Index Prototype,2020-12-31,98.245825,-0.11747096156148965,6,market_cap,handbags,"Quarterly Historical Index Prototype from manually transcribed Rally observations; period_end is the calendar quarter, observed_at may be earlier, and no interpolation is used.",0
rally_quarterly_handbags_market_cap_weight,Rally Handbags Market-Cap-Weighted Quarterly Historical Index Prototype,2021-03-31,79.024259,-0.1956476683937824,7,market_cap,handbags,"Quarterly Historical Index Prototype from manually transcribed Rally observations; period_end is the calendar quarter, observed_at may be earlier, and no interpolation is used.",0
rally_quarterly_handbags_market_cap_weight,Rally Handbags Market-Cap-Weighted Quarterly Historical Index Prototype,2021-06-30,80.045816,0.012927137949737825,7,market_cap,handbags,"Quarterly Historical Index Prototype from manually transcribed Rally observations; period_end is the calendar quarter, observed_at may be earlier, and no interpolation is used.",0
rally_quarterly_handbags_market_cap_weight,Rally Handbags Market-Cap-Weighted Quarterly Historical Index Prototype,2021-09-30,85.660811,0.07014725568942441,7,market_cap,handbags,"Quarterly Historical Index Prototype from manually transcribed Rally observations; period_end is the calendar quarter, observed_at may be earlier, and no interpolation is used.",0
rally_quarterly_handbags_market_cap_weight,Rally Handbags Market-Cap-Weighted Quarterly Historical Index Prototype,2021-12-31,83.274185,-0.027861347285807705,4,market_cap,handbags,"Quarterly Historical Index Prototype from manually transcribed Rally observations; period_end is the calendar quarter, observed_at may be earlier, and no interpolation is used.",0
rally_quarterly_handbags_market_cap_weight,Rally Handbags Market-Cap-Weighted Quarterly Historical Index Prototype,2022-03-31,71.755635,-0.13832077502691062,7,market_cap,handbags,"Quarterly Historical Index Prototype from manually transcribed Rally observations; period_end is the calendar quarter, observed_at may be earlier, and no interpolation is used.",0
rally_quarterly_handbags_market_cap_weight,Rally Handbags Market-Cap-Weighted Quarterly Historical Index Prototype,2022-06-30,66.513414,-0.07305657305657305,7,market_cap,handbags,"Quarterly Historical Index Prototype from manually transcribed Rally observations; period_end is the calendar quarter, observed_at may be earlier, and no interpolation is used.",0
rally_quarterly_handbags_market_cap_weight,Rally Handbags Market-Cap-Weighted Quarterly Historical Index Prototype,2022-09-30,64.527503,-0.02985729967069156,8,market_cap,handbags,"Quarterly Historical Index Prototype from manually transcribed Rally observations; period_end is the calendar quarter, observed_at may be earlier, and no interpolation is used.",0
rally_quarterly_handbags_market_cap_weight,Rally Handbags Market-Cap-Weighted Quarterly Historical Index Prototype,2022-12-31,70.501001,0.09257288784847842,8,market_cap,handbags,"Quarterly Historical Index Prototype from manually transcribed Rally observations; period_end is the calendar quarter, observed_at may be earlier, and no interpolation is used.",0
rally_quarterly_handbags_market_cap_weight,Rally Handbags Market-Cap-Weighted Quarterly Historical Index Prototype,2023-03-31,70.727582,0.0032138683287884894,8,market_cap,handbags,"Quarterly Historical Index Prototype from manually transcribed Rally observations; period_end is the calendar quarter, observed_at may be earlier, and no interpolation is used.",0
rally_quarterly_handbags_market_cap_weight,Rally Handbags Market-Cap-Weighted Quarterly Historical Index Prototype,2023-06-30,86.210612,0.2189107853606446,8,market_cap,handbags,"Quarterly Historical Index Prototype from manually transcribed Rally observations; period_end is the calendar quarter, observed_at may be earlier, and no interpolation is used.",0
rally_quarterly_handbags_market_cap_weight,Rally Handbags Market-Cap-Weighted Quarterly Historical Index Prototype,2023-09-30,78.442518,-0.09010600706713781,7,market_cap,handbags,"Quarterly Historical Index Prototype from manually transcribed Rally observations; period_end is the calendar quarter, observed_at may be earlier, and no interpolation is used.",0
rally_quarterly_handbags_market_cap_weight,Rally Handbags Market-Cap-Weighted Quarterly Historical Index Prototype,2023-12-31,74.653668,-0.0483009708737864,7,market_cap,handbags,"Quarterly Historical Index Prototype from manually transcribed Rally observations; period_end is the calendar quarter, observed_at may be earlier, and no interpolation is used.",0
rally_quarterly_handbags_market_cap_weight,Rally Handbags Market-Cap-Weighted Quarterly Historical Index Prototype,2024-03-31,80.812929,0.0825044631471563,7,market_cap,handbags,"Quarterly Historical Index Prototype from manually transcribed Rally observations; period_end is the calendar quarter, observed_at may be earlier, and no interpolation is used.",0
rally_quarterly_handbags_market_cap_weight,Rally Handbags Market-Cap-Weighted Quarterly Historical Index Prototype,2024-06-30,79.289773,-0.018847920838732463,7,market_cap,handbags,"Quarterly Historical Index Prototype from manually transcribed Rally observations; period_end is the calendar quarter, observed_at may be earlier, and no interpolation is used.",0
rally_quarterly_handbags_market_cap_weight,Rally Handbags Market-Cap-Weighted Quarterly Historical Index Prototype,2024-09-30,78.604353,-0.008644495137471502,7,market_cap,handbags,"Quarterly Historical Index Prototype from manually transcribed Rally observations; period_end is the calendar quarter, observed_at may be earlier, and no interpolation is used.",0
rally_quarterly_handbags_market_cap_weight,Rally Handbags Market-Cap-Weighted Quarterly Historical Index Prototype,2024-12-31,74.925473,-0.04680250151301193,6,market_cap,handbags,"Quarterly Historical Index Prototype from manually transcribed Rally observations; period_end is the calendar quarter, observed_at may be earlier, and no interpolation is used.",0
rally_quarterly_handbags_market_cap_weight,Rally Handbags Market-Cap-Weighted Quarterly Historical Index Prototype,2025-03-31,74.069182,-0.011428571428571354,7,market_cap,handbags,"Quarterly Historical Index Prototype from manually transcribed Rally observations; period_end is the calendar quarter, observed_at may be earlier, and no interpolation is used.",0
rally_quarterly_handbags_market_cap_weight,Rally Handbags Market-Cap-Weighted Quarterly Historical Index Prototype,2025-06-30,93.678249,0.2647398843930636,6,market_cap,handbags,"Quarterly Historical Index Prototype from manually transcribed Rally observations; period_end is the calendar quarter, observed_at may be earlier, and no interpolation is used.",0
rally_quarterly_handbags_market_cap_weight,Rally Handbags Market-Cap-Weighted Quarterly Historical Index Prototype,2025-09-30,103.32705,0.1029993842906148,5,market_cap,handbags,"Quarterly Historical Index Prototype from manually transcribed Rally observations; period_end is the calendar quarter, observed_at may be earlier, and no interpolation is used.",0
rally_quarterly_handbags_market_cap_weight,Rally Handbags Market-Cap-Weighted Quarterly Historical Index Prototype,2025-12-31,102.029283,-0.012559808612440201,5,market_cap,handbags,"Quarterly Historical Index Prototype from manually transcribed Rally observations; period_end is the calendar quarter, observed_at may be earlier, and no interpolation is used.",0
rally_quarterly_handbags_market_cap_weight,Rally Handbags Market-Cap-Weighted Quarterly Historical Index Prototype,2026-03-31,103.718441,0.016555622854835396,5,market_cap,handbags,"Quarterly Historical Index Prototype from manually transcribed Rally observations; period_end is the calendar quarter, observed_at may be earlier, and no interpolation is used.",0
rally_quarterly_handbags_market_cap_weight,Rally Handbags Market-Cap-Weighted Quarterly Historical Index Prototype,2026-06-30,88.598414,-0.1457795431976167,5,market_cap,handbags,"Quarterly Historical Index Prototype from manually transcribed Rally observations; period_end is the calendar quarter, observed_at may be earlier, and no interpolation is used.",0
rally_quarterly_watches_equal_weight,Rally Watches Equal-Weighted Quarterly Historical Index Prototype,2019-12-31,100.0,,4,equal,watches,"Quarterly Historical Index Prototype from manually transcribed Rally observations; period_end is the calendar quarter, observed_at may be earlier, and no interpolation is used.",0
rally_quarterly_watches_equal_weight,Rally Watches Equal-Weighted Quarterly Historical Index Prototype,2020-03-31,108.353688,0.08353688324377129,2,equal,watches,"Quarterly Historical Index Prototype from manually transcribed Rally observations; period_end is the calendar quarter, observed_at may be earlier, and no interpolation is used.",0
rally_quarterly_watches_equal_weight,Rally Watches Equal-Weighted Quarterly Historical Index Prototype,2020-06-30,146.277479,0.3500000000000001,5,equal,watches,"Quarterly Historical Index Prototype from manually transcribed Rally observations; period_end is the calendar quarter, observed_at may be earlier, and no interpolation is used.",0
rally_quarterly_watches_equal_weight,Rally Watches Equal-Weighted Quarterly Historical Index Prototype,2020-09-30,164.040464,0.12143349231584524,7,equal,watches,"Quarterly Historical Index Prototype from manually transcribed Rally observations; period_end is the calendar quarter, observed_at may be earlier, and no interpolation is used.",0
rally_quarterly_watches_equal_weight,Rally Watches Equal-Weighted Quarterly Historical Index Prototype,2020-12-31,175.68538,0.0709880647970552,10,equal,watches,"Quarterly Historical Index Prototype from manually transcribed Rally observations; period_end is the calendar quarter, observed_at may be earlier, and no interpolation is used.",0
rally_quarterly_watches_equal_weight,Rally Watches Equal-Weighted Quarterly Historical Index Prototype,2021-03-31,161.681743,-0.07970860292651233,9,equal,watches,"Quarterly Historical Index Prototype from manually transcribed Rally observations; period_end is the calendar quarter, observed_at may be earlier, and no interpolation is used.",0
rally_quarterly_watches_equal_weight,Rally Watches Equal-Weighted Quarterly Historical Index Prototype,2021-06-30,196.491912,0.21530055143424615,10,equal,watches,"Quarterly Historical Index Prototype from manually transcribed Rally observations; period_end is the calendar quarter, observed_at may be earlier, and no interpolation is used.",0
rally_quarterly_watches_equal_weight,Rally Watches Equal-Weighted Quarterly Historical Index Prototype,2021-09-30,222.050771,0.13007588570414613,9,equal,watches,"Quarterly Historical Index Prototype from manually transcribed Rally observations; period_end is the calendar quarter, observed_at may be earlier, and no interpolation is used.",0
rally_quarterly_watches_equal_weight,Rally Watches Equal-Weighted Quarterly Historical Index Prototype,2021-12-31,222.311063,0.0011722172613261791,9,equal,watches,"Quarterly Historical Index Prototype from manually transcribed Rally observations; period_end is the calendar quarter, observed_at may be earlier, and no interpolation is used.",0
rally_quarterly_watches_equal_weight,Rally Watches Equal-Weighted Quarterly Historical Index Prototype,2022-03-31,206.17142,-0.07259937046227367,12,equal,watches,"Quarterly Historical Index Prototype from manually transcribed Rally observations; period_end is the calendar quarter, observed_at may be earlier, and no interpolation is used.",0
rally_quarterly_watches_equal_weight,Rally Watches Equal-Weighted Quarterly Historical Index Prototype,2022-06-30,186.163873,-0.09704326099204902,11,equal,watches,"Quarterly Historical Index Prototype from manually transcribed Rally observations; period_end is the calendar quarter, observed_at may be earlier, and no interpolation is used.",0
rally_quarterly_watches_equal_weight,Rally Watches Equal-Weighted Quarterly Historical Index Prototype,2022-09-30,187.453906,0.006929555304629667,12,equal,watches,"Quarterly Historical Index Prototype from manually transcribed Rally observations; period_end is the calendar quarter, observed_at may be earlier, and no interpolation is used.",0
rally_quarterly_watches_equal_weight,Rally Watches Equal-Weighted Quarterly Historical Index Prototype,2022-12-31,201.331295,0.07403094419197077,12,equal,watches,"Quarterly Historical Index Prototype from manually transcribed Rally observations; period_end is the calendar quarter, observed_at may be earlier, and no interpolation is used.",0
rally_quarterly_watches_equal_weight,Rally Watches Equal-Weighted Quarterly Historical Index Prototype,2023-03-31,229.033104,0.1375931593262712,12,equal,watches,"Quarterly Historical Index Prototype from manually transcribed Rally observations; period_end is the calendar quarter, observed_at may be earlier, and no interpolation is used.",0
rally_quarterly_watches_equal_weight,Rally Watches Equal-Weighted Quarterly Historical Index Prototype,2023-06-30,226.086035,-0.012867440099188155,12,equal,watches,"Quarterly Historical Index Prototype from manually transcribed Rally observations; period_end is the calendar quarter, observed_at may be earlier, and no interpolation is used.",0
rally_quarterly_watches_equal_weight,Rally Watches Equal-Weighted Quarterly Historical Index Prototype,2023-09-30,210.717009,-0.06797866093174615,12,equal,watches,"Quarterly Historical Index Prototype from manually transcribed Rally observations; period_end is the calendar quarter, observed_at may be earlier, and no interpolation is used.",0
rally_quarterly_watches_equal_weight,Rally Watches Equal-Weighted Quarterly Historical Index Prototype,2023-12-31,202.11902,-0.040803486084597336,12,equal,watches,"Quarterly Historical Index Prototype from manually transcribed Rally observations; period_end is the calendar quarter, observed_at may be earlier, and no interpolation is used.",0
rally_quarterly_watches_equal_weight,Rally Watches Equal-Weighted Quarterly Historical Index Prototype,2024-03-31,232.788342,0.15173891802151324,11,equal,watches,"Quarterly Historical Index Prototype from manually transcribed Rally observations; period_end is the calendar quarter, observed_at may be earlier, and no interpolation is used.",0
rally_quarterly_watches_equal_weight,Rally Watches Equal-Weighted Quarterly Historical Index Prototype,2024-06-30,214.002982,-0.08069716692493024,11,equal,watches,"Quarterly Historical Index Prototype from manually transcribed Rally observations; period_end is the calendar quarter, observed_at may be earlier, and no interpolation is used.",0
rally_quarterly_watches_equal_weight,Rally Watches Equal-Weighted Quarterly Historical Index Prototype,2024-09-30,231.118504,0.0799779579640269,11,equal,watches,"Quarterly Historical Index Prototype from manually transcribed Rally observations; period_end is the calendar quarter, observed_at may be earlier, and no interpolation is used.",0
rally_quarterly_watches_equal_weight,Rally Watches Equal-Weighted Quarterly Historical Index Prototype,2024-12-31,231.012058,-0.0004605660794460087,11,equal,watches,"Quarterly Historical Index Prototype from manually transcribed Rally observations; period_end is the calendar quarter, observed_at may be earlier, and no interpolation is used.",0
rally_quarterly_watches_equal_weight,Rally Watches Equal-Weighted Quarterly Historical Index Prototype,2025-03-31,227.349802,-0.01585309625584274,11,equal,watches,"Quarterly Historical Index Prototype from manually transcribed Rally observations; period_end is the calendar quarter, observed_at may be earlier, and no interpolation is used.",0
rally_quarterly_watches_equal_weight,Rally Watches Equal-Weighted Quarterly Historical Index Prototype,2025-06-30,224.468555,-0.012673187562817103,11,equal,watches,"Quarterly Historical Index Prototype from manually transcribed Rally observations; period_end is the calendar quarter, observed_at may be earlier, and no interpolation is used.",0
rally_quarterly_watches_equal_weight,Rally Watches Equal-Weighted Quarterly Historical Index Prototype,2025-09-30,222.569605,-0.00845976206501356,11,equal,watches,"Quarterly Historical Index Prototype from manually transcribed Rally observations; period_end is the calendar quarter, observed_at may be earlier, and no interpolation is used.",0
rally_quarterly_watches_equal_weight,Rally Watches Equal-Weighted Quarterly Historical Index Prototype,2025-12-31,220.932906,-0.007353647260892625,11,equal,watches,"Quarterly Historical Index Prototype from manually transcribed Rally observations; period_end is the calendar quarter, observed_at may be earlier, and no interpolation is used.",0
rally_quarterly_watches_equal_weight,Rally Watches Equal-Weighted Quarterly Historical Index Prototype,2026-03-31,237.192595,0.0735955934721266,11,equal,watches,"Quarterly Historical Index Prototype from manually transcribed Rally observations; period_end is the calendar quarter, observed_at may be earlier, and no interpolation is used.",0
rally_quarterly_watches_equal_weight,Rally Watches Equal-Weighted Quarterly Historical Index Prototype,2026-06-30,235.317167,-0.007906772766554942,11,equal,watches,"Quarterly Historical Index Prototype from manually transcribed Rally observations; period_end is the calendar quarter, observed_at may be earlier, and no interpolation is used.",0
rally_quarterly_watches_market_cap_weight,Rally Watches Market-Cap-Weighted Quarterly Historical Index Prototype,2019-12-31,100.0,,4,market_cap,watches,"Quarterly Historical Index Prototype from manually transcribed Rally observations; period_end is the calendar quarter, observed_at may be earlier, and no interpolation is used.",0
rally_quarterly_watches_market_cap_weight,Rally Watches Market-Cap-Weighted Quarterly Historical Index Prototype,2020-03-31,107.07457,0.07074569789674945,2,market_cap,watches,"Quarterly Historical Index Prototype from manually transcribed Rally observations; period_end is the calendar quarter, observed_at may be earlier, and no interpolation is used.",0
rally_quarterly_watches_market_cap_weight,Rally Watches Market-Cap-Weighted Quarterly Historical Index Prototype,2020-06-30,144.550669,0.3500000000000001,5,market_cap,watches,"Quarterly Historical Index Prototype from manually transcribed Rally observations; period_end is the calendar quarter, observed_at may be earlier, and no interpolation is used.",0
rally_quarterly_watches_market_cap_weight,Rally Watches Market-Cap-Weighted Quarterly Historical Index Prototype,2020-09-30,154.201187,0.0667621776504298,7,market_cap,watches,"Quarterly Historical Index Prototype from manually transcribed Rally observations; period_end is the calendar quarter, observed_at may be earlier, and no interpolation is used.",0
rally_quarterly_watches_market_cap_weight,Rally Watches Market-Cap-Weighted Quarterly Historical Index Prototype,2020-12-31,158.49185,0.027825099375354916,10,market_cap,watches,"Quarterly Historical Index Prototype from manually transcribed Rally observations; period_end is the calendar quarter, observed_at may be earlier, and no interpolation is used.",0
rally_quarterly_watches_market_cap_weight,Rally Watches Market-Cap-Weighted Quarterly Historical Index Prototype,2021-03-31,133.463047,-0.1579185520361991,9,market_cap,watches,"Quarterly Historical Index Prototype from manually transcribed Rally observations; period_end is the calendar quarter, observed_at may be earlier, and no interpolation is used.",0
rally_quarterly_watches_market_cap_weight,Rally Watches Market-Cap-Weighted Quarterly Historical Index Prototype,2021-06-30,167.984507,0.25865931414785454,10,market_cap,watches,"Quarterly Historical Index Prototype from manually transcribed Rally observations; period_end is the calendar quarter, observed_at may be earlier, and no interpolation is used.",0
rally_quarterly_watches_market_cap_weight,Rally Watches Market-Cap-Weighted Quarterly Historical Index Prototype,2021-09-30,199.779498,0.1892733564013841,9,market_cap,watches,"Quarterly Historical Index Prototype from manually transcribed Rally observations; period_end is the calendar quarter, observed_at may be earlier, and no interpolation is used.",0
rally_quarterly_watches_market_cap_weight,Rally Watches Market-Cap-Weighted Quarterly Historical Index Prototype,2021-12-31,182.5683,-0.08615097306860625,9,market_cap,watches,"Quarterly Historical Index Prototype from manually transcribed Rally observations; period_end is the calendar quarter, observed_at may be earlier, and no interpolation is used.",0
rally_quarterly_watches_market_cap_weight,Rally Watches Market-Cap-Weighted Quarterly Historical Index Prototype,2022-03-31,163.800927,-0.10279645065877924,12,market_cap,watches,"Quarterly Historical Index Prototype from manually transcribed Rally observations; period_end is the calendar quarter, observed_at may be earlier, and no interpolation is used.",0
rally_quarterly_watches_market_cap_weight,Rally Watches Market-Cap-Weighted Quarterly Historical Index Prototype,2022-06-30,148.359543,-0.09426920914063697,11,market_cap,watches,"Quarterly Historical Index Prototype from manually transcribed Rally observations; period_end is the calendar quarter, observed_at may be earlier, and no interpolation is used.",0
rally_quarterly_watches_market_cap_weight,Rally Watches Market-Cap-Weighted Quarterly Historical Index Prototype,2022-09-30,150.226912,0.012586781057741084,12,market_cap,watches,"Quarterly Historical Index Prototype from manually transcribed Rally observations; period_end is the calendar quarter, observed_at may be earlier, and no interpolation is used.",0
rally_quarterly_watches_market_cap_weight,Rally Watches Market-Cap-Weighted Quarterly Historical Index Prototype,2022-12-31,155.975314,0.03826479438314945,12,market_cap,watches,"Quarterly Historical Index Prototype from manually transcribed Rally observations; period_end is the calendar quarter, observed_at may be earlier, and no interpolation is used.",0
rally_quarterly_watches_market_cap_weight,Rally Watches Market-Cap-Weighted Quarterly Historical Index Prototype,2023-03-31,183.323543,0.17533690769453703,12,market_cap,watches,"Quarterly Historical Index Prototype from manually transcribed Rally observations; period_end is the calendar quarter, observed_at may be earlier, and no interpolation is used.",0
rally_quarterly_watches_market_cap_weight,Rally Watches Market-Cap-Weighted Quarterly Historical Index Prototype,2023-06-30,178.234362,-0.02776065425553776,12,market_cap,watches,"Quarterly Historical Index Prototype from manually transcribed Rally observations; period_end is the calendar quarter, observed_at may be earlier, and no interpolation is used.",0
rally_quarterly_watches_market_cap_weight,Rally Watches Market-Cap-Weighted Quarterly Historical Index Prototype,2023-09-30,161.927132,-0.09149318397971044,12,market_cap,watches,"Quarterly Historical Index Prototype from manually transcribed Rally observations; period_end is the calendar quarter, observed_at may be earlier, and no interpolation is used.",0
rally_quarterly_watches_market_cap_weight,Rally Watches Market-Cap-Weighted Quarterly Historical Index Prototype,2023-12-31,147.107858,-0.09151816870609036,12,market_cap,watches,"Quarterly Historical Index Prototype from manually transcribed Rally observations; period_end is the calendar quarter, observed_at may be earlier, and no interpolation is used.",0
rally_quarterly_watches_market_cap_weight,Rally Watches Market-Cap-Weighted Quarterly Historical Index Prototype,2024-03-31,166.885728,0.13444469100188614,11,market_cap,watches,"Quarterly Historical Index Prototype from manually transcribed Rally observations; period_end is the calendar quarter, observed_at may be earlier, and no interpolation is used.",0
rally_quarterly_watches_market_cap_weight,Rally Watches Market-Cap-Weighted Quarterly Historical Index Prototype,2024-06-30,156.190907,-0.06408469644734588,11,market_cap,watches,"Quarterly Historical Index Prototype from manually transcribed Rally observations; period_end is the calendar quarter, observed_at may be earlier, and no interpolation is used.",0
rally_quarterly_watches_market_cap_weight,Rally Watches Market-Cap-Weighted Quarterly Historical Index Prototype,2024-09-30,171.153864,0.09579915356079215,11,market_cap,watches,"Quarterly Historical Index Prototype from manually transcribed Rally observations; period_end is the calendar quarter, observed_at may be earlier, and no interpolation is used.",0
rally_quarterly_watches_market_cap_weight,Rally Watches Market-Cap-Weighted Quarterly Historical Index Prototype,2024-12-31,165.261715,-0.03442603409226369,11,market_cap,watches,"Quarterly Historical Index Prototype from manually transcribed Rally observations; period_end is the calendar quarter, observed_at may be earlier, and no interpolation is used.",0
rally_quarterly_watches_market_cap_weight,Rally Watches Market-Cap-Weighted Quarterly Historical Index Prototype,2025-03-31,159.279797,-0.03619663712007112,11,market_cap,watches,"Quarterly Historical Index Prototype from manually transcribed Rally observations; period_end is the calendar quarter, observed_at may be earlier, and no interpolation is used.",0
rally_quarterly_watches_market_cap_weight,Rally Watches Market-Cap-Weighted Quarterly Historical Index Prototype,2025-06-30,154.685226,-0.02884590751889332,11,market_cap,watches,"Quarterly Historical Index Prototype from manually transcribed Rally observations; period_end is the calendar quarter, observed_at may be earlier, and no interpolation is used.",0
rally_quarterly_watches_market_cap_weight,Rally Watches Market-Cap-Weighted Quarterly Historical Index Prototype,2025-09-30,151.853404,-0.018306998338125546,11,market_cap,watches,"Quarterly Historical Index Prototype from manually transcribed Rally observations; period_end is the calendar quarter, observed_at may be earlier, and no interpolation is used.",0
rally_quarterly_watches_market_cap_weight,Rally Watches Market-Cap-Weighted Quarterly Historical Index Prototype,2025-12-31,155.672692,0.025151148730350684,11,market_cap,watches,"Quarterly Historical Index Prototype from manually transcribed Rally observations; period_end is the calendar quarter, observed_at may be earlier, and no interpolation is used.",0
rally_quarterly_watches_market_cap_weight,Rally Watches Market-Cap-Weighted Quarterly Historical Index Prototype,2026-03-31,160.703868,0.032318943146968614,11,market_cap,watches,"Quarterly Historical Index Prototype from manually transcribed Rally observations; period_end is the calendar quarter, observed_at may be earlier, and no interpolation is used.",0
rally_quarterly_watches_market_cap_weight,Rally Watches Market-Cap-Weighted Quarterly Historical Index Prototype,2026-06-30,162.511501,0.011248222628478556,11,market_cap,watches,"Quarterly Historical Index Prototype from manually transcribed Rally observations; period_end is the calendar quarter, observed_at may be earlier, and no interpolation is used.",0
rally_quarterly_wine_and_whiskey_equal_weight,Rally Wine And Whiskey Equal-Weighted Quarterly Historical Index Prototype,2020-09-30,100.0,,4,equal,wine and whiskey,"Quarterly Historical Index Prototype from manually transcribed Rally observations; period_end is the calendar quarter, observed_at may be earlier, and no interpolation is used.",0
rally_quarterly_wine_and_whiskey_equal_weight,Rally Wine And Whiskey Equal-Weighted Quarterly Historical Index Prototype,2020-12-31,94.198718,-0.0580128205128205,7,equal,wine and whiskey,"Quarterly Historical Index Prototype from manually transcribed Rally observations; period_end is the calendar quarter, observed_at may be earlier, and no interpolation is used.",0
rally_quarterly_wine_and_whiskey_equal_weight,Rally Wine And Whiskey Equal-Weighted Quarterly Historical Index Prototype,2021-03-31,86.994906,-0.07647462913685965,10,equal,wine and whiskey,"Quarterly Historical Index Prototype from manually transcribed Rally observations; period_end is the calendar quarter, observed_at may be earlier, and no interpolation is used.",0
rally_quarterly_wine_and_whiskey_equal_weight,Rally Wine And Whiskey Equal-Weighted Quarterly Historical Index Prototype,2021-06-30,86.677781,-0.0036453298810893943,11,equal,wine and whiskey,"Quarterly Historical Index Prototype from manually transcribed Rally observations; period_end is the calendar quarter, observed_at may be earlier, and no interpolation is used.",0
rally_quarterly_wine_and_whiskey_equal_weight,Rally Wine And Whiskey Equal-Weighted Quarterly Historical Index Prototype,2021-09-30,98.85512,0.14048974481861026,11,equal,wine and whiskey,"Quarterly Historical Index Prototype from manually transcribed Rally observations; period_end is the calendar quarter, observed_at may be earlier, and no interpolation is used.",0
rally_quarterly_wine_and_whiskey_equal_weight,Rally Wine And Whiskey Equal-Weighted Quarterly Historical Index Prototype,2021-12-31,100.426776,0.01589858162530855,14,equal,wine and whiskey,"Quarterly Historical Index Prototype from manually transcribed Rally observations; period_end is the calendar quarter, observed_at may be earlier, and no interpolation is used.",0
rally_quarterly_wine_and_whiskey_equal_weight,Rally Wine And Whiskey Equal-Weighted Quarterly Historical Index Prototype,2022-03-31,100.90877,0.004799454575418232,15,equal,wine and whiskey,"Quarterly Historical Index Prototype from manually transcribed Rally observations; period_end is the calendar quarter, observed_at may be earlier, and no interpolation is used.",0
rally_quarterly_wine_and_whiskey_equal_weight,Rally Wine And Whiskey Equal-Weighted Quarterly Historical Index Prototype,2022-06-30,96.617601,-0.042525229768679146,15,equal,wine and whiskey,"Quarterly Historical Index Prototype from manually transcribed Rally observations; period_end is the calendar quarter, observed_at may be earlier, and no interpolation is used.",0
rally_quarterly_wine_and_whiskey_equal_weight,Rally Wine And Whiskey Equal-Weighted Quarterly Historical Index Prototype,2022-09-30,104.611073,0.08273307891830507,17,equal,wine and whiskey,"Quarterly Historical Index Prototype from manually transcribed Rally observations; period_end is the calendar quarter, observed_at may be earlier, and no interpolation is used.",0
rally_quarterly_wine_and_whiskey_equal_weight,Rally Wine And Whiskey Equal-Weighted Quarterly Historical Index Prototype,2022-12-31,118.480911,0.13258479913038818,17,equal,wine and whiskey,"Quarterly Historical Index Prototype from manually transcribed Rally observations; period_end is the calendar quarter, observed_at may be earlier, and no interpolation is used.",0
rally_quarterly_wine_and_whiskey_equal_weight,Rally Wine And Whiskey Equal-Weighted Quarterly Historical Index Prototype,2023-03-31,138.73055,0.17091056048314635,17,equal,wine and whiskey,"Quarterly Historical Index Prototype from manually transcribed Rally observations; period_end is the calendar quarter, observed_at may be earlier, and no interpolation is used.",0
rally_quarterly_wine_and_whiskey_equal_weight,Rally Wine And Whiskey Equal-Weighted Quarterly Historical Index Prototype,2023-06-30,130.969263,-0.05594504968563015,17,equal,wine and whiskey,"Quarterly Historical Index Prototype from manually transcribed Rally observations; period_end is the calendar quarter, observed_at may be earlier, and no interpolation is used.",0
rally_quarterly_wine_and_whiskey_equal_weight,Rally Wine And Whiskey Equal-Weighted Quarterly Historical Index Prototype,2023-09-30,127.776572,-0.024377402108185536,17,equal,wine and whiskey,"Quarterly Historical Index Prototype from manually transcribed Rally observations; period_end is the calendar quarter, observed_at may be earlier, and no interpolation is used.",0
rally_quarterly_wine_and_whiskey_equal_weight,Rally Wine And Whiskey Equal-Weighted Quarterly Historical Index Prototype,2023-12-31,119.110509,-0.06782200327841728,17,equal,wine and whiskey,"Quarterly Historical Index Prototype from manually transcribed Rally observations; period_end is the calendar quarter, observed_at may be earlier, and no interpolation is used.",0
rally_quarterly_wine_and_whiskey_equal_weight,Rally Wine And Whiskey Equal-Weighted Quarterly Historical Index Prototype,2024-03-31,131.606168,0.1049081182737213,17,equal,wine and whiskey,"Quarterly Historical Index Prototype from manually transcribed Rally observations; period_end is the calendar quarter, observed_at may be earlier, and no interpolation is used.",0
rally_quarterly_wine_and_whiskey_equal_weight,Rally Wine And Whiskey Equal-Weighted Quarterly Historical Index Prototype,2024-06-30,125.398964,-0.04716499413108122,17,equal,wine and whiskey,"Quarterly Historical Index Prototype from manually transcribed Rally observations; period_end is the calendar quarter, observed_at may be earlier, and no interpolation is used.",0
rally_quarterly_wine_and_whiskey_equal_weight,Rally Wine And Whiskey Equal-Weighted Quarterly Historical Index Prototype,2024-09-30,123.221083,-0.017367616278124998,17,equal,wine and whiskey,"Quarterly Historical Index Prototype from manually transcribed Rally observations; period_end is the calendar quarter, observed_at may be earlier, and no interpolation is used.",0
rally_quarterly_wine_and_whiskey_equal_weight,Rally Wine And Whiskey Equal-Weighted Quarterly Historical Index Prototype,2024-12-31,126.285523,0.0248694454507141,17,equal,wine and whiskey,"Quarterly Historical Index Prototype from manually transcribed Rally observations; period_end is the calendar quarter, observed_at may be earlier, and no interpolation is used.",0
rally_quarterly_wine_and_whiskey_equal_weight,Rally Wine And Whiskey Equal-Weighted Quarterly Historical Index Prototype,2025-03-31,125.478983,-0.006386640367246272,17,equal,wine and whiskey,"Quarterly Historical Index Prototype from manually transcribed Rally observations; period_end is the calendar quarter, observed_at may be earlier, and no interpolation is used.",0
rally_quarterly_wine_and_whiskey_equal_weight,Rally Wine And Whiskey Equal-Weighted Quarterly Historical Index Prototype,2025-06-30,125.176087,-0.0024139194329198315,17,equal,wine and whiskey,"Quarterly Historical Index Prototype from manually transcribed Rally observations; period_end is the calendar quarter, observed_at may be earlier, and no interpolation is used.",0
rally_quarterly_wine_and_whiskey_equal_weight,Rally Wine And Whiskey Equal-Weighted Quarterly Historical Index Prototype,2025-09-30,122.483583,-0.021509733688115353,16,equal,wine and whiskey,"Quarterly Historical Index Prototype from manually transcribed Rally observations; period_end is the calendar quarter, observed_at may be earlier, and no interpolation is used.",0
rally_quarterly_wine_and_whiskey_equal_weight,Rally Wine And Whiskey Equal-Weighted Quarterly Historical Index Prototype,2025-12-31,117.372109,-0.04173190371977974,16,equal,wine and whiskey,"Quarterly Historical Index Prototype from manually transcribed Rally observations; period_end is the calendar quarter, observed_at may be earlier, and no interpolation is used.",0
rally_quarterly_wine_and_whiskey_equal_weight,Rally Wine And Whiskey Equal-Weighted Quarterly Historical Index Prototype,2026-03-31,118.350619,0.008336815045655796,16,equal,wine and whiskey,"Quarterly Historical Index Prototype from manually transcribed Rally observations; period_end is the calendar quarter, observed_at may be earlier, and no interpolation is used.",0
rally_quarterly_wine_and_whiskey_equal_weight,Rally Wine And Whiskey Equal-Weighted Quarterly Historical Index Prototype,2026-06-30,117.017324,-0.011265639036229402,16,equal,wine and whiskey,"Quarterly Historical Index Prototype from manually transcribed Rally observations; period_end is the calendar quarter, observed_at may be earlier, and no interpolation is used.",0
rally_quarterly_wine_and_whiskey_market_cap_weight,Rally Wine And Whiskey Market-Cap-Weighted Quarterly Historical Index Prototype,2020-09-30,100.0,,4,market_cap,wine and whiskey,"Quarterly Historical Index Prototype from manually transcribed Rally observations; period_end is the calendar quarter, observed_at may be earlier, and no interpolation is used.",0
rally_quarterly_wine_and_whiskey_market_cap_weight,Rally Wine And Whiskey Market-Cap-Weighted Quarterly Historical Index Prototype,2020-12-31,92.747326,-0.07252673796791442,7,market_cap,wine and whiskey,"Quarterly Historical Index Prototype from manually transcribed Rally observations; period_end is the calendar quarter, observed_at may be earlier, and no interpolation is used.",0
rally_quarterly_wine_and_whiskey_market_cap_weight,Rally Wine And Whiskey Market-Cap-Weighted Quarterly Historical Index Prototype,2021-03-31,78.578238,-0.1527708533077661,10,market_cap,wine and whiskey,"Quarterly Historical Index Prototype from manually transcribed Rally observations; period_end is the calendar quarter, observed_at may be earlier, and no interpolation is used.",0
rally_quarterly_wine_and_whiskey_market_cap_weight,Rally Wine And Whiskey Market-Cap-Weighted Quarterly Historical Index Prototype,2021-06-30,77.967335,-0.007774458181338012,11,market_cap,wine and whiskey,"Quarterly Historical Index Prototype from manually transcribed Rally observations; period_end is the calendar quarter, observed_at may be earlier, and no interpolation is used.",0
rally_quarterly_wine_and_whiskey_market_cap_weight,Rally Wine And Whiskey Market-Cap-Weighted Quarterly Historical Index Prototype,2021-09-30,87.812373,0.12627132111452483,11,market_cap,wine and whiskey,"Quarterly Historical Index Prototype from manually transcribed Rally observations; period_end is the calendar quarter, observed_at may be earlier, and no interpolation is used.",0
rally_quarterly_wine_and_whiskey_market_cap_weight,Rally Wine And Whiskey Market-Cap-Weighted Quarterly Historical Index Prototype,2021-12-31,85.095744,-0.030936746239013053,14,market_cap,wine and whiskey,"Quarterly Historical Index Prototype from manually transcribed Rally observations; period_end is the calendar quarter, observed_at may be earlier, and no interpolation is used.",0
rally_quarterly_wine_and_whiskey_market_cap_weight,Rally Wine And Whiskey Market-Cap-Weighted Quarterly Historical Index Prototype,2022-03-31,82.949521,-0.025221278305056508,15,market_cap,wine and whiskey,"Quarterly Historical Index Prototype from manually transcribed Rally observations; period_end is the calendar quarter, observed_at may be earlier, and no interpolation is used.",0
rally_quarterly_wine_and_whiskey_market_cap_weight,Rally Wine And Whiskey Market-Cap-Weighted Quarterly Historical Index Prototype,2022-06-30,79.596321,-0.04042457846474889,15,market_cap,wine and whiskey,"Quarterly Historical Index Prototype from manually transcribed Rally observations; period_end is the calendar quarter, observed_at may be earlier, and no interpolation is used.",0
rally_quarterly_wine_and_whiskey_market_cap_weight,Rally Wine And Whiskey Market-Cap-Weighted Quarterly Historical Index Prototype,2022-09-30,85.145898,0.06972152950955943,17,market_cap,wine and whiskey,"Quarterly Historical Index Prototype from manually transcribed Rally observations; period_end is the calendar quarter, observed_at may be earlier, and no interpolation is used.",0
rally_quarterly_wine_and_whiskey_market_cap_weight,Rally Wine And Whiskey Market-Cap-Weighted Quarterly Historical Index Prototype,2022-12-31,90.872014,0.06725063351756885,17,market_cap,wine and whiskey,"Quarterly Historical Index Prototype from manually transcribed Rally observations; period_end is the calendar quarter, observed_at may be earlier, and no interpolation is used.",0
rally_quarterly_wine_and_whiskey_market_cap_weight,Rally Wine And Whiskey Market-Cap-Weighted Quarterly Historical Index Prototype,2023-03-31,104.633788,0.15144127401967566,17,market_cap,wine and whiskey,"Quarterly Historical Index Prototype from manually transcribed Rally observations; period_end is the calendar quarter, observed_at may be earlier, and no interpolation is used.",0
rally_quarterly_wine_and_whiskey_market_cap_weight,Rally Wine And Whiskey Market-Cap-Weighted Quarterly Historical Index Prototype,2023-06-30,98.678655,-0.05691405412777896,17,market_cap,wine and whiskey,"Quarterly Historical Index Prototype from manually transcribed Rally observations; period_end is the calendar quarter, observed_at may be earlier, and no interpolation is used.",0
rally_quarterly_wine_and_whiskey_market_cap_weight,Rally Wine And Whiskey Market-Cap-Weighted Quarterly Historical Index Prototype,2023-09-30,95.161844,-0.03563902318086026,17,market_cap,wine and whiskey,"Quarterly Historical Index Prototype from manually transcribed Rally observations; period_end is the calendar quarter, observed_at may be earlier, and no interpolation is used.",0
rally_quarterly_wine_and_whiskey_market_cap_weight,Rally Wine And Whiskey Market-Cap-Weighted Quarterly Historical Index Prototype,2023-12-31,89.201274,-0.06263613057108787,17,market_cap,wine and whiskey,"Quarterly Historical Index Prototype from manually transcribed Rally observations; period_end is the calendar quarter, observed_at may be earlier, and no interpolation is used.",0
rally_quarterly_wine_and_whiskey_market_cap_weight,Rally Wine And Whiskey Market-Cap-Weighted Quarterly Historical Index Prototype,2024-03-31,99.38576,0.11417421628978683,17,market_cap,wine and whiskey,"Quarterly Historical Index Prototype from manually transcribed Rally observations; period_end is the calendar quarter, observed_at may be earlier, and no interpolation is used.",0
rally_quarterly_wine_and_whiskey_market_cap_weight,Rally Wine And Whiskey Market-Cap-Weighted Quarterly Historical Index Prototype,2024-06-30,92.283505,-0.07146149038678506,17,market_cap,wine and whiskey,"Quarterly Historical Index Prototype from manually transcribed Rally observations; period_end is the calendar quarter, observed_at may be earlier, and no interpolation is used.",0
rally_quarterly_wine_and_whiskey_market_cap_weight,Rally Wine And Whiskey Market-Cap-Weighted Quarterly Historical Index Prototype,2024-09-30,91.313747,-0.010508461666967547,17,market_cap,wine and whiskey,"Quarterly Historical Index Prototype from manually transcribed Rally observations; period_end is the calendar quarter, observed_at may be earlier, and no interpolation is used.",0
rally_quarterly_wine_and_whiskey_market_cap_weight,Rally Wine And Whiskey Market-Cap-Weighted Quarterly Historical Index Prototype,2024-12-31,92.227779,0.01000978651990607,17,market_cap,wine and whiskey,"Quarterly Historical Index Prototype from manually transcribed Rally observations; period_end is the calendar quarter, observed_at may be earlier, and no interpolation is used.",0
rally_quarterly_wine_and_whiskey_market_cap_weight,Rally Wine And Whiskey Market-Cap-Weighted Quarterly Historical Index Prototype,2025-03-31,91.122787,-0.011981113167729662,17,market_cap,wine and whiskey,"Quarterly Historical Index Prototype from manually transcribed Rally observations; period_end is the calendar quarter, observed_at may be earlier, and no interpolation is used.",0
rally_quarterly_wine_and_whiskey_market_cap_weight,Rally Wine And Whiskey Market-Cap-Weighted Quarterly Historical Index Prototype,2025-06-30,89.91416,-0.013263721090053705,17,market_cap,wine and whiskey,"Quarterly Historical Index Prototype from manually transcribed Rally observations; period_end is the calendar quarter, observed_at may be earlier, and no interpolation is used.",0
rally_quarterly_wine_and_whiskey_market_cap_weight,Rally Wine And Whiskey Market-Cap-Weighted Quarterly Historical Index Prototype,2025-09-30,89.736068,-0.0019806882891804864,16,market_cap,wine and whiskey,"Quarterly Historical Index Prototype from manually transcribed Rally observations; period_end is the calendar quarter, observed_at may be earlier, and no interpolation is used.",0
rally_quarterly_wine_and_whiskey_market_cap_weight,Rally Wine And Whiskey Market-Cap-Weighted Quarterly Historical Index Prototype,2025-12-31,85.697403,-0.04500604188506817,16,market_cap,wine and whiskey,"Quarterly Historical Index Prototype from manually transcribed Rally observations; period_end is the calendar quarter, observed_at may be earlier, and no interpolation is used.",0
rally_quarterly_wine_and_whiskey_market_cap_weight,Rally Wine And Whiskey Market-Cap-Weighted Quarterly Historical Index Prototype,2026-03-31,84.588996,-0.012933960129716636,16,market_cap,wine and whiskey,"Quarterly Historical Index Prototype from manually transcribed Rally observations; period_end is the calendar quarter, observed_at may be earlier, and no interpolation is used.",0
rally_quarterly_wine_and_whiskey_market_cap_weight,Rally Wine And Whiskey Market-Cap-Weighted Quarterly Historical Index Prototype,2026-06-30,84.223477,-0.004321117615897674,16,market_cap,wine and whiskey,"Quarterly Historical Index Prototype from manually transcribed Rally observations; period_end is the calendar quarter, observed_at may be earlier, and no interpolation is used.",0
