asset_id,period_end,observed_at,price_per_share,market_cap,event_type,source_type,source_reference,collected_at,researcher,precision_status,notes,volume,frequency,implied_market_cap,warning_reason
rally-00mouton,2021-06-30,2021-04-01T00:00:00Z,13.5,27000.0,offering_price,rally_app,Rally App,2026-07-14T00:00:00Z,Marshall,exact,Initial offering,,quarterly,27000.0,observed_at_exceeds_quarter_lookback:90d; offering_price_excluded_from_secondary_returns
rally-00mouton,2021-09-30,2021-09-30T00:00:00Z,13.5,27000.0,chart_observation,rally_app_chart,Rally App,2026-07-14T00:00:00Z,Marshall,exact,,,quarterly,27000.0,chart_observation_marked_exact
rally-00mouton,2021-12-31,2022-02-07T00:00:00Z,9.2,18400.0,chart_observation,rally_app_chart,Rally App,2026-07-14T00:00:00Z,Marshall,chart_estimate,Nearest available observation after quarter-end. Submitted precision_status was approx.,,quarterly,18400.0,observed_at_after_period_end
rally-00mouton,2022-03-31,2022-03-31T00:00:00Z,12.35,24700.0,chart_observation,rally_app_chart,Rally App,2026-07-14T00:00:00Z,Marshall,exact,,,quarterly,24700.0,chart_observation_marked_exact
rally-00mouton,2022-06-30,2022-06-27T00:00:00Z,13.1,26200.0,chart_observation,rally_app_chart,Rally App,2026-07-14T00:00:00Z,Marshall,exact,,,quarterly,26200.0,chart_observation_marked_exact
rally-00mouton,2022-09-30,2022-09-29T00:00:00Z,14.0,28000.0,chart_observation,rally_app_chart,Rally App,2026-07-14T00:00:00Z,Marshall,exact,,,quarterly,28000.0,chart_observation_marked_exact
rally-00mouton,2022-12-31,2022-12-30T00:00:00Z,13.95,27900.0,chart_observation,rally_app_chart,Rally App,2026-07-14T00:00:00Z,Marshall,exact,,,quarterly,27900.0,chart_observation_marked_exact
rally-00mouton,2023-03-31,2023-03-30T00:00:00Z,13.4,26800.0,chart_observation,rally_app_chart,Rally App,2026-07-14T00:00:00Z,Marshall,exact,,,quarterly,26800.0,chart_observation_marked_exact
rally-00mouton,2023-06-30,2023-06-26T00:00:00Z,12.0,24000.0,chart_observation,rally_app_chart,Rally App,2026-07-14T00:00:00Z,Marshall,exact,,,quarterly,24000.0,chart_observation_marked_exact
rally-00mouton,2023-09-30,2023-09-28T00:00:00Z,13.5,27000.0,chart_observation,rally_app_chart,Rally App,2026-07-14T00:00:00Z,Marshall,exact,,,quarterly,27000.0,chart_observation_marked_exact
rally-00mouton,2023-12-31,2023-12-29T00:00:00Z,11.0,22000.0,chart_observation,rally_app_chart,Rally App,2026-07-14T00:00:00Z,Marshall,exact,,,quarterly,22000.0,chart_observation_marked_exact
rally-00mouton,2024-03-31,2024-03-28T00:00:00Z,13.0,26000.0,chart_observation,rally_app_chart,Rally App,2026-07-14T00:00:00Z,Marshall,exact,,,quarterly,26000.0,chart_observation_marked_exact
rally-00mouton,2024-06-30,2024-06-24T00:00:00Z,13.25,26500.0,chart_observation,rally_app_chart,Rally App,2026-07-14T00:00:00Z,Marshall,exact,,,quarterly,26500.0,chart_observation_marked_exact
rally-00mouton,2024-09-30,2024-09-26T00:00:00Z,11.0,22000.0,chart_observation,rally_app_chart,Rally App,2026-07-14T00:00:00Z,Marshall,exact,,,quarterly,22000.0,chart_observation_marked_exact
rally-00mouton,2024-12-31,2024-12-30T00:00:00Z,12.5,25000.0,chart_observation,rally_app_chart,Rally App,2026-07-14T00:00:00Z,Marshall,exact,,,quarterly,25000.0,chart_observation_marked_exact
rally-00mouton,2025-03-31,2025-03-27T00:00:00Z,11.75,23500.0,chart_observation,rally_app_chart,Rally App,2026-07-14T00:00:00Z,Marshall,exact,,,quarterly,23500.0,chart_observation_marked_exact
rally-00mouton,2025-06-30,2025-06-30T00:00:00Z,9.6,19200.0,chart_observation,rally_app_chart,Rally App,2026-07-14T00:00:00Z,Marshall,exact,,,quarterly,19200.0,chart_observation_marked_exact
rally-00mouton,2025-09-30,2025-09-25T00:00:00Z,9.4,18800.0,chart_observation,rally_app_chart,Rally App,2026-07-14T00:00:00Z,Marshall,exact,,,quarterly,18800.0,chart_observation_marked_exact
rally-00mouton,2025-12-31,2025-12-29T00:00:00Z,7.55,15100.0,chart_observation,rally_app_chart,Rally App,2026-07-14T00:00:00Z,Marshall,exact,,,quarterly,15100.0,chart_observation_marked_exact
rally-00mouton,2026-03-31,2026-03-26T00:00:00Z,7.85,15700.0,chart_observation,rally_app_chart,Rally App,2026-07-14T00:00:00Z,Marshall,exact,,,quarterly,15700.0,chart_observation_marked_exact
rally-00mouton,2026-06-30,2026-06-29T00:00:00Z,7.9,15800.0,chart_observation,rally_app_chart,Rally App,2026-07-14T00:00:00Z,Marshall,exact,,,quarterly,15800.0,chart_observation_marked_exact
rally-03tache,2020-12-31,2020-11-01T00:00:00Z,5.0,78000.0,offering_price,rally_app,Rally App,2026-07-14T00:00:00Z,Marshall,exact,Initial offering. Submitted observed_at was 2020-11.,,quarterly,78000.0,observed_at_exceeds_quarter_lookback:60d; offering_price_excluded_from_secondary_returns
rally-03tache,2021-03-31,2021-04-20T00:00:00Z,3.0,46800.0,chart_observation,rally_app_chart,Rally App,2026-07-14T00:00:00Z,Marshall,chart_estimate,Nearest available observation after quarter-end. Submitted precision_status was approx.,,quarterly,46800.0,observed_at_after_period_end
rally-03tache,2021-06-30,2021-06-25T00:00:00Z,3.75,58500.0,chart_observation,rally_app_chart,Rally App,2026-07-14T00:00:00Z,Marshall,exact,,,quarterly,58500.0,chart_observation_marked_exact
rally-03tache,2021-09-30,2021-09-10T00:00:00Z,4.6,71760.0,chart_observation,rally_app_chart,Rally App,2026-07-14T00:00:00Z,Marshall,exact,,,quarterly,71760.0,observed_at_exceeds_quarter_lookback:20d; chart_observation_marked_exact
rally-03tache,2021-12-31,2022-02-14T00:00:00Z,4.1,63960.0,chart_observation,rally_app_chart,Rally App,2026-07-14T00:00:00Z,Marshall,chart_estimate,Nearest available observation after quarter-end. Submitted precision_status was approx.,,quarterly,63959.99999999999,observed_at_after_period_end
rally-03tache,2022-03-31,2022-02-14T00:00:00Z,4.1,63960.0,chart_observation,rally_app_chart,Rally App,2026-07-14T00:00:00Z,Marshall,chart_estimate,Submitted precision_status was approx.,,quarterly,63959.99999999999,observed_at_exceeds_quarter_lookback:45d
rally-03tache,2022-06-30,2022-06-30T00:00:00Z,3.9,60840.0,chart_observation,rally_app_chart,Rally App,2026-07-14T00:00:00Z,Marshall,exact,,,quarterly,60840.0,chart_observation_marked_exact
rally-03tache,2022-09-30,2022-09-26T00:00:00Z,4.05,63180.0,chart_observation,rally_app_chart,Rally App,2026-07-14T00:00:00Z,Marshall,exact,,,quarterly,63180.0,chart_observation_marked_exact
rally-03tache,2022-12-31,2022-12-29T00:00:00Z,4.6,71760.0,chart_observation,rally_app_chart,Rally App,2026-07-14T00:00:00Z,Marshall,exact,,,quarterly,71760.0,chart_observation_marked_exact
rally-03tache,2023-03-31,2023-03-27T00:00:00Z,5.0,78000.0,chart_observation,rally_app_chart,Rally App,2026-07-14T00:00:00Z,Marshall,exact,,,quarterly,78000.0,chart_observation_marked_exact
rally-03tache,2023-06-30,2023-06-29T00:00:00Z,4.85,75660.0,chart_observation,rally_app_chart,Rally App,2026-07-14T00:00:00Z,Marshall,exact,,,quarterly,75660.0,chart_observation_marked_exact
rally-03tache,2023-09-30,2023-09-25T00:00:00Z,4.75,74100.0,chart_observation,rally_app_chart,Rally App,2026-07-14T00:00:00Z,Marshall,exact,,,quarterly,74100.0,chart_observation_marked_exact
rally-03tache,2023-12-31,2023-12-28T00:00:00Z,4.3,67080.0,chart_observation,rally_app_chart,Rally App,2026-07-14T00:00:00Z,Marshall,exact,,,quarterly,67080.0,chart_observation_marked_exact
rally-03tache,2024-03-31,2024-03-25T00:00:00Z,4.75,74100.0,chart_observation,rally_app_chart,Rally App,2026-07-14T00:00:00Z,Marshall,exact,,,quarterly,74100.0,chart_observation_marked_exact
rally-03tache,2024-06-30,2024-06-27T00:00:00Z,4.8,74880.0,chart_observation,rally_app_chart,Rally App,2026-07-14T00:00:00Z,Marshall,exact,,,quarterly,74880.0,chart_observation_marked_exact
rally-03tache,2024-09-30,2024-09-30T00:00:00Z,4.5,70200.0,chart_observation,rally_app_chart,Rally App,2026-07-14T00:00:00Z,Marshall,exact,,,quarterly,70200.0,chart_observation_marked_exact
rally-03tache,2024-12-31,2024-12-26T00:00:00Z,4.25,66300.0,chart_observation,rally_app_chart,Rally App,2026-07-14T00:00:00Z,Marshall,exact,,,quarterly,66300.0,chart_observation_marked_exact
rally-03tache,2025-03-31,2025-03-31T00:00:00Z,4.05,63180.0,chart_observation,rally_app_chart,Rally App,2026-07-14T00:00:00Z,Marshall,exact,,,quarterly,63180.0,chart_observation_marked_exact
rally-03tache,2025-06-30,2025-06-26T00:00:00Z,4.25,66300.0,chart_observation,rally_app_chart,Rally App,2026-07-14T00:00:00Z,Marshall,exact,,,quarterly,66300.0,chart_observation_marked_exact
rally-03tache,2025-09-30,2025-09-29T00:00:00Z,4.25,66300.0,chart_observation,rally_app_chart,Rally App,2026-07-14T00:00:00Z,Marshall,exact,,,quarterly,66300.0,chart_observation_marked_exact
rally-03tache,2025-12-31,2025-12-31T00:00:00Z,4.05,63180.0,chart_observation,rally_app_chart,Rally App,2026-07-14T00:00:00Z,Marshall,exact,,,quarterly,63180.0,chart_observation_marked_exact
rally-03tache,2026-03-31,2026-03-30T00:00:00Z,4.1,63960.0,chart_observation,rally_app_chart,Rally App,2026-07-14T00:00:00Z,Marshall,exact,,,quarterly,63959.99999999999,chart_observation_marked_exact
rally-03tache,2026-06-30,2026-06-25T00:00:00Z,4.05,63180.0,chart_observation,rally_app_chart,Rally App,2026-07-14T00:00:00Z,Marshall,exact,,,quarterly,63180.0,chart_observation_marked_exact
rally-05latour,2020-09-30,2020-09-01T00:00:00Z,9.8,9800.0,offering_price,rally_app,Rally App,2026-07-14T00:00:00Z,Marshall,exact,Initial offering,,quarterly,9800.0,observed_at_exceeds_quarter_lookback:29d; offering_price_excluded_from_secondary_returns
rally-05latour,2020-12-31,2020-12-22T00:00:00Z,9.8,9800.0,chart_observation,rally_app_chart,Rally App,2026-07-14T00:00:00Z,Marshall,exact,,,quarterly,9800.0,chart_observation_marked_exact
rally-05latour,2021-03-31,2021-02-25T00:00:00Z,12.0,12000.0,chart_observation,rally_app_chart,Rally App,2026-07-14T00:00:00Z,Marshall,exact,,,quarterly,12000.0,observed_at_exceeds_quarter_lookback:34d; chart_observation_marked_exact
rally-05latour,2021-06-30,2021-07-20T00:00:00Z,12.1,12100.0,chart_observation,rally_app_chart,Rally App,2026-07-14T00:00:00Z,Marshall,chart_estimate,Submitted precision_status was approx.,,quarterly,12100.0,observed_at_after_period_end
rally-05latour,2021-09-30,2021-09-27T00:00:00Z,13.45,13450.0,chart_observation,rally_app_chart,Rally App,2026-07-14T00:00:00Z,Marshall,exact,,,quarterly,13450.0,chart_observation_marked_exact
rally-05latour,2021-12-31,2022-01-31T00:00:00Z,14.0,14000.0,chart_observation,rally_app_chart,Rally App,2026-07-14T00:00:00Z,Marshall,chart_estimate,Submitted precision_status was approx.,,quarterly,14000.0,observed_at_after_period_end
rally-05latour,2022-03-31,2022-03-31T00:00:00Z,14.35,14350.0,chart_observation,rally_app_chart,Rally App,2026-07-14T00:00:00Z,Marshall,exact,,,quarterly,14350.0,chart_observation_marked_exact
rally-05latour,2022-06-30,2022-06-30T00:00:00Z,14.3,14300.0,chart_observation,rally_app_chart,Rally App,2026-07-14T00:00:00Z,Marshall,exact,,,quarterly,14300.0,chart_observation_marked_exact
rally-05latour,2022-09-30,2022-09-29T00:00:00Z,14.25,14250.0,chart_observation,rally_app_chart,Rally App,2026-07-14T00:00:00Z,Marshall,exact,,,quarterly,14250.0,chart_observation_marked_exact
rally-05latour,2022-12-31,2022-12-29T00:00:00Z,14.25,14250.0,chart_observation,rally_app_chart,Rally App,2026-07-14T00:00:00Z,Marshall,exact,,,quarterly,14250.0,chart_observation_marked_exact
rally-05latour,2023-03-31,2023-03-30T00:00:00Z,14.8,14800.0,chart_observation,rally_app_chart,Rally App,2026-07-14T00:00:00Z,Marshall,exact,,,quarterly,14800.0,chart_observation_marked_exact
rally-05latour,2023-06-30,2023-06-29T00:00:00Z,14.5,14500.0,chart_observation,rally_app_chart,Rally App,2026-07-14T00:00:00Z,Marshall,exact,,,quarterly,14500.0,chart_observation_marked_exact
rally-05latour,2023-09-30,2023-09-28T00:00:00Z,16.6,16600.0,chart_observation,rally_app_chart,Rally App,2026-07-14T00:00:00Z,Marshall,exact,,,quarterly,16600.0,chart_observation_marked_exact
rally-05latour,2023-12-31,2023-12-28T00:00:00Z,14.5,14500.0,chart_observation,rally_app_chart,Rally App,2026-07-14T00:00:00Z,Marshall,exact,,,quarterly,14500.0,chart_observation_marked_exact
rally-05latour,2024-03-31,2024-03-28T00:00:00Z,15.95,15950.0,chart_observation,rally_app_chart,Rally App,2026-07-14T00:00:00Z,Marshall,exact,,,quarterly,15950.0,chart_observation_marked_exact
rally-05latour,2024-06-30,2024-06-28T00:00:00Z,14.5,14500.0,chart_observation,rally_app_chart,Rally App,2026-07-14T00:00:00Z,Marshall,exact,,,quarterly,14500.0,chart_observation_marked_exact
rally-05latour,2024-09-30,2024-09-27T00:00:00Z,11.5,11500.0,chart_observation,rally_app_chart,Rally App,2026-07-14T00:00:00Z,Marshall,exact,,,quarterly,11500.0,chart_observation_marked_exact
rally-05latour,2024-12-31,2024-12-27T00:00:00Z,15.95,15950.0,chart_observation,rally_app_chart,Rally App,2026-07-14T00:00:00Z,Marshall,exact,,,quarterly,15950.0,chart_observation_marked_exact
rally-05latour,2025-03-31,2025-03-28T00:00:00Z,15.9,15900.0,chart_observation,rally_app_chart,Rally App,2026-07-14T00:00:00Z,Marshall,exact,,,quarterly,15900.0,chart_observation_marked_exact
rally-05latour,2025-06-30,2025-06-27T00:00:00Z,15.9,15900.0,chart_observation,rally_app_chart,Rally App,2026-07-14T00:00:00Z,Marshall,exact,,,quarterly,15900.0,chart_observation_marked_exact
rally-05latour,2025-09-30,2025-09-26T00:00:00Z,12.35,12350.0,chart_observation,rally_app_chart,Rally App,2026-07-14T00:00:00Z,Marshall,exact,,,quarterly,12350.0,chart_observation_marked_exact
rally-05latour,2025-12-31,2025-12-26T00:00:00Z,12.35,12350.0,chart_observation,rally_app_chart,Rally App,2026-07-14T00:00:00Z,Marshall,exact,,,quarterly,12350.0,chart_observation_marked_exact
rally-05latour,2026-03-31,2026-03-27T00:00:00Z,12.35,12350.0,chart_observation,rally_app_chart,Rally App,2026-07-14T00:00:00Z,Marshall,exact,,,quarterly,12350.0,chart_observation_marked_exact
rally-05latour,2026-06-30,2026-06-26T00:00:00Z,12.35,12350.0,chart_observation,rally_app_chart,Rally App,2026-07-14T00:00:00Z,Marshall,exact,,,quarterly,12350.0,chart_observation_marked_exact
rally-06brm,2020-12-31,2020-12-01T00:00:00Z,10.0,18500.0,offering_price,rally_app,Rally App,2026-07-14T00:00:00Z,Marshall,exact,Initial offering,,quarterly,18500.0,observed_at_exceeds_quarter_lookback:30d; offering_price_excluded_from_secondary_returns
rally-06brm,2021-03-31,2021-03-16T00:00:00Z,7.9,14615.0,chart_observation,rally_app_chart,Rally App,2026-07-14T00:00:00Z,Marshall,exact,,,quarterly,14615.0,observed_at_exceeds_quarter_lookback:15d; chart_observation_marked_exact
rally-06brm,2021-06-30,2021-08-20T00:00:00Z,9.95,18408.0,chart_observation,rally_app_chart,Rally App,2026-07-14T00:00:00Z,Marshall,chart_estimate,Nearest available observation after quarter-end. Submitted precision_status was approx.,,quarterly,18407.5,observed_at_after_period_end
rally-06brm,2021-09-30,2021-08-20T00:00:00Z,9.95,18408.0,chart_observation,rally_app_chart,Rally App,2026-07-14T00:00:00Z,Marshall,chart_estimate,Submitted precision_status was approx.,,quarterly,18407.5,observed_at_exceeds_quarter_lookback:41d
rally-06brm,2021-12-31,2022-01-18T00:00:00Z,9.75,18038.0,chart_observation,rally_app_chart,Rally App,2026-07-14T00:00:00Z,Marshall,chart_estimate,Nearest available observation after quarter-end. Submitted precision_status was approx.,,quarterly,18037.5,observed_at_after_period_end
rally-06brm,2022-03-31,2022-03-25T00:00:00Z,8.75,16188.0,chart_observation,rally_app_chart,Rally App,2026-07-14T00:00:00Z,Marshall,exact,,,quarterly,16187.5,chart_observation_marked_exact
rally-06brm,2022-06-30,2022-06-27T00:00:00Z,7.5,13875.0,chart_observation,rally_app_chart,Rally App,2026-07-14T00:00:00Z,Marshall,exact,,,quarterly,13875.0,chart_observation_marked_exact
rally-06brm,2022-09-30,2022-09-28T00:00:00Z,8.0,14800.0,chart_observation,rally_app_chart,Rally App,2026-07-14T00:00:00Z,Marshall,exact,,,quarterly,14800.0,chart_observation_marked_exact
rally-06brm,2022-12-31,2022-12-30T00:00:00Z,9.0,16650.0,chart_observation,rally_app_chart,Rally App,2026-07-14T00:00:00Z,Marshall,exact,,,quarterly,16650.0,chart_observation_marked_exact
rally-06brm,2023-03-31,2023-03-27T00:00:00Z,9.0,16650.0,chart_observation,rally_app_chart,Rally App,2026-07-14T00:00:00Z,Marshall,exact,,,quarterly,16650.0,chart_observation_marked_exact
rally-06brm,2023-06-30,2023-06-29T00:00:00Z,8.0,14800.0,chart_observation,rally_app_chart,Rally App,2026-07-14T00:00:00Z,Marshall,exact,,,quarterly,14800.0,chart_observation_marked_exact
rally-06brm,2023-09-30,2023-09-29T00:00:00Z,8.9,16465.0,chart_observation,rally_app_chart,Rally App,2026-07-14T00:00:00Z,Marshall,exact,,,quarterly,16465.0,chart_observation_marked_exact
rally-06brm,2023-12-31,2023-12-29T00:00:00Z,7.35,13598.0,chart_observation,rally_app_chart,Rally App,2026-07-14T00:00:00Z,Marshall,exact,,,quarterly,13597.5,chart_observation_marked_exact
rally-06brm,2024-03-31,2024-03-28T00:00:00Z,8.75,16188.0,chart_observation,rally_app_chart,Rally App,2026-07-14T00:00:00Z,Marshall,exact,,,quarterly,16187.5,chart_observation_marked_exact
rally-06brm,2024-06-30,2024-06-24T00:00:00Z,8.75,16188.0,chart_observation,rally_app_chart,Rally App,2026-07-14T00:00:00Z,Marshall,exact,,,quarterly,16187.5,chart_observation_marked_exact
rally-06brm,2024-09-30,2024-09-25T00:00:00Z,8.5,15725.0,chart_observation,rally_app_chart,Rally App,2026-07-14T00:00:00Z,Marshall,exact,,,quarterly,15725.0,chart_observation_marked_exact
rally-06brm,2024-12-31,2024-12-27T00:00:00Z,8.65,16003.0,chart_observation,rally_app_chart,Rally App,2026-07-14T00:00:00Z,Marshall,exact,,,quarterly,16002.5,chart_observation_marked_exact
rally-06brm,2025-03-31,2025-03-31T00:00:00Z,8.65,16003.0,chart_observation,rally_app_chart,Rally App,2026-07-14T00:00:00Z,Marshall,exact,,,quarterly,16002.5,chart_observation_marked_exact
rally-06brm,2025-06-30,2025-06-25T00:00:00Z,8.6,15910.0,chart_observation,rally_app_chart,Rally App,2026-07-14T00:00:00Z,Marshall,exact,,,quarterly,15910.0,chart_observation_marked_exact
rally-06brm,2025-09-30,2025-09-26T00:00:00Z,5.7,10545.0,chart_observation,rally_app_chart,Rally App,2026-07-14T00:00:00Z,Marshall,exact,,,quarterly,10545.0,chart_observation_marked_exact
rally-06brm,2025-12-31,2025-12-29T00:00:00Z,5.8,10730.0,chart_observation,rally_app_chart,Rally App,2026-07-14T00:00:00Z,Marshall,exact,,,quarterly,10730.0,chart_observation_marked_exact
rally-06brm,2026-03-31,2026-03-26T00:00:00Z,8.25,15263.0,chart_observation,rally_app_chart,Rally App,2026-07-14T00:00:00Z,Marshall,exact,,,quarterly,15262.5,chart_observation_marked_exact
rally-06brm,2026-06-30,2026-06-26T00:00:00Z,8.25,15263.0,chart_observation,rally_app_chart,Rally App,2026-07-14T00:00:00Z,Marshall,exact,,,quarterly,15262.5,chart_observation_marked_exact
rally-09beaux,2021-03-31,2021-01-01T00:00:00Z,5.0,34000.0,offering_price,rally_app,Rally App,2026-07-14T00:00:00Z,Marshall,exact,Initial offering. Submitted asset_id was rally-09beau.,,quarterly,34000.0,observed_at_exceeds_quarter_lookback:89d; offering_price_excluded_from_secondary_returns
rally-09beaux,2021-06-30,2021-05-19T00:00:00Z,3.65,24820.0,chart_observation,rally_app_chart,Rally App,2026-07-14T00:00:00Z,Marshall,exact,Submitted asset_id was rally-09beau.,,quarterly,24820.0,observed_at_exceeds_quarter_lookback:42d; chart_observation_marked_exact
rally-09beaux,2021-09-30,2021-08-10T00:00:00Z,4.65,31620.0,chart_observation,rally_app_chart,Rally App,2026-07-14T00:00:00Z,Marshall,exact,Submitted asset_id was rally-09beau.,,quarterly,31620.000000000004,observed_at_exceeds_quarter_lookback:51d; chart_observation_marked_exact
rally-09beaux,2021-12-31,2021-11-03T00:00:00Z,6.8,46240.0,chart_observation,rally_app_chart,Rally App,2026-07-14T00:00:00Z,Marshall,chart_estimate,Nearest available observation before quarter-end. Submitted precision_status was approx. Submitted asset_id was rally-09beau.,,quarterly,46240.0,observed_at_exceeds_quarter_lookback:58d
rally-09beaux,2022-03-31,2022-03-29T00:00:00Z,6.4,43520.0,chart_observation,rally_app_chart,Rally App,2026-07-14T00:00:00Z,Marshall,exact,Submitted asset_id was rally-09beau.,,quarterly,43520.0,chart_observation_marked_exact
rally-09beaux,2022-06-30,2022-06-29T00:00:00Z,4.8,32640.0,chart_observation,rally_app_chart,Rally App,2026-07-14T00:00:00Z,Marshall,exact,Submitted asset_id was rally-09beau.,,quarterly,32640.0,chart_observation_marked_exact
rally-09beaux,2022-09-30,2022-09-29T00:00:00Z,5.95,40460.0,chart_observation,rally_app_chart,Rally App,2026-07-14T00:00:00Z,Marshall,exact,Submitted asset_id was rally-09beau.,,quarterly,40460.0,chart_observation_marked_exact
rally-09beaux,2022-12-31,2022-12-30T00:00:00Z,4.45,30260.0,chart_observation,rally_app_chart,Rally App,2026-07-14T00:00:00Z,Marshall,exact,Submitted asset_id was rally-09beau.,,quarterly,30260.0,chart_observation_marked_exact
rally-09beaux,2023-03-31,2023-03-31T00:00:00Z,7.0,47600.0,chart_observation,rally_app_chart,Rally App,2026-07-14T00:00:00Z,Marshall,exact,Submitted asset_id was rally-09beau.,,quarterly,47600.0,chart_observation_marked_exact
rally-09beaux,2023-06-30,2023-06-26T00:00:00Z,7.35,49980.0,chart_observation,rally_app_chart,Rally App,2026-07-14T00:00:00Z,Marshall,exact,Submitted asset_id was rally-09beau.,,quarterly,49980.0,chart_observation_marked_exact
rally-09beaux,2023-09-30,2023-09-26T00:00:00Z,6.9,46920.0,chart_observation,rally_app_chart,Rally App,2026-07-14T00:00:00Z,Marshall,exact,Submitted asset_id was rally-09beau.,,quarterly,46920.0,chart_observation_marked_exact
rally-09beaux,2023-12-31,2023-12-27T00:00:00Z,6.75,45900.0,chart_observation,rally_app_chart,Rally App,2026-07-14T00:00:00Z,Marshall,exact,Submitted asset_id was rally-09beau.,,quarterly,45900.0,chart_observation_marked_exact
rally-09beaux,2024-03-31,2024-03-28T00:00:00Z,6.75,45900.0,chart_observation,rally_app_chart,Rally App,2026-07-14T00:00:00Z,Marshall,exact,Submitted asset_id was rally-09beau.,,quarterly,45900.0,chart_observation_marked_exact
rally-09beaux,2024-06-30,2024-06-28T00:00:00Z,6.3,42840.0,chart_observation,rally_app_chart,Rally App,2026-07-14T00:00:00Z,Marshall,exact,Submitted asset_id was rally-09beau.,,quarterly,42840.0,chart_observation_marked_exact
rally-09beaux,2024-09-30,2024-09-27T00:00:00Z,6.35,43180.0,chart_observation,rally_app_chart,Rally App,2026-07-14T00:00:00Z,Marshall,exact,Submitted asset_id was rally-09beau.,,quarterly,43180.0,chart_observation_marked_exact
rally-09beaux,2024-12-31,2024-12-30T00:00:00Z,6.1,41480.0,chart_observation,rally_app_chart,Rally App,2026-07-14T00:00:00Z,Marshall,exact,Submitted asset_id was rally-09beau.,,quarterly,41480.0,chart_observation_marked_exact
rally-09beaux,2025-03-31,2025-03-31T00:00:00Z,6.1,41480.0,chart_observation,rally_app_chart,Rally App,2026-07-14T00:00:00Z,Marshall,exact,Submitted asset_id was rally-09beau.,,quarterly,41480.0,chart_observation_marked_exact
rally-09beaux,2025-06-30,2025-06-25T00:00:00Z,5.8,39440.0,chart_observation,rally_app_chart,Rally App,2026-07-14T00:00:00Z,Marshall,exact,Submitted asset_id was rally-09beau.,,quarterly,39440.0,chart_observation_marked_exact
rally-09beaux,2025-09-30,2025-09-25T00:00:00Z,6.65,45220.0,chart_observation,rally_app_chart,Rally App,2026-07-14T00:00:00Z,Marshall,exact,Submitted asset_id was rally-09beau.,,quarterly,45220.0,chart_observation_marked_exact
rally-09beaux,2025-12-31,2025-12-31T00:00:00Z,5.45,37060.0,chart_observation,rally_app_chart,Rally App,2026-07-14T00:00:00Z,Marshall,exact,Submitted asset_id was rally-09beau.,,quarterly,37060.0,chart_observation_marked_exact
rally-09beaux,2026-03-31,2026-03-27T00:00:00Z,5.4,36720.0,chart_observation,rally_app_chart,Rally App,2026-07-14T00:00:00Z,Marshall,exact,Submitted asset_id was rally-09beau.,,quarterly,36720.0,chart_observation_marked_exact
rally-09beaux,2026-06-30,2026-06-29T00:00:00Z,5.4,36720.0,chart_observation,rally_app_chart,Rally App,2026-07-14T00:00:00Z,Marshall,exact,Submitted asset_id was rally-09beau.,,quarterly,36720.0,chart_observation_marked_exact
rally-09rbleroy,2021-09-30,2021-08-01T00:00:00Z,25.0,107500.0,offering_price,rally_app,Rally App,2026-07-14T00:00:00Z,Marshall,exact,Initial offering,,quarterly,107500.0,observed_at_exceeds_quarter_lookback:60d; offering_price_excluded_from_secondary_returns
rally-09rbleroy,2021-12-31,2022-02-07T00:00:00Z,18.5,79550.0,chart_observation,rally_app_chart,Rally App,2026-07-14T00:00:00Z,Marshall,chart_estimate,Nearest available observation after quarter-end. Submitted precision_status was approx.,,quarterly,79550.0,observed_at_after_period_end
rally-09rbleroy,2022-03-31,2022-03-30T00:00:00Z,19.5,83850.0,chart_observation,rally_app_chart,Rally App,2026-07-14T00:00:00Z,Marshall,exact,,,quarterly,83850.0,chart_observation_marked_exact
rally-09rbleroy,2022-06-30,2022-06-27T00:00:00Z,19.25,82775.0,chart_observation,rally_app_chart,Rally App,2026-07-14T00:00:00Z,Marshall,exact,,,quarterly,82775.0,chart_observation_marked_exact
rally-09rbleroy,2022-09-30,2022-09-27T00:00:00Z,20.0,86000.0,chart_observation,rally_app_chart,Rally App,2026-07-14T00:00:00Z,Marshall,exact,,,quarterly,86000.0,chart_observation_marked_exact
rally-09rbleroy,2022-12-31,2022-12-29T00:00:00Z,20.5,88150.0,chart_observation,rally_app_chart,Rally App,2026-07-14T00:00:00Z,Marshall,exact,,,quarterly,88150.0,chart_observation_marked_exact
rally-09rbleroy,2023-03-31,2023-03-27T00:00:00Z,20.5,88150.0,chart_observation,rally_app_chart,Rally App,2026-07-14T00:00:00Z,Marshall,exact,,,quarterly,88150.0,chart_observation_marked_exact
rally-09rbleroy,2023-06-30,2023-06-27T00:00:00Z,20.5,88150.0,chart_observation,rally_app_chart,Rally App,2026-07-14T00:00:00Z,Marshall,exact,,,quarterly,88150.0,chart_observation_marked_exact
rally-09rbleroy,2023-09-30,2023-09-28T00:00:00Z,22.0,94600.0,chart_observation,rally_app_chart,Rally App,2026-07-14T00:00:00Z,Marshall,exact,,,quarterly,94600.0,chart_observation_marked_exact
rally-09rbleroy,2023-12-31,2023-12-29T00:00:00Z,19.5,83850.0,chart_observation,rally_app_chart,Rally App,2026-07-14T00:00:00Z,Marshall,exact,,,quarterly,83850.0,chart_observation_marked_exact
rally-09rbleroy,2024-03-31,2024-03-26T00:00:00Z,22.85,98255.0,chart_observation,rally_app_chart,Rally App,2026-07-14T00:00:00Z,Marshall,exact,,,quarterly,98255.0,chart_observation_marked_exact
rally-09rbleroy,2024-06-30,2024-06-27T00:00:00Z,22.0,94600.0,chart_observation,rally_app_chart,Rally App,2026-07-14T00:00:00Z,Marshall,exact,,,quarterly,94600.0,chart_observation_marked_exact
rally-09rbleroy,2024-09-30,2024-09-27T00:00:00Z,22.0,94600.0,chart_observation,rally_app_chart,Rally App,2026-07-14T00:00:00Z,Marshall,exact,,,quarterly,94600.0,chart_observation_marked_exact
rally-09rbleroy,2024-12-31,2024-12-30T00:00:00Z,22.65,97395.0,chart_observation,rally_app_chart,Rally App,2026-07-14T00:00:00Z,Marshall,exact,,,quarterly,97395.0,chart_observation_marked_exact
rally-09rbleroy,2025-03-31,2025-03-27T00:00:00Z,22.0,94600.0,chart_observation,rally_app_chart,Rally App,2026-07-14T00:00:00Z,Marshall,exact,,,quarterly,94600.0,chart_observation_marked_exact
rally-09rbleroy,2025-06-30,2025-06-27T00:00:00Z,21.0,90300.0,chart_observation,rally_app_chart,Rally App,2026-07-14T00:00:00Z,Marshall,exact,,,quarterly,90300.0,chart_observation_marked_exact
rally-09rbleroy,2025-09-30,2025-09-29T00:00:00Z,21.0,90300.0,chart_observation,rally_app_chart,Rally App,2026-07-14T00:00:00Z,Marshall,exact,,,quarterly,90300.0,chart_observation_marked_exact
rally-09rbleroy,2025-12-31,2025-12-31T00:00:00Z,20.75,89225.0,chart_observation,rally_app_chart,Rally App,2026-07-14T00:00:00Z,Marshall,exact,,,quarterly,89225.0,chart_observation_marked_exact
rally-09rbleroy,2026-03-31,2026-03-30T00:00:00Z,19.85,85355.0,chart_observation,rally_app_chart,Rally App,2026-07-14T00:00:00Z,Marshall,exact,,,quarterly,85355.0,chart_observation_marked_exact
rally-09rbleroy,2026-06-30,2026-06-30T00:00:00Z,21.0,90300.0,chart_observation,rally_app_chart,Rally App,2026-07-14T00:00:00Z,Marshall,exact,,,quarterly,90300.0,chart_observation_marked_exact
rally-11belair,2021-03-31,2021-03-01T00:00:00Z,11.0,22000.0,offering_price,rally_app,Rally App,2026-07-14T00:00:00Z,Marshall,exact,Initial offering,,quarterly,22000.0,observed_at_exceeds_quarter_lookback:30d; offering_price_excluded_from_secondary_returns
rally-11belair,2021-06-30,2021-07-07T00:00:00Z,9.5,19000.0,chart_observation,rally_app_chart,Rally App,2026-07-14T00:00:00Z,Marshall,chart_estimate,Nearest available observation after quarter-end. Submitted precision_status was approx.,,quarterly,19000.0,observed_at_after_period_end
rally-11belair,2021-09-30,2021-09-21T00:00:00Z,9.0,18000.0,chart_observation,rally_app_chart,Rally App,2026-07-14T00:00:00Z,Marshall,exact,,,quarterly,18000.0,chart_observation_marked_exact
rally-11belair,2021-12-31,2022-03-31T00:00:00Z,8.5,17000.0,chart_observation,rally_app_chart,Rally App,2026-07-14T00:00:00Z,Marshall,chart_estimate,Nearest available observation after quarter-end. Submitted precision_status was approx.,,quarterly,17000.0,observed_at_after_period_end
rally-11belair,2022-03-31,2022-03-31T00:00:00Z,8.5,17000.0,chart_observation,rally_app_chart,Rally App,2026-07-14T00:00:00Z,Marshall,exact,,,quarterly,17000.0,chart_observation_marked_exact
rally-11belair,2022-06-30,2022-06-28T00:00:00Z,9.0,18000.0,chart_observation,rally_app_chart,Rally App,2026-07-14T00:00:00Z,Marshall,exact,,,quarterly,18000.0,chart_observation_marked_exact
rally-11belair,2022-09-30,2022-09-30T00:00:00Z,9.0,18000.0,chart_observation,rally_app_chart,Rally App,2026-07-14T00:00:00Z,Marshall,exact,,,quarterly,18000.0,chart_observation_marked_exact
rally-11belair,2022-12-31,2022-12-29T00:00:00Z,8.6,17200.0,chart_observation,rally_app_chart,Rally App,2026-07-14T00:00:00Z,Marshall,exact,,,quarterly,17200.0,chart_observation_marked_exact
rally-11belair,2023-03-31,2023-03-28T00:00:00Z,9.05,18100.0,chart_observation,rally_app_chart,Rally App,2026-07-14T00:00:00Z,Marshall,exact,,,quarterly,18100.0,chart_observation_marked_exact
rally-11belair,2023-06-30,2023-06-30T00:00:00Z,9.5,19000.0,chart_observation,rally_app_chart,Rally App,2026-07-14T00:00:00Z,Marshall,exact,,,quarterly,19000.0,chart_observation_marked_exact
rally-11belair,2023-09-30,2023-09-28T00:00:00Z,9.7,19400.0,chart_observation,rally_app_chart,Rally App,2026-07-14T00:00:00Z,Marshall,exact,,,quarterly,19400.0,chart_observation_marked_exact
rally-11belair,2023-12-31,2023-12-29T00:00:00Z,8.0,16000.0,chart_observation,rally_app_chart,Rally App,2026-07-14T00:00:00Z,Marshall,exact,,,quarterly,16000.0,chart_observation_marked_exact
rally-11belair,2024-03-31,2024-03-25T00:00:00Z,9.5,19000.0,chart_observation,rally_app_chart,Rally App,2026-07-14T00:00:00Z,Marshall,exact,,,quarterly,19000.0,chart_observation_marked_exact
rally-11belair,2024-06-30,2024-06-28T00:00:00Z,9.25,18500.0,chart_observation,rally_app_chart,Rally App,2026-07-14T00:00:00Z,Marshall,exact,,,quarterly,18500.0,chart_observation_marked_exact
rally-11belair,2024-09-30,2024-09-25T00:00:00Z,8.5,17000.0,chart_observation,rally_app_chart,Rally App,2026-07-14T00:00:00Z,Marshall,exact,,,quarterly,17000.0,chart_observation_marked_exact
rally-11belair,2024-12-31,2024-12-30T00:00:00Z,8.25,16500.0,chart_observation,rally_app_chart,Rally App,2026-07-14T00:00:00Z,Marshall,exact,,,quarterly,16500.0,chart_observation_marked_exact
rally-11belair,2025-03-31,2025-03-28T00:00:00Z,7.75,15500.0,chart_observation,rally_app_chart,Rally App,2026-07-14T00:00:00Z,Marshall,exact,,,quarterly,15500.0,chart_observation_marked_exact
rally-11belair,2025-06-30,2025-06-25T00:00:00Z,8.75,17500.0,chart_observation,rally_app_chart,Rally App,2026-07-14T00:00:00Z,Marshall,exact,,,quarterly,17500.0,chart_observation_marked_exact
rally-11belair,2025-09-30,2025-09-29T00:00:00Z,9.0,18000.0,chart_observation,rally_app_chart,Rally App,2026-07-14T00:00:00Z,Marshall,exact,,,quarterly,18000.0,chart_observation_marked_exact
rally-11belair,2025-12-31,2025-12-31T00:00:00Z,9.0,18000.0,chart_observation,rally_app_chart,Rally App,2026-07-14T00:00:00Z,Marshall,exact,,,quarterly,18000.0,chart_observation_marked_exact
rally-11belair,2026-03-31,2026-03-31T00:00:00Z,8.5,17000.0,chart_observation,rally_app_chart,Rally App,2026-07-14T00:00:00Z,Marshall,exact,,,quarterly,17000.0,chart_observation_marked_exact
rally-11belair,2026-06-30,2026-06-29T00:00:00Z,8.5,17000.0,chart_observation,rally_app_chart,Rally App,2026-07-14T00:00:00Z,Marshall,exact,,,quarterly,17000.0,chart_observation_marked_exact
rally-13beaux,2020-12-31,2020-11-01T00:00:00Z,5.0,25500.0,offering_price,rally_app,Rally App,2026-07-14T00:00:00Z,Marshall,exact,Initial offering,,quarterly,25500.0,observed_at_exceeds_quarter_lookback:60d; offering_price_excluded_from_secondary_returns
rally-13beaux,2021-03-31,2021-02-23T00:00:00Z,5.0,25500.0,chart_observation,rally_app_chart,Rally App,2026-07-14T00:00:00Z,Marshall,exact,,,quarterly,25500.0,observed_at_exceeds_quarter_lookback:36d; chart_observation_marked_exact
rally-13beaux,2021-06-30,2021-05-11T00:00:00Z,3.7,18870.0,chart_observation,rally_app_chart,Rally App,2026-07-14T00:00:00Z,Marshall,exact,,,quarterly,18870.0,observed_at_exceeds_quarter_lookback:50d; chart_observation_marked_exact
rally-13beaux,2021-09-30,2021-10-04T00:00:00Z,6.5,33150.0,chart_observation,rally_app_chart,Rally App,2026-07-14T00:00:00Z,Marshall,exact,Nearest available observation occurred after quarter-end,,quarterly,33150.0,observed_at_after_period_end; chart_observation_marked_exact
rally-13beaux,2021-12-31,2022-01-03T00:00:00Z,7.0,35700.0,chart_observation,rally_app_chart,Rally App,2026-07-14T00:00:00Z,Marshall,exact,Nearest available observation occurred after quarter-end,,quarterly,35700.0,observed_at_after_period_end; chart_observation_marked_exact
rally-13beaux,2022-03-31,2022-03-30T00:00:00Z,6.75,34425.0,chart_observation,rally_app_chart,Rally App,2026-07-14T00:00:00Z,Marshall,exact,,,quarterly,34425.0,chart_observation_marked_exact
rally-13beaux,2022-06-30,2022-06-27T00:00:00Z,6.0,30600.0,chart_observation,rally_app_chart,Rally App,2026-07-14T00:00:00Z,Marshall,exact,,,quarterly,30600.0,chart_observation_marked_exact
rally-13beaux,2022-09-30,2022-09-29T00:00:00Z,6.85,34935.0,chart_observation,rally_app_chart,Rally App,2026-07-14T00:00:00Z,Marshall,exact,,,quarterly,34935.0,chart_observation_marked_exact
rally-13beaux,2022-12-31,2022-12-27T00:00:00Z,6.85,34935.0,chart_observation,rally_app_chart,Rally App,2026-07-14T00:00:00Z,Marshall,exact,,,quarterly,34935.0,chart_observation_marked_exact
rally-13beaux,2023-03-31,2023-03-30T00:00:00Z,10.7,54570.0,chart_observation,rally_app_chart,Rally App,2026-07-14T00:00:00Z,Marshall,exact,,,quarterly,54570.0,chart_observation_marked_exact
rally-13beaux,2023-06-30,2023-06-27T00:00:00Z,9.5,48450.0,chart_observation,rally_app_chart,Rally App,2026-07-14T00:00:00Z,Marshall,exact,,,quarterly,48450.0,chart_observation_marked_exact
rally-13beaux,2023-09-30,2023-09-29T00:00:00Z,9.3,47430.0,chart_observation,rally_app_chart,Rally App,2026-07-14T00:00:00Z,Marshall,exact,,,quarterly,47430.0,chart_observation_marked_exact
rally-13beaux,2023-12-31,2023-12-29T00:00:00Z,7.95,40545.0,chart_observation,rally_app_chart,Rally App,2026-07-14T00:00:00Z,Marshall,exact,,,quarterly,40545.0,chart_observation_marked_exact
rally-13beaux,2024-03-31,2024-03-28T00:00:00Z,9.0,45900.0,chart_observation,rally_app_chart,Rally App,2026-07-14T00:00:00Z,Marshall,exact,,,quarterly,45900.0,chart_observation_marked_exact
rally-13beaux,2024-06-30,2024-06-26T00:00:00Z,8.8,44880.0,chart_observation,rally_app_chart,Rally App,2026-07-14T00:00:00Z,Marshall,exact,,,quarterly,44880.0,chart_observation_marked_exact
rally-13beaux,2024-09-30,2024-09-30T00:00:00Z,8.45,43095.0,chart_observation,rally_app_chart,Rally App,2026-07-14T00:00:00Z,Marshall,exact,,,quarterly,43095.0,chart_observation_marked_exact
rally-13beaux,2024-12-31,2024-12-26T00:00:00Z,8.1,41310.0,chart_observation,rally_app_chart,Rally App,2026-07-14T00:00:00Z,Marshall,exact,,,quarterly,41310.0,chart_observation_marked_exact
rally-13beaux,2025-03-31,2025-03-31T00:00:00Z,7.95,40545.0,chart_observation,rally_app_chart,Rally App,2026-07-14T00:00:00Z,Marshall,exact,,,quarterly,40545.0,chart_observation_marked_exact
rally-13beaux,2025-06-30,2025-06-27T00:00:00Z,7.4,37740.0,chart_observation,rally_app_chart,Rally App,2026-07-14T00:00:00Z,Marshall,exact,,,quarterly,37740.0,chart_observation_marked_exact
rally-13beaux,2025-09-30,2025-09-29T00:00:00Z,7.5,38250.0,chart_observation,rally_app_chart,Rally App,2026-07-14T00:00:00Z,Marshall,exact,,,quarterly,38250.0,chart_observation_marked_exact
rally-13beaux,2025-12-31,2025-12-26T00:00:00Z,7.1,36210.0,chart_observation,rally_app_chart,Rally App,2026-07-14T00:00:00Z,Marshall,exact,,,quarterly,36210.0,chart_observation_marked_exact
rally-13beaux,2026-03-31,2026-03-31T00:00:00Z,7.9,40290.0,chart_observation,rally_app_chart,Rally App,2026-07-14T00:00:00Z,Marshall,exact,,,quarterly,40290.0,chart_observation_marked_exact
rally-13beaux,2026-06-30,2026-06-26T00:00:00Z,7.8,39780.0,chart_observation,rally_app_chart,Rally App,2026-07-14T00:00:00Z,Marshall,exact,,,quarterly,39780.0,chart_observation_marked_exact
rally-14drc,2020-09-30,2020-09-01T00:00:00Z,54.0,54000.0,offering_price,rally_app,Rally App,2026-07-14T00:00:00Z,Marshall,exact,Initial offering. Submitted observed_at was 2020-09.,,quarterly,54000.0,observed_at_exceeds_quarter_lookback:29d; offering_price_excluded_from_secondary_returns
rally-14drc,2020-12-31,2020-12-22T00:00:00Z,54.0,54000.0,chart_observation,rally_app_chart,Rally App,2026-07-14T00:00:00Z,Marshall,exact,,,quarterly,54000.0,chart_observation_marked_exact
rally-14drc,2021-03-31,2021-03-04T00:00:00Z,50.0,50000.0,chart_observation,rally_app_chart,Rally App,2026-07-14T00:00:00Z,Marshall,exact,,,quarterly,50000.0,observed_at_exceeds_quarter_lookback:27d; chart_observation_marked_exact
rally-14drc,2021-06-30,2021-05-21T00:00:00Z,38.0,38000.0,chart_observation,rally_app_chart,Rally App,2026-07-14T00:00:00Z,Marshall,exact,,,quarterly,38000.0,observed_at_exceeds_quarter_lookback:40d; chart_observation_marked_exact
rally-14drc,2021-09-30,2021-08-13T00:00:00Z,41.0,41000.0,chart_observation,rally_app_chart,Rally App,2026-07-14T00:00:00Z,Marshall,exact,,,quarterly,41000.0,observed_at_exceeds_quarter_lookback:48d; chart_observation_marked_exact
rally-14drc,2021-12-31,2021-11-11T00:00:00Z,54.05,54050.0,chart_observation,rally_app_chart,Rally App,2026-07-14T00:00:00Z,Marshall,exact,,,quarterly,54050.0,observed_at_exceeds_quarter_lookback:50d; chart_observation_marked_exact
rally-14drc,2022-03-31,2022-03-30T00:00:00Z,51.0,51000.0,chart_observation,rally_app_chart,Rally App,2026-07-14T00:00:00Z,Marshall,exact,,,quarterly,51000.0,chart_observation_marked_exact
rally-14drc,2022-06-30,2022-06-29T00:00:00Z,43.25,43250.0,chart_observation,rally_app_chart,Rally App,2026-07-14T00:00:00Z,Marshall,exact,,,quarterly,43250.0,chart_observation_marked_exact
rally-14drc,2022-09-30,2022-09-28T00:00:00Z,47.55,47550.0,chart_observation,rally_app_chart,Rally App,2026-07-14T00:00:00Z,Marshall,exact,,,quarterly,47550.0,chart_observation_marked_exact
rally-14drc,2022-12-31,2022-12-28T00:00:00Z,49.3,49300.0,chart_observation,rally_app_chart,Rally App,2026-07-14T00:00:00Z,Marshall,exact,,,quarterly,49300.0,chart_observation_marked_exact
rally-14drc,2023-03-31,2023-03-29T00:00:00Z,54.0,54000.0,chart_observation,rally_app_chart,Rally App,2026-07-14T00:00:00Z,Marshall,exact,,,quarterly,54000.0,chart_observation_marked_exact
rally-14drc,2023-06-30,2023-06-28T00:00:00Z,53.85,53850.0,chart_observation,rally_app_chart,Rally App,2026-07-14T00:00:00Z,Marshall,exact,,,quarterly,53850.0,chart_observation_marked_exact
rally-14drc,2023-09-30,2023-09-27T00:00:00Z,53.0,53000.0,chart_observation,rally_app_chart,Rally App,2026-07-14T00:00:00Z,Marshall,exact,,,quarterly,53000.0,chart_observation_marked_exact
rally-14drc,2023-12-31,2023-12-29T00:00:00Z,49.35,49350.0,chart_observation,rally_app_chart,Rally App,2026-07-14T00:00:00Z,Marshall,exact,,,quarterly,49350.0,chart_observation_marked_exact
rally-14drc,2024-03-31,2024-03-27T00:00:00Z,59.0,59000.0,chart_observation,rally_app_chart,Rally App,2026-07-14T00:00:00Z,Marshall,chart_estimate,Nearest quarterly observation. Submitted precision_status was approx.,,quarterly,59000.0,
rally-14drc,2024-06-30,2024-06-26T00:00:00Z,58.5,58500.0,chart_observation,rally_app_chart,Rally App,2026-07-14T00:00:00Z,Marshall,exact,,,quarterly,58500.0,chart_observation_marked_exact
rally-14drc,2024-09-30,2024-09-25T00:00:00Z,56.5,56500.0,chart_observation,rally_app_chart,Rally App,2026-07-14T00:00:00Z,Marshall,exact,,,quarterly,56500.0,chart_observation_marked_exact
rally-14drc,2024-12-31,2024-12-31T00:00:00Z,57.0,57000.0,chart_observation,rally_app_chart,Rally App,2026-07-14T00:00:00Z,Marshall,exact,,,quarterly,57000.0,chart_observation_marked_exact
rally-14drc,2025-03-31,2025-03-26T00:00:00Z,57.0,57000.0,chart_observation,rally_app_chart,Rally App,2026-07-14T00:00:00Z,Marshall,exact,,,quarterly,57000.0,chart_observation_marked_exact
rally-14drc,2025-06-30,2025-06-25T00:00:00Z,54.9,54900.0,chart_observation,rally_app_chart,Rally App,2026-07-14T00:00:00Z,Marshall,exact,,,quarterly,54900.0,chart_observation_marked_exact
rally-14drc,2025-09-30,2025-09-24T00:00:00Z,54.0,54000.0,chart_observation,rally_app_chart,Rally App,2026-07-14T00:00:00Z,Marshall,exact,,,quarterly,54000.0,chart_observation_marked_exact
rally-14drc,2025-12-31,2025-12-31T00:00:00Z,52.25,52250.0,chart_observation,rally_app_chart,Rally App,2026-07-14T00:00:00Z,Marshall,exact,,,quarterly,52250.0,chart_observation_marked_exact
rally-14drc,2026-03-31,2026-03-25T00:00:00Z,52.25,52250.0,chart_observation,rally_app_chart,Rally App,2026-07-14T00:00:00Z,Marshall,exact,,,quarterly,52250.0,chart_observation_marked_exact
rally-14drc,2026-06-30,2026-06-24T00:00:00Z,52.2,52200.0,chart_observation,rally_app_chart,Rally App,2026-07-14T00:00:00Z,Marshall,exact,,,quarterly,52200.0,chart_observation_marked_exact
rally-16petrus,2020-09-30,2020-09-01T00:00:00Z,5.2,46800.0,offering_price,rally_app,Rally App,2026-07-14T00:00:00Z,Marshall,exact,Initial offering,,quarterly,46800.0,observed_at_exceeds_quarter_lookback:29d; offering_price_excluded_from_secondary_returns
rally-16petrus,2020-12-31,2021-04-01T00:00:00Z,4.0,36000.0,chart_observation,rally_app_chart,Rally App,2026-07-14T00:00:00Z,Marshall,chart_estimate,Nearest available observation after quarter-end. Submitted precision_status was approx.,,quarterly,36000.0,observed_at_after_period_end
rally-16petrus,2021-03-31,2021-04-01T00:00:00Z,4.0,36000.0,chart_observation,rally_app_chart,Rally App,2026-07-14T00:00:00Z,Marshall,chart_estimate,Submitted precision_status was approx.,,quarterly,36000.0,observed_at_after_period_end
rally-16petrus,2021-06-30,2021-06-11T00:00:00Z,5.2,46800.0,chart_observation,rally_app_chart,Rally App,2026-07-14T00:00:00Z,Marshall,exact,,,quarterly,46800.0,observed_at_exceeds_quarter_lookback:19d; chart_observation_marked_exact
rally-16petrus,2021-09-30,2021-08-26T00:00:00Z,5.25,47250.0,chart_observation,rally_app_chart,Rally App,2026-07-14T00:00:00Z,Marshall,exact,,,quarterly,47250.0,observed_at_exceeds_quarter_lookback:35d; chart_observation_marked_exact
rally-16petrus,2021-12-31,2022-01-10T00:00:00Z,5.0,45000.0,chart_observation,rally_app_chart,Rally App,2026-07-14T00:00:00Z,Marshall,chart_estimate,Nearest available observation after quarter-end. Submitted precision_status was approx.,,quarterly,45000.0,observed_at_after_period_end
rally-16petrus,2022-03-31,2022-03-28T00:00:00Z,4.8,43200.0,chart_observation,rally_app_chart,Rally App,2026-07-14T00:00:00Z,Marshall,exact,,,quarterly,43200.0,chart_observation_marked_exact
rally-16petrus,2022-06-30,2022-06-27T00:00:00Z,4.4,39600.0,chart_observation,rally_app_chart,Rally App,2026-07-14T00:00:00Z,Marshall,exact,,,quarterly,39600.0,chart_observation_marked_exact
rally-16petrus,2022-09-30,2022-09-26T00:00:00Z,4.2,37800.0,chart_observation,rally_app_chart,Rally App,2026-07-14T00:00:00Z,Marshall,exact,,,quarterly,37800.0,chart_observation_marked_exact
rally-16petrus,2022-12-31,2022-12-27T00:00:00Z,5.0,45000.0,chart_observation,rally_app_chart,Rally App,2026-07-14T00:00:00Z,Marshall,exact,,,quarterly,45000.0,chart_observation_marked_exact
rally-16petrus,2023-03-31,2023-03-27T00:00:00Z,5.0,45000.0,chart_observation,rally_app_chart,Rally App,2026-07-14T00:00:00Z,Marshall,exact,,,quarterly,45000.0,chart_observation_marked_exact
rally-16petrus,2023-06-30,2023-06-27T00:00:00Z,4.95,44550.0,chart_observation,rally_app_chart,Rally App,2026-07-14T00:00:00Z,Marshall,exact,,,quarterly,44550.0,chart_observation_marked_exact
rally-16petrus,2023-09-30,2023-09-26T00:00:00Z,4.75,42750.0,chart_observation,rally_app_chart,Rally App,2026-07-14T00:00:00Z,Marshall,exact,,,quarterly,42750.0,chart_observation_marked_exact
rally-16petrus,2023-12-31,2023-12-29T00:00:00Z,4.3,38700.0,chart_observation,rally_app_chart,Rally App,2026-07-14T00:00:00Z,Marshall,exact,,,quarterly,38700.0,chart_observation_marked_exact
rally-16petrus,2024-03-31,2024-03-27T00:00:00Z,4.75,42750.0,chart_observation,rally_app_chart,Rally App,2026-07-14T00:00:00Z,Marshall,exact,,,quarterly,42750.0,chart_observation_marked_exact
rally-16petrus,2024-06-30,2024-06-26T00:00:00Z,4.4,39600.0,chart_observation,rally_app_chart,Rally App,2026-07-14T00:00:00Z,Marshall,exact,,,quarterly,39600.0,chart_observation_marked_exact
rally-16petrus,2024-09-30,2024-09-25T00:00:00Z,4.65,41850.0,chart_observation,rally_app_chart,Rally App,2026-07-14T00:00:00Z,Marshall,exact,,,quarterly,41850.0,chart_observation_marked_exact
rally-16petrus,2024-12-31,2024-12-31T00:00:00Z,4.55,40950.0,chart_observation,rally_app_chart,Rally App,2026-07-14T00:00:00Z,Marshall,exact,,,quarterly,40950.0,chart_observation_marked_exact
rally-16petrus,2025-03-31,2025-03-27T00:00:00Z,4.4,39600.0,chart_observation,rally_app_chart,Rally App,2026-07-14T00:00:00Z,Marshall,exact,,,quarterly,39600.0,chart_observation_marked_exact
rally-16petrus,2025-06-30,2025-06-26T00:00:00Z,4.3,38700.0,chart_observation,rally_app_chart,Rally App,2026-07-14T00:00:00Z,Marshall,exact,,,quarterly,38700.0,chart_observation_marked_exact
rally-16petrus,2025-09-30,2025-09-25T00:00:00Z,4.2,37800.0,chart_observation,rally_app_chart,Rally App,2026-07-14T00:00:00Z,Marshall,exact,,,quarterly,37800.0,chart_observation_marked_exact
rally-16petrus,2025-12-31,2025-12-26T00:00:00Z,4.3,38700.0,chart_observation,rally_app_chart,Rally App,2026-07-14T00:00:00Z,Marshall,exact,,,quarterly,38700.0,chart_observation_marked_exact
rally-16petrus,2026-03-31,2026-03-27T00:00:00Z,4.25,38250.0,chart_observation,rally_app_chart,Rally App,2026-07-14T00:00:00Z,Marshall,exact,,,quarterly,38250.0,chart_observation_marked_exact
rally-16petrus,2026-06-30,2026-06-26T00:00:00Z,4.2,37800.0,chart_observation,rally_app_chart,Rally App,2026-07-14T00:00:00Z,Marshall,exact,,,quarterly,37800.0,chart_observation_marked_exact
rally-16screag,2020-09-30,2020-09-01T00:00:00Z,39.0,39000.0,offering_price,rally_app,Rally App,2026-07-14T00:00:00Z,Marshall,exact,Initial offering,,quarterly,39000.0,observed_at_exceeds_quarter_lookback:29d; offering_price_excluded_from_secondary_returns
rally-16screag,2020-12-31,2020-12-15T00:00:00Z,38.95,38950.0,chart_observation,rally_app_chart,Rally App,2026-07-14T00:00:00Z,Marshall,exact,,,quarterly,38950.0,observed_at_exceeds_quarter_lookback:16d; chart_observation_marked_exact
rally-16screag,2021-03-31,2021-03-02T00:00:00Z,36.0,36000.0,chart_observation,rally_app_chart,Rally App,2026-07-14T00:00:00Z,Marshall,exact,,,quarterly,36000.0,observed_at_exceeds_quarter_lookback:29d; chart_observation_marked_exact
rally-16screag,2021-06-30,2021-08-04T00:00:00Z,38.55,38550.0,chart_observation,rally_app_chart,Rally App,2026-07-14T00:00:00Z,Marshall,chart_estimate,Nearest available observation after quarter-end. Submitted precision_status was approx.,,quarterly,38550.0,observed_at_after_period_end
rally-16screag,2021-09-30,2021-08-04T00:00:00Z,38.55,38550.0,chart_observation,rally_app_chart,Rally App,2026-07-14T00:00:00Z,Marshall,chart_estimate,Submitted precision_status was approx.,,quarterly,38550.0,observed_at_exceeds_quarter_lookback:57d
rally-16screag,2021-12-31,2021-10-18T00:00:00Z,41.9,41900.0,chart_observation,rally_app_chart,Rally App,2026-07-14T00:00:00Z,Marshall,chart_estimate,Local high before quarter-end. Submitted precision_status was approx.,,quarterly,41900.0,observed_at_exceeds_quarter_lookback:74d
rally-16screag,2022-03-31,2022-03-31T00:00:00Z,39.0,39000.0,chart_observation,rally_app_chart,Rally App,2026-07-14T00:00:00Z,Marshall,exact,,,quarterly,39000.0,chart_observation_marked_exact
rally-16screag,2022-06-30,2022-06-30T00:00:00Z,39.05,39050.0,chart_observation,rally_app_chart,Rally App,2026-07-14T00:00:00Z,Marshall,exact,,,quarterly,39050.0,chart_observation_marked_exact
rally-16screag,2022-09-30,2022-09-29T00:00:00Z,39.5,39500.0,chart_observation,rally_app_chart,Rally App,2026-07-14T00:00:00Z,Marshall,exact,,,quarterly,39500.0,chart_observation_marked_exact
rally-16screag,2022-12-31,2022-12-29T00:00:00Z,38.45,38450.0,chart_observation,rally_app_chart,Rally App,2026-07-14T00:00:00Z,Marshall,exact,,,quarterly,38450.0,chart_observation_marked_exact
rally-16screag,2023-03-31,2023-03-30T00:00:00Z,39.45,39450.0,chart_observation,rally_app_chart,Rally App,2026-07-14T00:00:00Z,Marshall,exact,,,quarterly,39450.0,chart_observation_marked_exact
rally-16screag,2023-06-30,2023-06-29T00:00:00Z,37.0,37000.0,chart_observation,rally_app_chart,Rally App,2026-07-14T00:00:00Z,Marshall,exact,,,quarterly,37000.0,chart_observation_marked_exact
rally-16screag,2023-09-30,2023-09-28T00:00:00Z,36.0,36000.0,chart_observation,rally_app_chart,Rally App,2026-07-14T00:00:00Z,Marshall,exact,,,quarterly,36000.0,chart_observation_marked_exact
rally-16screag,2023-12-31,2023-12-28T00:00:00Z,35.0,35000.0,chart_observation,rally_app_chart,Rally App,2026-07-14T00:00:00Z,Marshall,exact,,,quarterly,35000.0,chart_observation_marked_exact
rally-16screag,2024-03-31,2024-03-28T00:00:00Z,35.5,35500.0,chart_observation,rally_app_chart,Rally App,2026-07-14T00:00:00Z,Marshall,exact,,,quarterly,35500.0,chart_observation_marked_exact
rally-16screag,2024-06-30,2024-06-28T00:00:00Z,32.1,32100.0,chart_observation,rally_app_chart,Rally App,2026-07-14T00:00:00Z,Marshall,exact,,,quarterly,32100.0,chart_observation_marked_exact
rally-16screag,2024-09-30,2024-09-27T00:00:00Z,33.0,33000.0,chart_observation,rally_app_chart,Rally App,2026-07-14T00:00:00Z,Marshall,exact,,,quarterly,33000.0,chart_observation_marked_exact
rally-16screag,2024-12-31,2024-12-27T00:00:00Z,32.9,32900.0,chart_observation,rally_app_chart,Rally App,2026-07-14T00:00:00Z,Marshall,exact,,,quarterly,32900.0,chart_observation_marked_exact
rally-16screag,2025-03-31,2025-03-28T00:00:00Z,33.75,33750.0,chart_observation,rally_app_chart,Rally App,2026-07-14T00:00:00Z,Marshall,exact,,,quarterly,33750.0,chart_observation_marked_exact
rally-16screag,2025-06-30,2025-06-27T00:00:00Z,33.75,33750.0,chart_observation,rally_app_chart,Rally App,2026-07-14T00:00:00Z,Marshall,exact,,,quarterly,33750.0,chart_observation_marked_exact
rally-16screag,2025-09-30,2025-09-26T00:00:00Z,31.5,31500.0,chart_observation,rally_app_chart,Rally App,2026-07-14T00:00:00Z,Marshall,exact,,,quarterly,31500.0,chart_observation_marked_exact
rally-16screag,2025-12-31,2025-12-26T00:00:00Z,32.0,32000.0,chart_observation,rally_app_chart,Rally App,2026-07-14T00:00:00Z,Marshall,exact,,,quarterly,32000.0,chart_observation_marked_exact
rally-16screag,2026-03-31,2026-03-27T00:00:00Z,32.0,32000.0,chart_observation,rally_app_chart,Rally App,2026-07-14T00:00:00Z,Marshall,exact,,,quarterly,32000.0,chart_observation_marked_exact
rally-16screag,2026-06-30,2026-06-26T00:00:00Z,31.35,31350.0,chart_observation,rally_app_chart,Rally App,2026-07-14T00:00:00Z,Marshall,exact,,,quarterly,31350.0,chart_observation_marked_exact
rally-17dujac,2021-03-31,2021-02,8.0,26000.0,offering_price,rally_app,Rally App,2026-07-19,Marshall,exact,Initial offering,,quarterly,26000.0,
rally-17dujac,2021-06-30,2021-06-17,7.85,25512.5,chart_observation,rally_app_chart,Rally App,2026-07-19,Marshall,exact,,,quarterly,25512.5,chart_observation_marked_exact
rally-17dujac,2021-12-31,2022-01-10,15.0,48750.0,chart_observation,rally_app_chart,Rally App,2026-07-19,Marshall,approx,Nearest available observation around quarter-end,,quarterly,48750.0,
rally-17dujac,2022-03-31,2022-03-28,9.0,29250.0,chart_observation,rally_app_chart,Rally App,2026-07-19,Marshall,exact,,,quarterly,29250.0,chart_observation_marked_exact
rally-17dujac,2022-06-30,2022-06-29,8.0,26000.0,chart_observation,rally_app_chart,Rally App,2026-07-19,Marshall,exact,,,quarterly,26000.0,chart_observation_marked_exact
rally-17dujac,2022-09-30,2022-09-27,7.15,23237.5,chart_observation,rally_app_chart,Rally App,2026-07-19,Marshall,exact,,,quarterly,23237.5,chart_observation_marked_exact
rally-17dujac,2022-12-31,2022-12-27,8.15,26487.5,chart_observation,rally_app_chart,Rally App,2026-07-19,Marshall,exact,,,quarterly,26487.5,chart_observation_marked_exact
rally-17dujac,2023-03-31,2023-03-29,11.0,35750.0,chart_observation,rally_app_chart,Rally App,2026-07-19,Marshall,exact,,,quarterly,35750.0,chart_observation_marked_exact
rally-17dujac,2023-06-30,2023-06-30,10.5,34125.0,chart_observation,rally_app_chart,Rally App,2026-07-19,Marshall,exact,,,quarterly,34125.0,chart_observation_marked_exact
rally-17dujac,2023-09-30,2023-09-25,10.8,35100.0,chart_observation,rally_app_chart,Rally App,2026-07-19,Marshall,exact,,,quarterly,35100.0,chart_observation_marked_exact
rally-17dujac,2023-12-31,2023-12-29,9.95,32337.5,chart_observation,rally_app_chart,Rally App,2026-07-19,Marshall,exact,,,quarterly,32337.5,chart_observation_marked_exact
rally-17dujac,2024-03-31,2024-03-28,10.0,32500.0,chart_observation,rally_app_chart,Rally App,2026-07-19,Marshall,exact,,,quarterly,32500.0,chart_observation_marked_exact
rally-17dujac,2024-06-30,2024-06-27,10.4,33800.0,chart_observation,rally_app_chart,Rally App,2026-07-19,Marshall,exact,,,quarterly,33800.0,chart_observation_marked_exact
rally-17dujac,2024-09-30,2024-09-30,9.85,32012.5,chart_observation,rally_app_chart,Rally App,2026-07-19,Marshall,exact,,,quarterly,32012.5,chart_observation_marked_exact
rally-17dujac,2024-12-31,2024-12-27,9.2,29900.0,chart_observation,rally_app_chart,Rally App,2026-07-19,Marshall,exact,,,quarterly,29900.0,chart_observation_marked_exact
rally-17dujac,2025-03-31,2025-03-27,9.4,30550.0,chart_observation,rally_app_chart,Rally App,2026-07-19,Marshall,exact,,,quarterly,30550.0,chart_observation_marked_exact
rally-17dujac,2025-06-30,2025-05-13,10.923077,35500.0,buyout,rally_app,Rally App,2026-07-19,Marshall,exact,Final realized exit; Rally displays approximately $10.92/share,,quarterly,35500.0,
rally-55ps1,2018-03-31,2018-03-01T00:00:00Z,212.5,425000.0,offering_price,manual_research,user-provided manual Rally 55PS1 price history,2026-07-25T00:00:00Z,codex,exact,Manually transcribed Rally observation; validated against 2000 master shares outstanding. Offering price and initial market cap reconcile to the authoritative Cars master.,,quarterly,425000.0,offering_price_excluded_from_secondary_returns
rally-55ps1,2018-10-18,2018-10-18T00:00:00Z,240.0,480000.0,chart_observation,manual_research,user-provided manual Rally 55PS1 price history,2026-07-25T00:00:00Z,codex,exact,"Earlier same-quarter observation retained as non-quarterly research evidence; the later, closer-to-quarter-end observation is the canonical quarterly representative. Market cap validated against authoritative master shares outstanding.",,weekly,480000.0,chart_observation_marked_exact
rally-55ps1,2018-12-31,2018-12-10T00:00:00Z,245.0,490000.0,chart_observation,manual_research,user-provided manual Rally 55PS1 price history,2026-07-25T00:00:00Z,codex,exact,Manually transcribed Rally observation; validated against 2000 master shares outstanding.,,quarterly,490000.0,chart_observation_marked_exact
rally-55ps1,2019-03-31,2019-03-05T00:00:00Z,245.0,490000.0,chart_observation,manual_research,user-provided manual Rally 55PS1 price history,2026-07-25T00:00:00Z,codex,exact,Manually transcribed Rally observation; validated against 2000 master shares outstanding.,,quarterly,490000.0,chart_observation_marked_exact
rally-55ps1,2019-06-30,2019-06-20T00:00:00Z,245.0,490000.0,chart_observation,manual_research,user-provided manual Rally 55PS1 price history,2026-07-25T00:00:00Z,codex,exact,Manually transcribed Rally observation; validated against 2000 master shares outstanding.,,quarterly,490000.0,chart_observation_marked_exact
rally-55ps1,2019-09-30,2019-09-05T00:00:00Z,246.0,492000.0,chart_observation,manual_research,user-provided manual Rally 55PS1 price history,2026-07-25T00:00:00Z,codex,exact,Manually transcribed Rally observation; validated against 2000 master shares outstanding.,,quarterly,492000.0,chart_observation_marked_exact
rally-55ps1,2019-12-31,2019-11-12T00:00:00Z,245.0,490000.0,chart_observation,manual_research,user-provided manual Rally 55PS1 price history,2026-07-25T00:00:00Z,codex,exact,Manually transcribed Rally observation; validated against 2000 master shares outstanding.,,quarterly,490000.0,chart_observation_marked_exact
rally-55ps1,2020-03-31,2020-02-04T00:00:00Z,246.8,493600.0,chart_observation,manual_research,user-provided manual Rally 55PS1 price history,2026-07-25T00:00:00Z,codex,exact,Manually transcribed Rally observation; validated against 2000 master shares outstanding.,,quarterly,493600.0,chart_observation_marked_exact
rally-55ps1,2020-06-30,2020-06-02T00:00:00Z,246.8,493600.0,chart_observation,manual_research,user-provided manual Rally 55PS1 price history,2026-07-25T00:00:00Z,codex,exact,Manually transcribed Rally observation; validated against 2000 master shares outstanding.,,quarterly,493600.0,chart_observation_marked_exact
rally-55ps1,2020-09-15,2020-09-15T00:00:00Z,250.0,500000.0,chart_observation,manual_research,user-provided manual Rally 55PS1 price history,2026-07-25T00:00:00Z,codex,exact,Manually transcribed Rally observation preserved at its actual date; the later 2020-09-22 quote is the canonical Q3 representative; validated against 2000 master shares outstanding.,,weekly,500000.0,chart_observation_marked_exact
rally-55ps1,2020-09-30,2020-09-22T00:00:00Z,250.0,500000.0,chart_observation,manual_research,user-provided manual Rally 55PS1 price history,2026-07-25T00:00:00Z,codex,exact,Manually transcribed Rally observation; validated against 2000 master shares outstanding.,,quarterly,500000.0,chart_observation_marked_exact
rally-55ps1,2021-03-31,2021-03-02T00:00:00Z,238.0,476000.0,chart_observation,manual_research,user-provided manual Rally 55PS1 price history,2026-07-25T00:00:00Z,codex,exact,Manually transcribed Rally observation; validated against 2000 master shares outstanding.,,quarterly,476000.0,chart_observation_marked_exact
rally-55ps1,2021-06-30,2021-05-17T00:00:00Z,220.0,440000.0,chart_observation,manual_research,user-provided manual Rally 55PS1 price history,2026-07-25T00:00:00Z,codex,exact,Manually transcribed Rally observation; validated against 2000 master shares outstanding.,,quarterly,440000.0,chart_observation_marked_exact
rally-55ps1,2021-09-30,2021-08-05T00:00:00Z,212.5,425000.0,chart_observation,manual_research,user-provided manual Rally 55PS1 price history,2026-07-25T00:00:00Z,codex,exact,Manually transcribed Rally observation; validated against 2000 master shares outstanding.,,quarterly,425000.0,chart_observation_marked_exact
rally-55ps1,2022-03-31,2022-02-28T00:00:00Z,175.0,350000.0,chart_observation,manual_research,user-provided manual Rally 55PS1 price history,2026-07-25T00:00:00Z,codex,exact,Manually transcribed Rally observation; validated against 2000 master shares outstanding.,,quarterly,350000.0,chart_observation_marked_exact
rally-55ps1,2022-06-30,2022-06-28T00:00:00Z,159.0,318000.0,chart_observation,manual_research,user-provided manual Rally 55PS1 price history,2026-07-25T00:00:00Z,codex,exact,Manually transcribed Rally observation; validated against 2000 master shares outstanding.,,quarterly,318000.0,chart_observation_marked_exact
rally-55ps1,2022-09-30,2022-09-29T00:00:00Z,148.0,296000.0,chart_observation,manual_research,user-provided manual Rally 55PS1 price history,2026-07-25T00:00:00Z,codex,exact,Manually transcribed Rally observation; validated against 2000 master shares outstanding.,,quarterly,296000.0,chart_observation_marked_exact
rally-55ps1,2022-12-31,2022-12-30T00:00:00Z,150.0,300000.0,chart_observation,manual_research,user-provided manual Rally 55PS1 price history,2026-07-25T00:00:00Z,codex,exact,Manually transcribed Rally observation; validated against 2000 master shares outstanding.,,quarterly,300000.0,chart_observation_marked_exact
rally-55ps1,2023-03-31,2023-03-31T00:00:00Z,130.0,260000.0,chart_observation,manual_research,user-provided manual Rally 55PS1 price history,2026-07-25T00:00:00Z,codex,exact,Manually transcribed Rally observation; validated against 2000 master shares outstanding.,,quarterly,260000.0,chart_observation_marked_exact
rally-55ps1,2023-06-30,2023-06-23T00:00:00Z,150.0,300000.0,chart_observation,manual_research,user-provided manual Rally 55PS1 price history,2026-07-25T00:00:00Z,codex,exact,Manually transcribed Rally observation; validated against 2000 master shares outstanding.,,quarterly,300000.0,chart_observation_marked_exact
rally-55ps1,2023-09-30,2023-09-25T00:00:00Z,155.0,310000.0,chart_observation,manual_research,user-provided manual Rally 55PS1 price history,2026-07-25T00:00:00Z,codex,exact,Manually transcribed Rally observation; validated against 2000 master shares outstanding.,,quarterly,310000.0,chart_observation_marked_exact
rally-55ps1,2023-12-31,2023-12-26T00:00:00Z,105.0,210000.0,chart_observation,manual_research,user-provided manual Rally 55PS1 price history,2026-07-25T00:00:00Z,codex,exact,Manually transcribed Rally observation; validated against 2000 master shares outstanding.,,quarterly,210000.0,chart_observation_marked_exact
rally-55ps1,2024-03-31,2024-03-26T00:00:00Z,150.0,300000.0,chart_observation,manual_research,user-provided manual Rally 55PS1 price history,2026-07-25T00:00:00Z,codex,exact,Manually transcribed Rally observation; validated against 2000 master shares outstanding.,,quarterly,300000.0,chart_observation_marked_exact
rally-55ps1,2024-06-30,2024-06-27T00:00:00Z,150.5,301000.0,chart_observation,manual_research,user-provided manual Rally 55PS1 price history,2026-07-25T00:00:00Z,codex,exact,Manually transcribed Rally observation; validated against 2000 master shares outstanding.,,quarterly,301000.0,chart_observation_marked_exact
rally-55ps1,2024-09-30,2024-09-27T00:00:00Z,145.0,290000.0,chart_observation,manual_research,user-provided manual Rally 55PS1 price history,2026-07-25T00:00:00Z,codex,exact,Manually transcribed Rally observation; validated against 2000 master shares outstanding.,,quarterly,290000.0,chart_observation_marked_exact
rally-55ps1,2024-12-31,2024-12-27T00:00:00Z,149.0,298000.0,chart_observation,manual_research,user-provided manual Rally 55PS1 price history,2026-07-25T00:00:00Z,codex,exact,Manually transcribed Rally observation; validated against 2000 master shares outstanding.,,quarterly,298000.0,chart_observation_marked_exact
rally-55ps1,2025-03-31,2025-03-31T00:00:00Z,135.0,270000.0,chart_observation,manual_research,user-provided manual Rally 55PS1 price history,2026-07-25T00:00:00Z,codex,exact,Manually transcribed Rally observation; validated against 2000 master shares outstanding.,,quarterly,270000.0,chart_observation_marked_exact
rally-55ps1,2025-06-30,2025-06-23T00:00:00Z,135.0,270000.0,chart_observation,manual_research,user-provided manual Rally 55PS1 price history,2026-07-25T00:00:00Z,codex,exact,Manually transcribed Rally observation; validated against 2000 master shares outstanding.,,quarterly,270000.0,chart_observation_marked_exact
rally-55ps1,2025-09-30,2025-09-22T00:00:00Z,125.0,250000.0,chart_observation,manual_research,user-provided manual Rally 55PS1 price history,2026-07-25T00:00:00Z,codex,exact,Manually transcribed Rally observation; validated against 2000 master shares outstanding.,,quarterly,250000.0,chart_observation_marked_exact
rally-55ps1,2025-12-31,2025-12-24T00:00:00Z,142.5,285000.0,chart_observation,manual_research,user-provided manual Rally 55PS1 price history,2026-07-25T00:00:00Z,codex,exact,Manually transcribed Rally observation; validated against 2000 master shares outstanding.,,quarterly,285000.0,chart_observation_marked_exact
rally-55ps1,2026-03-31,2026-03-26T00:00:00Z,135.0,270000.0,chart_observation,manual_research,user-provided manual Rally 55PS1 price history,2026-07-25T00:00:00Z,codex,exact,Manually transcribed Rally observation; validated against 2000 master shares outstanding.,,quarterly,270000.0,chart_observation_marked_exact
rally-55ps1,2026-06-30,2026-06-26T00:00:00Z,142.5,285000.0,chart_observation,manual_research,user-provided manual Rally 55PS1 price history,2026-07-25T00:00:00Z,codex,exact,Manually transcribed Rally observation; validated against 2000 master shares outstanding.,,quarterly,285000.0,chart_observation_marked_exact
rally-59bond,2021-03-31,2021-02-01T00:00:00Z,8.0,82000.0,offering_price,rally_app,Manually transcribed Rally 59BOND price history supplied 2026-07-25,2026-07-25T00:00:00Z,user_provided_manual_research,exact,Initial offering; source supplied month only.,,quarterly,82000.0,observed_at_exceeds_quarter_lookback:58d; offering_price_excluded_from_secondary_returns
rally-59bond,2021-06-30,2021-06-21T00:00:00Z,6.5,66625.0,chart_observation,rally_app_chart,Manually transcribed Rally 59BOND price history supplied 2026-07-25,2026-07-25T00:00:00Z,user_provided_manual_research,exact,"Manually transcribed Rally observation; validated against 10,250 shares outstanding.",,quarterly,66625.0,chart_observation_marked_exact
rally-59bond,2021-12-31,2021-11-09T00:00:00Z,7.25,74312.5,chart_observation,rally_app_chart,Manually transcribed Rally 59BOND price history supplied 2026-07-25,2026-07-25T00:00:00Z,user_provided_manual_research,exact,"Manually transcribed Rally observation; validated against 10,250 shares outstanding.",,quarterly,74312.5,observed_at_exceeds_quarter_lookback:52d; chart_observation_marked_exact
rally-59bond,2022-03-31,2022-03-28T00:00:00Z,4.85,49712.49999999999,chart_observation,rally_app_chart,Manually transcribed Rally 59BOND price history supplied 2026-07-25,2026-07-25T00:00:00Z,user_provided_manual_research,exact,"Manually transcribed Rally observation; validated against 10,250 shares outstanding.",,quarterly,49712.49999999999,chart_observation_marked_exact
rally-59bond,2022-06-30,2022-06-27T00:00:00Z,4.9,50225.00000000001,chart_observation,rally_app_chart,Manually transcribed Rally 59BOND price history supplied 2026-07-25,2026-07-25T00:00:00Z,user_provided_manual_research,exact,"Manually transcribed Rally observation; validated against 10,250 shares outstanding.",,quarterly,50225.00000000001,chart_observation_marked_exact
rally-59bond,2022-09-30,2022-09-30T00:00:00Z,4.0,41000.0,chart_observation,rally_app_chart,Manually transcribed Rally 59BOND price history supplied 2026-07-25,2026-07-25T00:00:00Z,user_provided_manual_research,exact,"Manually transcribed Rally observation; validated against 10,250 shares outstanding.",,quarterly,41000.0,chart_observation_marked_exact
rally-59bond,2022-12-31,2022-12-29T00:00:00Z,4.75,48687.5,chart_observation,rally_app_chart,Manually transcribed Rally 59BOND price history supplied 2026-07-25,2026-07-25T00:00:00Z,user_provided_manual_research,exact,"Manually transcribed Rally observation; validated against 10,250 shares outstanding.",,quarterly,48687.5,chart_observation_marked_exact
rally-59bond,2023-03-31,2023-03-29T00:00:00Z,3.5,35875.0,chart_observation,rally_app_chart,Manually transcribed Rally 59BOND price history supplied 2026-07-25,2026-07-25T00:00:00Z,user_provided_manual_research,exact,"Manually transcribed Rally observation; validated against 10,250 shares outstanding.",,quarterly,35875.0,chart_observation_marked_exact
rally-59bond,2023-06-30,2023-06-27T00:00:00Z,4.2,43050.0,chart_observation,rally_app_chart,Manually transcribed Rally 59BOND price history supplied 2026-07-25,2026-07-25T00:00:00Z,user_provided_manual_research,exact,"Manually transcribed Rally observation; validated against 10,250 shares outstanding.",,quarterly,43050.0,chart_observation_marked_exact
rally-59bond,2023-09-30,2023-09-25T00:00:00Z,4.15,42537.50000000001,chart_observation,rally_app_chart,Manually transcribed Rally 59BOND price history supplied 2026-07-25,2026-07-25T00:00:00Z,user_provided_manual_research,exact,"Manually transcribed Rally observation; validated against 10,250 shares outstanding.",,quarterly,42537.50000000001,chart_observation_marked_exact
rally-59bond,2023-12-31,2023-12-26T00:00:00Z,2.35,24087.5,chart_observation,rally_app_chart,Manually transcribed Rally 59BOND price history supplied 2026-07-25,2026-07-25T00:00:00Z,user_provided_manual_research,exact,"Manually transcribed Rally observation; validated against 10,250 shares outstanding.",,quarterly,24087.5,chart_observation_marked_exact
rally-59bond,2024-03-31,2024-03-28T00:00:00Z,3.25,33312.5,chart_observation,rally_app_chart,Manually transcribed Rally 59BOND price history supplied 2026-07-25,2026-07-25T00:00:00Z,user_provided_manual_research,exact,"Manually transcribed Rally observation; validated against 10,250 shares outstanding.",,quarterly,33312.5,chart_observation_marked_exact
rally-59bond,2024-06-30,2024-06-28T00:00:00Z,4.4,45100.00000000001,chart_observation,rally_app_chart,Manually transcribed Rally 59BOND price history supplied 2026-07-25,2026-07-25T00:00:00Z,user_provided_manual_research,exact,"Manually transcribed Rally observation; validated against 10,250 shares outstanding.",,quarterly,45100.00000000001,chart_observation_marked_exact
rally-59bond,2024-09-30,2024-09-26T00:00:00Z,3.5,35875.0,chart_observation,rally_app_chart,Manually transcribed Rally 59BOND price history supplied 2026-07-25,2026-07-25T00:00:00Z,user_provided_manual_research,exact,"Manually transcribed Rally observation; validated against 10,250 shares outstanding.",,quarterly,35875.0,chart_observation_marked_exact
rally-59bond,2024-12-31,2024-12-31T00:00:00Z,4.2,43050.0,chart_observation,rally_app_chart,Manually transcribed Rally 59BOND price history supplied 2026-07-25,2026-07-25T00:00:00Z,user_provided_manual_research,exact,"Manually transcribed Rally observation; validated against 10,250 shares outstanding.",,quarterly,43050.0,chart_observation_marked_exact
rally-59bond,2025-03-31,2025-03-31T00:00:00Z,4.15,42537.50000000001,chart_observation,rally_app_chart,Manually transcribed Rally 59BOND price history supplied 2026-07-25,2026-07-25T00:00:00Z,user_provided_manual_research,exact,"Manually transcribed Rally observation; validated against 10,250 shares outstanding.",,quarterly,42537.50000000001,chart_observation_marked_exact
rally-59bond,2025-06-30,2025-06-30T00:00:00Z,3.75,38437.5,chart_observation,rally_app_chart,Manually transcribed Rally 59BOND price history supplied 2026-07-25,2026-07-25T00:00:00Z,user_provided_manual_research,exact,"Manually transcribed Rally observation; validated against 10,250 shares outstanding.",,quarterly,38437.5,chart_observation_marked_exact
rally-59bond,2025-09-30,2025-09-26T00:00:00Z,4.25,43562.5,chart_observation,rally_app_chart,Manually transcribed Rally 59BOND price history supplied 2026-07-25,2026-07-25T00:00:00Z,user_provided_manual_research,exact,"Manually transcribed Rally observation; validated against 10,250 shares outstanding.",,quarterly,43562.5,chart_observation_marked_exact
rally-59bond,2025-12-31,2025-12-31T00:00:00Z,4.1,42024.99999999999,chart_observation,rally_app_chart,Manually transcribed Rally 59BOND price history supplied 2026-07-25,2026-07-25T00:00:00Z,user_provided_manual_research,exact,"Manually transcribed Rally observation; validated against 10,250 shares outstanding.",,quarterly,42024.99999999999,chart_observation_marked_exact
rally-59bond,2026-03-31,2026-03-26T00:00:00Z,3.0,30750.0,chart_observation,rally_app_chart,Manually transcribed Rally 59BOND price history supplied 2026-07-25,2026-07-25T00:00:00Z,user_provided_manual_research,exact,"Manually transcribed Rally observation; validated against 10,250 shares outstanding.",,quarterly,30750.0,chart_observation_marked_exact
rally-59bond,2026-06-30,2026-06-30T00:00:00Z,4.5,46125.0,chart_observation,rally_app_chart,Manually transcribed Rally 59BOND price history supplied 2026-07-25,2026-07-25T00:00:00Z,user_provided_manual_research,exact,"Manually transcribed Rally observation; validated against 10,250 shares outstanding.",,quarterly,46125.0,chart_observation_marked_exact
rally-59jfk,2020-12-31,2020-11-01T00:00:00Z,13.0,26000.0,offering_price,rally_app,Manually transcribed Rally 59JFK price history supplied 2026-07-25,2026-07-25T00:00:00Z,user_provided_manual_research,exact,Initial offering; source supplied month only.,,quarterly,26000.0,observed_at_exceeds_quarter_lookback:60d; offering_price_excluded_from_secondary_returns
rally-59jfk,2021-03-31,2021-03-09T00:00:00Z,10.95,21900.0,chart_observation,rally_app_chart,Manually transcribed Rally 59JFK price history supplied 2026-07-25,2026-07-25T00:00:00Z,user_provided_manual_research,exact,"Manually transcribed Rally observation; validated against 2,000 shares outstanding.",,quarterly,21900.0,observed_at_exceeds_quarter_lookback:22d; chart_observation_marked_exact
rally-59jfk,2021-06-30,2021-05-14T00:00:00Z,9.5,19000.0,chart_observation,rally_app_chart,Manually transcribed Rally 59JFK price history supplied 2026-07-25,2026-07-25T00:00:00Z,user_provided_manual_research,exact,"Manually transcribed Rally observation; validated against 2,000 shares outstanding.",,quarterly,19000.0,observed_at_exceeds_quarter_lookback:47d; chart_observation_marked_exact
rally-59jfk,2021-09-30,2021-09-17T00:00:00Z,12.0,24000.0,chart_observation,rally_app_chart,Manually transcribed Rally 59JFK price history supplied 2026-07-25,2026-07-25T00:00:00Z,user_provided_manual_research,exact,"Manually transcribed Rally observation; validated against 2,000 shares outstanding.",,quarterly,24000.0,chart_observation_marked_exact
rally-59jfk,2021-12-31,2022-01-10T00:00:00Z,10.05,20100.0,chart_observation,rally_app_chart,Manually transcribed Rally 59JFK price history supplied 2026-07-25,2026-07-25T00:00:00Z,user_provided_manual_research,exact,"Manually transcribed Rally observation; validated against 2,000 shares outstanding.",,quarterly,20100.0,observed_at_after_period_end; chart_observation_marked_exact
rally-59jfk,2022-03-31,2022-03-30T00:00:00Z,8.25,16500.0,chart_observation,rally_app_chart,Manually transcribed Rally 59JFK price history supplied 2026-07-25,2026-07-25T00:00:00Z,user_provided_manual_research,exact,"Manually transcribed Rally observation; validated against 2,000 shares outstanding.",,quarterly,16500.0,chart_observation_marked_exact
rally-59jfk,2022-06-30,2022-06-27T00:00:00Z,7.5,15000.0,chart_observation,rally_app_chart,Manually transcribed Rally 59JFK price history supplied 2026-07-25,2026-07-25T00:00:00Z,user_provided_manual_research,exact,"Manually transcribed Rally observation; validated against 2,000 shares outstanding.",,quarterly,15000.0,chart_observation_marked_exact
rally-59jfk,2022-09-30,2022-09-28T00:00:00Z,7.75,15500.0,chart_observation,rally_app_chart,Manually transcribed Rally 59JFK price history supplied 2026-07-25,2026-07-25T00:00:00Z,user_provided_manual_research,exact,"Manually transcribed Rally observation; validated against 2,000 shares outstanding.",,quarterly,15500.0,chart_observation_marked_exact
rally-59jfk,2022-12-31,2022-12-27T00:00:00Z,7.25,14500.0,chart_observation,rally_app_chart,Manually transcribed Rally 59JFK price history supplied 2026-07-25,2026-07-25T00:00:00Z,user_provided_manual_research,exact,"Manually transcribed Rally observation; validated against 2,000 shares outstanding.",,quarterly,14500.0,chart_observation_marked_exact
rally-59jfk,2023-03-31,2023-03-29T00:00:00Z,7.0,14000.0,chart_observation,rally_app_chart,Manually transcribed Rally 59JFK price history supplied 2026-07-25,2026-07-25T00:00:00Z,user_provided_manual_research,exact,"Manually transcribed Rally observation; validated against 2,000 shares outstanding.",,quarterly,14000.0,chart_observation_marked_exact
rally-59jfk,2023-06-30,2023-06-26T00:00:00Z,6.15,12300.0,chart_observation,rally_app_chart,Manually transcribed Rally 59JFK price history supplied 2026-07-25,2026-07-25T00:00:00Z,user_provided_manual_research,exact,"Manually transcribed Rally observation; validated against 2,000 shares outstanding.",,quarterly,12300.0,chart_observation_marked_exact
rally-59jfk,2023-09-30,2023-09-28T00:00:00Z,6.15,12300.0,chart_observation,rally_app_chart,Manually transcribed Rally 59JFK price history supplied 2026-07-25,2026-07-25T00:00:00Z,user_provided_manual_research,exact,"Manually transcribed Rally observation; validated against 2,000 shares outstanding.",,quarterly,12300.0,chart_observation_marked_exact
rally-59jfk,2023-12-31,2023-12-29T00:00:00Z,8.0,16000.0,chart_observation,rally_app_chart,Manually transcribed Rally 59JFK price history supplied 2026-07-25,2026-07-25T00:00:00Z,user_provided_manual_research,exact,"Manually transcribed Rally observation; validated against 2,000 shares outstanding.",,quarterly,16000.0,chart_observation_marked_exact
rally-59jfk,2024-03-31,2024-03-28T00:00:00Z,7.0,14000.0,chart_observation,rally_app_chart,Manually transcribed Rally 59JFK price history supplied 2026-07-25,2026-07-25T00:00:00Z,user_provided_manual_research,exact,"Manually transcribed Rally observation; validated against 2,000 shares outstanding.",,quarterly,14000.0,chart_observation_marked_exact
rally-59jfk,2024-06-30,2024-06-24T00:00:00Z,7.25,14500.0,chart_observation,rally_app_chart,Manually transcribed Rally 59JFK price history supplied 2026-07-25,2026-07-25T00:00:00Z,user_provided_manual_research,exact,"Manually transcribed Rally observation; validated against 2,000 shares outstanding.",,quarterly,14500.0,chart_observation_marked_exact
rally-59jfk,2024-09-30,2024-09-26T00:00:00Z,8.0,16000.0,chart_observation,rally_app_chart,Manually transcribed Rally 59JFK price history supplied 2026-07-25,2026-07-25T00:00:00Z,user_provided_manual_research,exact,"Manually transcribed Rally observation; validated against 2,000 shares outstanding.",,quarterly,16000.0,chart_observation_marked_exact
rally-59jfk,2024-12-31,2024-12-30T00:00:00Z,7.95,15900.0,chart_observation,rally_app_chart,Manually transcribed Rally 59JFK price history supplied 2026-07-25,2026-07-25T00:00:00Z,user_provided_manual_research,exact,"Manually transcribed Rally observation; validated against 2,000 shares outstanding.",,quarterly,15900.0,chart_observation_marked_exact
rally-59jfk,2025-03-31,2025-03-27T00:00:00Z,7.75,15500.0,chart_observation,rally_app_chart,Manually transcribed Rally 59JFK price history supplied 2026-07-25,2026-07-25T00:00:00Z,user_provided_manual_research,exact,"Manually transcribed Rally observation; validated against 2,000 shares outstanding.",,quarterly,15500.0,chart_observation_marked_exact
rally-59jfk,2025-06-30,2025-06-30T00:00:00Z,7.6,15200.0,chart_observation,rally_app_chart,Manually transcribed Rally 59JFK price history supplied 2026-07-25,2026-07-25T00:00:00Z,user_provided_manual_research,exact,"Manually transcribed Rally observation; validated against 2,000 shares outstanding.",,quarterly,15200.0,chart_observation_marked_exact
rally-59jfk,2025-09-30,2025-09-25T00:00:00Z,7.6,15200.0,chart_observation,rally_app_chart,Manually transcribed Rally 59JFK price history supplied 2026-07-25,2026-07-25T00:00:00Z,user_provided_manual_research,exact,"Manually transcribed Rally observation; validated against 2,000 shares outstanding.",,quarterly,15200.0,chart_observation_marked_exact
rally-59jfk,2025-12-31,2025-12-29T00:00:00Z,4.85,9700.0,chart_observation,rally_app_chart,Manually transcribed Rally 59JFK price history supplied 2026-07-25,2026-07-25T00:00:00Z,user_provided_manual_research,exact,"Manually transcribed Rally observation; validated against 2,000 shares outstanding.",,quarterly,9700.0,chart_observation_marked_exact
rally-59jfk,2026-03-31,2026-03-27T00:00:00Z,7.55,15100.0,chart_observation,rally_app_chart,Manually transcribed Rally 59JFK price history supplied 2026-07-25,2026-07-25T00:00:00Z,user_provided_manual_research,exact,"Manually transcribed Rally observation; validated against 2,000 shares outstanding.",,quarterly,15100.0,chart_observation_marked_exact
rally-59jfk,2026-06-30,2026-06-29T00:00:00Z,7.5,15000.0,chart_observation,rally_app_chart,Manually transcribed Rally 59JFK price history supplied 2026-07-25,2026-07-25T00:00:00Z,user_provided_manual_research,exact,"Manually transcribed Rally observation; validated against 2,000 shares outstanding.",,quarterly,15000.0,chart_observation_marked_exact
rally-62bond,2020-12-31,2020-12-01T00:00:00Z,6.0,93000.0,offering_price,manual_research,User supplied Rally quarterly chart transcription for #62BOND,2026-07-22T00:00:00Z,OpenAI Codex,exact,Initial offering; source supplied month only as Dec 2020. Market cap validated with 15500 shares outstanding.,,quarterly,93000.0,offering_price_excluded_from_secondary_returns
rally-62bond,2021-06-30,2021-05-12T00:00:00Z,3.65,56575.0,chart_observation,manual_research,User supplied Rally quarterly chart transcription for #62BOND,2026-07-22T00:00:00Z,OpenAI Codex,exact,Market cap validated with 15500 shares outstanding.,,quarterly,56575.0,
rally-62bond,2021-09-30,2021-09-14T00:00:00Z,3.45,53475.0,chart_observation,manual_research,User supplied Rally quarterly chart transcription for #62BOND,2026-07-22T00:00:00Z,OpenAI Codex,exact,Market cap validated with 15500 shares outstanding.,,quarterly,53475.0,
rally-62bond,2021-12-31,2021-12-28T00:00:00Z,3.8,58900.0,chart_observation,manual_research,User supplied Rally quarterly chart transcription for #62BOND,2026-07-22T00:00:00Z,OpenAI Codex,exact,Market cap validated with 15500 shares outstanding.,,quarterly,58900.0,
rally-62bond,2022-03-31,2022-03-28T00:00:00Z,3.45,53475.0,chart_observation,manual_research,User supplied Rally quarterly chart transcription for #62BOND,2026-07-22T00:00:00Z,OpenAI Codex,exact,Market cap validated with 15500 shares outstanding.,,quarterly,53475.0,
rally-62bond,2022-06-30,2022-06-27T00:00:00Z,3.55,55025.0,chart_observation,manual_research,User supplied Rally quarterly chart transcription for #62BOND,2026-07-22T00:00:00Z,OpenAI Codex,exact,Market cap validated with 15500 shares outstanding.,,quarterly,55025.0,
rally-62bond,2022-09-30,2022-09-26T00:00:00Z,3.25,50375.0,chart_observation,manual_research,User supplied Rally quarterly chart transcription for #62BOND,2026-07-22T00:00:00Z,OpenAI Codex,exact,Market cap validated with 15500 shares outstanding.,,quarterly,50375.0,
rally-62bond,2022-12-31,2022-12-30T00:00:00Z,3.6,55800.0,chart_observation,manual_research,User supplied Rally quarterly chart transcription for #62BOND,2026-07-22T00:00:00Z,OpenAI Codex,exact,Market cap validated with 15500 shares outstanding.,,quarterly,55800.0,
rally-62bond,2023-03-31,2023-03-31T00:00:00Z,3.25,50375.0,chart_observation,manual_research,User supplied Rally quarterly chart transcription for #62BOND,2026-07-22T00:00:00Z,OpenAI Codex,exact,Market cap validated with 15500 shares outstanding.,,quarterly,50375.0,
rally-62bond,2023-06-30,2023-06-30T00:00:00Z,3.2,49600.0,chart_observation,manual_research,User supplied Rally quarterly chart transcription for #62BOND,2026-07-22T00:00:00Z,OpenAI Codex,exact,Market cap validated with 15500 shares outstanding.,,quarterly,49600.0,
rally-62bond,2023-09-30,2023-09-29T00:00:00Z,2.9,44950.0,chart_observation,manual_research,User supplied Rally quarterly chart transcription for #62BOND,2026-07-22T00:00:00Z,OpenAI Codex,exact,Market cap validated with 15500 shares outstanding.,,quarterly,44950.0,
rally-62bond,2023-12-31,2023-12-28T00:00:00Z,2.0,31000.0,chart_observation,manual_research,User supplied Rally quarterly chart transcription for #62BOND,2026-07-22T00:00:00Z,OpenAI Codex,exact,Market cap validated with 15500 shares outstanding.,,quarterly,31000.0,
rally-62bond,2024-03-31,2024-03-27T00:00:00Z,3.0,46500.0,chart_observation,manual_research,User supplied Rally quarterly chart transcription for #62BOND,2026-07-22T00:00:00Z,OpenAI Codex,exact,Market cap validated with 15500 shares outstanding.,,quarterly,46500.0,
rally-62bond,2024-06-30,2024-06-26T00:00:00Z,2.75,42625.0,chart_observation,manual_research,User supplied Rally quarterly chart transcription for #62BOND,2026-07-22T00:00:00Z,OpenAI Codex,exact,Market cap validated with 15500 shares outstanding.,,quarterly,42625.0,
rally-62bond,2024-09-30,2024-09-24T00:00:00Z,2.95,45725.0,chart_observation,manual_research,User supplied Rally quarterly chart transcription for #62BOND,2026-07-22T00:00:00Z,OpenAI Codex,exact,Market cap validated with 15500 shares outstanding.,,quarterly,45725.0,
rally-62bond,2024-12-31,2024-12-30T00:00:00Z,2.95,45725.0,chart_observation,manual_research,User supplied Rally quarterly chart transcription for #62BOND,2026-07-22T00:00:00Z,OpenAI Codex,exact,Market cap validated with 15500 shares outstanding.,,quarterly,45725.0,
rally-62bond,2025-03-31,2025-03-31T00:00:00Z,2.55,39525.0,chart_observation,manual_research,User supplied Rally quarterly chart transcription for #62BOND,2026-07-22T00:00:00Z,OpenAI Codex,exact,Market cap validated with 15500 shares outstanding.,,quarterly,39525.0,
rally-62bond,2025-06-30,2025-06-30T00:00:00Z,2.75,42625.0,chart_observation,manual_research,User supplied Rally quarterly chart transcription for #62BOND,2026-07-22T00:00:00Z,OpenAI Codex,exact,Market cap validated with 15500 shares outstanding.,,quarterly,42625.0,
rally-62bond,2025-09-30,2025-09-29T00:00:00Z,2.4,37200.0,chart_observation,manual_research,User supplied Rally quarterly chart transcription for #62BOND,2026-07-22T00:00:00Z,OpenAI Codex,exact,Market cap validated with 15500 shares outstanding.,,quarterly,37200.0,
rally-62bond,2025-12-31,2025-12-26T00:00:00Z,2.85,44175.0,chart_observation,manual_research,User supplied Rally quarterly chart transcription for #62BOND,2026-07-22T00:00:00Z,OpenAI Codex,exact,Market cap validated with 15500 shares outstanding.,,quarterly,44175.0,
rally-62bond,2026-03-31,2026-03-27T00:00:00Z,2.8,43400.0,chart_observation,manual_research,User supplied Rally quarterly chart transcription for #62BOND,2026-07-22T00:00:00Z,OpenAI Codex,exact,Market cap validated with 15500 shares outstanding.,,quarterly,43400.0,
rally-62bond,2026-06-30,2026-06-26T00:00:00Z,2.65,41075.0,chart_observation,manual_research,User supplied Rally quarterly chart transcription for #62BOND,2026-07-22T00:00:00Z,OpenAI Codex,exact,Market cap validated with 15500 shares outstanding.,,quarterly,41075.0,
rally-63cc1,2019-03-31,2019-03-01T00:00:00Z,63.0,126000.0,offering_price,manual_research,user-provided manual Rally 63CC1 price history,2026-07-25T00:00:00Z,codex,exact,Manually transcribed Rally observation; validated against 2000 master shares outstanding. Offering price and initial market cap reconcile to the authoritative Cars master.,,quarterly,126000.0,offering_price_excluded_from_secondary_returns
rally-63cc1,2019-09-30,2019-07-11T00:00:00Z,67.65,135300.0,chart_observation,manual_research,user-provided manual Rally 63CC1 price history,2026-07-25T00:00:00Z,codex,exact,Manually transcribed Rally observation; validated against 2000 master shares outstanding.,,quarterly,135300.0,chart_observation_marked_exact
rally-63cc1,2020-03-31,2020-01-14T00:00:00Z,68.0,136000.0,chart_observation,manual_research,user-provided manual Rally 63CC1 price history,2026-07-25T00:00:00Z,codex,exact,Manually transcribed Rally observation; validated against 2000 master shares outstanding.,,quarterly,136000.0,chart_observation_marked_exact
rally-63cc1,2020-06-30,2020-04-21T00:00:00Z,68.0,136000.0,chart_observation,manual_research,user-provided manual Rally 63CC1 price history,2026-07-25T00:00:00Z,codex,exact,Manually transcribed Rally observation; validated against 2000 master shares outstanding.,,quarterly,136000.0,chart_observation_marked_exact
rally-63cc1,2020-09-30,2020-08-11T00:00:00Z,67.0,134000.0,chart_observation,manual_research,user-provided manual Rally 63CC1 price history,2026-07-25T00:00:00Z,codex,exact,Manually transcribed Rally observation; validated against 2000 master shares outstanding.,,quarterly,134000.0,chart_observation_marked_exact
rally-63cc1,2020-12-31,2020-11-10T00:00:00Z,69.1,138200.0,chart_observation,manual_research,user-provided manual Rally 63CC1 price history,2026-07-25T00:00:00Z,codex,exact,Manually transcribed Rally observation; validated against 2000 master shares outstanding.,,quarterly,138200.0,chart_observation_marked_exact
rally-63cc1,2021-03-31,2021-02-09T00:00:00Z,70.0,140000.0,chart_observation,manual_research,user-provided manual Rally 63CC1 price history,2026-07-25T00:00:00Z,codex,exact,Manually transcribed Rally observation; validated against 2000 master shares outstanding.,,quarterly,140000.0,chart_observation_marked_exact
rally-63cc1,2021-06-30,2021-04-22T00:00:00Z,70.0,140000.0,chart_observation,manual_research,user-provided manual Rally 63CC1 price history,2026-07-25T00:00:00Z,codex,exact,Manually transcribed Rally observation; validated against 2000 master shares outstanding.,,quarterly,140000.0,chart_observation_marked_exact
rally-63cc1,2021-09-30,2021-07-22T00:00:00Z,71.0,142000.0,chart_observation,manual_research,user-provided manual Rally 63CC1 price history,2026-07-25T00:00:00Z,codex,exact,Manually transcribed Rally observation; validated against 2000 master shares outstanding.,,quarterly,142000.0,chart_observation_marked_exact
rally-63cc1,2021-12-31,2021-11-04T00:00:00Z,78.0,156000.0,chart_observation,manual_research,user-provided manual Rally 63CC1 price history,2026-07-25T00:00:00Z,codex,exact,Manually transcribed Rally observation; validated against 2000 master shares outstanding.,,quarterly,156000.0,chart_observation_marked_exact
rally-63cc1,2022-06-30,2022-04-11T00:00:00Z,78.0,156000.0,chart_observation,manual_research,user-provided manual Rally 63CC1 price history,2026-07-25T00:00:00Z,codex,exact,Manually transcribed Rally observation; validated against 2000 master shares outstanding.,,quarterly,156000.0,chart_observation_marked_exact
rally-63cc1,2022-09-30,2022-07-01T00:00:00Z,60.0,120000.0,chart_observation,manual_research,user-provided manual Rally 63CC1 price history,2026-07-25T00:00:00Z,codex,exact,Manually transcribed Rally observation; validated against 2000 master shares outstanding.,,quarterly,120000.0,chart_observation_marked_exact
rally-63cc1,2022-09-30,2022-09-30T00:00:00Z,62.0,124000.0,chart_observation,manual_research,user-provided manual Rally 63CC1 price history,2026-07-25T00:00:00Z,codex,exact,Manually transcribed Rally observation; validated against 2000 master shares outstanding.,,quarterly,124000.0,chart_observation_marked_exact
rally-63cc1,2022-12-31,2022-12-30T00:00:00Z,51.0,102000.0,chart_observation,manual_research,user-provided manual Rally 63CC1 price history,2026-07-25T00:00:00Z,codex,exact,Manually transcribed Rally observation; validated against 2000 master shares outstanding.,,quarterly,102000.0,chart_observation_marked_exact
rally-63cc1,2023-03-31,2023-03-30T00:00:00Z,66.0,132000.0,chart_observation,manual_research,user-provided manual Rally 63CC1 price history,2026-07-25T00:00:00Z,codex,exact,Manually transcribed Rally observation; validated against 2000 master shares outstanding.,,quarterly,132000.0,chart_observation_marked_exact
rally-63cc1,2023-06-30,2023-06-28T00:00:00Z,63.0,126000.0,chart_observation,manual_research,user-provided manual Rally 63CC1 price history,2026-07-25T00:00:00Z,codex,exact,Manually transcribed Rally observation; validated against 2000 master shares outstanding.,,quarterly,126000.0,chart_observation_marked_exact
rally-63cc1,2023-09-30,2023-09-26T00:00:00Z,50.0,100000.0,chart_observation,manual_research,user-provided manual Rally 63CC1 price history,2026-07-25T00:00:00Z,codex,exact,Manually transcribed Rally observation; validated against 2000 master shares outstanding.,,quarterly,100000.0,chart_observation_marked_exact
rally-63cc1,2023-12-31,2023-12-29T00:00:00Z,49.0,98000.0,chart_observation,manual_research,user-provided manual Rally 63CC1 price history,2026-07-25T00:00:00Z,codex,exact,Manually transcribed Rally observation; validated against 2000 master shares outstanding.,,quarterly,98000.0,chart_observation_marked_exact
rally-63cc1,2024-03-31,2024-03-25T00:00:00Z,55.0,110000.0,chart_observation,manual_research,user-provided manual Rally 63CC1 price history,2026-07-25T00:00:00Z,codex,exact,Manually transcribed Rally observation; validated against 2000 master shares outstanding.,,quarterly,110000.0,chart_observation_marked_exact
rally-63cc1,2024-09-30,2024-07-01T00:00:00Z,70.0,140000.0,chart_observation,manual_research,user-provided manual Rally 63CC1 price history,2026-07-25T00:00:00Z,codex,exact,Manually transcribed Rally observation; validated against 2000 master shares outstanding.,,quarterly,140000.0,chart_observation_marked_exact
rally-63cc1,2024-09-30,2024-09-27T00:00:00Z,73.0,146000.0,chart_observation,manual_research,user-provided manual Rally 63CC1 price history,2026-07-25T00:00:00Z,codex,exact,Manually transcribed Rally observation; validated against 2000 master shares outstanding.,,quarterly,146000.0,chart_observation_marked_exact
rally-63cc1,2024-12-31,2024-12-27T00:00:00Z,74.4,148800.0,chart_observation,manual_research,user-provided manual Rally 63CC1 price history,2026-07-25T00:00:00Z,codex,exact,Manually transcribed Rally observation; validated against 2000 master shares outstanding.,,quarterly,148800.0,chart_observation_marked_exact
rally-63cc1,2025-03-31,2025-03-28T00:00:00Z,74.45,148900.0,chart_observation,manual_research,user-provided manual Rally 63CC1 price history,2026-07-25T00:00:00Z,codex,exact,Manually transcribed Rally observation; validated against 2000 master shares outstanding.,,quarterly,148900.0,chart_observation_marked_exact
rally-63cc1,2025-06-30,2025-06-26T00:00:00Z,71.0,142000.0,chart_observation,manual_research,user-provided manual Rally 63CC1 price history,2026-07-25T00:00:00Z,codex,exact,Manually transcribed Rally observation; validated against 2000 master shares outstanding.,,quarterly,142000.0,chart_observation_marked_exact
rally-63cc1,2025-09-30,2025-09-24T00:00:00Z,68.65,137300.0,chart_observation,manual_research,user-provided manual Rally 63CC1 price history,2026-07-25T00:00:00Z,codex,exact,Manually transcribed Rally observation; validated against 2000 master shares outstanding.,,quarterly,137300.0,chart_observation_marked_exact
rally-63cc1,2025-12-31,2025-12-31T00:00:00Z,69.0,138000.0,chart_observation,manual_research,user-provided manual Rally 63CC1 price history,2026-07-25T00:00:00Z,codex,exact,Manually transcribed Rally observation; validated against 2000 master shares outstanding.,,quarterly,138000.0,chart_observation_marked_exact
rally-63cc1,2026-03-31,2026-03-31T00:00:00Z,69.0,138000.0,chart_observation,manual_research,user-provided manual Rally 63CC1 price history,2026-07-25T00:00:00Z,codex,exact,Manually transcribed Rally observation; validated against 2000 master shares outstanding.,,quarterly,138000.0,chart_observation_marked_exact
rally-63cc1,2026-06-30,2026-06-29T00:00:00Z,69.0,138000.0,chart_observation,manual_research,user-provided manual Rally 63CC1 price history,2026-07-25T00:00:00Z,codex,exact,Manually transcribed Rally observation; validated against 2000 master shares outstanding.,,quarterly,138000.0,chart_observation_marked_exact
rally-65fm1,2019-06-30,2019-05-03T00:00:00Z,41.25,82500.0,offering_price,manual_research,user-provided manual Rally 65FM1 price history,2026-07-25T00:00:00Z,codex,exact,Manually transcribed Rally observation; validated against 2000 master shares outstanding. Offering price and initial market cap reconcile to the authoritative Cars master.,,quarterly,82500.0,offering_price_excluded_from_secondary_returns
rally-65fm1,2019-09-30,2019-09-19T00:00:00Z,41.35,82700.0,chart_observation,manual_research,user-provided manual Rally 65FM1 price history,2026-07-25T00:00:00Z,codex,exact,Manually transcribed Rally observation; validated against 2000 master shares outstanding.,,quarterly,82700.0,chart_observation_marked_exact
rally-65fm1,2019-12-31,2019-11-05T00:00:00Z,47.5,95000.0,chart_observation,manual_research,user-provided manual Rally 65FM1 price history,2026-07-25T00:00:00Z,codex,exact,Manually transcribed Rally observation; validated against 2000 master shares outstanding.,,quarterly,95000.0,chart_observation_marked_exact
rally-65fm1,2020-03-31,2020-02-04T00:00:00Z,48.5,97000.0,chart_observation,manual_research,user-provided manual Rally 65FM1 price history,2026-07-25T00:00:00Z,codex,exact,Manually transcribed Rally observation; validated against 2000 master shares outstanding.,,quarterly,97000.0,chart_observation_marked_exact
rally-65fm1,2020-06-30,2020-05-19T00:00:00Z,50.5,101000.0,chart_observation,manual_research,user-provided manual Rally 65FM1 price history,2026-07-25T00:00:00Z,codex,exact,Manually transcribed Rally observation; validated against 2000 master shares outstanding.,,quarterly,101000.0,chart_observation_marked_exact
rally-65fm1,2020-09-30,2020-08-27T00:00:00Z,51.0,102000.0,chart_observation,manual_research,user-provided manual Rally 65FM1 price history,2026-07-25T00:00:00Z,codex,exact,Manually transcribed Rally observation; validated against 2000 master shares outstanding.,,quarterly,102000.0,chart_observation_marked_exact
rally-65fm1,2020-12-31,2020-11-24T00:00:00Z,52.0,104000.0,chart_observation,manual_research,user-provided manual Rally 65FM1 price history,2026-07-25T00:00:00Z,codex,exact,Manually transcribed Rally observation; validated against 2000 master shares outstanding.,,quarterly,104000.0,chart_observation_marked_exact
rally-65fm1,2021-03-31,2021-02-11T00:00:00Z,52.1,104200.0,chart_observation,manual_research,user-provided manual Rally 65FM1 price history,2026-07-25T00:00:00Z,codex,exact,Manually transcribed Rally observation; validated against 2000 master shares outstanding.,,quarterly,104200.0,chart_observation_marked_exact
rally-65fm1,2021-06-30,2021-05-31T00:00:00Z,54.9,109800.0,chart_observation,manual_research,user-provided manual Rally 65FM1 price history,2026-07-25T00:00:00Z,codex,exact,Manually transcribed Rally observation; validated against 2000 master shares outstanding.,,quarterly,109800.0,chart_observation_marked_exact
rally-65fm1,2021-09-30,2021-09-08T00:00:00Z,56.0,112000.0,chart_observation,manual_research,user-provided manual Rally 65FM1 price history,2026-07-25T00:00:00Z,codex,exact,Manually transcribed Rally observation; validated against 2000 master shares outstanding.,,quarterly,112000.0,chart_observation_marked_exact
rally-65fm1,2022-05-09,2022-05-09T00:00:00Z,39.2,78400.0,chart_observation,manual_research,user-provided manual Rally 65FM1 price history,2026-07-25T00:00:00Z,codex,exact,"Earlier same-quarter observation retained as non-quarterly research evidence; the later, closer-to-quarter-end observation is the canonical quarterly representative. Market cap validated against authoritative master shares outstanding.",,weekly,78400.0,chart_observation_marked_exact
rally-65fm1,2022-06-30,2022-06-23T00:00:00Z,24.95,49900.0,chart_observation,manual_research,user-provided manual Rally 65FM1 price history,2026-07-25T00:00:00Z,codex,exact,Manually transcribed Rally observation; validated against 2000 master shares outstanding.,,quarterly,49900.0,chart_observation_marked_exact
rally-65fm1,2022-09-30,2022-09-27T00:00:00Z,26.25,52500.0,chart_observation,manual_research,user-provided manual Rally 65FM1 price history,2026-07-25T00:00:00Z,codex,exact,Manually transcribed Rally observation; validated against 2000 master shares outstanding.,,quarterly,52500.0,chart_observation_marked_exact
rally-65fm1,2022-12-31,2022-12-23T00:00:00Z,29.85,59700.0,chart_observation,manual_research,user-provided manual Rally 65FM1 price history,2026-07-25T00:00:00Z,codex,exact,Manually transcribed Rally observation; validated against 2000 master shares outstanding.,,quarterly,59700.0,chart_observation_marked_exact
rally-65fm1,2023-03-31,2023-03-31T00:00:00Z,29.0,58000.0,chart_observation,manual_research,user-provided manual Rally 65FM1 price history,2026-07-25T00:00:00Z,codex,exact,Manually transcribed Rally observation; validated against 2000 master shares outstanding.,,quarterly,58000.0,chart_observation_marked_exact
rally-65fm1,2023-06-30,2023-06-27T00:00:00Z,30.25,60500.0,chart_observation,manual_research,user-provided manual Rally 65FM1 price history,2026-07-25T00:00:00Z,codex,exact,Manually transcribed Rally observation; validated against 2000 master shares outstanding.,,quarterly,60500.0,chart_observation_marked_exact
rally-65fm1,2023-09-30,2023-09-22T00:00:00Z,29.0,58000.0,chart_observation,manual_research,user-provided manual Rally 65FM1 price history,2026-07-25T00:00:00Z,codex,exact,Manually transcribed Rally observation; validated against 2000 master shares outstanding.,,quarterly,58000.0,chart_observation_marked_exact
rally-65fm1,2023-12-31,2023-12-28T00:00:00Z,27.0,54000.0,chart_observation,manual_research,user-provided manual Rally 65FM1 price history,2026-07-25T00:00:00Z,codex,exact,Manually transcribed Rally observation; validated against 2000 master shares outstanding.,,quarterly,54000.0,chart_observation_marked_exact
rally-65fm1,2024-03-31,2024-03-26T00:00:00Z,30.25,60500.0,chart_observation,manual_research,user-provided manual Rally 65FM1 price history,2026-07-25T00:00:00Z,codex,exact,Manually transcribed Rally observation; validated against 2000 master shares outstanding.,,quarterly,60500.0,chart_observation_marked_exact
rally-65fm1,2024-06-30,2024-06-21T00:00:00Z,32.0,64000.0,chart_observation,manual_research,user-provided manual Rally 65FM1 price history,2026-07-25T00:00:00Z,codex,exact,Manually transcribed Rally observation; validated against 2000 master shares outstanding.,,quarterly,64000.0,chart_observation_marked_exact
rally-65fm1,2024-09-30,2024-09-26T00:00:00Z,32.0,64000.0,chart_observation,manual_research,user-provided manual Rally 65FM1 price history,2026-07-25T00:00:00Z,codex,exact,Manually transcribed Rally observation; validated against 2000 master shares outstanding.,,quarterly,64000.0,chart_observation_marked_exact
rally-65fm1,2024-12-31,2024-12-31T00:00:00Z,30.25,60500.0,chart_observation,manual_research,user-provided manual Rally 65FM1 price history,2026-07-25T00:00:00Z,codex,exact,Manually transcribed Rally observation; validated against 2000 master shares outstanding.,,quarterly,60500.0,chart_observation_marked_exact
rally-65fm1,2025-03-31,2025-03-31T00:00:00Z,27.65,55300.0,chart_observation,manual_research,user-provided manual Rally 65FM1 price history,2026-07-25T00:00:00Z,codex,exact,Manually transcribed Rally observation; validated against 2000 master shares outstanding.,,quarterly,55300.0,chart_observation_marked_exact
rally-65fm1,2025-06-30,2025-06-26T00:00:00Z,34.95,69900.0,chart_observation,manual_research,user-provided manual Rally 65FM1 price history,2026-07-25T00:00:00Z,codex,exact,Manually transcribed Rally observation; validated against 2000 master shares outstanding.,,quarterly,69900.0,chart_observation_marked_exact
rally-65fm1,2025-09-30,2025-09-30T00:00:00Z,19.0,38000.0,chart_observation,manual_research,user-provided manual Rally 65FM1 price history,2026-07-25T00:00:00Z,codex,exact,Manually transcribed Rally observation; validated against 2000 master shares outstanding.,,quarterly,38000.0,chart_observation_marked_exact
rally-65fm1,2025-12-31,2025-12-26T00:00:00Z,29.95,59900.0,chart_observation,manual_research,user-provided manual Rally 65FM1 price history,2026-07-25T00:00:00Z,codex,exact,Manually transcribed Rally observation; validated against 2000 master shares outstanding.,,quarterly,59900.0,chart_observation_marked_exact
rally-65fm1,2026-03-31,2026-03-26T00:00:00Z,34.5,69000.0,chart_observation,manual_research,user-provided manual Rally 65FM1 price history,2026-07-25T00:00:00Z,codex,exact,Manually transcribed Rally observation; validated against 2000 master shares outstanding.,,quarterly,69000.0,chart_observation_marked_exact
rally-65fm1,2026-06-30,2026-06-30T00:00:00Z,34.9,69800.0,chart_observation,manual_research,user-provided manual Rally 65FM1 price history,2026-07-25T00:00:00Z,codex,exact,Manually transcribed Rally observation; validated against 2000 master shares outstanding.,,quarterly,69800.0,chart_observation_marked_exact
rally-79stella,2020-12-31,2020-10-05T00:00:00Z,5.0,69000.0,offering_price,rally_app,Rally App,2026-07-12T00:00:00Z,Marshall,exact,Initial offering. Corrected observed_at from 2020-10-01 to 2020-10-05.,,quarterly,69000.0,observed_at_exceeds_quarter_lookback:87d; offering_price_excluded_from_secondary_returns
rally-79stella,2021-03-31,2021-04-15T00:00:00Z,2.75,37950.0,chart_observation,rally_app_chart,Rally App,2026-07-12T00:00:00Z,Marshall,exact,Nearest available observation occurred after quarter-end,,quarterly,37950.0,observed_at_after_period_end; chart_observation_marked_exact
rally-79stella,2021-06-30,2021-06-28T00:00:00Z,3.5,48300.0,chart_observation,rally_app_chart,Rally App,2026-07-12T00:00:00Z,Marshall,exact,,,quarterly,48300.0,chart_observation_marked_exact
rally-79stella,2021-09-30,2021-09-15T00:00:00Z,5.2,71760.0,chart_observation,rally_app_chart,Rally App,2026-07-12T00:00:00Z,Marshall,exact,,,quarterly,71760.0,observed_at_exceeds_quarter_lookback:15d; chart_observation_marked_exact
rally-79stella,2021-12-31,2021-12-20T00:00:00Z,5.0,69000.0,chart_observation,rally_app_chart,Rally App,2026-07-12T00:00:00Z,Marshall,exact,,,quarterly,69000.0,chart_observation_marked_exact
rally-79stella,2022-03-31,2022-03-25T00:00:00Z,4.4,60720.0,chart_observation,rally_app_chart,Rally App,2026-07-12T00:00:00Z,Marshall,exact,,,quarterly,60720.00000000001,chart_observation_marked_exact
rally-79stella,2022-06-30,2022-06-30T00:00:00Z,3.8,52440.0,chart_observation,rally_app_chart,Rally App,2026-07-12T00:00:00Z,Marshall,exact,,,quarterly,52440.0,chart_observation_marked_exact
rally-79stella,2022-09-30,2022-09-28T00:00:00Z,4.0,55200.0,chart_observation,rally_app_chart,Rally App,2026-07-12T00:00:00Z,Marshall,exact,,,quarterly,55200.0,chart_observation_marked_exact
rally-79stella,2022-12-31,2022-12-27T00:00:00Z,3.95,54510.0,chart_observation,rally_app_chart,Rally App,2026-07-12T00:00:00Z,Marshall,exact,,,quarterly,54510.0,chart_observation_marked_exact
rally-79stella,2023-03-31,2023-03-31T00:00:00Z,6.95,95910.0,chart_observation,rally_app_chart,Rally App,2026-07-12T00:00:00Z,Marshall,exact,,,quarterly,95910.0,chart_observation_marked_exact
rally-79stella,2023-06-30,2023-06-30T00:00:00Z,6.5,89700.0,chart_observation,rally_app_chart,Rally App,2026-07-12T00:00:00Z,Marshall,exact,,,quarterly,89700.0,chart_observation_marked_exact
rally-79stella,2023-09-30,2023-09-27T00:00:00Z,5.2,71760.0,chart_observation,rally_app_chart,Rally App,2026-07-12T00:00:00Z,Marshall,exact,,,quarterly,71760.0,chart_observation_marked_exact
rally-79stella,2023-12-31,2023-12-29T00:00:00Z,4.9,67620.0,chart_observation,rally_app_chart,Rally App,2026-07-12T00:00:00Z,Marshall,exact,,,quarterly,67620.0,chart_observation_marked_exact
rally-79stella,2024-03-31,2024-03-25T00:00:00Z,4.8,66240.0,chart_observation,rally_app_chart,Rally App,2026-07-12T00:00:00Z,Marshall,exact,,,quarterly,66240.0,chart_observation_marked_exact
rally-79stella,2024-06-30,2024-06-28T00:00:00Z,4.85,66930.0,chart_observation,rally_app_chart,Rally App,2026-07-12T00:00:00Z,Marshall,exact,,,quarterly,66930.0,chart_observation_marked_exact
rally-79stella,2024-09-30,2024-09-26T00:00:00Z,6.0,82800.0,chart_observation,rally_app_chart,Rally App,2026-07-12T00:00:00Z,Marshall,exact,,,quarterly,82800.0,chart_observation_marked_exact
rally-79stella,2024-12-31,2024-12-31T00:00:00Z,5.2,71760.0,chart_observation,rally_app_chart,Rally App,2026-07-12T00:00:00Z,Marshall,exact,,,quarterly,71760.0,chart_observation_marked_exact
rally-79stella,2025-03-31,2025-03-31T00:00:00Z,4.0,55200.0,chart_observation,rally_app_chart,Rally App,2026-07-12T00:00:00Z,Marshall,exact,,,quarterly,55200.0,chart_observation_marked_exact
rally-79stella,2025-06-30,2025-06-27T00:00:00Z,4.3,59340.0,chart_observation,rally_app_chart,Rally App,2026-07-12T00:00:00Z,Marshall,exact,,,quarterly,59340.0,chart_observation_marked_exact
rally-79stella,2025-09-30,2025-09-25T00:00:00Z,4.0,55200.0,chart_observation,rally_app_chart,Rally App,2026-07-12T00:00:00Z,Marshall,exact,,,quarterly,55200.0,chart_observation_marked_exact
rally-79stella,2025-12-31,2025-12-30T00:00:00Z,5.2,71760.0,chart_observation,rally_app_chart,Rally App,2026-07-12T00:00:00Z,Marshall,exact,,,quarterly,71760.0,chart_observation_marked_exact
rally-79stella,2026-03-31,2026-03-30T00:00:00Z,4.8,66240.0,chart_observation,rally_app_chart,Rally App,2026-07-12T00:00:00Z,Marshall,exact,,,quarterly,66240.0,chart_observation_marked_exact
rally-79stella,2026-06-30,2026-06-26T00:00:00Z,5.9,81420.0,chart_observation,rally_app_chart,Rally App,2026-07-12T00:00:00Z,Marshall,exact,,,quarterly,81420.0,chart_observation_marked_exact
rally-7orlex,2019-12-31,2019-11,20.0,20000.0,offering_price,rally_app,Rally App,2026-07-19,Marshall,exact,Initial offering,,quarterly,20000.0,
rally-7orlex,2020-06-30,2020-05-12,20.0,20000.0,chart_observation,rally_app_chart,Rally App,2026-07-19,Marshall,exact,,,quarterly,20000.0,chart_observation_marked_exact
rally-7orlex,2020-09-30,2020-08-11,25.0,25000.0,chart_observation,rally_app_chart,Rally App,2026-07-19,Marshall,exact,,,quarterly,25000.0,chart_observation_marked_exact
rally-7orlex,2020-12-31,2020-11-24,30.0,30000.0,chart_observation,rally_app_chart,Rally App,2026-07-19,Marshall,exact,,,quarterly,30000.0,chart_observation_marked_exact
rally-7orlex,2022-03-31,2022-03-25,20.05,20050.0,chart_observation,rally_app_chart,Rally App,2026-07-19,Marshall,exact,,,quarterly,20050.0,chart_observation_marked_exact
rally-7orlex,2022-06-30,2022-06-27,18.3,18300.0,chart_observation,rally_app_chart,Rally App,2026-07-19,Marshall,exact,,,quarterly,18300.0,chart_observation_marked_exact
rally-7orlex,2022-09-30,2022-09-26,19.0,19000.0,chart_observation,rally_app_chart,Rally App,2026-07-19,Marshall,exact,,,quarterly,19000.0,chart_observation_marked_exact
rally-7orlex,2022-12-31,2022-12-28,18.95,18950.0,chart_observation,rally_app_chart,Rally App,2026-07-19,Marshall,exact,,,quarterly,18950.0,chart_observation_marked_exact
rally-7orlex,2023-03-31,2023-03-31,19.8,19800.0,chart_observation,rally_app_chart,Rally App,2026-07-19,Marshall,exact,,,quarterly,19800.0,chart_observation_marked_exact
rally-7orlex,2023-06-30,2023-06-29,20.0,20000.0,chart_observation,rally_app_chart,Rally App,2026-07-19,Marshall,exact,,,quarterly,20000.0,chart_observation_marked_exact
rally-7orlex,2023-09-30,2023-09-27,19.5,19500.0,chart_observation,rally_app_chart,Rally App,2026-07-19,Marshall,exact,,,quarterly,19500.0,chart_observation_marked_exact
rally-7orlex,2023-12-31,2023-12-12,30.0,30000.0,buyout,rally_app,Rally App,2026-07-19,Marshall,exact,Final realized exit / buyout,,quarterly,30000.0,
rally-83fb1,2018-09-30,2018-07-22T00:00:00Z,70.0,350000.0,offering_price,manual_research,user-provided manual Rally 83FB1 price history,2026-07-25T00:00:00Z,codex,exact,Manually transcribed Rally observation; validated against 5000 master shares outstanding. Offering price and initial market cap reconcile to the authoritative Cars master.,,quarterly,350000.0,offering_price_excluded_from_secondary_returns
rally-83fb1,2018-12-31,2018-11-29T00:00:00Z,70.0,350000.0,chart_observation,manual_research,user-provided manual Rally 83FB1 price history,2026-07-25T00:00:00Z,codex,exact,Manually transcribed Rally observation; validated against 5000 master shares outstanding.,,quarterly,350000.0,chart_observation_marked_exact
rally-83fb1,2019-03-31,2019-02-21T00:00:00Z,70.0,350000.0,chart_observation,manual_research,user-provided manual Rally 83FB1 price history,2026-07-25T00:00:00Z,codex,exact,Manually transcribed Rally observation; validated against 5000 master shares outstanding.,,quarterly,350000.0,chart_observation_marked_exact
rally-83fb1,2019-06-30,2019-05-30T00:00:00Z,70.0,350000.0,chart_observation,manual_research,user-provided manual Rally 83FB1 price history,2026-07-25T00:00:00Z,codex,exact,Manually transcribed Rally observation; validated against 5000 master shares outstanding.,,quarterly,350000.0,chart_observation_marked_exact
rally-83fb1,2019-09-30,2019-08-29T00:00:00Z,71.0,355000.0,chart_observation,manual_research,user-provided manual Rally 83FB1 price history,2026-07-25T00:00:00Z,codex,exact,Manually transcribed Rally observation; validated against 5000 master shares outstanding.,,quarterly,355000.0,chart_observation_marked_exact
rally-83fb1,2019-12-31,2019-11-19T00:00:00Z,71.0,355000.0,chart_observation,manual_research,user-provided manual Rally 83FB1 price history,2026-07-25T00:00:00Z,codex,exact,Manually transcribed Rally observation; validated against 5000 master shares outstanding.,,quarterly,355000.0,chart_observation_marked_exact
rally-83fb1,2020-03-31,2020-02-18T00:00:00Z,68.9,344500.0,chart_observation,manual_research,user-provided manual Rally 83FB1 price history,2026-07-25T00:00:00Z,codex,exact,Manually transcribed Rally observation; validated against 5000 master shares outstanding.,,quarterly,344500.0,chart_observation_marked_exact
rally-83fb1,2020-06-30,2020-05-26T00:00:00Z,65.0,325000.0,chart_observation,manual_research,user-provided manual Rally 83FB1 price history,2026-07-25T00:00:00Z,codex,exact,Manually transcribed Rally observation; validated against 5000 master shares outstanding.,,quarterly,325000.0,chart_observation_marked_exact
rally-83fb1,2020-09-30,2020-09-01T00:00:00Z,57.5,287500.0,chart_observation,manual_research,user-provided manual Rally 83FB1 price history,2026-07-25T00:00:00Z,codex,exact,Manually transcribed Rally observation; validated against 5000 master shares outstanding.,,quarterly,287500.0,chart_observation_marked_exact
rally-83fb1,2020-12-31,2020-12-08T00:00:00Z,49.0,245000.0,chart_observation,manual_research,user-provided manual Rally 83FB1 price history,2026-07-25T00:00:00Z,codex,exact,Manually transcribed Rally observation; validated against 5000 master shares outstanding.,,quarterly,245000.0,chart_observation_marked_exact
rally-83fb1,2021-03-31,2021-02-18T00:00:00Z,40.0,200000.0,chart_observation,manual_research,user-provided manual Rally 83FB1 price history,2026-07-25T00:00:00Z,codex,exact,Manually transcribed Rally observation; validated against 5000 master shares outstanding.,,quarterly,200000.0,chart_observation_marked_exact
rally-83fb1,2021-06-30,2021-04-29T00:00:00Z,35.0,175000.0,chart_observation,manual_research,user-provided manual Rally 83FB1 price history,2026-07-25T00:00:00Z,codex,exact,Manually transcribed Rally observation; validated against 5000 master shares outstanding.,,quarterly,175000.0,chart_observation_marked_exact
rally-83fb1,2021-09-30,2021-07-27T00:00:00Z,42.15,210750.0,chart_observation,manual_research,user-provided manual Rally 83FB1 price history,2026-07-25T00:00:00Z,codex,exact,Manually transcribed Rally observation; validated against 5000 master shares outstanding.,,quarterly,210750.0,chart_observation_marked_exact
rally-83fb1,2022-06-30,2022-04-11T00:00:00Z,41.5,207500.0,chart_observation,manual_research,user-provided manual Rally 83FB1 price history,2026-07-25T00:00:00Z,codex,exact,Manually transcribed Rally observation; validated against 5000 master shares outstanding.,,quarterly,207500.0,chart_observation_marked_exact
rally-83fb1,2022-09-30,2022-07-01T00:00:00Z,46.5,232500.0,chart_observation,manual_research,user-provided manual Rally 83FB1 price history,2026-07-25T00:00:00Z,codex,exact,Manually transcribed Rally observation; validated against 5000 master shares outstanding.,,quarterly,232500.0,chart_observation_marked_exact
rally-83fb1,2022-09-30,2022-09-28T00:00:00Z,41.0,205000.0,chart_observation,manual_research,user-provided manual Rally 83FB1 price history,2026-07-25T00:00:00Z,codex,exact,Manually transcribed Rally observation; validated against 5000 master shares outstanding.,,quarterly,205000.0,chart_observation_marked_exact
rally-83fb1,2022-12-31,2022-12-27T00:00:00Z,40.0,200000.0,chart_observation,manual_research,user-provided manual Rally 83FB1 price history,2026-07-25T00:00:00Z,codex,exact,Manually transcribed Rally observation; validated against 5000 master shares outstanding.,,quarterly,200000.0,chart_observation_marked_exact
rally-83fb1,2023-03-31,2023-03-24T00:00:00Z,40.0,200000.0,chart_observation,manual_research,user-provided manual Rally 83FB1 price history,2026-07-25T00:00:00Z,codex,exact,Manually transcribed Rally observation; validated against 5000 master shares outstanding.,,quarterly,200000.0,chart_observation_marked_exact
rally-83fb1,2023-06-30,2023-06-30T00:00:00Z,39.0,195000.0,chart_observation,manual_research,user-provided manual Rally 83FB1 price history,2026-07-25T00:00:00Z,codex,exact,Manually transcribed Rally observation; validated against 5000 master shares outstanding.,,quarterly,195000.0,chart_observation_marked_exact
rally-83fb1,2023-09-30,2023-09-27T00:00:00Z,40.0,200000.0,chart_observation,manual_research,user-provided manual Rally 83FB1 price history,2026-07-25T00:00:00Z,codex,exact,Manually transcribed Rally observation; validated against 5000 master shares outstanding.,,quarterly,200000.0,chart_observation_marked_exact
rally-83fb1,2023-12-31,2023-12-29T00:00:00Z,36.5,182500.0,chart_observation,manual_research,user-provided manual Rally 83FB1 price history,2026-07-25T00:00:00Z,codex,exact,Manually transcribed Rally observation; validated against 5000 master shares outstanding.,,quarterly,182500.0,chart_observation_marked_exact
rally-83fb1,2024-06-30,2024-04-01T00:00:00Z,58.5,292500.0,chart_observation,manual_research,user-provided manual Rally 83FB1 price history,2026-07-25T00:00:00Z,codex,exact,Manually transcribed Rally observation; validated against 5000 master shares outstanding.,,quarterly,292500.0,chart_observation_marked_exact
rally-83fb1,2024-06-30,2024-06-28T00:00:00Z,49.0,245000.0,chart_observation,manual_research,user-provided manual Rally 83FB1 price history,2026-07-25T00:00:00Z,codex,exact,Manually transcribed Rally observation; validated against 5000 master shares outstanding.,,quarterly,245000.0,chart_observation_marked_exact
rally-83fb1,2024-09-30,2024-09-26T00:00:00Z,51.75,258750.0,chart_observation,manual_research,user-provided manual Rally 83FB1 price history,2026-07-25T00:00:00Z,codex,exact,Manually transcribed Rally observation; validated against 5000 master shares outstanding.,,quarterly,258750.0,chart_observation_marked_exact
rally-83fb1,2024-12-31,2024-12-23T00:00:00Z,59.0,295000.0,chart_observation,manual_research,user-provided manual Rally 83FB1 price history,2026-07-25T00:00:00Z,codex,exact,Manually transcribed Rally observation; validated against 5000 master shares outstanding.,,quarterly,295000.0,chart_observation_marked_exact
rally-83fb1,2025-03-31,2025-03-31T00:00:00Z,55.0,275000.0,chart_observation,manual_research,user-provided manual Rally 83FB1 price history,2026-07-25T00:00:00Z,codex,exact,Manually transcribed Rally observation; validated against 5000 master shares outstanding.,,quarterly,275000.0,chart_observation_marked_exact
rally-83fb1,2025-06-30,2025-06-27T00:00:00Z,48.45,242250.0,chart_observation,manual_research,user-provided manual Rally 83FB1 price history,2026-07-25T00:00:00Z,codex,exact,Manually transcribed Rally observation; validated against 5000 master shares outstanding.,,quarterly,242250.0,chart_observation_marked_exact
rally-83fb1,2025-09-30,2025-09-25T00:00:00Z,40.0,200000.0,chart_observation,manual_research,user-provided manual Rally 83FB1 price history,2026-07-25T00:00:00Z,codex,exact,Manually transcribed Rally observation; validated against 5000 master shares outstanding.,,quarterly,200000.0,chart_observation_marked_exact
rally-83fb1,2025-12-31,2025-12-31T00:00:00Z,46.45,232250.0,chart_observation,manual_research,user-provided manual Rally 83FB1 price history,2026-07-25T00:00:00Z,codex,exact,Manually transcribed Rally observation; validated against 5000 master shares outstanding.,,quarterly,232250.0,chart_observation_marked_exact
rally-83fb1,2026-03-31,2026-03-30T00:00:00Z,50.5,252500.0,chart_observation,manual_research,user-provided manual Rally 83FB1 price history,2026-07-25T00:00:00Z,codex,exact,Manually transcribed Rally observation; validated against 5000 master shares outstanding.,,quarterly,252500.0,chart_observation_marked_exact
rally-83fb1,2026-06-30,2026-06-26T00:00:00Z,49.1,245500.0,chart_observation,manual_research,user-provided manual Rally 83FB1 price history,2026-07-25T00:00:00Z,codex,exact,Manually transcribed Rally observation; validated against 5000 master shares outstanding.,,quarterly,245500.0,chart_observation_marked_exact
rally-93daytona,2020-09-30,2020-09-01T00:00:00Z,21.0,42000.0,offering_price,rally_app,Rally App,2026-07-12T00:00:00Z,Marshall,exact,Initial offering. Submitted observed_at was 2020-09.,,quarterly,42000.0,observed_at_exceeds_quarter_lookback:29d; offering_price_excluded_from_secondary_returns
rally-93daytona,2020-12-31,2021-01-05T00:00:00Z,23.0,46000.0,chart_observation,rally_app_chart,Rally App,2026-07-12T00:00:00Z,Marshall,exact,Nearest available observation occurred after quarter-end,,quarterly,46000.0,observed_at_after_period_end; chart_observation_marked_exact
rally-93daytona,2021-03-31,2021-03-11T00:00:00Z,16.6,33200.0,chart_observation,rally_app_chart,Rally App,2026-07-12T00:00:00Z,Marshall,exact,,,quarterly,33200.0,observed_at_exceeds_quarter_lookback:20d; chart_observation_marked_exact
rally-93daytona,2021-06-30,2021-05-25T00:00:00Z,16.6,33200.0,chart_observation,rally_app_chart,Rally App,2026-07-12T00:00:00Z,Marshall,exact,,,quarterly,33200.0,observed_at_exceeds_quarter_lookback:36d; chart_observation_marked_exact
rally-93daytona,2021-09-30,2021-08-10T00:00:00Z,21.0,42000.0,chart_observation,rally_app_chart,Rally App,2026-07-12T00:00:00Z,Marshall,exact,,,quarterly,42000.0,observed_at_exceeds_quarter_lookback:51d; chart_observation_marked_exact
rally-93daytona,2021-12-31,2021-10-29T00:00:00Z,25.0,50000.0,chart_observation,rally_app_chart,Rally App,2026-07-12T00:00:00Z,Marshall,exact,,,quarterly,50000.0,observed_at_exceeds_quarter_lookback:63d; chart_observation_marked_exact
rally-93daytona,2022-03-31,2022-01-18T00:00:00Z,21.0,42000.0,unknown,rally_app_chart,Rally App,2026-07-12T00:00:00Z,Marshall,exact,Intraperiod observation preserved; Q1 2022 index bucket uses 2022-03-25 closer to period end.,,quarterly,42000.0,observed_at_exceeds_quarter_lookback:72d
rally-93daytona,2022-03-31,2022-03-25T00:00:00Z,19.5,39000.0,chart_observation,rally_app_chart,Rally App,2026-07-12T00:00:00Z,Marshall,exact,,,quarterly,39000.0,chart_observation_marked_exact
rally-93daytona,2022-06-30,2022-06-30T00:00:00Z,16.0,32000.0,chart_observation,rally_app_chart,Rally App,2026-07-12T00:00:00Z,Marshall,exact,,,quarterly,32000.0,chart_observation_marked_exact
rally-93daytona,2022-09-30,2022-09-28T00:00:00Z,17.2,34400.0,chart_observation,rally_app_chart,Rally App,2026-07-12T00:00:00Z,Marshall,exact,,,quarterly,34400.0,chart_observation_marked_exact
rally-93daytona,2022-12-31,2022-12-27T00:00:00Z,14.65,29300.0,chart_observation,rally_app_chart,Rally App,2026-07-12T00:00:00Z,Marshall,exact,,,quarterly,29300.0,chart_observation_marked_exact
rally-93daytona,2023-03-31,2023-03-28T00:00:00Z,19.0,38000.0,chart_observation,rally_app_chart,Rally App,2026-07-12T00:00:00Z,Marshall,exact,,,quarterly,38000.0,chart_observation_marked_exact
rally-93daytona,2023-06-30,2023-06-26T00:00:00Z,18.0,36000.0,chart_observation,rally_app_chart,Rally App,2026-07-12T00:00:00Z,Marshall,exact,,,quarterly,36000.0,chart_observation_marked_exact
rally-93daytona,2023-09-30,2023-09-29T00:00:00Z,16.45,32900.0,chart_observation,rally_app_chart,Rally App,2026-07-12T00:00:00Z,Marshall,exact,,,quarterly,32900.0,chart_observation_marked_exact
rally-93daytona,2023-12-31,2023-12-29T00:00:00Z,15.25,30500.0,chart_observation,rally_app_chart,Rally App,2026-07-12T00:00:00Z,Marshall,exact,,,quarterly,30500.0,chart_observation_marked_exact
rally-93daytona,2024-03-31,2024-03-28T00:00:00Z,17.0,34000.0,chart_observation,rally_app_chart,Rally App,2026-07-12T00:00:00Z,Marshall,exact,,,quarterly,34000.0,chart_observation_marked_exact
rally-93daytona,2024-06-30,2024-06-27T00:00:00Z,16.0,32000.0,chart_observation,rally_app_chart,Rally App,2026-07-12T00:00:00Z,Marshall,exact,,,quarterly,32000.0,chart_observation_marked_exact
rally-93daytona,2024-09-30,2024-09-25T00:00:00Z,16.5,33000.0,chart_observation,rally_app_chart,Rally App,2026-07-12T00:00:00Z,Marshall,exact,,,quarterly,33000.0,chart_observation_marked_exact
rally-93daytona,2024-12-31,2024-12-30T00:00:00Z,18.0,36000.0,chart_observation,rally_app_chart,Rally App,2026-07-12T00:00:00Z,Marshall,exact,,,quarterly,36000.0,chart_observation_marked_exact
rally-93daytona,2025-03-31,2025-03-31T00:00:00Z,17.7,35400.0,chart_observation,rally_app_chart,Rally App,2026-07-12T00:00:00Z,Marshall,exact,,,quarterly,35400.0,chart_observation_marked_exact
rally-93daytona,2025-06-30,2025-06-27T00:00:00Z,17.55,35100.0,chart_observation,rally_app_chart,Rally App,2026-07-12T00:00:00Z,Marshall,exact,,,quarterly,35100.0,chart_observation_marked_exact
rally-93daytona,2025-09-30,2025-09-26T00:00:00Z,14.95,29900.0,chart_observation,rally_app_chart,Rally App,2026-07-12T00:00:00Z,Marshall,exact,,,quarterly,29900.0,chart_observation_marked_exact
rally-93daytona,2025-12-31,2025-12-31T00:00:00Z,16.0,32000.0,chart_observation,rally_app_chart,Rally App,2026-07-12T00:00:00Z,Marshall,exact,,,quarterly,32000.0,chart_observation_marked_exact
rally-93daytona,2026-03-31,2026-03-26T00:00:00Z,18.1,36200.0,chart_observation,rally_app_chart,Rally App,2026-07-12T00:00:00Z,Marshall,exact,,,quarterly,36200.0,chart_observation_marked_exact
rally-93daytona,2026-06-30,2026-06-30T00:00:00Z,18.1,36200.0,chart_observation,rally_app_chart,Rally App,2026-07-12T00:00:00Z,Marshall,exact,,,quarterly,36200.0,chart_observation_marked_exact
rally-93xj1,2018-09-30,2018-08-22T00:00:00Z,99.0,495000.0,offering_price,manual_research,user-provided manual Rally 93XJ1 price history,2026-07-25T00:00:00Z,codex,exact,Manually transcribed Rally observation; validated against 5000 master shares outstanding. Offering price and initial market cap reconcile to the authoritative Cars master.,,quarterly,495000.0,offering_price_excluded_from_secondary_returns
rally-93xj1,2019-03-31,2019-01-29T00:00:00Z,98.95,494750.0,chart_observation,manual_research,user-provided manual Rally 93XJ1 price history,2026-07-25T00:00:00Z,codex,exact,Manually transcribed Rally observation; validated against 5000 master shares outstanding.,,quarterly,494750.0,chart_observation_marked_exact
rally-93xj1,2019-06-30,2019-04-25T00:00:00Z,95.0,475000.0,chart_observation,manual_research,user-provided manual Rally 93XJ1 price history,2026-07-25T00:00:00Z,codex,exact,Manually transcribed Rally observation; validated against 5000 master shares outstanding.,,quarterly,475000.0,chart_observation_marked_exact
rally-93xj1,2019-09-30,2019-07-16T00:00:00Z,85.0,425000.0,chart_observation,manual_research,user-provided manual Rally 93XJ1 price history,2026-07-25T00:00:00Z,codex,exact,Manually transcribed Rally observation; validated against 5000 master shares outstanding.,,quarterly,425000.0,chart_observation_marked_exact
rally-93xj1,2019-12-31,2019-10-03T00:00:00Z,69.0,345000.0,chart_observation,manual_research,user-provided manual Rally 93XJ1 price history,2026-07-25T00:00:00Z,codex,exact,Manually transcribed Rally observation; validated against 5000 master shares outstanding.,,quarterly,345000.0,chart_observation_marked_exact
rally-93xj1,2020-03-31,2020-01-07T00:00:00Z,59.0,295000.0,chart_observation,manual_research,user-provided manual Rally 93XJ1 price history,2026-07-25T00:00:00Z,codex,exact,Manually transcribed Rally observation; validated against 5000 master shares outstanding.,,quarterly,295000.0,chart_observation_marked_exact
rally-93xj1,2020-06-30,2020-04-28T00:00:00Z,52.0,260000.0,chart_observation,manual_research,user-provided manual Rally 93XJ1 price history,2026-07-25T00:00:00Z,codex,exact,Manually transcribed Rally observation; validated against 5000 master shares outstanding.,,quarterly,260000.0,chart_observation_marked_exact
rally-93xj1,2020-09-30,2020-08-04T00:00:00Z,52.0,260000.0,chart_observation,manual_research,user-provided manual Rally 93XJ1 price history,2026-07-25T00:00:00Z,codex,exact,Manually transcribed Rally observation; validated against 5000 master shares outstanding.,,quarterly,260000.0,chart_observation_marked_exact
rally-93xj1,2020-12-31,2020-11-03T00:00:00Z,52.15,260750.0,chart_observation,manual_research,user-provided manual Rally 93XJ1 price history,2026-07-25T00:00:00Z,codex,exact,Manually transcribed Rally observation; validated against 5000 master shares outstanding.,,quarterly,260750.0,chart_observation_marked_exact
rally-93xj1,2021-03-31,2021-02-02T00:00:00Z,60.0,300000.0,chart_observation,manual_research,user-provided manual Rally 93XJ1 price history,2026-07-25T00:00:00Z,codex,exact,Manually transcribed Rally observation; validated against 5000 master shares outstanding.,,quarterly,300000.0,chart_observation_marked_exact
rally-93xj1,2021-06-30,2021-06-22T00:00:00Z,63.5,317500.0,chart_observation,manual_research,user-provided manual Rally 93XJ1 price history,2026-07-25T00:00:00Z,codex,exact,Manually transcribed Rally observation; validated against 5000 master shares outstanding.,,quarterly,317500.0,chart_observation_marked_exact
rally-93xj1,2021-09-30,2021-09-21T00:00:00Z,63.5,317500.0,chart_observation,manual_research,user-provided manual Rally 93XJ1 price history,2026-07-25T00:00:00Z,codex,exact,Manually transcribed Rally observation; validated against 5000 master shares outstanding.,,quarterly,317500.0,chart_observation_marked_exact
rally-93xj1,2022-02-28,2022-02-28T00:00:00Z,55.0,275000.0,chart_observation,manual_research,user-provided manual Rally 93XJ1 price history,2026-07-25T00:00:00Z,codex,exact,"Earlier same-quarter observation retained as non-quarterly research evidence; the later, closer-to-quarter-end observation is the canonical quarterly representative. Market cap validated against authoritative master shares outstanding.",,weekly,275000.0,chart_observation_marked_exact
rally-93xj1,2022-03-31,2022-03-24T00:00:00Z,59.0,295000.0,chart_observation,manual_research,user-provided manual Rally 93XJ1 price history,2026-07-25T00:00:00Z,codex,exact,Manually transcribed Rally observation; validated against 5000 master shares outstanding.,,quarterly,295000.0,chart_observation_marked_exact
rally-93xj1,2022-06-30,2022-06-29T00:00:00Z,66.0,330000.0,chart_observation,manual_research,user-provided manual Rally 93XJ1 price history,2026-07-25T00:00:00Z,codex,exact,Manually transcribed Rally observation; validated against 5000 master shares outstanding.,,quarterly,330000.0,chart_observation_marked_exact
rally-93xj1,2022-09-30,2022-09-26T00:00:00Z,70.0,350000.0,chart_observation,manual_research,user-provided manual Rally 93XJ1 price history,2026-07-25T00:00:00Z,codex,exact,Manually transcribed Rally observation; validated against 5000 master shares outstanding.,,quarterly,350000.0,chart_observation_marked_exact
rally-93xj1,2022-12-31,2022-12-30T00:00:00Z,59.0,295000.0,chart_observation,manual_research,user-provided manual Rally 93XJ1 price history,2026-07-25T00:00:00Z,codex,exact,Manually transcribed Rally observation; validated against 5000 master shares outstanding.,,quarterly,295000.0,chart_observation_marked_exact
rally-93xj1,2023-03-31,2023-03-29T00:00:00Z,59.0,295000.0,chart_observation,manual_research,user-provided manual Rally 93XJ1 price history,2026-07-25T00:00:00Z,codex,exact,Manually transcribed Rally observation; validated against 5000 master shares outstanding.,,quarterly,295000.0,chart_observation_marked_exact
rally-93xj1,2023-06-30,2023-06-26T00:00:00Z,67.0,335000.0,chart_observation,manual_research,user-provided manual Rally 93XJ1 price history,2026-07-25T00:00:00Z,codex,exact,Manually transcribed Rally observation; validated against 5000 master shares outstanding.,,quarterly,335000.0,chart_observation_marked_exact
rally-93xj1,2023-09-30,2023-09-29T00:00:00Z,65.5,327500.0,chart_observation,manual_research,user-provided manual Rally 93XJ1 price history,2026-07-25T00:00:00Z,codex,exact,Manually transcribed Rally observation; validated against 5000 master shares outstanding.,,quarterly,327500.0,chart_observation_marked_exact
rally-93xj1,2023-12-31,2023-12-26T00:00:00Z,58.5,292500.0,chart_observation,manual_research,user-provided manual Rally 93XJ1 price history,2026-07-25T00:00:00Z,codex,exact,Manually transcribed Rally observation; validated against 5000 master shares outstanding.,,quarterly,292500.0,chart_observation_marked_exact
rally-93xj1,2024-06-30,2024-04-01T00:00:00Z,80.0,400000.0,chart_observation,manual_research,user-provided manual Rally 93XJ1 price history,2026-07-25T00:00:00Z,codex,exact,Manually transcribed Rally observation; validated against 5000 master shares outstanding.,,quarterly,400000.0,chart_observation_marked_exact
rally-93xj1,2024-06-30,2024-06-28T00:00:00Z,69.9,349500.0,chart_observation,manual_research,user-provided manual Rally 93XJ1 price history,2026-07-25T00:00:00Z,codex,exact,Manually transcribed Rally observation; validated against 5000 master shares outstanding.,,quarterly,349500.0,chart_observation_marked_exact
rally-93xj1,2024-09-30,2024-09-24T00:00:00Z,91.5,457500.0,chart_observation,manual_research,user-provided manual Rally 93XJ1 price history,2026-07-25T00:00:00Z,codex,exact,Manually transcribed Rally observation; validated against 5000 master shares outstanding.,,quarterly,457500.0,chart_observation_marked_exact
rally-93xj1,2024-12-31,2024-12-30T00:00:00Z,94.0,470000.0,chart_observation,manual_research,user-provided manual Rally 93XJ1 price history,2026-07-25T00:00:00Z,codex,exact,Manually transcribed Rally observation; validated against 5000 master shares outstanding.,,quarterly,470000.0,chart_observation_marked_exact
rally-93xj1,2025-03-31,2025-03-27T00:00:00Z,85.0,425000.0,chart_observation,manual_research,user-provided manual Rally 93XJ1 price history,2026-07-25T00:00:00Z,codex,exact,Manually transcribed Rally observation; validated against 5000 master shares outstanding.,,quarterly,425000.0,chart_observation_marked_exact
rally-93xj1,2025-09-30,2025-07-02T00:00:00Z,91.1,455500.0,chart_observation,manual_research,user-provided manual Rally 93XJ1 price history,2026-07-25T00:00:00Z,codex,exact,Manually transcribed Rally observation; validated against 5000 master shares outstanding.,,quarterly,455500.0,chart_observation_marked_exact
rally-93xj1,2025-09-30,2025-09-29T00:00:00Z,80.0,400000.0,chart_observation,manual_research,user-provided manual Rally 93XJ1 price history,2026-07-25T00:00:00Z,codex,exact,Manually transcribed Rally observation; validated against 5000 master shares outstanding.,,quarterly,400000.0,chart_observation_marked_exact
rally-93xj1,2025-12-31,2025-12-24T00:00:00Z,80.0,400000.0,chart_observation,manual_research,user-provided manual Rally 93XJ1 price history,2026-07-25T00:00:00Z,codex,exact,Manually transcribed Rally observation; validated against 5000 master shares outstanding.,,quarterly,400000.0,chart_observation_marked_exact
rally-93xj1,2026-03-31,2026-03-23T00:00:00Z,84.0,420000.0,chart_observation,manual_research,user-provided manual Rally 93XJ1 price history,2026-07-25T00:00:00Z,codex,exact,Manually transcribed Rally observation; validated against 5000 master shares outstanding.,,quarterly,420000.0,chart_observation_marked_exact
rally-93xj1,2026-06-30,2026-06-29T00:00:00Z,84.0,420000.0,chart_observation,manual_research,user-provided manual Rally 93XJ1 price history,2026-07-25T00:00:00Z,codex,exact,Manually transcribed Rally observation; validated against 5000 master shares outstanding.,,quarterly,420000.0,chart_observation_marked_exact
rally-aghowl,2020-03-31,2020-03-01T00:00:00Z,38.0,19000.0,offering_price,rally_app,Manually transcribed Rally AGHOWL price history supplied 2026-07-25,2026-07-25T00:00:00Z,user_provided_manual_research,exact,Initial offering; source supplied month only.,,quarterly,19000.0,observed_at_exceeds_quarter_lookback:30d; offering_price_excluded_from_secondary_returns
rally-aghowl,2020-06-30,2020-06-23T00:00:00Z,51.0,25500.0,chart_observation,rally_app_chart,Manually transcribed Rally AGHOWL price history supplied 2026-07-25,2026-07-25T00:00:00Z,user_provided_manual_research,exact,Manually transcribed Rally observation; validated against 500 shares outstanding.,,quarterly,25500.0,chart_observation_marked_exact
rally-aghowl,2020-09-30,2020-10-13T00:00:00Z,52.0,26000.0,chart_observation,rally_app_chart,Manually transcribed Rally AGHOWL price history supplied 2026-07-25,2026-07-25T00:00:00Z,user_provided_manual_research,exact,Manually transcribed Rally observation; validated against 500 shares outstanding.,,quarterly,26000.0,observed_at_after_period_end; chart_observation_marked_exact
rally-aghowl,2020-12-31,2021-01-19T00:00:00Z,52.0,26000.0,chart_observation,rally_app_chart,Manually transcribed Rally AGHOWL price history supplied 2026-07-25,2026-07-25T00:00:00Z,user_provided_manual_research,exact,Manually transcribed Rally observation; validated against 500 shares outstanding.,,quarterly,26000.0,observed_at_after_period_end; chart_observation_marked_exact
rally-aghowl,2021-03-31,2021-03-25T00:00:00Z,31.0,15500.0,chart_observation,rally_app_chart,Manually transcribed Rally AGHOWL price history supplied 2026-07-25,2026-07-25T00:00:00Z,user_provided_manual_research,exact,Manually transcribed Rally observation; validated against 500 shares outstanding.,,quarterly,15500.0,chart_observation_marked_exact
rally-aghowl,2021-06-30,2021-06-24T00:00:00Z,31.0,15500.0,chart_observation,rally_app_chart,Manually transcribed Rally AGHOWL price history supplied 2026-07-25,2026-07-25T00:00:00Z,user_provided_manual_research,exact,Manually transcribed Rally observation; validated against 500 shares outstanding.,,quarterly,15500.0,chart_observation_marked_exact
rally-aghowl,2021-12-31,2021-11-04T00:00:00Z,38.0,19000.0,chart_observation,rally_app_chart,Manually transcribed Rally AGHOWL price history supplied 2026-07-25,2026-07-25T00:00:00Z,user_provided_manual_research,exact,Manually transcribed Rally observation; validated against 500 shares outstanding.,,quarterly,19000.0,observed_at_exceeds_quarter_lookback:57d; chart_observation_marked_exact
rally-aghowl,2022-02-14,2022-02-14T00:00:00Z,38.0,19000.0,chart_observation,rally_app_chart,Manually transcribed Rally AGHOWL price history supplied 2026-07-25,2026-07-25T00:00:00Z,user_provided_manual_research,exact,Manually transcribed Rally observation preserved at its actual date; non-quarterly row retained while canonical quarter-end methodology selects the later in-quarter observation.,,weekly,19000.0,chart_observation_marked_exact
rally-aghowl,2022-03-31,2022-03-28T00:00:00Z,26.6,13300.0,chart_observation,rally_app_chart,Manually transcribed Rally AGHOWL price history supplied 2026-07-25,2026-07-25T00:00:00Z,user_provided_manual_research,exact,Manually transcribed Rally observation; validated against 500 shares outstanding.,,quarterly,13300.0,chart_observation_marked_exact
rally-aghowl,2022-06-30,2022-06-27T00:00:00Z,26.5,13250.0,chart_observation,rally_app_chart,Manually transcribed Rally AGHOWL price history supplied 2026-07-25,2026-07-25T00:00:00Z,user_provided_manual_research,exact,Manually transcribed Rally observation; validated against 500 shares outstanding.,,quarterly,13250.0,chart_observation_marked_exact
rally-aghowl,2022-09-30,2022-09-27T00:00:00Z,19.0,9500.0,chart_observation,rally_app_chart,Manually transcribed Rally AGHOWL price history supplied 2026-07-25,2026-07-25T00:00:00Z,user_provided_manual_research,exact,Manually transcribed Rally observation; validated against 500 shares outstanding.,,quarterly,9500.0,chart_observation_marked_exact
rally-aghowl,2022-12-31,2022-12-28T00:00:00Z,14.15,7075.0,chart_observation,rally_app_chart,Manually transcribed Rally AGHOWL price history supplied 2026-07-25,2026-07-25T00:00:00Z,user_provided_manual_research,exact,Manually transcribed Rally observation; validated against 500 shares outstanding.,,quarterly,7075.0,chart_observation_marked_exact
rally-aghowl,2023-03-31,2023-03-30T00:00:00Z,15.75,7875.0,chart_observation,rally_app_chart,Manually transcribed Rally AGHOWL price history supplied 2026-07-25,2026-07-25T00:00:00Z,user_provided_manual_research,exact,Manually transcribed Rally observation; validated against 500 shares outstanding.,,quarterly,7875.0,chart_observation_marked_exact
rally-aghowl,2023-06-30,2023-06-30T00:00:00Z,22.1,11050.0,chart_observation,rally_app_chart,Manually transcribed Rally AGHOWL price history supplied 2026-07-25,2026-07-25T00:00:00Z,user_provided_manual_research,exact,Manually transcribed Rally observation; validated against 500 shares outstanding.,,quarterly,11050.0,chart_observation_marked_exact
rally-aghowl,2023-09-30,2023-09-25T00:00:00Z,17.45,8725.0,chart_observation,rally_app_chart,Manually transcribed Rally AGHOWL price history supplied 2026-07-25,2026-07-25T00:00:00Z,user_provided_manual_research,exact,Manually transcribed Rally observation; validated against 500 shares outstanding.,,quarterly,8725.0,chart_observation_marked_exact
rally-aghowl,2023-12-31,2023-12-29T00:00:00Z,23.95,11975.0,chart_observation,rally_app_chart,Manually transcribed Rally AGHOWL price history supplied 2026-07-25,2026-07-25T00:00:00Z,user_provided_manual_research,exact,Manually transcribed Rally observation; validated against 500 shares outstanding.,,quarterly,11975.0,chart_observation_marked_exact
rally-aghowl,2024-03-31,2024-03-26T00:00:00Z,23.95,11975.0,chart_observation,rally_app_chart,Manually transcribed Rally AGHOWL price history supplied 2026-07-25,2026-07-25T00:00:00Z,user_provided_manual_research,exact,Manually transcribed Rally observation; validated against 500 shares outstanding.,,quarterly,11975.0,chart_observation_marked_exact
rally-aghowl,2024-06-30,2024-06-26T00:00:00Z,23.95,11975.0,chart_observation,rally_app_chart,Manually transcribed Rally AGHOWL price history supplied 2026-07-25,2026-07-25T00:00:00Z,user_provided_manual_research,exact,Manually transcribed Rally observation; validated against 500 shares outstanding.,,quarterly,11975.0,chart_observation_marked_exact
rally-aghowl,2024-09-30,2024-09-26T00:00:00Z,23.95,11975.0,chart_observation,rally_app_chart,Manually transcribed Rally AGHOWL price history supplied 2026-07-25,2026-07-25T00:00:00Z,user_provided_manual_research,exact,Manually transcribed Rally observation; validated against 500 shares outstanding.,,quarterly,11975.0,chart_observation_marked_exact
rally-aghowl,2024-12-31,2024-12-27T00:00:00Z,23.95,11975.0,chart_observation,rally_app_chart,Manually transcribed Rally AGHOWL price history supplied 2026-07-25,2026-07-25T00:00:00Z,user_provided_manual_research,exact,Manually transcribed Rally observation; validated against 500 shares outstanding.,,quarterly,11975.0,chart_observation_marked_exact
rally-aghowl,2025-03-31,2025-03-28T00:00:00Z,23.95,11975.0,chart_observation,rally_app_chart,Manually transcribed Rally AGHOWL price history supplied 2026-07-25,2026-07-25T00:00:00Z,user_provided_manual_research,exact,Manually transcribed Rally observation; validated against 500 shares outstanding.,,quarterly,11975.0,chart_observation_marked_exact
rally-aghowl,2025-06-30,2025-06-30T00:00:00Z,23.95,11975.0,chart_observation,rally_app_chart,Manually transcribed Rally AGHOWL price history supplied 2026-07-25,2026-07-25T00:00:00Z,user_provided_manual_research,exact,Manually transcribed Rally observation; validated against 500 shares outstanding.,,quarterly,11975.0,chart_observation_marked_exact
rally-aghowl,2025-09-30,2025-09-29T00:00:00Z,23.95,11975.0,chart_observation,rally_app_chart,Manually transcribed Rally AGHOWL price history supplied 2026-07-25,2026-07-25T00:00:00Z,user_provided_manual_research,exact,Manually transcribed Rally observation; validated against 500 shares outstanding.,,quarterly,11975.0,chart_observation_marked_exact
rally-aghowl,2025-12-31,2025-12-30T00:00:00Z,12.0,6000.0,chart_observation,rally_app_chart,Manually transcribed Rally AGHOWL price history supplied 2026-07-25,2026-07-25T00:00:00Z,user_provided_manual_research,exact,Manually transcribed Rally observation; validated against 500 shares outstanding.,,quarterly,6000.0,chart_observation_marked_exact
rally-aghowl,2026-03-31,2026-03-26T00:00:00Z,8.0,4000.0,chart_observation,rally_app_chart,Manually transcribed Rally AGHOWL price history supplied 2026-07-25,2026-07-25T00:00:00Z,user_provided_manual_research,exact,Manually transcribed Rally observation; validated against 500 shares outstanding.,,quarterly,4000.0,chart_observation_marked_exact
rally-aghowl,2026-06-30,2026-06-26T00:00:00Z,23.95,11975.0,chart_observation,rally_app_chart,Manually transcribed Rally AGHOWL price history supplied 2026-07-25,2026-07-25T00:00:00Z,user_provided_manual_research,exact,Manually transcribed Rally observation; validated against 500 shares outstanding.,,quarterly,11975.0,chart_observation_marked_exact
rally-aghowl,2026-07-02,2026-07-02T00:00:00Z,39.0,19500.0,chart_observation,rally_app_chart,Manually transcribed Rally AGHOWL price history supplied 2026-07-25,2026-07-25T00:00:00Z,user_provided_manual_research,exact,Manually transcribed Rally observation preserved at its actual date; non-quarterly row retained while canonical quarter-end methodology selects the later in-quarter observation.,,weekly,19500.0,chart_observation_marked_exact
rally-alice,2020-09-30,2020-09-01T00:00:00Z,1.0,12000.0,offering_price,rally_app,Manually transcribed Rally ALICE price history supplied 2026-07-22,2026-07-22T00:00:00Z,user_provided_manual_research,exact,Initial offering; source supplied month only as Sep 2020.,,quarterly,12000.0,observed_at_exceeds_quarter_lookback:29d; offering_price_excluded_from_secondary_returns
rally-alice,2021-03-31,2021-02-02T00:00:00Z,1.7,20400.0,chart_observation,rally_app_chart,Manually transcribed Rally ALICE price history supplied 2026-07-22,2026-07-22T00:00:00Z,user_provided_manual_research,unverified,"Source verbally supplied as ""2-02-21"" / potentially ambiguous; recorded in ISO schema as 2021-02-02 for audit.",,quarterly,20400.0,observed_at_exceeds_quarter_lookback:57d
rally-alice,2021-06-30,2021-04-06T00:00:00Z,1.85,22200.0,chart_observation,rally_app_chart,Manually transcribed Rally ALICE price history supplied 2026-07-22,2026-07-22T00:00:00Z,user_provided_manual_research,exact,,,quarterly,22200.0,observed_at_exceeds_quarter_lookback:85d; chart_observation_marked_exact
rally-alice,2021-09-30,2021-07-08T00:00:00Z,2.0,24000.0,chart_observation,rally_app_chart,Manually transcribed Rally ALICE price history supplied 2026-07-22,2026-07-22T00:00:00Z,user_provided_manual_research,exact,,,quarterly,24000.0,observed_at_exceeds_quarter_lookback:84d; chart_observation_marked_exact
rally-alice,2021-12-31,2021-11-15T00:00:00Z,2.15,25800.0,chart_observation,rally_app_chart,Manually transcribed Rally ALICE price history supplied 2026-07-22,2026-07-22T00:00:00Z,user_provided_manual_research,exact,,,quarterly,25800.0,observed_at_exceeds_quarter_lookback:46d; chart_observation_marked_exact
rally-alice,2022-03-31,2022-03-28T00:00:00Z,1.8,21600.0,chart_observation,rally_app_chart,Manually transcribed Rally ALICE price history supplied 2026-07-22,2026-07-22T00:00:00Z,user_provided_manual_research,exact,,,quarterly,21600.0,chart_observation_marked_exact
rally-alice,2022-06-30,2022-06-24T00:00:00Z,1.35,16200.0,chart_observation,rally_app_chart,Manually transcribed Rally ALICE price history supplied 2026-07-22,2026-07-22T00:00:00Z,user_provided_manual_research,exact,,,quarterly,16200.000000000002,chart_observation_marked_exact
rally-alice,2022-09-30,2022-09-27T00:00:00Z,1.2,14400.0,chart_observation,rally_app_chart,Manually transcribed Rally ALICE price history supplied 2026-07-22,2026-07-22T00:00:00Z,user_provided_manual_research,exact,,,quarterly,14400.0,chart_observation_marked_exact
rally-alice,2022-12-31,2022-12-27T00:00:00Z,1.25,15000.0,chart_observation,rally_app_chart,Manually transcribed Rally ALICE price history supplied 2026-07-22,2026-07-22T00:00:00Z,user_provided_manual_research,exact,,,quarterly,15000.0,chart_observation_marked_exact
rally-alice,2023-03-31,2023-03-31T00:00:00Z,1.2,14400.0,chart_observation,rally_app_chart,Manually transcribed Rally ALICE price history supplied 2026-07-22,2026-07-22T00:00:00Z,user_provided_manual_research,exact,,,quarterly,14400.0,chart_observation_marked_exact
rally-alice,2023-06-30,2023-06-28T00:00:00Z,1.05,12600.0,chart_observation,rally_app_chart,Manually transcribed Rally ALICE price history supplied 2026-07-22,2026-07-22T00:00:00Z,user_provided_manual_research,exact,,,quarterly,12600.0,chart_observation_marked_exact
rally-alice,2023-09-30,2023-09-25T00:00:00Z,1.1,13200.0,chart_observation,rally_app_chart,Manually transcribed Rally ALICE price history supplied 2026-07-22,2026-07-22T00:00:00Z,user_provided_manual_research,exact,,,quarterly,13200.000000000002,chart_observation_marked_exact
rally-alice,2023-12-31,2023-12-29T00:00:00Z,0.95,11400.0,chart_observation,rally_app_chart,Manually transcribed Rally ALICE price history supplied 2026-07-22,2026-07-22T00:00:00Z,user_provided_manual_research,exact,,,quarterly,11400.0,chart_observation_marked_exact
rally-alice,2024-03-31,2024-03-27T00:00:00Z,0.8,9600.0,chart_observation,rally_app_chart,Manually transcribed Rally ALICE price history supplied 2026-07-22,2026-07-22T00:00:00Z,user_provided_manual_research,exact,,,quarterly,9600.0,chart_observation_marked_exact
rally-alice,2024-06-30,2024-06-24T00:00:00Z,0.95,11400.0,chart_observation,rally_app_chart,Manually transcribed Rally ALICE price history supplied 2026-07-22,2026-07-22T00:00:00Z,user_provided_manual_research,exact,,,quarterly,11400.0,chart_observation_marked_exact
rally-alice,2024-09-30,2024-09-27T00:00:00Z,1.25,15000.0,chart_observation,rally_app_chart,Manually transcribed Rally ALICE price history supplied 2026-07-22,2026-07-22T00:00:00Z,user_provided_manual_research,exact,,,quarterly,15000.0,chart_observation_marked_exact
rally-alice,2024-12-31,2024-12-31T00:00:00Z,1.25,15000.0,chart_observation,rally_app_chart,Manually transcribed Rally ALICE price history supplied 2026-07-22,2026-07-22T00:00:00Z,user_provided_manual_research,exact,,,quarterly,15000.0,chart_observation_marked_exact
rally-alice,2025-03-31,2025-03-31T00:00:00Z,1.15,13800.0,chart_observation,rally_app_chart,Manually transcribed Rally ALICE price history supplied 2026-07-22,2026-07-22T00:00:00Z,user_provided_manual_research,exact,,,quarterly,13799.999999999998,chart_observation_marked_exact
rally-alice,2025-06-30,2025-06-27T00:00:00Z,1.15,13800.0,chart_observation,rally_app_chart,Manually transcribed Rally ALICE price history supplied 2026-07-22,2026-07-22T00:00:00Z,user_provided_manual_research,exact,,,quarterly,13799.999999999998,chart_observation_marked_exact
rally-alice,2025-09-30,2025-09-24T00:00:00Z,0.8,9600.0,chart_observation,rally_app_chart,Manually transcribed Rally ALICE price history supplied 2026-07-22,2026-07-22T00:00:00Z,user_provided_manual_research,exact,,,quarterly,9600.0,chart_observation_marked_exact
rally-alice,2025-12-31,2025-12-29T00:00:00Z,0.85,10200.0,chart_observation,rally_app_chart,Manually transcribed Rally ALICE price history supplied 2026-07-22,2026-07-22T00:00:00Z,user_provided_manual_research,exact,,,quarterly,10200.0,chart_observation_marked_exact
rally-alice,2026-03-31,2026-03-27T00:00:00Z,0.8,9600.0,chart_observation,rally_app_chart,Manually transcribed Rally ALICE price history supplied 2026-07-22,2026-07-22T00:00:00Z,user_provided_manual_research,exact,,,quarterly,9600.0,chart_observation_marked_exact
rally-alice,2026-06-30,2026-06-25T00:00:00Z,2.0,24000.0,chart_observation,rally_app_chart,Manually transcribed Rally ALICE price history supplied 2026-07-22,2026-07-22T00:00:00Z,user_provided_manual_research,exact,Current historical build terminal observation; do not include later conversational ~$1.50 note.,,quarterly,24000.0,chart_observation_marked_exact
rally-andypele,2022-09-30,2022-08-23T00:00:00Z,4.0,26000.0,offering_price,manual_research,User-provided manual Rally ANDYPELE Art price history,2026-07-27T00:00:00Z,OpenAI Codex,exact,Manually transcribed Rally observation; validated against 6500 authoritative Art master shares outstanding. Offering price and initial market cap reconcile to the authoritative Art master.,,quarterly,26000.0,offering_price_excluded_from_secondary_returns
rally-andypele,2023-03-31,2023-03-29T00:00:00Z,4.05,26325.0,chart_observation,manual_research,User-provided manual Rally ANDYPELE Art price history,2026-07-27T00:00:00Z,OpenAI Codex,exact,Manually transcribed Rally observation; validated against 6500 authoritative Art master shares outstanding.,,quarterly,26325.0,chart_observation_marked_exact
rally-andypele,2023-06-30,2023-06-28T00:00:00Z,3.3,21450.0,chart_observation,manual_research,User-provided manual Rally ANDYPELE Art price history,2026-07-27T00:00:00Z,OpenAI Codex,exact,Manually transcribed Rally observation; validated against 6500 authoritative Art master shares outstanding.,,quarterly,21450.0,chart_observation_marked_exact
rally-andypele,2023-09-30,2023-09-28T00:00:00Z,2.5,16250.0,chart_observation,manual_research,User-provided manual Rally ANDYPELE Art price history,2026-07-27T00:00:00Z,OpenAI Codex,exact,Manually transcribed Rally observation; validated against 6500 authoritative Art master shares outstanding.,,quarterly,16250.0,chart_observation_marked_exact
rally-andypele,2023-12-31,2023-12-28T00:00:00Z,2.85,18525.0,chart_observation,manual_research,User-provided manual Rally ANDYPELE Art price history,2026-07-27T00:00:00Z,OpenAI Codex,exact,Manually transcribed Rally observation; validated against 6500 authoritative Art master shares outstanding.,,quarterly,18525.0,chart_observation_marked_exact
rally-andypele,2024-03-31,2024-03-28T00:00:00Z,3.0,19500.0,chart_observation,manual_research,User-provided manual Rally ANDYPELE Art price history,2026-07-27T00:00:00Z,OpenAI Codex,exact,Manually transcribed Rally observation; validated against 6500 authoritative Art master shares outstanding.,,quarterly,19500.0,chart_observation_marked_exact
rally-andypele,2024-06-30,2024-06-28T00:00:00Z,3.0,19500.0,chart_observation,manual_research,User-provided manual Rally ANDYPELE Art price history,2026-07-27T00:00:00Z,OpenAI Codex,exact,Manually transcribed Rally observation; validated against 6500 authoritative Art master shares outstanding.,,quarterly,19500.0,chart_observation_marked_exact
rally-andypele,2024-09-30,2024-09-27T00:00:00Z,2.5,16250.0,chart_observation,manual_research,User-provided manual Rally ANDYPELE Art price history,2026-07-27T00:00:00Z,OpenAI Codex,exact,Manually transcribed Rally observation; validated against 6500 authoritative Art master shares outstanding.,,quarterly,16250.0,chart_observation_marked_exact
rally-andypele,2024-12-31,2024-12-30T00:00:00Z,2.9,18850.0,chart_observation,manual_research,User-provided manual Rally ANDYPELE Art price history,2026-07-27T00:00:00Z,OpenAI Codex,exact,Manually transcribed Rally observation; validated against 6500 authoritative Art master shares outstanding.,,quarterly,18850.0,chart_observation_marked_exact
rally-andypele,2025-03-31,2025-03-31T00:00:00Z,2.6,16900.0,chart_observation,manual_research,User-provided manual Rally ANDYPELE Art price history,2026-07-27T00:00:00Z,OpenAI Codex,exact,Manually transcribed Rally observation; validated against 6500 authoritative Art master shares outstanding.,,quarterly,16900.0,chart_observation_marked_exact
rally-andypele,2025-06-30,2025-06-30T00:00:00Z,3.0,19500.0,chart_observation,manual_research,User-provided manual Rally ANDYPELE Art price history,2026-07-27T00:00:00Z,OpenAI Codex,exact,Manually transcribed Rally observation; validated against 6500 authoritative Art master shares outstanding.,,quarterly,19500.0,chart_observation_marked_exact
rally-andypele,2025-09-30,2025-09-29T00:00:00Z,3.0,19500.0,chart_observation,manual_research,User-provided manual Rally ANDYPELE Art price history,2026-07-27T00:00:00Z,OpenAI Codex,exact,Manually transcribed Rally observation; validated against 6500 authoritative Art master shares outstanding.,,quarterly,19500.0,chart_observation_marked_exact
rally-andypele,2025-12-31,2025-12-30T00:00:00Z,2.75,17875.0,chart_observation,manual_research,User-provided manual Rally ANDYPELE Art price history,2026-07-27T00:00:00Z,OpenAI Codex,exact,Manually transcribed Rally observation; validated against 6500 authoritative Art master shares outstanding.,,quarterly,17875.0,chart_observation_marked_exact
rally-andypele,2026-03-31,2026-03-31T00:00:00Z,2.5,16250.0,chart_observation,manual_research,User-provided manual Rally ANDYPELE Art price history,2026-07-27T00:00:00Z,OpenAI Codex,exact,Manually transcribed Rally observation; validated against 6500 authoritative Art master shares outstanding.,,quarterly,16250.0,chart_observation_marked_exact
rally-andypele,2026-06-30,2026-06-26T00:00:00Z,2.4,15600.0,chart_observation,manual_research,User-provided manual Rally ANDYPELE Art price history,2026-07-27T00:00:00Z,OpenAI Codex,exact,Manually transcribed Rally observation; validated against 6500 authoritative Art master shares outstanding.,,quarterly,15600.0,chart_observation_marked_exact
rally-anmlfarm,2020-12-31,2020-11-01T00:00:00Z,10.0,10000.0,offering_price,manual_research,user-provided manual Rally ANMLFARM price history,2026-07-23T00:00:00Z,codex,exact,Initial offering; offering date supplied as November 2020 and normalized to existing 2020-11-01 master offering date.,,quarterly,10000.0,offering_price_excluded_from_secondary_returns
rally-anmlfarm,2021-03-31,2021-02-23T00:00:00Z,25.0,25000.0,chart_observation,manual_research,user-provided manual Rally ANMLFARM price history,2026-07-23T00:00:00Z,codex,exact,Manually transcribed Rally observation; validated against 1000 shares outstanding.,,quarterly,25000.0,
rally-anmlfarm,2021-09-30,2021-07-27T00:00:00Z,28.0,28000.0,chart_observation,manual_research,user-provided manual Rally ANMLFARM price history,2026-07-23T00:00:00Z,codex,exact,Manually transcribed Rally observation; validated against 1000 shares outstanding.,,quarterly,28000.0,
rally-anmlfarm,2021-12-31,2021-12-31T00:00:00Z,25.0,25000.0,chart_observation,manual_research,user-provided manual Rally ANMLFARM price history,2026-07-23T00:00:00Z,codex,exact,Manually transcribed Rally observation; validated against 1000 shares outstanding.,,quarterly,25000.0,
rally-anmlfarm,2022-03-31,2022-03-28T00:00:00Z,22.45,22450.0,chart_observation,manual_research,user-provided manual Rally ANMLFARM price history,2026-07-23T00:00:00Z,codex,exact,Manually transcribed Rally observation; validated against 1000 shares outstanding.,,quarterly,22450.0,
rally-anmlfarm,2022-06-30,2022-06-27T00:00:00Z,15.0,15000.0,chart_observation,manual_research,user-provided manual Rally ANMLFARM price history,2026-07-23T00:00:00Z,codex,exact,Manually transcribed Rally observation; validated against 1000 shares outstanding.,,quarterly,15000.0,
rally-anmlfarm,2022-09-30,2022-09-28T00:00:00Z,13.0,13000.0,chart_observation,manual_research,user-provided manual Rally ANMLFARM price history,2026-07-23T00:00:00Z,codex,exact,Manually transcribed Rally observation; validated against 1000 shares outstanding.,,quarterly,13000.0,
rally-anmlfarm,2022-12-31,2022-12-29T00:00:00Z,15.0,15000.0,chart_observation,manual_research,user-provided manual Rally ANMLFARM price history,2026-07-23T00:00:00Z,codex,exact,Manually transcribed Rally observation; validated against 1000 shares outstanding.,,quarterly,15000.0,
rally-anmlfarm,2023-03-31,2023-03-31T00:00:00Z,13.0,13000.0,chart_observation,manual_research,user-provided manual Rally ANMLFARM price history,2026-07-23T00:00:00Z,codex,exact,Manually transcribed Rally observation; validated against 1000 shares outstanding.,,quarterly,13000.0,
rally-anmlfarm,2023-06-30,2023-06-26T00:00:00Z,15.5,15500.0,chart_observation,manual_research,user-provided manual Rally ANMLFARM price history,2026-07-23T00:00:00Z,codex,exact,Manually transcribed Rally observation; validated against 1000 shares outstanding.,,quarterly,15500.0,
rally-anmlfarm,2023-09-30,2023-09-26T00:00:00Z,15.5,15500.0,chart_observation,manual_research,user-provided manual Rally ANMLFARM price history,2026-07-23T00:00:00Z,codex,exact,Manually transcribed Rally observation; validated against 1000 shares outstanding.,,quarterly,15500.0,
rally-anmlfarm,2023-12-31,2023-12-28T00:00:00Z,15.5,15500.0,chart_observation,manual_research,user-provided manual Rally ANMLFARM price history,2026-07-23T00:00:00Z,codex,exact,Manually transcribed Rally observation; validated against 1000 shares outstanding.,,quarterly,15500.0,
rally-anmlfarm,2024-03-31,2024-03-28T00:00:00Z,15.0,15000.0,chart_observation,manual_research,user-provided manual Rally ANMLFARM price history,2026-07-23T00:00:00Z,codex,exact,Manually transcribed Rally observation; validated against 1000 shares outstanding.,,quarterly,15000.0,
rally-anmlfarm,2024-06-30,2024-06-24T00:00:00Z,15.0,15000.0,chart_observation,manual_research,user-provided manual Rally ANMLFARM price history,2026-07-23T00:00:00Z,codex,exact,Manually transcribed Rally observation; validated against 1000 shares outstanding.,,quarterly,15000.0,
rally-anmlfarm,2024-09-30,2024-09-30T00:00:00Z,15.25,15250.0,chart_observation,manual_research,user-provided manual Rally ANMLFARM price history,2026-07-23T00:00:00Z,codex,exact,Manually transcribed Rally observation; validated against 1000 shares outstanding.,,quarterly,15250.0,
rally-anmlfarm,2024-12-31,2024-12-26T00:00:00Z,15.3,15300.0,chart_observation,manual_research,user-provided manual Rally ANMLFARM price history,2026-07-23T00:00:00Z,codex,exact,Manually transcribed Rally observation; validated against 1000 shares outstanding.,,quarterly,15300.0,
rally-anmlfarm,2025-03-31,2025-03-28T00:00:00Z,15.3,15300.0,chart_observation,manual_research,user-provided manual Rally ANMLFARM price history,2026-07-23T00:00:00Z,codex,exact,Manually transcribed Rally observation; validated against 1000 shares outstanding.,,quarterly,15300.0,
rally-anmlfarm,2025-06-30,2025-06-27T00:00:00Z,16.3,16300.0,chart_observation,manual_research,user-provided manual Rally ANMLFARM price history,2026-07-23T00:00:00Z,codex,exact,Manually transcribed Rally observation; validated against 1000 shares outstanding.,,quarterly,16300.0,
rally-anmlfarm,2025-09-30,2025-09-29T00:00:00Z,12.0,12000.0,chart_observation,manual_research,user-provided manual Rally ANMLFARM price history,2026-07-23T00:00:00Z,codex,exact,Manually transcribed Rally observation; validated against 1000 shares outstanding.,,quarterly,12000.0,
rally-anmlfarm,2025-12-31,2025-12-30T00:00:00Z,12.0,12000.0,chart_observation,manual_research,user-provided manual Rally ANMLFARM price history,2026-07-23T00:00:00Z,codex,exact,Manually transcribed Rally observation; validated against 1000 shares outstanding.,,quarterly,12000.0,
rally-anmlfarm,2026-03-31,2026-03-26T00:00:00Z,20.7,20700.0,chart_observation,manual_research,user-provided manual Rally ANMLFARM price history,2026-07-23T00:00:00Z,codex,exact,Manually transcribed Rally observation; validated against 1000 shares outstanding.,,quarterly,20700.0,
rally-anmlfarm,2026-06-30,2026-06-26T00:00:00Z,20.7,20700.0,chart_observation,manual_research,user-provided manual Rally ANMLFARM price history,2026-07-23T00:00:00Z,codex,exact,Manually transcribed Rally observation; validated against 1000 shares outstanding; Q2 2026 quarterly observation.,,quarterly,20700.0,
rally-anmlfarm,2026-07-23,2026-07-23T00:00:00Z,23.45,23450.0,chart_observation,manual_research,user-provided manual Rally ANMLFARM price history,2026-07-23T00:00:00Z,codex,exact,Post-Q2 manually transcribed Rally observation retained as non-quarterly research row for future weekly-history ingestion; not eligible to replace the 2026-06-30 quarterly observation; validated against 1000 shares outstanding.,,weekly,23450.0,
rally-aproak,2019-12-31,2019-12,75.0,75000.0,offering_price,rally_app,Rally App,2026-07-19,Marshall,exact,Initial offering,,quarterly,75000.0,
rally-aproak,2020-06-30,2020-06-02,74.0,74000.0,chart_observation,rally_app_chart,Rally App,2026-07-19,Marshall,exact,,,quarterly,74000.0,chart_observation_marked_exact
rally-aproak,2020-09-30,2020-09-15,70.25,70250.0,chart_observation,rally_app_chart,Rally App,2026-07-19,Marshall,exact,,,quarterly,70250.0,chart_observation_marked_exact
rally-aproak,2020-12-31,2020-12-22,53.0,53000.0,chart_observation,rally_app_chart,Rally App,2026-07-19,Marshall,exact,,,quarterly,53000.0,chart_observation_marked_exact
rally-aproak,2021-03-31,2021-03-02,40.5,40500.0,chart_observation,rally_app_chart,Rally App,2026-07-19,Marshall,exact,,,quarterly,40500.0,chart_observation_marked_exact
rally-aproak,2021-06-30,2021-05-10,40.65,40650.0,chart_observation,rally_app_chart,Rally App,2026-07-19,Marshall,exact,Historical intra-quarter evidence retained; canonical quarter-end should use the 2021-06-30 buyout.,,quarterly,40650.0,chart_observation_marked_exact
rally-aproak,2021-06-30,2021-06-30,110.0,110000.0,buyout,rally_app,Rally App,2026-07-19,Marshall,exact,Final realized exit / buyout,,quarterly,110000.0,
rally-birkinblu,2019-12-31,2019-11-01T00:00:00Z,58.0,58000.0,offering_price,rally_app,Rally App,2026-07-19T00:00:00Z,Marshall,exact,Initial offering,,quarterly,58000.0,observed_at_exceeds_quarter_lookback:60d; offering_price_excluded_from_secondary_returns
rally-birkinblu,2020-06-30,2020-04-28T00:00:00Z,61.5,61500.0,chart_observation,rally_app_chart,Rally App,2026-07-19T00:00:00Z,Marshall,exact,,,quarterly,61500.0,observed_at_exceeds_quarter_lookback:63d; chart_observation_marked_exact
rally-birkinblu,2020-09-30,2020-08-04T00:00:00Z,61.55,61550.0,chart_observation,rally_app_chart,Rally App,2026-07-19T00:00:00Z,Marshall,exact,,,quarterly,61550.0,observed_at_exceeds_quarter_lookback:57d; chart_observation_marked_exact
rally-birkinblu,2020-12-31,2020-11-05T00:00:00Z,62.1,62100.0,chart_observation,rally_app_chart,Rally App,2026-07-19T00:00:00Z,Marshall,exact,,,quarterly,62100.0,observed_at_exceeds_quarter_lookback:56d; chart_observation_marked_exact
rally-birkinblu,2021-03-31,2021-03-30T00:00:00Z,55.1,55100.0,chart_observation,rally_app_chart,Rally App,2026-07-19T00:00:00Z,Marshall,exact,,,quarterly,55100.0,chart_observation_marked_exact
rally-birkinblu,2021-06-30,2021-06-16T00:00:00Z,58.0,58000.0,chart_observation,rally_app_chart,Rally App,2026-07-19T00:00:00Z,Marshall,exact,,,quarterly,58000.0,chart_observation_marked_exact
rally-birkinblu,2021-09-30,2021-08-30T00:00:00Z,58.25,58250.0,chart_observation,rally_app_chart,Rally App,2026-07-19T00:00:00Z,Marshall,exact,,,quarterly,58250.0,observed_at_exceeds_quarter_lookback:31d; chart_observation_marked_exact
rally-birkinblu,2021-12-31,2021-11-17T00:00:00Z,66.7,66700.0,chart_observation,rally_app_chart,Rally App,2026-07-19T00:00:00Z,Marshall,exact,,,quarterly,66700.0,observed_at_exceeds_quarter_lookback:44d; chart_observation_marked_exact
rally-birkinblu,2022-03-31,2022-03-07T00:00:00Z,60.0,60000.0,chart_observation,rally_app_chart,Rally App,2026-07-19T00:00:00Z,Marshall,exact,,,quarterly,60000.0,observed_at_exceeds_quarter_lookback:24d; chart_observation_marked_exact
rally-birkinblu,2022-06-30,2022-06-29T00:00:00Z,49.0,49000.0,chart_observation,rally_app_chart,Rally App,2026-07-19T00:00:00Z,Marshall,exact,,,quarterly,49000.0,chart_observation_marked_exact
rally-birkinblu,2022-09-30,2022-09-27T00:00:00Z,45.0,45000.0,chart_observation,rally_app_chart,Rally App,2026-07-19T00:00:00Z,Marshall,exact,,,quarterly,45000.0,chart_observation_marked_exact
rally-birkinblu,2022-12-31,2022-12-27T00:00:00Z,39.0,39000.0,chart_observation,rally_app_chart,Rally App,2026-07-19T00:00:00Z,Marshall,exact,,,quarterly,39000.0,chart_observation_marked_exact
rally-birkinblu,2023-03-31,2023-03-31T00:00:00Z,44.7,44700.0,chart_observation,rally_app_chart,Rally App,2026-07-19T00:00:00Z,Marshall,exact,,,quarterly,44700.0,chart_observation_marked_exact
rally-birkinblu,2023-06-30,2023-06-29T00:00:00Z,44.75,44750.0,chart_observation,rally_app_chart,Rally App,2026-07-19T00:00:00Z,Marshall,exact,,,quarterly,44750.0,chart_observation_marked_exact
rally-birkinblu,2023-09-30,2023-09-26T00:00:00Z,31.0,31000.0,chart_observation,rally_app_chart,Rally App,2026-07-19T00:00:00Z,Marshall,exact,,,quarterly,31000.0,chart_observation_marked_exact
rally-birkinblu,2023-12-31,2023-12-29T00:00:00Z,32.0,32000.0,chart_observation,rally_app_chart,Rally App,2026-07-19T00:00:00Z,Marshall,exact,,,quarterly,32000.0,chart_observation_marked_exact
rally-birkinblu,2024-03-31,2024-03-28T00:00:00Z,32.05,32050.0,chart_observation,rally_app_chart,Rally App,2026-07-19T00:00:00Z,Marshall,exact,,,quarterly,32050.0,chart_observation_marked_exact
rally-birkinblu,2024-06-30,2024-06-27T00:00:00Z,31.75,31750.0,chart_observation,rally_app_chart,Rally App,2026-07-19T00:00:00Z,Marshall,exact,,,quarterly,31750.0,chart_observation_marked_exact
rally-birkinblu,2024-09-30,2024-09-25T00:00:00Z,29.95,29950.0,chart_observation,rally_app_chart,Rally App,2026-07-19T00:00:00Z,Marshall,exact,,,quarterly,29950.0,chart_observation_marked_exact
rally-birkinblu,2024-12-31,2024-12-30T00:00:00Z,34.0,34000.0,chart_observation,rally_app_chart,Rally App,2026-07-19T00:00:00Z,Marshall,exact,,,quarterly,34000.0,chart_observation_marked_exact
rally-birkinblu,2025-03-31,2025-03-24T00:00:00Z,30.9,30900.0,chart_observation,rally_app_chart,Rally App,2026-07-19T00:00:00Z,Marshall,exact,,,quarterly,30900.0,chart_observation_marked_exact
rally-birkinblu,2025-06-30,2025-04-10T00:00:00Z,68.0,68000.0,buyout,rally_app,Rally App,2026-07-19T00:00:00Z,Marshall,exact,Final buyout / exit value,,quarterly,68000.0,observed_at_exceeds_quarter_lookback:81d
rally-birkinbor,2020-06-30,2020-05-26T00:00:00Z,26.25,52500.0,offering_price,rally_app,Rally App,2026-07-12T00:00:00Z,Marshall,exact,Initial offering,,quarterly,52500.0,observed_at_exceeds_quarter_lookback:35d; offering_price_excluded_from_secondary_returns
rally-birkinbor,2020-12-31,2020-12-01T00:00:00Z,30.0,60000.0,chart_observation,rally_app_chart,Rally App,2026-07-12T00:00:00Z,Marshall,exact,,,quarterly,60000.0,observed_at_exceeds_quarter_lookback:30d; chart_observation_marked_exact
rally-birkinbor,2021-03-31,2021-04-15T00:00:00Z,20.0,40000.0,chart_observation,rally_app_chart,Rally App,2026-07-12T00:00:00Z,Marshall,exact,Nearest available observation occurred after quarter-end,,quarterly,40000.0,observed_at_after_period_end; chart_observation_marked_exact
rally-birkinbor,2021-06-30,2021-06-23T00:00:00Z,23.0,46000.0,chart_observation,rally_app_chart,Rally App,2026-07-12T00:00:00Z,Marshall,exact,,,quarterly,46000.0,chart_observation_marked_exact
rally-birkinbor,2021-09-30,2021-09-13T00:00:00Z,20.5,41000.0,chart_observation,rally_app_chart,Rally App,2026-07-12T00:00:00Z,Marshall,exact,,,quarterly,41000.0,observed_at_exceeds_quarter_lookback:17d; chart_observation_marked_exact
rally-birkinbor,2022-03-31,2022-03-29T00:00:00Z,15.0,30000.0,chart_observation,rally_app_chart,Rally App,2026-07-12T00:00:00Z,Marshall,exact,,,quarterly,30000.0,chart_observation_marked_exact
rally-birkinbor,2022-06-30,2022-06-30T00:00:00Z,18.0,36000.0,chart_observation,rally_app_chart,Rally App,2026-07-12T00:00:00Z,Marshall,exact,,,quarterly,36000.0,chart_observation_marked_exact
rally-birkinbor,2022-09-30,2022-09-30T00:00:00Z,20.0,40000.0,chart_observation,rally_app_chart,Rally App,2026-07-12T00:00:00Z,Marshall,exact,,,quarterly,40000.0,chart_observation_marked_exact
rally-birkinbor,2022-12-31,2022-12-30T00:00:00Z,19.0,38000.0,chart_observation,rally_app_chart,Rally App,2026-07-12T00:00:00Z,Marshall,exact,,,quarterly,38000.0,chart_observation_marked_exact
rally-birkinbor,2023-03-31,2023-03-27T00:00:00Z,16.95,33900.0,chart_observation,rally_app_chart,Rally App,2026-07-12T00:00:00Z,Marshall,exact,,,quarterly,33900.0,chart_observation_marked_exact
rally-birkinbor,2023-06-30,2023-06-27T00:00:00Z,19.0,38000.0,chart_observation,rally_app_chart,Rally App,2026-07-12T00:00:00Z,Marshall,exact,,,quarterly,38000.0,chart_observation_marked_exact
rally-birkinbor,2023-09-30,2023-09-28T00:00:00Z,14.25,28500.0,chart_observation,rally_app_chart,Rally App,2026-07-12T00:00:00Z,Marshall,exact,,,quarterly,28500.0,chart_observation_marked_exact
rally-birkinbor,2023-12-31,2023-12-29T00:00:00Z,12.15,24300.0,chart_observation,rally_app_chart,Rally App,2026-07-12T00:00:00Z,Marshall,exact,,,quarterly,24300.0,chart_observation_marked_exact
rally-birkinbor,2024-03-31,2024-03-22T00:00:00Z,16.35,32700.0,chart_observation,rally_app_chart,Rally App,2026-07-12T00:00:00Z,Marshall,exact,,,quarterly,32700.000000000004,chart_observation_marked_exact
rally-birkinbor,2024-06-30,2024-06-24T00:00:00Z,16.25,32500.0,chart_observation,rally_app_chart,Rally App,2026-07-12T00:00:00Z,Marshall,exact,,,quarterly,32500.0,chart_observation_marked_exact
rally-birkinbor,2024-09-30,2024-09-24T00:00:00Z,17.95,35900.0,chart_observation,rally_app_chart,Rally App,2026-07-12T00:00:00Z,Marshall,exact,,,quarterly,35900.0,chart_observation_marked_exact
rally-birkinbor,2024-12-31,2024-12-26T00:00:00Z,19.95,39900.0,chart_observation,rally_app_chart,Rally App,2026-07-12T00:00:00Z,Marshall,exact,,,quarterly,39900.0,chart_observation_marked_exact
rally-birkinbor,2025-03-31,2025-03-28T00:00:00Z,15.0,30000.0,chart_observation,rally_app_chart,Rally App,2026-07-12T00:00:00Z,Marshall,exact,,,quarterly,30000.0,chart_observation_marked_exact
rally-birkinbor,2025-06-30,2025-06-27T00:00:00Z,20.64,41280.0,chart_observation,rally_app_chart,Rally App,2026-07-12T00:00:00Z,Marshall,exact,,,quarterly,41280.0,chart_observation_marked_exact
rally-birkinbor,2025-09-30,2025-09-29T00:00:00Z,23.35,46700.0,chart_observation,rally_app_chart,Rally App,2026-07-12T00:00:00Z,Marshall,exact,,,quarterly,46700.0,chart_observation_marked_exact
rally-birkinbor,2025-12-31,2025-12-30T00:00:00Z,21.0,42000.0,chart_observation,rally_app_chart,Rally App,2026-07-12T00:00:00Z,Marshall,exact,,,quarterly,42000.0,chart_observation_marked_exact
rally-birkinbor,2026-03-31,2026-03-25T00:00:00Z,20.9,41800.0,chart_observation,rally_app_chart,Rally App,2026-07-12T00:00:00Z,Marshall,exact,,,quarterly,41800.0,chart_observation_marked_exact
rally-birkinbor,2026-06-30,2026-06-26T00:00:00Z,17.0,34000.0,chart_observation,rally_app_chart,Rally App,2026-07-12T00:00:00Z,Marshall,exact,,,quarterly,34000.0,chart_observation_marked_exact
rally-birkintan,2022-09-30,2022-09-30T00:00:00Z,28.0,28000.0,chart_observation,rally_app_chart,Rally App,2026-07-12T00:00:00Z,Marshall,exact,,,quarterly,28000.0,chart_observation_marked_exact
rally-birkintan,2022-12-31,2022-12-27T00:00:00Z,20.0,20000.0,chart_observation,rally_app_chart,Rally App,2026-07-12T00:00:00Z,Marshall,exact,,,quarterly,20000.0,chart_observation_marked_exact
rally-birkintan,2023-03-31,2023-03-31T00:00:00Z,19.25,19250.0,chart_observation,rally_app_chart,Rally App,2026-07-12T00:00:00Z,Marshall,exact,,,quarterly,19250.0,chart_observation_marked_exact
rally-birkintan,2023-06-30,2023-06-27T00:00:00Z,17.5,17500.0,chart_observation,rally_app_chart,Rally App,2026-07-12T00:00:00Z,Marshall,exact,,,quarterly,17500.0,chart_observation_marked_exact
rally-birkintan,2023-09-30,2023-09-29T00:00:00Z,21.0,21000.0,chart_observation,rally_app_chart,Rally App,2026-07-12T00:00:00Z,Marshall,exact,,,quarterly,21000.0,chart_observation_marked_exact
rally-birkintan,2023-12-31,2023-12-29T00:00:00Z,28.5,28500.0,chart_observation,rally_app_chart,Rally App,2026-07-12T00:00:00Z,Marshall,exact,,,quarterly,28500.0,chart_observation_marked_exact
rally-birkintan,2024-03-31,2024-03-28T00:00:00Z,28.5,28500.0,chart_observation,rally_app_chart,Rally App,2026-07-12T00:00:00Z,Marshall,exact,,,quarterly,28500.0,chart_observation_marked_exact
rally-birkintan,2024-06-30,2024-06-24T00:00:00Z,28.5,28500.0,chart_observation,rally_app_chart,Rally App,2026-07-12T00:00:00Z,Marshall,exact,,,quarterly,28500.0,chart_observation_marked_exact
rally-birkintan,2024-09-30,2024-09-26T00:00:00Z,25.0,25000.0,chart_observation,rally_app_chart,Rally App,2026-07-12T00:00:00Z,Marshall,exact,,,quarterly,25000.0,chart_observation_marked_exact
rally-birkintan,2024-12-31,2024-12-30T00:00:00Z,28.65,28650.0,chart_observation,rally_app_chart,Rally App,2026-07-12T00:00:00Z,Marshall,exact,,,quarterly,28650.0,chart_observation_marked_exact
rally-birkintan,2025-03-31,2025-03-26T00:00:00Z,28.65,28650.0,chart_observation,rally_app_chart,Rally App,2026-07-12T00:00:00Z,Marshall,exact,,,quarterly,28650.0,chart_observation_marked_exact
rally-birkintan,2025-06-30,2025-06-27T00:00:00Z,33.6,33600.0,chart_observation,rally_app_chart,Rally App,2026-07-12T00:00:00Z,Marshall,exact,,,quarterly,33600.0,chart_observation_marked_exact
rally-birkintan,2025-09-30,2025-10-01T00:00:00Z,30.0,30000.0,chart_observation,rally_app_chart,Rally App,2026-07-12T00:00:00Z,Marshall,exact,Nearest available observation occurred after quarter-end,,quarterly,30000.0,observed_at_after_period_end; chart_observation_marked_exact
rally-birkintan,2025-12-31,2025-12-26T00:00:00Z,29.95,29950.0,chart_observation,rally_app_chart,Rally App,2026-07-12T00:00:00Z,Marshall,exact,,,quarterly,29950.0,chart_observation_marked_exact
rally-birkintan,2026-03-31,2026-03-31T00:00:00Z,29.95,29950.0,chart_observation,rally_app_chart,Rally App,2026-07-12T00:00:00Z,Marshall,exact,,,quarterly,29950.0,chart_observation_marked_exact
rally-birkintan,2026-06-30,2026-06-26T00:00:00Z,25.6,25600.0,chart_observation,rally_app_chart,Rally App,2026-07-12T00:00:00Z,Marshall,exact,,,quarterly,25600.0,chart_observation_marked_exact
rally-bond1,2020-06-30,2020-06-01T00:00:00Z,39.0,39000.0,offering_price,rally_app,Manually transcribed Rally BOND1 price history supplied 2026-07-25,2026-07-25T00:00:00Z,user_provided_manual_research,exact,Initial offering; source supplied month only.,,quarterly,39000.0,observed_at_exceeds_quarter_lookback:29d; offering_price_excluded_from_secondary_returns
rally-bond1,2020-09-30,2020-10-06T00:00:00Z,42.05,42050.0,chart_observation,rally_app_chart,Manually transcribed Rally BOND1 price history supplied 2026-07-25,2026-07-25T00:00:00Z,user_provided_manual_research,exact,"Manually transcribed Rally observation; validated against 1,000 shares outstanding.",,quarterly,42050.0,observed_at_after_period_end; chart_observation_marked_exact
rally-bond1,2020-12-31,2021-01-12T00:00:00Z,42.05,42050.0,chart_observation,rally_app_chart,Manually transcribed Rally BOND1 price history supplied 2026-07-25,2026-07-25T00:00:00Z,user_provided_manual_research,exact,"Manually transcribed Rally observation; validated against 1,000 shares outstanding.",,quarterly,42050.0,observed_at_after_period_end; chart_observation_marked_exact
rally-bond1,2021-03-31,2021-03-23T00:00:00Z,42.05,42050.0,chart_observation,rally_app_chart,Manually transcribed Rally BOND1 price history supplied 2026-07-25,2026-07-25T00:00:00Z,user_provided_manual_research,exact,"Manually transcribed Rally observation; validated against 1,000 shares outstanding.",,quarterly,42050.0,chart_observation_marked_exact
rally-bond1,2021-06-30,2021-05-06T00:00:00Z,41.0,41000.0,chart_observation,rally_app_chart,Manually transcribed Rally BOND1 price history supplied 2026-07-25,2026-07-25T00:00:00Z,user_provided_manual_research,exact,"Manually transcribed Rally observation; validated against 1,000 shares outstanding.",,quarterly,41000.0,observed_at_exceeds_quarter_lookback:55d; chart_observation_marked_exact
rally-bond1,2021-09-30,2021-09-08T00:00:00Z,41.05,41050.0,chart_observation,rally_app_chart,Manually transcribed Rally BOND1 price history supplied 2026-07-25,2026-07-25T00:00:00Z,user_provided_manual_research,exact,"Manually transcribed Rally observation; validated against 1,000 shares outstanding.",,quarterly,41050.0,observed_at_exceeds_quarter_lookback:22d; chart_observation_marked_exact
rally-bond1,2021-12-31,2022-01-24T00:00:00Z,39.0,39000.0,chart_observation,rally_app_chart,Manually transcribed Rally BOND1 price history supplied 2026-07-25,2026-07-25T00:00:00Z,user_provided_manual_research,exact,"Manually transcribed Rally observation; validated against 1,000 shares outstanding.",,quarterly,39000.0,observed_at_after_period_end; chart_observation_marked_exact
rally-bond1,2022-03-31,2022-03-28T00:00:00Z,35.0,35000.0,chart_observation,rally_app_chart,Manually transcribed Rally BOND1 price history supplied 2026-07-25,2026-07-25T00:00:00Z,user_provided_manual_research,exact,"Manually transcribed Rally observation; validated against 1,000 shares outstanding.",,quarterly,35000.0,chart_observation_marked_exact
rally-bond1,2022-06-30,2022-07-01T00:00:00Z,34.15,34150.0,chart_observation,rally_app_chart,Manually transcribed Rally BOND1 price history supplied 2026-07-25,2026-07-25T00:00:00Z,user_provided_manual_research,exact,"Manually transcribed Rally observation; validated against 1,000 shares outstanding.",,quarterly,34150.0,observed_at_after_period_end; chart_observation_marked_exact
rally-bond1,2022-09-30,2022-09-27T00:00:00Z,33.0,33000.0,chart_observation,rally_app_chart,Manually transcribed Rally BOND1 price history supplied 2026-07-25,2026-07-25T00:00:00Z,user_provided_manual_research,exact,"Manually transcribed Rally observation; validated against 1,000 shares outstanding.",,quarterly,33000.0,chart_observation_marked_exact
rally-bond1,2022-12-31,2022-12-30T00:00:00Z,25.0,25000.0,chart_observation,rally_app_chart,Manually transcribed Rally BOND1 price history supplied 2026-07-25,2026-07-25T00:00:00Z,user_provided_manual_research,exact,"Manually transcribed Rally observation; validated against 1,000 shares outstanding.",,quarterly,25000.0,chart_observation_marked_exact
rally-bond1,2023-03-31,2023-03-30T00:00:00Z,26.0,26000.0,chart_observation,rally_app_chart,Manually transcribed Rally BOND1 price history supplied 2026-07-25,2026-07-25T00:00:00Z,user_provided_manual_research,exact,"Manually transcribed Rally observation; validated against 1,000 shares outstanding.",,quarterly,26000.0,chart_observation_marked_exact
rally-bond1,2023-06-30,2023-06-27T00:00:00Z,23.0,23000.0,chart_observation,rally_app_chart,Manually transcribed Rally BOND1 price history supplied 2026-07-25,2026-07-25T00:00:00Z,user_provided_manual_research,exact,"Manually transcribed Rally observation; validated against 1,000 shares outstanding.",,quarterly,23000.0,chart_observation_marked_exact
rally-bond1,2023-09-30,2023-09-29T00:00:00Z,23.0,23000.0,chart_observation,rally_app_chart,Manually transcribed Rally BOND1 price history supplied 2026-07-25,2026-07-25T00:00:00Z,user_provided_manual_research,exact,"Manually transcribed Rally observation; validated against 1,000 shares outstanding.",,quarterly,23000.0,chart_observation_marked_exact
rally-bond1,2023-12-31,2023-12-27T00:00:00Z,23.0,23000.0,chart_observation,rally_app_chart,Manually transcribed Rally BOND1 price history supplied 2026-07-25,2026-07-25T00:00:00Z,user_provided_manual_research,exact,"Manually transcribed Rally observation; validated against 1,000 shares outstanding.",,quarterly,23000.0,chart_observation_marked_exact
rally-bond1,2024-03-31,2024-03-25T00:00:00Z,22.0,22000.0,chart_observation,rally_app_chart,Manually transcribed Rally BOND1 price history supplied 2026-07-25,2026-07-25T00:00:00Z,user_provided_manual_research,exact,"Manually transcribed Rally observation; validated against 1,000 shares outstanding.",,quarterly,22000.0,chart_observation_marked_exact
rally-bond1,2024-06-30,2024-06-28T00:00:00Z,22.5,22500.0,chart_observation,rally_app_chart,Manually transcribed Rally BOND1 price history supplied 2026-07-25,2026-07-25T00:00:00Z,user_provided_manual_research,exact,"Manually transcribed Rally observation; validated against 1,000 shares outstanding.",,quarterly,22500.0,chart_observation_marked_exact
rally-bond1,2024-09-30,2024-09-25T00:00:00Z,20.0,20000.0,chart_observation,rally_app_chart,Manually transcribed Rally BOND1 price history supplied 2026-07-25,2026-07-25T00:00:00Z,user_provided_manual_research,exact,"Manually transcribed Rally observation; validated against 1,000 shares outstanding.",,quarterly,20000.0,chart_observation_marked_exact
rally-bond1,2024-12-31,2024-12-30T00:00:00Z,15.25,15250.0,chart_observation,rally_app_chart,Manually transcribed Rally BOND1 price history supplied 2026-07-25,2026-07-25T00:00:00Z,user_provided_manual_research,exact,"Manually transcribed Rally observation; validated against 1,000 shares outstanding.",,quarterly,15250.0,chart_observation_marked_exact
rally-bond1,2025-03-31,2025-03-28T00:00:00Z,15.25,15250.0,chart_observation,rally_app_chart,Manually transcribed Rally BOND1 price history supplied 2026-07-25,2026-07-25T00:00:00Z,user_provided_manual_research,exact,"Manually transcribed Rally observation; validated against 1,000 shares outstanding.",,quarterly,15250.0,chart_observation_marked_exact
rally-bond1,2025-06-30,2025-06-24T00:00:00Z,18.95,18950.0,chart_observation,rally_app_chart,Manually transcribed Rally BOND1 price history supplied 2026-07-25,2026-07-25T00:00:00Z,user_provided_manual_research,exact,"Manually transcribed Rally observation; validated against 1,000 shares outstanding.",,quarterly,18950.0,chart_observation_marked_exact
rally-bond1,2025-09-30,2025-09-26T00:00:00Z,18.95,18950.0,chart_observation,rally_app_chart,Manually transcribed Rally BOND1 price history supplied 2026-07-25,2026-07-25T00:00:00Z,user_provided_manual_research,exact,"Manually transcribed Rally observation; validated against 1,000 shares outstanding.",,quarterly,18950.0,chart_observation_marked_exact
rally-bond1,2025-12-31,2025-12-31T00:00:00Z,15.05,15050.0,chart_observation,rally_app_chart,Manually transcribed Rally BOND1 price history supplied 2026-07-25,2026-07-25T00:00:00Z,user_provided_manual_research,exact,"Manually transcribed Rally observation; validated against 1,000 shares outstanding.",,quarterly,15050.0,chart_observation_marked_exact
rally-bond1,2026-03-31,2026-03-30T00:00:00Z,15.1,15100.0,chart_observation,rally_app_chart,Manually transcribed Rally BOND1 price history supplied 2026-07-25,2026-07-25T00:00:00Z,user_provided_manual_research,exact,"Manually transcribed Rally observation; validated against 1,000 shares outstanding.",,quarterly,15100.0,chart_observation_marked_exact
rally-bond1,2026-06-30,2026-06-26T00:00:00Z,15.1,15100.0,chart_observation,rally_app_chart,Manually transcribed Rally BOND1 price history supplied 2026-07-25,2026-07-25T00:00:00Z,user_provided_manual_research,exact,"Manually transcribed Rally observation; validated against 1,000 shares outstanding.",,quarterly,15100.0,chart_observation_marked_exact
rally-bondwatch,2022-03-31,2022-01-01T00:00:00Z,4.0,80000.0,offering_price,rally_app,Rally App,2026-07-12T00:00:00Z,Marshall,exact,Initial offering. Submitted observed_at was 2022-01.,,quarterly,80000.0,observed_at_exceeds_quarter_lookback:89d; offering_price_excluded_from_secondary_returns
rally-bondwatch,2022-09-30,2022-10-10T00:00:00Z,2.0,40000.0,chart_observation,rally_app_chart,Rally App,2026-07-12T00:00:00Z,Marshall,exact,Nearest available observation occurred after quarter-end,,quarterly,40000.0,observed_at_after_period_end; chart_observation_marked_exact
rally-bondwatch,2022-12-31,2022-12-29T00:00:00Z,1.75,35000.0,chart_observation,rally_app_chart,Rally App,2026-07-12T00:00:00Z,Marshall,exact,,,quarterly,35000.0,chart_observation_marked_exact
rally-bondwatch,2023-03-31,2023-03-28T00:00:00Z,2.4,48000.0,chart_observation,rally_app_chart,Rally App,2026-07-12T00:00:00Z,Marshall,exact,,,quarterly,48000.0,chart_observation_marked_exact
rally-bondwatch,2023-06-30,2023-06-30T00:00:00Z,2.25,45000.0,chart_observation,rally_app_chart,Rally App,2026-07-12T00:00:00Z,Marshall,exact,,,quarterly,45000.0,chart_observation_marked_exact
rally-bondwatch,2023-09-30,2023-09-28T00:00:00Z,2.2,44000.0,chart_observation,rally_app_chart,Rally App,2026-07-12T00:00:00Z,Marshall,exact,,,quarterly,44000.0,chart_observation_marked_exact
rally-bondwatch,2023-12-31,2023-12-29T00:00:00Z,1.9,38000.0,chart_observation,rally_app_chart,Rally App,2026-07-12T00:00:00Z,Marshall,exact,,,quarterly,38000.0,chart_observation_marked_exact
rally-bondwatch,2024-03-31,2024-03-25T00:00:00Z,2.3,46000.0,chart_observation,rally_app_chart,Rally App,2026-07-12T00:00:00Z,Marshall,exact,,,quarterly,46000.0,chart_observation_marked_exact
rally-bondwatch,2024-06-30,2024-06-27T00:00:00Z,2.25,45000.0,chart_observation,rally_app_chart,Rally App,2026-07-12T00:00:00Z,Marshall,exact,,,quarterly,45000.0,chart_observation_marked_exact
rally-bondwatch,2024-09-30,2024-09-30T00:00:00Z,2.75,55000.0,chart_observation,rally_app_chart,Rally App,2026-07-12T00:00:00Z,Marshall,exact,,,quarterly,55000.0,chart_observation_marked_exact
rally-bondwatch,2024-12-31,2024-12-27T00:00:00Z,2.45,49000.0,chart_observation,rally_app_chart,Rally App,2026-07-12T00:00:00Z,Marshall,exact,,,quarterly,49000.0,chart_observation_marked_exact
rally-bondwatch,2025-03-31,2025-03-28T00:00:00Z,2.35,47000.0,chart_observation,rally_app_chart,Rally App,2026-07-12T00:00:00Z,Marshall,exact,,,quarterly,47000.0,chart_observation_marked_exact
rally-bondwatch,2025-06-30,2025-06-30T00:00:00Z,2.2,44000.0,chart_observation,rally_app_chart,Rally App,2026-07-12T00:00:00Z,Marshall,exact,,,quarterly,44000.0,chart_observation_marked_exact
rally-bondwatch,2025-09-30,2025-09-29T00:00:00Z,2.2,44000.0,chart_observation,rally_app_chart,Rally App,2026-07-12T00:00:00Z,Marshall,exact,,,quarterly,44000.0,chart_observation_marked_exact
rally-bondwatch,2025-12-31,2025-12-31T00:00:00Z,2.0,40000.0,chart_observation,rally_app_chart,Rally App,2026-07-12T00:00:00Z,Marshall,exact,,,quarterly,40000.0,chart_observation_marked_exact
rally-bondwatch,2026-03-31,2026-03-31T00:00:00Z,2.25,45000.0,chart_observation,rally_app_chart,Rally App,2026-07-12T00:00:00Z,Marshall,exact,,,quarterly,45000.0,chart_observation_marked_exact
rally-bondwatch,2026-06-30,2026-06-29T00:00:00Z,2.05,41000.0,chart_observation,rally_app_chart,Rally App,2026-07-12T00:00:00Z,Marshall,exact,,,quarterly,41000.0,chart_observation_marked_exact
rally-bradbury,2022-03-31,2022-02-01T00:00:00Z,9.0,18000.0,offering_price,rally_app,Manually transcribed Rally BRADBURY price history supplied 2026-07-25,2026-07-25T00:00:00Z,user_provided_manual_research,exact,Initial offering; source supplied month only.,,quarterly,18000.0,observed_at_exceeds_quarter_lookback:58d; offering_price_excluded_from_secondary_returns
rally-bradbury,2022-09-30,2022-10-10T00:00:00Z,7.0,14000.0,chart_observation,rally_app_chart,Manually transcribed Rally BRADBURY price history supplied 2026-07-25,2026-07-25T00:00:00Z,user_provided_manual_research,exact,"Manually transcribed Rally observation; validated against 2,000 shares outstanding.",,quarterly,14000.0,observed_at_after_period_end; chart_observation_marked_exact
rally-bradbury,2022-12-31,2022-12-29T00:00:00Z,9.05,18100.0,chart_observation,rally_app_chart,Manually transcribed Rally BRADBURY price history supplied 2026-07-25,2026-07-25T00:00:00Z,user_provided_manual_research,exact,"Manually transcribed Rally observation; validated against 2,000 shares outstanding.",,quarterly,18100.0,chart_observation_marked_exact
rally-bradbury,2023-03-31,2023-03-31T00:00:00Z,7.0,14000.0,chart_observation,rally_app_chart,Manually transcribed Rally BRADBURY price history supplied 2026-07-25,2026-07-25T00:00:00Z,user_provided_manual_research,exact,"Manually transcribed Rally observation; validated against 2,000 shares outstanding.",,quarterly,14000.0,chart_observation_marked_exact
rally-bradbury,2023-06-30,2023-06-28T00:00:00Z,8.5,17000.0,chart_observation,rally_app_chart,Manually transcribed Rally BRADBURY price history supplied 2026-07-25,2026-07-25T00:00:00Z,user_provided_manual_research,exact,"Manually transcribed Rally observation; validated against 2,000 shares outstanding.",,quarterly,17000.0,chart_observation_marked_exact
rally-bradbury,2023-09-30,2023-09-29T00:00:00Z,7.0,14000.0,chart_observation,rally_app_chart,Manually transcribed Rally BRADBURY price history supplied 2026-07-25,2026-07-25T00:00:00Z,user_provided_manual_research,exact,"Manually transcribed Rally observation; validated against 2,000 shares outstanding.",,quarterly,14000.0,chart_observation_marked_exact
rally-bradbury,2023-12-31,2023-12-29T00:00:00Z,7.0,14000.0,chart_observation,rally_app_chart,Manually transcribed Rally BRADBURY price history supplied 2026-07-25,2026-07-25T00:00:00Z,user_provided_manual_research,exact,"Manually transcribed Rally observation; validated against 2,000 shares outstanding.",,quarterly,14000.0,chart_observation_marked_exact
rally-bradbury,2024-03-31,2024-03-28T00:00:00Z,7.0,14000.0,chart_observation,rally_app_chart,Manually transcribed Rally BRADBURY price history supplied 2026-07-25,2026-07-25T00:00:00Z,user_provided_manual_research,exact,"Manually transcribed Rally observation; validated against 2,000 shares outstanding.",,quarterly,14000.0,chart_observation_marked_exact
rally-bradbury,2024-06-30,2024-06-28T00:00:00Z,5.2,10400.0,chart_observation,rally_app_chart,Manually transcribed Rally BRADBURY price history supplied 2026-07-25,2026-07-25T00:00:00Z,user_provided_manual_research,exact,"Manually transcribed Rally observation; validated against 2,000 shares outstanding.",,quarterly,10400.0,chart_observation_marked_exact
rally-bradbury,2024-09-30,2024-09-30T00:00:00Z,7.0,14000.0,chart_observation,rally_app_chart,Manually transcribed Rally BRADBURY price history supplied 2026-07-25,2026-07-25T00:00:00Z,user_provided_manual_research,exact,"Manually transcribed Rally observation; validated against 2,000 shares outstanding.",,quarterly,14000.0,chart_observation_marked_exact
rally-bradbury,2024-12-31,2024-12-27T00:00:00Z,6.25,12500.0,chart_observation,rally_app_chart,Manually transcribed Rally BRADBURY price history supplied 2026-07-25,2026-07-25T00:00:00Z,user_provided_manual_research,exact,"Manually transcribed Rally observation; validated against 2,000 shares outstanding.",,quarterly,12500.0,chart_observation_marked_exact
rally-bradbury,2025-03-31,2025-03-31T00:00:00Z,6.0,12000.0,chart_observation,rally_app_chart,Manually transcribed Rally BRADBURY price history supplied 2026-07-25,2026-07-25T00:00:00Z,user_provided_manual_research,exact,"Manually transcribed Rally observation; validated against 2,000 shares outstanding.",,quarterly,12000.0,chart_observation_marked_exact
rally-bradbury,2025-06-30,2025-06-27T00:00:00Z,6.0,12000.0,chart_observation,rally_app_chart,Manually transcribed Rally BRADBURY price history supplied 2026-07-25,2026-07-25T00:00:00Z,user_provided_manual_research,exact,"Manually transcribed Rally observation; validated against 2,000 shares outstanding.",,quarterly,12000.0,chart_observation_marked_exact
rally-bradbury,2025-09-30,2025-09-29T00:00:00Z,5.0,10000.0,chart_observation,rally_app_chart,Manually transcribed Rally BRADBURY price history supplied 2026-07-25,2026-07-25T00:00:00Z,user_provided_manual_research,exact,"Manually transcribed Rally observation; validated against 2,000 shares outstanding.",,quarterly,10000.0,chart_observation_marked_exact
rally-bradbury,2025-12-31,2025-12-30T00:00:00Z,6.0,12000.0,chart_observation,rally_app_chart,Manually transcribed Rally BRADBURY price history supplied 2026-07-25,2026-07-25T00:00:00Z,user_provided_manual_research,exact,"Manually transcribed Rally observation; validated against 2,000 shares outstanding.",,quarterly,12000.0,chart_observation_marked_exact
rally-bradbury,2026-03-31,2026-03-27T00:00:00Z,5.25,10500.0,chart_observation,rally_app_chart,Manually transcribed Rally BRADBURY price history supplied 2026-07-25,2026-07-25T00:00:00Z,user_provided_manual_research,exact,"Manually transcribed Rally observation; validated against 2,000 shares outstanding.",,quarterly,10500.0,chart_observation_marked_exact
rally-bradbury,2026-06-30,2026-06-25T00:00:00Z,5.0,10000.0,chart_observation,rally_app_chart,Manually transcribed Rally BRADBURY price history supplied 2026-07-25,2026-07-25T00:00:00Z,user_provided_manual_research,exact,"Manually transcribed Rally observation; validated against 2,000 shares outstanding.",,quarterly,10000.0,chart_observation_marked_exact
rally-brosgrimm,2021-06-30,2021-05-01T00:00:00Z,27.0,135000.0,offering_price,manual_transcription,"User-provided Rally chart transcription, 2026-07-23",2026-07-23T00:00:00Z,Marshall,exact,Initial offering reference value; submitted offering date was May 2021.,,quarterly,135000.0,observed_at_exceeds_quarter_lookback:60d; offering_price_excluded_from_secondary_returns
rally-brosgrimm,2021-12-31,2022-01-24T00:00:00Z,12.05,60250.0,chart_observation,manual_transcription,"User-provided Rally chart transcription, 2026-07-23",2026-07-23T00:00:00Z,Marshall,exact,Nearest available observation after quarter-end.,,quarterly,60250.0,observed_at_after_period_end; chart_observation_marked_exact
rally-brosgrimm,2022-03-31,2022-03-28T00:00:00Z,17.0,85000.0,chart_observation,manual_transcription,"User-provided Rally chart transcription, 2026-07-23",2026-07-23T00:00:00Z,Marshall,exact,,,quarterly,85000.0,chart_observation_marked_exact
rally-brosgrimm,2022-06-30,2022-06-27T00:00:00Z,19.0,95000.0,chart_observation,manual_transcription,"User-provided Rally chart transcription, 2026-07-23",2026-07-23T00:00:00Z,Marshall,exact,,,quarterly,95000.0,chart_observation_marked_exact
rally-brosgrimm,2022-09-30,2022-09-30T00:00:00Z,20.2,101000.0,chart_observation,manual_transcription,"User-provided Rally chart transcription, 2026-07-23",2026-07-23T00:00:00Z,Marshall,exact,,,quarterly,101000.0,chart_observation_marked_exact
rally-brosgrimm,2022-12-31,2022-12-30T00:00:00Z,18.25,91250.0,chart_observation,manual_transcription,"User-provided Rally chart transcription, 2026-07-23",2026-07-23T00:00:00Z,Marshall,exact,,,quarterly,91250.0,chart_observation_marked_exact
rally-brosgrimm,2023-03-31,2023-03-30T00:00:00Z,17.5,87500.0,chart_observation,manual_transcription,"User-provided Rally chart transcription, 2026-07-23",2026-07-23T00:00:00Z,Marshall,exact,,,quarterly,87500.0,chart_observation_marked_exact
rally-brosgrimm,2023-06-30,2023-06-29T00:00:00Z,15.0,75000.0,chart_observation,manual_transcription,"User-provided Rally chart transcription, 2026-07-23",2026-07-23T00:00:00Z,Marshall,exact,,,quarterly,75000.0,chart_observation_marked_exact
rally-brosgrimm,2023-09-30,2023-09-27T00:00:00Z,13.95,69750.0,chart_observation,manual_transcription,"User-provided Rally chart transcription, 2026-07-23",2026-07-23T00:00:00Z,Marshall,exact,,,quarterly,69750.0,chart_observation_marked_exact
rally-brosgrimm,2023-12-31,2023-12-29T00:00:00Z,13.5,67500.0,chart_observation,manual_transcription,"User-provided Rally chart transcription, 2026-07-23",2026-07-23T00:00:00Z,Marshall,exact,,,quarterly,67500.0,chart_observation_marked_exact
rally-brosgrimm,2024-03-31,2024-03-26T00:00:00Z,14.95,74750.0,chart_observation,manual_transcription,"User-provided Rally chart transcription, 2026-07-23",2026-07-23T00:00:00Z,Marshall,exact,,,quarterly,74750.0,chart_observation_marked_exact
rally-brosgrimm,2024-06-30,2024-06-24T00:00:00Z,18.9,94500.0,chart_observation,manual_transcription,"User-provided Rally chart transcription, 2026-07-23",2026-07-23T00:00:00Z,Marshall,exact,,,quarterly,94500.0,chart_observation_marked_exact
rally-brosgrimm,2024-09-30,2024-09-27T00:00:00Z,15.0,75000.0,chart_observation,manual_transcription,"User-provided Rally chart transcription, 2026-07-23",2026-07-23T00:00:00Z,Marshall,exact,,,quarterly,75000.0,chart_observation_marked_exact
rally-brosgrimm,2024-12-31,2024-12-27T00:00:00Z,13.0,65000.0,chart_observation,manual_transcription,"User-provided Rally chart transcription, 2026-07-23",2026-07-23T00:00:00Z,Marshall,exact,,,quarterly,65000.0,chart_observation_marked_exact
rally-brosgrimm,2025-03-31,2025-03-28T00:00:00Z,14.5,72500.0,chart_observation,manual_transcription,"User-provided Rally chart transcription, 2026-07-23",2026-07-23T00:00:00Z,Marshall,exact,,,quarterly,72500.0,chart_observation_marked_exact
rally-brosgrimm,2025-06-30,2025-06-27T00:00:00Z,13.05,65250.0,chart_observation,manual_transcription,"User-provided Rally chart transcription, 2026-07-23",2026-07-23T00:00:00Z,Marshall,exact,,,quarterly,65250.0,chart_observation_marked_exact
rally-brosgrimm,2025-09-30,2025-09-25T00:00:00Z,12.95,64750.0,chart_observation,manual_transcription,"User-provided Rally chart transcription, 2026-07-23",2026-07-23T00:00:00Z,Marshall,exact,,,quarterly,64750.0,chart_observation_marked_exact
rally-brosgrimm,2025-12-31,2025-12-30T00:00:00Z,12.95,64750.0,chart_observation,manual_transcription,"User-provided Rally chart transcription, 2026-07-23",2026-07-23T00:00:00Z,Marshall,exact,,,quarterly,64750.0,chart_observation_marked_exact
rally-brosgrimm,2026-03-31,2026-03-31T00:00:00Z,13.0,65000.0,chart_observation,manual_transcription,"User-provided Rally chart transcription, 2026-07-23",2026-07-23T00:00:00Z,Marshall,exact,,,quarterly,65000.0,chart_observation_marked_exact
rally-brosgrimm,2026-06-30,2026-06-29T00:00:00Z,12.5,62500.0,chart_observation,manual_transcription,"User-provided Rally chart transcription, 2026-07-23",2026-07-23T00:00:00Z,Marshall,exact,Strict Q2 2026 quarterly observation; excludes 2026-07-23 because it falls 23 days after quarter-end.,,quarterly,62500.0,chart_observation_marked_exact
rally-brosgrimm,2026-07-23,2026-07-23T00:00:00Z,20.0,100000.0,chart_observation,manual_transcription,"User-provided Rally chart transcription, 2026-07-23",2026-07-23T00:00:00Z,Marshall,exact,Post-Q2 observation preserved for future weekly-history ingestion; not eligible for Q2 2026 quarterly indexing under strict ±21-day quarter-end window.,,weekly,100000.0,chart_observation_marked_exact; post_q2_weekly_observation_not_quarterly
rally-churchill,2020-09-30,2020-07-01T00:00:00Z,1.0,7500.0,offering_price,rally_app,Manually transcribed Rally CHURCHILL price history supplied 2026-07-22,2026-07-22T00:00:00Z,user_provided_manual_research,exact,Initial offering; source supplied month only as Jul 2020.,,quarterly,7500.0,observed_at_exceeds_quarter_lookback:91d; offering_price_excluded_from_secondary_returns
rally-churchill,2020-12-31,2020-11-17T00:00:00Z,1.8,13500.0,chart_observation,rally_app_chart,Manually transcribed Rally CHURCHILL price history supplied 2026-07-22,2026-07-22T00:00:00Z,user_provided_manual_research,exact,,,quarterly,13500.0,observed_at_exceeds_quarter_lookback:44d; chart_observation_marked_exact
rally-churchill,2021-03-31,2021-02-09T00:00:00Z,3.0,22500.0,chart_observation,rally_app_chart,Manually transcribed Rally CHURCHILL price history supplied 2026-07-22,2026-07-22T00:00:00Z,user_provided_manual_research,exact,,,quarterly,22500.0,observed_at_exceeds_quarter_lookback:50d; chart_observation_marked_exact
rally-churchill,2021-06-30,2021-04-13T00:00:00Z,2.6,19500.0,chart_observation,rally_app_chart,Manually transcribed Rally CHURCHILL price history supplied 2026-07-22,2026-07-22T00:00:00Z,user_provided_manual_research,exact,,,quarterly,19500.0,observed_at_exceeds_quarter_lookback:78d; chart_observation_marked_exact
rally-churchill,2021-09-30,2021-08-24T00:00:00Z,3.0,22500.0,chart_observation,rally_app_chart,Manually transcribed Rally CHURCHILL price history supplied 2026-07-22,2026-07-22T00:00:00Z,user_provided_manual_research,exact,,,quarterly,22500.0,observed_at_exceeds_quarter_lookback:37d; chart_observation_marked_exact
rally-churchill,2021-12-31,2021-11-10T00:00:00Z,5.6,42000.0,chart_observation,rally_app_chart,Manually transcribed Rally CHURCHILL price history supplied 2026-07-22,2026-07-22T00:00:00Z,user_provided_manual_research,exact,,,quarterly,42000.0,observed_at_exceeds_quarter_lookback:51d; chart_observation_marked_exact
rally-churchill,2022-03-31,2022-03-31T00:00:00Z,1.5,11250.0,chart_observation,rally_app_chart,Manually transcribed Rally CHURCHILL price history supplied 2026-07-22,2026-07-22T00:00:00Z,user_provided_manual_research,exact,,,quarterly,11250.0,chart_observation_marked_exact
rally-churchill,2022-06-30,2022-06-24T00:00:00Z,2.0,15000.0,chart_observation,rally_app_chart,Manually transcribed Rally CHURCHILL price history supplied 2026-07-22,2026-07-22T00:00:00Z,user_provided_manual_research,exact,,,quarterly,15000.0,chart_observation_marked_exact
rally-churchill,2022-09-30,2022-09-30T00:00:00Z,1.95,14625.0,chart_observation,rally_app_chart,Manually transcribed Rally CHURCHILL price history supplied 2026-07-22,2026-07-22T00:00:00Z,user_provided_manual_research,exact,,,quarterly,14625.0,chart_observation_marked_exact
rally-churchill,2022-12-31,2022-12-30T00:00:00Z,1.5,11250.0,chart_observation,rally_app_chart,Manually transcribed Rally CHURCHILL price history supplied 2026-07-22,2026-07-22T00:00:00Z,user_provided_manual_research,exact,,,quarterly,11250.0,chart_observation_marked_exact
rally-churchill,2023-03-31,2023-03-31T00:00:00Z,1.25,9375.0,chart_observation,rally_app_chart,Manually transcribed Rally CHURCHILL price history supplied 2026-07-22,2026-07-22T00:00:00Z,user_provided_manual_research,exact,,,quarterly,9375.0,chart_observation_marked_exact
rally-churchill,2023-06-30,2023-06-30T00:00:00Z,1.35,10125.0,chart_observation,rally_app_chart,Manually transcribed Rally CHURCHILL price history supplied 2026-07-22,2026-07-22T00:00:00Z,user_provided_manual_research,exact,,,quarterly,10125.0,chart_observation_marked_exact
rally-churchill,2023-09-30,2023-09-29T00:00:00Z,1.7,12750.0,chart_observation,rally_app_chart,Manually transcribed Rally CHURCHILL price history supplied 2026-07-22,2026-07-22T00:00:00Z,user_provided_manual_research,exact,,,quarterly,12750.0,chart_observation_marked_exact
rally-churchill,2023-12-31,2023-12-29T00:00:00Z,1.6,12000.0,chart_observation,rally_app_chart,Manually transcribed Rally CHURCHILL price history supplied 2026-07-22,2026-07-22T00:00:00Z,user_provided_manual_research,exact,,,quarterly,12000.0,chart_observation_marked_exact
rally-churchill,2024-03-31,2024-03-25T00:00:00Z,1.6,12000.0,chart_observation,rally_app_chart,Manually transcribed Rally CHURCHILL price history supplied 2026-07-22,2026-07-22T00:00:00Z,user_provided_manual_research,exact,,,quarterly,12000.0,chart_observation_marked_exact
rally-churchill,2024-06-30,2024-06-24T00:00:00Z,2.0,15000.0,chart_observation,rally_app_chart,Manually transcribed Rally CHURCHILL price history supplied 2026-07-22,2026-07-22T00:00:00Z,user_provided_manual_research,exact,,,quarterly,15000.0,chart_observation_marked_exact
rally-churchill,2024-09-30,2024-09-30T00:00:00Z,2.1,15750.0,chart_observation,rally_app_chart,Manually transcribed Rally CHURCHILL price history supplied 2026-07-22,2026-07-22T00:00:00Z,user_provided_manual_research,exact,,,quarterly,15750.0,chart_observation_marked_exact
rally-churchill,2024-12-31,2024-12-30T00:00:00Z,2.0,15000.0,chart_observation,rally_app_chart,Manually transcribed Rally CHURCHILL price history supplied 2026-07-22,2026-07-22T00:00:00Z,user_provided_manual_research,exact,,,quarterly,15000.0,chart_observation_marked_exact
rally-churchill,2025-03-31,2025-03-31T00:00:00Z,2.1,15750.0,chart_observation,rally_app_chart,Manually transcribed Rally CHURCHILL price history supplied 2026-07-22,2026-07-22T00:00:00Z,user_provided_manual_research,exact,,,quarterly,15750.0,chart_observation_marked_exact
rally-churchill,2025-06-30,2025-06-24T00:00:00Z,2.7,20250.0,chart_observation,rally_app_chart,Manually transcribed Rally CHURCHILL price history supplied 2026-07-22,2026-07-22T00:00:00Z,user_provided_manual_research,exact,,,quarterly,20250.0,chart_observation_marked_exact
rally-churchill,2025-09-30,2025-09-30T00:00:00Z,3.2,24000.0,chart_observation,rally_app_chart,Manually transcribed Rally CHURCHILL price history supplied 2026-07-22,2026-07-22T00:00:00Z,user_provided_manual_research,exact,,,quarterly,24000.0,chart_observation_marked_exact
rally-churchill,2025-12-31,2025-12-30T00:00:00Z,3.2,24000.0,chart_observation,rally_app_chart,Manually transcribed Rally CHURCHILL price history supplied 2026-07-22,2026-07-22T00:00:00Z,user_provided_manual_research,exact,,,quarterly,24000.0,chart_observation_marked_exact
rally-churchill,2026-03-31,2026-03-25T00:00:00Z,3.9,29250.0,chart_observation,rally_app_chart,Manually transcribed Rally CHURCHILL price history supplied 2026-07-22,2026-07-22T00:00:00Z,user_provided_manual_research,exact,,,quarterly,29250.0,chart_observation_marked_exact
rally-churchill,2026-06-30,2026-06-24T00:00:00Z,3.15,23625.0,chart_observation,rally_app_chart,Manually transcribed Rally CHURCHILL price history supplied 2026-07-22,2026-07-22T00:00:00Z,user_provided_manual_research,exact,Current historical build terminal observation; do not include later conversational $3.90 note after the Q2 2026 cutoff.,,quarterly,23625.0,chart_observation_marked_exact
rally-congress,2021-09-30,2021-07-01T00:00:00Z,24.0,120000.0,offering_price,manual_research,user-provided manual Rally CONGRESS price history,2026-07-25T00:00:00Z,codex,exact,Manually transcribed Rally observation; validated against 5000.0 shares outstanding.,,quarterly,120000.0,observed_at_exceeds_quarter_lookback:91d; offering_price_excluded_from_secondary_returns
rally-congress,2021-09-30,2021-11-08T00:00:00Z,19.0,95000.0,chart_observation,manual_research,user-provided manual Rally CONGRESS price history,2026-07-25T00:00:00Z,codex,exact,Manually transcribed Rally observation; validated against 5000.0 shares outstanding.,,quarterly,95000.0,observed_at_after_period_end; chart_observation_marked_exact
rally-congress,2021-12-31,2022-01-31T00:00:00Z,15.5,77500.0,chart_observation,manual_research,user-provided manual Rally CONGRESS price history,2026-07-25T00:00:00Z,codex,exact,Manually transcribed Rally observation; validated against 5000.0 shares outstanding.,,quarterly,77500.0,observed_at_after_period_end; chart_observation_marked_exact
rally-congress,2022-03-31,2022-03-28T00:00:00Z,15.0,75000.0,chart_observation,manual_research,user-provided manual Rally CONGRESS price history,2026-07-25T00:00:00Z,codex,exact,Manually transcribed Rally observation; validated against 5000.0 shares outstanding.,,quarterly,75000.0,chart_observation_marked_exact
rally-congress,2022-06-30,2022-06-27T00:00:00Z,14.95,74750.0,chart_observation,manual_research,user-provided manual Rally CONGRESS price history,2026-07-25T00:00:00Z,codex,exact,Manually transcribed Rally observation; validated against 5000.0 shares outstanding.,,quarterly,74750.0,chart_observation_marked_exact
rally-congress,2022-09-30,2022-09-30T00:00:00Z,13.0,65000.0,chart_observation,manual_research,user-provided manual Rally CONGRESS price history,2026-07-25T00:00:00Z,codex,exact,Manually transcribed Rally observation; validated against 5000.0 shares outstanding.,,quarterly,65000.0,chart_observation_marked_exact
rally-congress,2022-12-31,2022-12-29T00:00:00Z,12.25,61250.0,chart_observation,manual_research,user-provided manual Rally CONGRESS price history,2026-07-25T00:00:00Z,codex,exact,Manually transcribed Rally observation; validated against 5000.0 shares outstanding.,,quarterly,61250.0,chart_observation_marked_exact
rally-congress,2023-03-31,2023-03-29T00:00:00Z,11.2,56000.0,chart_observation,manual_research,user-provided manual Rally CONGRESS price history,2026-07-25T00:00:00Z,codex,exact,Manually transcribed Rally observation; validated against 5000.0 shares outstanding.,,quarterly,56000.0,chart_observation_marked_exact
rally-congress,2023-06-30,2023-06-26T00:00:00Z,9.95,49750.0,chart_observation,manual_research,user-provided manual Rally CONGRESS price history,2026-07-25T00:00:00Z,codex,exact,Manually transcribed Rally observation; validated against 5000.0 shares outstanding.,,quarterly,49750.0,chart_observation_marked_exact
rally-congress,2023-09-30,2023-09-29T00:00:00Z,9.2,46000.0,chart_observation,manual_research,user-provided manual Rally CONGRESS price history,2026-07-25T00:00:00Z,codex,exact,Manually transcribed Rally observation; validated against 5000.0 shares outstanding.,,quarterly,46000.0,chart_observation_marked_exact
rally-congress,2023-12-31,2023-12-29T00:00:00Z,7.0,35000.0,chart_observation,manual_research,user-provided manual Rally CONGRESS price history,2026-07-25T00:00:00Z,codex,exact,Manually transcribed Rally observation; validated against 5000.0 shares outstanding.,,quarterly,35000.0,chart_observation_marked_exact
rally-congress,2024-03-31,2024-03-28T00:00:00Z,8.5,42500.0,chart_observation,manual_research,user-provided manual Rally CONGRESS price history,2026-07-25T00:00:00Z,codex,exact,Manually transcribed Rally observation; validated against 5000.0 shares outstanding.,,quarterly,42500.0,chart_observation_marked_exact
rally-congress,2024-06-30,2024-06-26T00:00:00Z,9.75,48750.0,chart_observation,manual_research,user-provided manual Rally CONGRESS price history,2026-07-25T00:00:00Z,codex,exact,Manually transcribed Rally observation; validated against 5000.0 shares outstanding.,,quarterly,48750.0,chart_observation_marked_exact
rally-congress,2024-09-30,2024-09-30T00:00:00Z,7.75,38750.0,chart_observation,manual_research,user-provided manual Rally CONGRESS price history,2026-07-25T00:00:00Z,codex,exact,Manually transcribed Rally observation; validated against 5000.0 shares outstanding.,,quarterly,38750.0,chart_observation_marked_exact
rally-congress,2024-12-31,2024-12-27T00:00:00Z,8.6,43000.0,chart_observation,manual_research,user-provided manual Rally CONGRESS price history,2026-07-25T00:00:00Z,codex,exact,Manually transcribed Rally observation; validated against 5000.0 shares outstanding.,,quarterly,43000.0,chart_observation_marked_exact
rally-congress,2025-03-31,2025-03-28T00:00:00Z,8.95,44750.0,chart_observation,manual_research,user-provided manual Rally CONGRESS price history,2026-07-25T00:00:00Z,codex,exact,Manually transcribed Rally observation; validated against 5000.0 shares outstanding.,,quarterly,44750.0,chart_observation_marked_exact
rally-congress,2025-06-30,2025-06-26T00:00:00Z,9.0,45000.0,chart_observation,manual_research,user-provided manual Rally CONGRESS price history,2026-07-25T00:00:00Z,codex,exact,Manually transcribed Rally observation; validated against 5000.0 shares outstanding.,,quarterly,45000.0,chart_observation_marked_exact
rally-congress,2025-09-30,2025-09-29T00:00:00Z,9.0,45000.0,chart_observation,manual_research,user-provided manual Rally CONGRESS price history,2026-07-25T00:00:00Z,codex,exact,Manually transcribed Rally observation; validated against 5000.0 shares outstanding.,,quarterly,45000.0,chart_observation_marked_exact
rally-congress,2025-12-31,2025-12-29T00:00:00Z,11.4,57000.0,chart_observation,manual_research,user-provided manual Rally CONGRESS price history,2026-07-25T00:00:00Z,codex,exact,Manually transcribed Rally observation; validated against 5000.0 shares outstanding.,,quarterly,57000.0,chart_observation_marked_exact
rally-congress,2026-03-31,2026-03-27T00:00:00Z,13.1,65500.0,chart_observation,manual_research,user-provided manual Rally CONGRESS price history,2026-07-25T00:00:00Z,codex,exact,Manually transcribed Rally observation; validated against 5000.0 shares outstanding.,,quarterly,65500.0,chart_observation_marked_exact
rally-congress,2026-06-30,2026-06-26T00:00:00Z,13.0,65000.0,chart_observation,manual_research,user-provided manual Rally CONGRESS price history,2026-07-25T00:00:00Z,codex,exact,Manually transcribed Rally observation; validated against 5000.0 shares outstanding.,,quarterly,65000.0,chart_observation_marked_exact
rally-deaton,2021-01-31,2021-01,25.0,285000.0,offering_price,rally_app,Rally App,2026-07-19,Marshall,exact,Initial offering,,,,
rally-deaton,2021-06-30,2021-05-24,17.5,199500.0,chart_observation,rally_app_chart,Rally App,2026-07-19,Marshall,exact,,,,,
rally-deaton,2021-09-30,2021-08-05,24.0,273600.0,chart_observation,rally_app_chart,Rally App,2026-07-19,Marshall,exact,,,,,
rally-deaton,2021-12-31,2021-12-30,17.5,199500.0,chart_observation,rally_app_chart,Rally App,2026-07-19,Marshall,exact,,,,,
rally-deaton,2022-03-31,2022-03-30,18.7,213180.0,chart_observation,rally_app_chart,Rally App,2026-07-19,Marshall,exact,,,,,
rally-deaton,2022-06-30,2022-06-28,16.0,182400.0,chart_observation,rally_app_chart,Rally App,2026-07-19,Marshall,exact,,,,,
rally-deaton,2022-09-30,2022-09-26,19.0,216600.0,chart_observation,rally_app_chart,Rally App,2026-07-19,Marshall,exact,,,,,
rally-deaton,2022-12-31,2022-12-30,16.0,182400.0,chart_observation,rally_app_chart,Rally App,2026-07-19,Marshall,exact,,,,,
rally-deaton,2023-03-31,2023-03-30,20.5,233700.0,chart_observation,rally_app_chart,Rally App,2026-07-19,Marshall,exact,,,,,
rally-deaton,2023-06-30,2023-06-28,24.0,273600.0,chart_observation,rally_app_chart,Rally App,2026-07-19,Marshall,exact,,,,,
rally-deaton,2023-09-30,2023-09-26,24.0,273600.0,chart_observation,rally_app_chart,Rally App,2026-07-19,Marshall,exact,,,,,
rally-deaton,2023-12-31,2023-12-26,23.5,267900.0,chart_observation,rally_app_chart,Rally App,2026-07-19,Marshall,exact,,,,,
rally-deaton,2024-03-31,2024-03-25,24.75,282150.0,chart_observation,rally_app_chart,Rally App,2026-07-19,Marshall,exact,,,,,
rally-deaton,2024-06-30,2024-06-27,23.0,262200.0,chart_observation,rally_app_chart,Rally App,2026-07-19,Marshall,exact,,,,,
rally-deaton,2024-09-30,2024-09-25,25.85,294690.0,chart_observation,rally_app_chart,Rally App,2026-07-19,Marshall,exact,,,,,
rally-deaton,2024-12-31,2024-12-30,27.5,313500.0,chart_observation,rally_app_chart,Rally App,2026-07-19,Marshall,exact,,,,,
rally-deaton,2025-03-31,2025-03-31,27.75,316350.0,chart_observation,rally_app_chart,Rally App,2026-07-19,Marshall,exact,,,,,
rally-deaton,2025-06-30,2025-06-27,27.0,307800.0,chart_observation,rally_app_chart,Rally App,2026-07-19,Marshall,exact,,,,,
rally-deaton,2025-09-30,2025-09-26,24.0,273600.0,chart_observation,rally_app_chart,Rally App,2026-07-19,Marshall,exact,,,,,
rally-deaton,2025-12-31,2025-12-30,24.15,275310.0,chart_observation,rally_app_chart,Rally App,2026-07-19,Marshall,exact,,,,,
rally-deaton,2026-03-31,2026-03-30,24.0,273600.0,chart_observation,rally_app_chart,Rally App,2026-07-19,Marshall,exact,,,,,
rally-deaton,2026-06-30,2026-06-22,23.75,270750.0,chart_observation,rally_app_chart,Rally App,2026-07-19,Marshall,exact,Last close before pending buyout vote,,,,
rally-dimaggio2,2020-12-31,2020-11-01T00:00:00Z,10.5,21000.0,offering_price,rally_app,Rally App,2026-07-12T00:00:00Z,Marshall,exact,Initial offering. Submitted observed_at was 2020-11.,,quarterly,21000.0,observed_at_exceeds_quarter_lookback:60d; offering_price_excluded_from_secondary_returns
rally-dimaggio2,2021-03-31,2021-02-18T00:00:00Z,18.0,36000.0,chart_observation,rally_app_chart,Rally App,2026-07-12T00:00:00Z,Marshall,exact,,,quarterly,36000.0,observed_at_exceeds_quarter_lookback:41d; chart_observation_marked_exact
rally-dimaggio2,2021-06-30,2021-04-22T00:00:00Z,12.0,24000.0,chart_observation,rally_app_chart,Rally App,2026-07-12T00:00:00Z,Marshall,exact,,,quarterly,24000.0,observed_at_exceeds_quarter_lookback:69d; chart_observation_marked_exact
rally-dimaggio2,2021-09-30,2021-07-20T00:00:00Z,10.0,20000.0,chart_observation,rally_app_chart,Rally App,2026-07-12T00:00:00Z,Marshall,exact,,,quarterly,20000.0,observed_at_exceeds_quarter_lookback:72d; chart_observation_marked_exact
rally-dimaggio2,2021-12-31,2022-01-24T00:00:00Z,7.75,15500.0,chart_observation,rally_app_chart,Rally App,2026-07-12T00:00:00Z,Marshall,exact,Nearest available observation occurred after quarter-end,,quarterly,15500.0,observed_at_after_period_end; chart_observation_marked_exact
rally-dimaggio2,2022-03-31,2022-03-29T00:00:00Z,10.0,20000.0,chart_observation,rally_app_chart,Rally App,2026-07-12T00:00:00Z,Marshall,exact,,,quarterly,20000.0,chart_observation_marked_exact
rally-dimaggio2,2022-06-30,2022-06-24T00:00:00Z,9.0,18000.0,chart_observation,rally_app_chart,Rally App,2026-07-12T00:00:00Z,Marshall,exact,,,quarterly,18000.0,chart_observation_marked_exact
rally-dimaggio2,2022-09-30,2022-09-28T00:00:00Z,7.0,14000.0,chart_observation,rally_app_chart,Rally App,2026-07-12T00:00:00Z,Marshall,exact,,,quarterly,14000.0,chart_observation_marked_exact
rally-dimaggio2,2022-12-31,2022-12-30T00:00:00Z,10.0,20000.0,chart_observation,rally_app_chart,Rally App,2026-07-12T00:00:00Z,Marshall,exact,,,quarterly,20000.0,chart_observation_marked_exact
rally-dimaggio2,2023-03-31,2023-03-29T00:00:00Z,10.95,21900.0,chart_observation,rally_app_chart,Rally App,2026-07-12T00:00:00Z,Marshall,exact,,,quarterly,21900.0,chart_observation_marked_exact
rally-dimaggio2,2023-06-30,2023-06-30T00:00:00Z,10.95,21900.0,chart_observation,rally_app_chart,Rally App,2026-07-12T00:00:00Z,Marshall,exact,,,quarterly,21900.0,chart_observation_marked_exact
rally-dimaggio2,2023-09-30,2023-09-28T00:00:00Z,10.0,20000.0,chart_observation,rally_app_chart,Rally App,2026-07-12T00:00:00Z,Marshall,exact,,,quarterly,20000.0,chart_observation_marked_exact
rally-dimaggio2,2023-12-31,2023-12-29T00:00:00Z,9.0,18000.0,chart_observation,rally_app_chart,Rally App,2026-07-12T00:00:00Z,Marshall,exact,,,quarterly,18000.0,chart_observation_marked_exact
rally-dimaggio2,2024-03-31,2024-03-28T00:00:00Z,8.9,17800.0,chart_observation,rally_app_chart,Rally App,2026-07-12T00:00:00Z,Marshall,exact,,,quarterly,17800.0,chart_observation_marked_exact
rally-dimaggio2,2024-06-30,2024-06-24T00:00:00Z,9.5,19000.0,chart_observation,rally_app_chart,Rally App,2026-07-12T00:00:00Z,Marshall,exact,,,quarterly,19000.0,chart_observation_marked_exact
rally-dimaggio2,2024-09-30,2024-09-27T00:00:00Z,9.0,18000.0,chart_observation,rally_app_chart,Rally App,2026-07-12T00:00:00Z,Marshall,exact,,,quarterly,18000.0,chart_observation_marked_exact
rally-dimaggio2,2024-12-31,2024-12-30T00:00:00Z,9.0,18000.0,chart_observation,rally_app_chart,Rally App,2026-07-12T00:00:00Z,Marshall,exact,,,quarterly,18000.0,chart_observation_marked_exact
rally-dimaggio2,2025-03-31,2025-03-28T00:00:00Z,8.95,17900.0,chart_observation,rally_app_chart,Rally App,2026-07-12T00:00:00Z,Marshall,exact,,,quarterly,17900.0,chart_observation_marked_exact
rally-dimaggio2,2025-06-30,2025-06-30T00:00:00Z,7.55,15100.0,chart_observation,rally_app_chart,Rally App,2026-07-12T00:00:00Z,Marshall,exact,,,quarterly,15100.0,chart_observation_marked_exact
rally-dimaggio2,2025-09-30,2025-09-26T00:00:00Z,8.95,17900.0,chart_observation,rally_app_chart,Rally App,2026-07-12T00:00:00Z,Marshall,exact,,,quarterly,17900.0,chart_observation_marked_exact
rally-dimaggio2,2025-12-31,2025-12-30T00:00:00Z,8.05,16100.0,chart_observation,rally_app_chart,Rally App,2026-07-12T00:00:00Z,Marshall,exact,,,quarterly,16100.000000000002,chart_observation_marked_exact
rally-dimaggio2,2026-03-31,2026-03-27T00:00:00Z,10.0,20000.0,chart_observation,rally_app_chart,Rally App,2026-07-12T00:00:00Z,Marshall,exact,,,quarterly,20000.0,chart_observation_marked_exact
rally-dimaggio2,2026-06-30,2026-06-30T00:00:00Z,10.0,20000.0,chart_observation,rally_app_chart,Rally App,2026-07-12T00:00:00Z,Marshall,exact,,,quarterly,20000.0,chart_observation_marked_exact
rally-dominos,2021-03-31,2021-01-01T00:00:00Z,5.5,11000.0,offering_price,rally_app,Rally App,2026-07-12T00:00:00Z,Marshall,exact,Initial offering. Submitted observed_at was 2021-01.,,quarterly,11000.0,observed_at_exceeds_quarter_lookback:89d; offering_price_excluded_from_secondary_returns
rally-dominos,2021-06-30,2021-05-04T00:00:00Z,6.1,12200.0,chart_observation,rally_app_chart,Rally App,2026-07-12T00:00:00Z,Marshall,exact,,,quarterly,12200.0,observed_at_exceeds_quarter_lookback:57d; chart_observation_marked_exact
rally-dominos,2021-09-30,2021-07-23T00:00:00Z,5.0,10000.0,chart_observation,rally_app_chart,Rally App,2026-07-12T00:00:00Z,Marshall,exact,,,quarterly,10000.0,observed_at_exceeds_quarter_lookback:69d; chart_observation_marked_exact
rally-dominos,2021-12-31,2021-10-21T00:00:00Z,7.75,15500.0,chart_observation,rally_app_chart,Rally App,2026-07-12T00:00:00Z,Marshall,exact,,,quarterly,15500.0,observed_at_exceeds_quarter_lookback:71d; chart_observation_marked_exact
rally-dominos,2022-03-31,2022-01-14T00:00:00Z,7.3,14600.0,unknown,rally_app_chart,Rally App,2026-07-12T00:00:00Z,Marshall,exact,Intraperiod observation preserved; Q1 2022 index bucket uses 2022-03-28 closer to period end.,,quarterly,14600.0,observed_at_exceeds_quarter_lookback:76d
rally-dominos,2022-03-31,2022-03-28T00:00:00Z,5.0,10000.0,chart_observation,rally_app_chart,Rally App,2026-07-12T00:00:00Z,Marshall,exact,,,quarterly,10000.0,chart_observation_marked_exact
rally-dominos,2022-06-30,2022-06-27T00:00:00Z,5.5,11000.0,chart_observation,rally_app_chart,Rally App,2026-07-12T00:00:00Z,Marshall,exact,,,quarterly,11000.0,chart_observation_marked_exact
rally-dominos,2022-09-30,2022-09-26T00:00:00Z,5.45,10900.0,chart_observation,rally_app_chart,Rally App,2026-07-12T00:00:00Z,Marshall,exact,,,quarterly,10900.0,chart_observation_marked_exact
rally-dominos,2022-12-31,2022-12-27T00:00:00Z,5.45,10900.0,chart_observation,rally_app_chart,Rally App,2026-07-12T00:00:00Z,Marshall,exact,,,quarterly,10900.0,chart_observation_marked_exact
rally-dominos,2023-03-31,2023-03-27T00:00:00Z,5.5,11000.0,chart_observation,rally_app_chart,Rally App,2026-07-12T00:00:00Z,Marshall,exact,,,quarterly,11000.0,chart_observation_marked_exact
rally-dominos,2023-06-30,2023-06-26T00:00:00Z,5.65,11300.0,chart_observation,rally_app_chart,Rally App,2026-07-12T00:00:00Z,Marshall,exact,,,quarterly,11300.0,chart_observation_marked_exact
rally-dominos,2023-09-30,2023-09-26T00:00:00Z,5.7,11400.0,chart_observation,rally_app_chart,Rally App,2026-07-12T00:00:00Z,Marshall,exact,,,quarterly,11400.0,chart_observation_marked_exact
rally-dominos,2023-12-31,2023-12-29T00:00:00Z,3.25,6500.0,chart_observation,rally_app_chart,Rally App,2026-07-12T00:00:00Z,Marshall,exact,,,quarterly,6500.0,chart_observation_marked_exact
rally-dominos,2024-03-31,2024-03-26T00:00:00Z,5.6,11200.0,chart_observation,rally_app_chart,Rally App,2026-07-12T00:00:00Z,Marshall,exact,,,quarterly,11200.0,chart_observation_marked_exact
rally-dominos,2024-06-30,2024-06-25T00:00:00Z,4.5,9000.0,chart_observation,rally_app_chart,Rally App,2026-07-12T00:00:00Z,Marshall,exact,,,quarterly,9000.0,chart_observation_marked_exact
rally-dominos,2024-09-30,2024-09-30T00:00:00Z,5.0,10000.0,chart_observation,rally_app_chart,Rally App,2026-07-12T00:00:00Z,Marshall,exact,,,quarterly,10000.0,chart_observation_marked_exact
rally-dominos,2024-12-31,2024-12-31T00:00:00Z,5.1,10200.0,chart_observation,rally_app_chart,Rally App,2026-07-12T00:00:00Z,Marshall,exact,,,quarterly,10200.0,chart_observation_marked_exact
rally-dominos,2025-03-31,2025-03-26T00:00:00Z,4.3,8600.0,chart_observation,rally_app_chart,Rally App,2026-07-12T00:00:00Z,Marshall,exact,,,quarterly,8600.0,chart_observation_marked_exact
rally-dominos,2025-06-30,2025-06-25T00:00:00Z,5.5,11000.0,chart_observation,rally_app_chart,Rally App,2026-07-12T00:00:00Z,Marshall,exact,,,quarterly,11000.0,chart_observation_marked_exact
rally-dominos,2025-09-30,2025-09-30T00:00:00Z,5.45,10900.0,chart_observation,rally_app_chart,Rally App,2026-07-12T00:00:00Z,Marshall,exact,,,quarterly,10900.0,chart_observation_marked_exact
rally-dominos,2025-12-31,2025-12-30T00:00:00Z,5.15,10300.0,chart_observation,rally_app_chart,Rally App,2026-07-12T00:00:00Z,Marshall,exact,,,quarterly,10300.0,chart_observation_marked_exact
rally-dominos,2026-03-31,2026-03-26T00:00:00Z,5.9,11800.0,chart_observation,rally_app_chart,Rally App,2026-07-12T00:00:00Z,Marshall,exact,,,quarterly,11800.0,chart_observation_marked_exact
rally-dominos,2026-06-30,2026-06-25T00:00:00Z,5.1,10200.0,chart_observation,rally_app_chart,Rally App,2026-07-12T00:00:00Z,Marshall,exact,,,quarterly,10200.0,chart_observation_marked_exact
rally-dune,2020-12-31,2020-12-31T00:00:00Z,13.25,13250.0,offering_price,manual_research,user-provided manual Rally DUNE price history,2026-07-25T00:00:00Z,codex,exact,Manually transcribed Rally observation; validated against 1000 shares outstanding.,,quarterly,13250.0,offering_price_excluded_from_secondary_returns
rally-dune,2021-03-31,2021-03-23T00:00:00Z,20.0,20000.0,chart_observation,manual_research,user-provided manual Rally DUNE price history,2026-07-25T00:00:00Z,codex,exact,Manually transcribed Rally observation; validated against 1000 shares outstanding.,,quarterly,20000.0,chart_observation_marked_exact
rally-dune,2021-06-30,2021-06-15T00:00:00Z,31.5,31500.0,chart_observation,manual_research,user-provided manual Rally DUNE price history,2026-07-25T00:00:00Z,codex,exact,Manually transcribed Rally observation; validated against 1000 shares outstanding.,,quarterly,31500.0,observed_at_exceeds_quarter_lookback:15d; chart_observation_marked_exact
rally-dune,2021-09-30,2021-10-18T00:00:00Z,40.0,40000.0,chart_observation,manual_research,user-provided manual Rally DUNE price history,2026-07-25T00:00:00Z,codex,exact,Manually transcribed Rally observation; validated against 1000 shares outstanding.,,quarterly,40000.0,observed_at_after_period_end; chart_observation_marked_exact
rally-dune,2021-12-31,2022-01-03T00:00:00Z,39.0,39000.0,chart_observation,manual_research,user-provided manual Rally DUNE price history,2026-07-25T00:00:00Z,codex,exact,Manually transcribed Rally observation; validated against 1000 shares outstanding.,,quarterly,39000.0,observed_at_after_period_end; chart_observation_marked_exact
rally-dune,2022-03-31,2022-03-29T00:00:00Z,36.9,36900.0,chart_observation,manual_research,user-provided manual Rally DUNE price history,2026-07-25T00:00:00Z,codex,exact,Manually transcribed Rally observation; validated against 1000 shares outstanding.,,quarterly,36900.0,chart_observation_marked_exact
rally-dune,2022-06-30,2022-06-30T00:00:00Z,32.3,32300.0,chart_observation,manual_research,user-provided manual Rally DUNE price history,2026-07-25T00:00:00Z,codex,exact,Manually transcribed Rally observation; validated against 1000 shares outstanding.,,quarterly,32300.0,chart_observation_marked_exact
rally-dune,2022-09-30,2022-09-26T00:00:00Z,40.0,40000.0,chart_observation,manual_research,user-provided manual Rally DUNE price history,2026-07-25T00:00:00Z,codex,exact,Manually transcribed Rally observation; validated against 1000 shares outstanding.,,quarterly,40000.0,chart_observation_marked_exact
rally-dune,2022-12-31,2022-12-28T00:00:00Z,40.0,40000.0,chart_observation,manual_research,user-provided manual Rally DUNE price history,2026-07-25T00:00:00Z,codex,exact,Manually transcribed Rally observation; validated against 1000 shares outstanding.,,quarterly,40000.0,chart_observation_marked_exact
rally-dune,2023-03-31,2023-03-31T00:00:00Z,25.0,25000.0,chart_observation,manual_research,user-provided manual Rally DUNE price history,2026-07-25T00:00:00Z,codex,exact,Manually transcribed Rally observation; validated against 1000 shares outstanding.,,quarterly,25000.0,chart_observation_marked_exact
rally-dune,2023-06-30,2023-06-27T00:00:00Z,20.0,20000.0,chart_observation,manual_research,user-provided manual Rally DUNE price history,2026-07-25T00:00:00Z,codex,exact,Manually transcribed Rally observation; validated against 1000 shares outstanding.,,quarterly,20000.0,chart_observation_marked_exact
rally-dune,2023-09-30,2023-09-29T00:00:00Z,34.15,34150.0,chart_observation,manual_research,user-provided manual Rally DUNE price history,2026-07-25T00:00:00Z,codex,exact,Manually transcribed Rally observation; validated against 1000 shares outstanding.,,quarterly,34150.0,chart_observation_marked_exact
rally-dune,2023-12-31,2023-12-29T00:00:00Z,22.0,22000.0,chart_observation,manual_research,user-provided manual Rally DUNE price history,2026-07-25T00:00:00Z,codex,exact,Manually transcribed Rally observation; validated against 1000 shares outstanding.,,quarterly,22000.0,chart_observation_marked_exact
rally-dune,2024-03-31,2024-03-28T00:00:00Z,34.6,34600.0,chart_observation,manual_research,user-provided manual Rally DUNE price history,2026-07-25T00:00:00Z,codex,exact,Manually transcribed Rally observation; validated against 1000 shares outstanding.,,quarterly,34600.0,chart_observation_marked_exact
rally-dune,2024-06-30,2024-06-28T00:00:00Z,33.95,33950.0,chart_observation,manual_research,user-provided manual Rally DUNE price history,2026-07-25T00:00:00Z,codex,exact,Manually transcribed Rally observation; validated against 1000 shares outstanding.,,quarterly,33950.0,chart_observation_marked_exact
rally-dune,2024-09-30,2024-09-25T00:00:00Z,27.0,27000.0,chart_observation,manual_research,user-provided manual Rally DUNE price history,2026-07-25T00:00:00Z,codex,exact,Manually transcribed Rally observation; validated against 1000 shares outstanding.,,quarterly,27000.0,chart_observation_marked_exact
rally-dune,2024-12-31,2024-12-27T00:00:00Z,33.0,33000.0,chart_observation,manual_research,user-provided manual Rally DUNE price history,2026-07-25T00:00:00Z,codex,exact,Manually transcribed Rally observation; validated against 1000 shares outstanding.,,quarterly,33000.0,chart_observation_marked_exact
rally-dune,2025-03-31,2025-03-31T00:00:00Z,30.0,30000.0,chart_observation,manual_research,user-provided manual Rally DUNE price history,2026-07-25T00:00:00Z,codex,exact,Manually transcribed Rally observation; validated against 1000 shares outstanding.,,quarterly,30000.0,chart_observation_marked_exact
rally-dune,2025-06-30,2025-06-26T00:00:00Z,27.0,27000.0,chart_observation,manual_research,user-provided manual Rally DUNE price history,2026-07-25T00:00:00Z,codex,exact,Manually transcribed Rally observation; validated against 1000 shares outstanding.,,quarterly,27000.0,chart_observation_marked_exact
rally-dune,2025-09-30,2025-09-29T00:00:00Z,26.4,26400.0,chart_observation,manual_research,user-provided manual Rally DUNE price history,2026-07-25T00:00:00Z,codex,exact,Manually transcribed Rally observation; validated against 1000 shares outstanding.,,quarterly,26400.0,chart_observation_marked_exact
rally-dune,2025-12-31,2025-12-30T00:00:00Z,26.4,26400.0,chart_observation,manual_research,user-provided manual Rally DUNE price history,2026-07-25T00:00:00Z,codex,exact,Manually transcribed Rally observation; validated against 1000 shares outstanding.,,quarterly,26400.0,chart_observation_marked_exact
rally-dune,2026-03-31,2026-03-27T00:00:00Z,25.55,25550.0,chart_observation,manual_research,user-provided manual Rally DUNE price history,2026-07-25T00:00:00Z,codex,exact,Manually transcribed Rally observation; validated against 1000 shares outstanding.,,quarterly,25550.0,chart_observation_marked_exact
rally-dune,2026-06-30,2026-06-29T00:00:00Z,26.35,26350.0,chart_observation,manual_research,user-provided manual Rally DUNE price history,2026-07-25T00:00:00Z,codex,exact,Manually transcribed Rally observation; validated against 1000 shares outstanding.,,quarterly,26350.0,chart_observation_marked_exact
rally-faubourg,2020-09-30,2020-09-11,75.0,150000.0,offering_price,rally_app,Rally App,2026-07-19T00:00:00Z,Marshall,exact,Initial offering,,quarterly,150000.0,
rally-faubourg,2020-12-31,2020-12-30,74.95,149900.0,chart_observation,rally_app_chart,Rally App,2026-07-19T00:00:00Z,Marshall,exact,,,quarterly,149900.0,chart_observation_marked_exact
rally-faubourg,2021-03-31,2021-03-09,74.0,148000.0,chart_observation,rally_app_chart,Rally App,2026-07-19T00:00:00Z,Marshall,exact,,,quarterly,148000.0,chart_observation_marked_exact
rally-faubourg,2021-06-30,2021-05-13,45.5,91000.0,chart_observation,rally_app_chart,Rally App,2026-07-19T00:00:00Z,Marshall,exact,,,quarterly,91000.0,chart_observation_marked_exact
rally-faubourg,2021-09-30,2021-09-28,62.05,124100.0,chart_observation,rally_app_chart,Rally App,2026-07-19T00:00:00Z,Marshall,exact,,,quarterly,124100.0,chart_observation_marked_exact
rally-faubourg,2022-03-31,2022-03-31,45.0,90000.0,chart_observation,rally_app_chart,Rally App,2026-07-19T00:00:00Z,Marshall,exact,,,quarterly,90000.0,chart_observation_marked_exact
rally-faubourg,2022-06-30,2022-06-30,40.0,80000.0,chart_observation,rally_app_chart,Rally App,2026-07-19T00:00:00Z,Marshall,exact,,,quarterly,80000.0,chart_observation_marked_exact
rally-faubourg,2022-09-30,2022-09-30,45.0,90000.0,chart_observation,rally_app_chart,Rally App,2026-07-19T00:00:00Z,Marshall,exact,,,quarterly,90000.0,chart_observation_marked_exact
rally-faubourg,2022-12-31,2022-12-30,57.5,115000.0,chart_observation,rally_app_chart,Rally App,2026-07-19T00:00:00Z,Marshall,exact,,,quarterly,115000.0,chart_observation_marked_exact
rally-faubourg,2023-03-31,2023-03-31,58.7,117400.0,chart_observation,rally_app_chart,Rally App,2026-07-19T00:00:00Z,Marshall,exact,,,quarterly,117400.0,chart_observation_marked_exact
rally-faubourg,2023-06-30,2023-05-30,87.5,175000.0,buyout,rally_app,Rally App,2026-07-19T00:00:00Z,Marshall,exact,Final buyout / exit value.,,quarterly,175000.0,
rally-faubourg2,2021-03-31,2021-01-01T00:00:00Z,15.0,165000.0,offering_price,rally_app,Rally App,2026-07-19T00:00:00Z,Marshall,exact,Initial offering; submitted period_end 2021-01-31 normalized to 2021-Q1 quarter end,,quarterly,165000.0,observed_at_exceeds_quarter_lookback:89d; offering_price_excluded_from_secondary_returns
rally-faubourg2,2021-06-30,2021-06-18T00:00:00Z,14.75,162250.0,chart_observation,rally_app_chart,Rally App,2026-07-19T00:00:00Z,Marshall,exact,,,quarterly,162250.0,chart_observation_marked_exact
rally-faubourg2,2021-09-30,2021-09-03T00:00:00Z,14.0,154000.0,chart_observation,rally_app_chart,Rally App,2026-07-19T00:00:00Z,Marshall,exact,,,quarterly,154000.0,observed_at_exceeds_quarter_lookback:27d; chart_observation_marked_exact
rally-faubourg2,2021-12-31,2022-01-10T00:00:00Z,13.8,151800.0,chart_observation,rally_app_chart,Rally App,2026-07-19T00:00:00Z,Marshall,exact,,,quarterly,151800.0,observed_at_after_period_end; chart_observation_marked_exact
rally-faubourg2,2022-03-31,2022-03-31T00:00:00Z,10.2,112200.0,chart_observation,rally_app_chart,Rally App,2026-07-19T00:00:00Z,Marshall,exact,,,quarterly,112200.0,chart_observation_marked_exact
rally-faubourg2,2022-06-30,2022-06-29T00:00:00Z,10.5,115500.0,chart_observation,rally_app_chart,Rally App,2026-07-19T00:00:00Z,Marshall,exact,,,quarterly,115500.0,chart_observation_marked_exact
rally-faubourg2,2022-09-30,2022-09-30T00:00:00Z,9.0,99000.0,chart_observation,rally_app_chart,Rally App,2026-07-19T00:00:00Z,Marshall,exact,,,quarterly,99000.0,chart_observation_marked_exact
rally-faubourg2,2022-12-31,2022-12-28T00:00:00Z,11.0,121000.0,chart_observation,rally_app_chart,Rally App,2026-07-19T00:00:00Z,Marshall,exact,,,quarterly,121000.0,chart_observation_marked_exact
rally-faubourg2,2023-03-31,2023-03-31T00:00:00Z,11.25,123750.0,chart_observation,rally_app_chart,Rally App,2026-07-19T00:00:00Z,Marshall,exact,,,quarterly,123750.0,chart_observation_marked_exact
rally-faubourg2,2023-06-30,2023-06-29T00:00:00Z,13.75,151250.0,chart_observation,rally_app_chart,Rally App,2026-07-19T00:00:00Z,Marshall,exact,,,quarterly,151250.0,chart_observation_marked_exact
rally-faubourg2,2023-09-30,2023-09-26T00:00:00Z,13.5,148500.0,chart_observation,rally_app_chart,Rally App,2026-07-19T00:00:00Z,Marshall,exact,,,quarterly,148500.0,chart_observation_marked_exact
rally-faubourg2,2023-12-31,2023-12-29T00:00:00Z,12.5,137500.0,chart_observation,rally_app_chart,Rally App,2026-07-19T00:00:00Z,Marshall,exact,,,quarterly,137500.0,chart_observation_marked_exact
rally-faubourg2,2024-03-31,2024-03-27T00:00:00Z,14.5,159500.0,chart_observation,rally_app_chart,Rally App,2026-07-19T00:00:00Z,Marshall,exact,,,quarterly,159500.0,chart_observation_marked_exact
rally-faubourg2,2024-06-30,2024-06-28T00:00:00Z,15.0,165000.0,chart_observation,rally_app_chart,Rally App,2026-07-19T00:00:00Z,Marshall,exact,,,quarterly,165000.0,chart_observation_marked_exact
rally-faubourg2,2024-09-30,2024-09-26T00:00:00Z,15.0,165000.0,chart_observation,rally_app_chart,Rally App,2026-07-19T00:00:00Z,Marshall,exact,,,quarterly,165000.0,chart_observation_marked_exact
rally-faubourg2,2025-03-31,2025-01-06T00:00:00Z,16.5,181500.0,buyout,rally_app,Rally App,2026-07-19T00:00:00Z,Marshall,exact,Final buyout / exit value,,quarterly,181500.0,observed_at_exceeds_quarter_lookback:84d
rally-frost,2019-12-31,2019-12-31T00:00:00Z,67.5,13500.0,offering_price,manual_research,user-provided manual Rally FROST price history,2026-07-25T00:00:00Z,codex,exact,Manually transcribed Rally observation; validated against 200 shares outstanding.,,quarterly,13500.0,offering_price_excluded_from_secondary_returns
rally-frost,2020-03-31,2020-04-21T00:00:00Z,69.85,13970.0,chart_observation,manual_research,user-provided manual Rally FROST price history,2026-07-25T00:00:00Z,codex,exact,Manually transcribed Rally observation; validated against 200 shares outstanding.,,quarterly,13969.999999999998,observed_at_after_period_end; chart_observation_marked_exact
rally-frost,2020-06-30,2020-07-28T00:00:00Z,72.55,14510.0,chart_observation,manual_research,user-provided manual Rally FROST price history,2026-07-25T00:00:00Z,codex,exact,Manually transcribed Rally observation; validated against 200 shares outstanding.,,quarterly,14510.0,observed_at_after_period_end; chart_observation_marked_exact
rally-frost,2020-09-30,2020-10-27T00:00:00Z,73.0,14600.0,chart_observation,manual_research,user-provided manual Rally FROST price history,2026-07-25T00:00:00Z,codex,exact,Manually transcribed Rally observation; validated against 200 shares outstanding.,,quarterly,14600.0,observed_at_after_period_end; chart_observation_marked_exact
rally-frost,2021-03-31,2021-04-06T00:00:00Z,73.0,14600.0,chart_observation,manual_research,user-provided manual Rally FROST price history,2026-07-25T00:00:00Z,codex,exact,Manually transcribed Rally observation; validated against 200 shares outstanding.,,quarterly,14600.0,observed_at_after_period_end; chart_observation_marked_exact
rally-frost,2021-06-30,2021-07-06T00:00:00Z,76.0,15200.0,chart_observation,manual_research,user-provided manual Rally FROST price history,2026-07-25T00:00:00Z,codex,exact,Manually transcribed Rally observation; validated against 200 shares outstanding.,,quarterly,15200.0,observed_at_after_period_end; chart_observation_marked_exact
rally-frost,2021-09-30,2021-11-11T00:00:00Z,80.0,16000.0,chart_observation,manual_research,user-provided manual Rally FROST price history,2026-07-25T00:00:00Z,codex,exact,Manually transcribed Rally observation; validated against 200 shares outstanding.,,quarterly,16000.0,observed_at_after_period_end; chart_observation_marked_exact
rally-frost,2021-12-31,2022-01-24T00:00:00Z,82.5,16500.0,chart_observation,manual_research,user-provided manual Rally FROST price history,2026-07-25T00:00:00Z,codex,exact,Manually transcribed Rally observation; validated against 200 shares outstanding.,,quarterly,16500.0,observed_at_after_period_end; chart_observation_marked_exact
rally-frost,2022-03-31,2022-03-25T00:00:00Z,82.5,16500.0,chart_observation,manual_research,user-provided manual Rally FROST price history,2026-07-25T00:00:00Z,codex,exact,Manually transcribed Rally observation; validated against 200 shares outstanding.,,quarterly,16500.0,chart_observation_marked_exact
rally-frost,2022-04-01,2022-04-01T00:00:00Z,58.0,11600.0,chart_observation,manual_research,user-provided manual Rally FROST price history,2026-07-25T00:00:00Z,codex,exact,Manually transcribed Rally observation preserved at its actual date; non-quarterly row retained because the 2022-03-25 observation is the canonical Q1 2022 representative; validated against 200 shares outstanding.,,weekly,11600.0,chart_observation_marked_exact
rally-frost,2022-06-30,2022-06-30T00:00:00Z,57.5,11500.0,chart_observation,manual_research,user-provided manual Rally FROST price history,2026-07-25T00:00:00Z,codex,exact,Manually transcribed Rally observation; validated against 200 shares outstanding.,,quarterly,11500.0,chart_observation_marked_exact
rally-frost,2022-09-30,2022-09-27T00:00:00Z,57.5,11500.0,chart_observation,manual_research,user-provided manual Rally FROST price history,2026-07-25T00:00:00Z,codex,exact,Manually transcribed Rally observation; validated against 200 shares outstanding.,,quarterly,11500.0,chart_observation_marked_exact
rally-frost,2022-12-31,2022-12-27T00:00:00Z,55.5,11100.0,chart_observation,manual_research,user-provided manual Rally FROST price history,2026-07-25T00:00:00Z,codex,exact,Manually transcribed Rally observation; validated against 200 shares outstanding.,,quarterly,11100.0,chart_observation_marked_exact
rally-frost,2023-03-31,2023-03-31T00:00:00Z,39.0,7800.0,chart_observation,manual_research,user-provided manual Rally FROST price history,2026-07-25T00:00:00Z,codex,exact,Manually transcribed Rally observation; validated against 200 shares outstanding.,,quarterly,7800.0,chart_observation_marked_exact
rally-frost,2023-06-30,2023-06-29T00:00:00Z,45.0,9000.0,chart_observation,manual_research,user-provided manual Rally FROST price history,2026-07-25T00:00:00Z,codex,exact,Manually transcribed Rally observation; validated against 200 shares outstanding.,,quarterly,9000.0,chart_observation_marked_exact
rally-frost,2023-09-30,2023-09-26T00:00:00Z,31.05,6210.0,chart_observation,manual_research,user-provided manual Rally FROST price history,2026-07-25T00:00:00Z,codex,exact,Manually transcribed Rally observation; validated against 200 shares outstanding.,,quarterly,6210.0,chart_observation_marked_exact
rally-frost,2023-12-31,2023-12-29T00:00:00Z,28.25,5650.0,chart_observation,manual_research,user-provided manual Rally FROST price history,2026-07-25T00:00:00Z,codex,exact,Manually transcribed Rally observation; validated against 200 shares outstanding.,,quarterly,5650.0,chart_observation_marked_exact
rally-frost,2024-03-31,2024-03-28T00:00:00Z,39.0,7800.0,chart_observation,manual_research,user-provided manual Rally FROST price history,2026-07-25T00:00:00Z,codex,exact,Manually transcribed Rally observation; validated against 200 shares outstanding.,,quarterly,7800.0,chart_observation_marked_exact
rally-frost,2024-06-30,2024-06-27T00:00:00Z,25.0,5000.0,chart_observation,manual_research,user-provided manual Rally FROST price history,2026-07-25T00:00:00Z,codex,exact,Manually transcribed Rally observation; validated against 200 shares outstanding.,,quarterly,5000.0,chart_observation_marked_exact
rally-frost,2024-09-30,2024-09-24T00:00:00Z,53.95,10790.0,chart_observation,manual_research,user-provided manual Rally FROST price history,2026-07-25T00:00:00Z,codex,exact,Manually transcribed Rally observation; validated against 200 shares outstanding.,,quarterly,10790.0,chart_observation_marked_exact
rally-frost,2024-12-31,2024-12-30T00:00:00Z,50.0,10000.0,chart_observation,manual_research,user-provided manual Rally FROST price history,2026-07-25T00:00:00Z,codex,exact,Manually transcribed Rally observation; validated against 200 shares outstanding.,,quarterly,10000.0,chart_observation_marked_exact
rally-frost,2025-03-31,2025-03-28T00:00:00Z,47.5,9500.0,chart_observation,manual_research,user-provided manual Rally FROST price history,2026-07-25T00:00:00Z,codex,exact,Manually transcribed Rally observation; validated against 200 shares outstanding.,,quarterly,9500.0,chart_observation_marked_exact
rally-frost,2025-06-30,2025-06-25T00:00:00Z,47.5,9500.0,chart_observation,manual_research,user-provided manual Rally FROST price history,2026-07-25T00:00:00Z,codex,exact,Manually transcribed Rally observation; validated against 200 shares outstanding.,,quarterly,9500.0,chart_observation_marked_exact
rally-frost,2025-09-30,2025-09-30T00:00:00Z,47.8,9560.0,chart_observation,manual_research,user-provided manual Rally FROST price history,2026-07-25T00:00:00Z,codex,exact,Manually transcribed Rally observation; validated against 200 shares outstanding.,,quarterly,9560.0,chart_observation_marked_exact
rally-frost,2025-12-31,2025-12-29T00:00:00Z,47.8,9560.0,chart_observation,manual_research,user-provided manual Rally FROST price history,2026-07-25T00:00:00Z,codex,exact,Manually transcribed Rally observation; validated against 200 shares outstanding.,,quarterly,9560.0,chart_observation_marked_exact
rally-frost,2026-03-31,2026-03-27T00:00:00Z,48.5,9700.0,chart_observation,manual_research,user-provided manual Rally FROST price history,2026-07-25T00:00:00Z,codex,exact,Manually transcribed Rally observation; validated against 200 shares outstanding.,,quarterly,9700.0,chart_observation_marked_exact
rally-frost,2026-06-30,2026-06-24T00:00:00Z,48.5,9700.0,chart_observation,manual_research,user-provided manual Rally FROST price history,2026-07-25T00:00:00Z,codex,exact,Manually transcribed Rally observation; validated against 200 shares outstanding.,,quarterly,9700.0,chart_observation_marked_exact
rally-frost,2026-07-09,2026-07-09T00:00:00Z,78.9,15780.0,chart_observation,manual_research,user-provided manual Rally FROST price history,2026-07-25T00:00:00Z,codex,exact,Post-Q2 manually transcribed Rally observation retained as non-quarterly research evidence; intentionally excluded from the Q2 2026 quarterly representative; validated against 200 shares outstanding.,,weekly,15780.0,chart_observation_marked_exact
rally-gatsby,2020-09-30,2020-09-01T00:00:00Z,50.0,200000.0,offering_price,rally_app,Manually transcribed Rally GATSBY price history supplied 2026-07-23,2026-07-23T00:00:00Z,user_provided_manual_research,exact,Initial offering; source supplied month only as Sep 2020.,,quarterly,200000.0,observed_at_exceeds_quarter_lookback:29d; offering_price_excluded_from_secondary_returns
rally-gatsby,2021-03-31,2021-01-05T00:00:00Z,40.1,160400.0,chart_observation,rally_app_chart,Manually transcribed Rally GATSBY price history supplied 2026-07-23,2026-07-23T00:00:00Z,user_provided_manual_research,exact,,,quarterly,160400.0,observed_at_exceeds_quarter_lookback:85d; chart_observation_marked_exact
rally-gatsby,2021-06-30,2021-04-13T00:00:00Z,33.95,135800.0,chart_observation,rally_app_chart,Manually transcribed Rally GATSBY price history supplied 2026-07-23,2026-07-23T00:00:00Z,user_provided_manual_research,exact,,,quarterly,135800.0,observed_at_exceeds_quarter_lookback:78d; chart_observation_marked_exact
rally-gatsby,2021-09-30,2021-07-16T00:00:00Z,33.95,135800.0,chart_observation,rally_app_chart,Manually transcribed Rally GATSBY price history supplied 2026-07-23,2026-07-23T00:00:00Z,user_provided_manual_research,exact,,,quarterly,135800.0,observed_at_exceeds_quarter_lookback:76d; chart_observation_marked_exact
rally-gatsby,2021-12-31,2022-01-03T00:00:00Z,38.0,152000.0,chart_observation,rally_app_chart,Manually transcribed Rally GATSBY price history supplied 2026-07-23,2026-07-23T00:00:00Z,user_provided_manual_research,exact,,,quarterly,152000.0,observed_at_after_period_end; chart_observation_marked_exact
rally-gatsby,2022-03-31,2022-03-29T00:00:00Z,29.45,117800.0,chart_observation,rally_app_chart,Manually transcribed Rally GATSBY price history supplied 2026-07-23,2026-07-23T00:00:00Z,user_provided_manual_research,exact,,,quarterly,117800.0,chart_observation_marked_exact
rally-gatsby,2022-06-30,2022-06-27T00:00:00Z,29.0,116000.0,chart_observation,rally_app_chart,Manually transcribed Rally GATSBY price history supplied 2026-07-23,2026-07-23T00:00:00Z,user_provided_manual_research,exact,,,quarterly,116000.0,chart_observation_marked_exact
rally-gatsby,2022-09-30,2022-09-29T00:00:00Z,19.1,76400.0,chart_observation,rally_app_chart,Manually transcribed Rally GATSBY price history supplied 2026-07-23,2026-07-23T00:00:00Z,user_provided_manual_research,exact,,,quarterly,76400.0,chart_observation_marked_exact
rally-gatsby,2022-12-31,2022-12-27T00:00:00Z,20.0,80000.0,chart_observation,rally_app_chart,Manually transcribed Rally GATSBY price history supplied 2026-07-23,2026-07-23T00:00:00Z,user_provided_manual_research,exact,,,quarterly,80000.0,chart_observation_marked_exact
rally-gatsby,2023-03-31,2023-03-31T00:00:00Z,23.0,92000.0,chart_observation,rally_app_chart,Manually transcribed Rally GATSBY price history supplied 2026-07-23,2026-07-23T00:00:00Z,user_provided_manual_research,exact,,,quarterly,92000.0,chart_observation_marked_exact
rally-gatsby,2023-06-30,2023-06-28T00:00:00Z,22.25,89000.0,chart_observation,rally_app_chart,Manually transcribed Rally GATSBY price history supplied 2026-07-23,2026-07-23T00:00:00Z,user_provided_manual_research,exact,,,quarterly,89000.0,chart_observation_marked_exact
rally-gatsby,2023-09-30,2023-09-25T00:00:00Z,22.5,90000.0,chart_observation,rally_app_chart,Manually transcribed Rally GATSBY price history supplied 2026-07-23,2026-07-23T00:00:00Z,user_provided_manual_research,exact,,,quarterly,90000.0,chart_observation_marked_exact
rally-gatsby,2023-12-31,2023-12-28T00:00:00Z,22.4,89600.0,chart_observation,rally_app_chart,Manually transcribed Rally GATSBY price history supplied 2026-07-23,2026-07-23T00:00:00Z,user_provided_manual_research,exact,,,quarterly,89600.0,chart_observation_marked_exact
rally-gatsby,2024-03-31,2024-03-25T00:00:00Z,23.0,92000.0,chart_observation,rally_app_chart,Manually transcribed Rally GATSBY price history supplied 2026-07-23,2026-07-23T00:00:00Z,user_provided_manual_research,exact,,,quarterly,92000.0,chart_observation_marked_exact
rally-gatsby,2024-06-30,2024-06-28T00:00:00Z,26.5,106000.0,chart_observation,rally_app_chart,Manually transcribed Rally GATSBY price history supplied 2026-07-23,2026-07-23T00:00:00Z,user_provided_manual_research,exact,,,quarterly,106000.0,chart_observation_marked_exact
rally-gatsby,2024-09-30,2024-09-25T00:00:00Z,25.0,100000.0,chart_observation,rally_app_chart,Manually transcribed Rally GATSBY price history supplied 2026-07-23,2026-07-23T00:00:00Z,user_provided_manual_research,exact,,,quarterly,100000.0,chart_observation_marked_exact
rally-gatsby,2024-12-31,2024-12-30T00:00:00Z,25.95,103800.0,chart_observation,rally_app_chart,Manually transcribed Rally GATSBY price history supplied 2026-07-23,2026-07-23T00:00:00Z,user_provided_manual_research,exact,,,quarterly,103800.0,chart_observation_marked_exact
rally-gatsby,2025-03-31,2025-03-27T00:00:00Z,18.5,74000.0,chart_observation,rally_app_chart,Manually transcribed Rally GATSBY price history supplied 2026-07-23,2026-07-23T00:00:00Z,user_provided_manual_research,exact,,,quarterly,74000.0,chart_observation_marked_exact
rally-gatsby,2025-06-30,2025-06-24T00:00:00Z,22.0,88000.0,chart_observation,rally_app_chart,Manually transcribed Rally GATSBY price history supplied 2026-07-23,2026-07-23T00:00:00Z,user_provided_manual_research,exact,,,quarterly,88000.0,chart_observation_marked_exact
rally-gatsby,2025-09-30,2025-09-26T00:00:00Z,20.0,80000.0,chart_observation,rally_app_chart,Manually transcribed Rally GATSBY price history supplied 2026-07-23,2026-07-23T00:00:00Z,user_provided_manual_research,exact,,,quarterly,80000.0,chart_observation_marked_exact
rally-gatsby,2025-12-31,2025-12-31T00:00:00Z,21.9,87600.0,chart_observation,rally_app_chart,Manually transcribed Rally GATSBY price history supplied 2026-07-23,2026-07-23T00:00:00Z,user_provided_manual_research,exact,,,quarterly,87600.0,chart_observation_marked_exact
rally-gatsby,2026-03-31,2026-03-30T00:00:00Z,21.0,84000.0,chart_observation,rally_app_chart,Manually transcribed Rally GATSBY price history supplied 2026-07-23,2026-07-23T00:00:00Z,user_provided_manual_research,exact,,,quarterly,84000.0,chart_observation_marked_exact
rally-gatsby,2026-06-30,2026-06-26T00:00:00Z,24.0,96000.0,chart_observation,rally_app_chart,Manually transcribed Rally GATSBY price history supplied 2026-07-23,2026-07-23T00:00:00Z,user_provided_manual_research,exact,,,quarterly,96000.0,chart_observation_marked_exact
rally-gmtblack1,2020-06-30,2020-06-19T00:00:00Z,28.0,28000.0,offering_price,rally_app,Rally App,2026-07-12T00:00:00Z,Marshall,exact,Initial offering,,quarterly,28000.0,offering_price_excluded_from_secondary_returns
rally-gmtblack1,2020-09-30,2020-10-13T00:00:00Z,28.0,28000.0,chart_observation,rally_app_chart,Rally App,2026-07-12T00:00:00Z,Marshall,exact,Nearest available observation occurred after quarter-end,,quarterly,28000.0,observed_at_after_period_end; chart_observation_marked_exact
rally-gmtblack1,2020-12-31,2021-01-14T00:00:00Z,28.0,28000.0,chart_observation,rally_app_chart,Rally App,2026-07-12T00:00:00Z,Marshall,exact,Nearest available observation occurred after quarter-end,,quarterly,28000.0,observed_at_after_period_end; chart_observation_marked_exact
rally-gmtblack1,2021-03-31,2021-03-18T00:00:00Z,25.0,25000.0,chart_observation,rally_app_chart,Rally App,2026-07-12T00:00:00Z,Marshall,exact,,,quarterly,25000.0,chart_observation_marked_exact
rally-gmtblack1,2021-06-30,2021-06-01T00:00:00Z,25.5,25500.0,chart_observation,rally_app_chart,Rally App,2026-07-12T00:00:00Z,Marshall,exact,,,quarterly,25500.0,observed_at_exceeds_quarter_lookback:29d; chart_observation_marked_exact
rally-gmtblack1,2021-09-30,2021-08-19T00:00:00Z,28.0,28000.0,chart_observation,rally_app_chart,Rally App,2026-07-12T00:00:00Z,Marshall,exact,,,quarterly,28000.0,observed_at_exceeds_quarter_lookback:42d; chart_observation_marked_exact
rally-gmtblack1,2021-12-31,2022-01-10T00:00:00Z,26.0,26000.0,chart_observation,rally_app_chart,Rally App,2026-07-12T00:00:00Z,Marshall,exact,Nearest available observation occurred after quarter-end,,quarterly,26000.0,observed_at_after_period_end; chart_observation_marked_exact
rally-gmtblack1,2022-03-31,2022-03-28T00:00:00Z,26.3,26300.0,chart_observation,rally_app_chart,Rally App,2026-07-12T00:00:00Z,Marshall,exact,,,quarterly,26300.0,chart_observation_marked_exact
rally-gmtblack1,2022-06-30,2022-06-29T00:00:00Z,25.5,25500.0,chart_observation,rally_app_chart,Rally App,2026-07-12T00:00:00Z,Marshall,exact,,,quarterly,25500.0,chart_observation_marked_exact
rally-gmtblack1,2022-09-30,2022-09-26T00:00:00Z,26.65,26650.0,chart_observation,rally_app_chart,Rally App,2026-07-12T00:00:00Z,Marshall,exact,,,quarterly,26650.0,chart_observation_marked_exact
rally-gmtblack1,2022-12-31,2022-12-28T00:00:00Z,26.65,26650.0,chart_observation,rally_app_chart,Rally App,2026-07-12T00:00:00Z,Marshall,exact,,,quarterly,26650.0,chart_observation_marked_exact
rally-gmtblack1,2023-03-31,2023-03-27T00:00:00Z,26.65,26650.0,chart_observation,rally_app_chart,Rally App,2026-07-12T00:00:00Z,Marshall,exact,,,quarterly,26650.0,chart_observation_marked_exact
rally-gmtblack1,2023-06-30,2023-06-28T00:00:00Z,26.25,26250.0,chart_observation,rally_app_chart,Rally App,2026-07-12T00:00:00Z,Marshall,exact,,,quarterly,26250.0,chart_observation_marked_exact
rally-gmtblack1,2023-09-30,2023-09-29T00:00:00Z,25.1,25100.0,chart_observation,rally_app_chart,Rally App,2026-07-12T00:00:00Z,Marshall,exact,,,quarterly,25100.0,chart_observation_marked_exact
rally-gmtblack1,2023-12-31,2023-12-29T00:00:00Z,25.5,25500.0,chart_observation,rally_app_chart,Rally App,2026-07-12T00:00:00Z,Marshall,exact,,,quarterly,25500.0,chart_observation_marked_exact
rally-gmtblack1,2024-03-31,2024-03-22T00:00:00Z,24.0,24000.0,chart_observation,rally_app_chart,Rally App,2026-07-12T00:00:00Z,Marshall,exact,,,quarterly,24000.0,chart_observation_marked_exact
rally-gmtblack1,2024-06-30,2024-06-26T00:00:00Z,22.25,22250.0,chart_observation,rally_app_chart,Rally App,2026-07-12T00:00:00Z,Marshall,exact,,,quarterly,22250.0,chart_observation_marked_exact
rally-gmtblack1,2024-09-30,2024-09-27T00:00:00Z,25.45,25450.0,chart_observation,rally_app_chart,Rally App,2026-07-12T00:00:00Z,Marshall,exact,,,quarterly,25450.0,chart_observation_marked_exact
rally-gmtblack1,2024-12-31,2024-12-31T00:00:00Z,30.0,30000.0,chart_observation,rally_app_chart,Rally App,2026-07-12T00:00:00Z,Marshall,exact,,,quarterly,30000.0,chart_observation_marked_exact
rally-gmtblack1,2025-03-31,2025-03-28T00:00:00Z,29.95,29950.0,chart_observation,rally_app_chart,Rally App,2026-07-12T00:00:00Z,Marshall,exact,,,quarterly,29950.0,chart_observation_marked_exact
rally-gmtblack1,2025-06-30,2025-06-24T00:00:00Z,29.95,29950.0,chart_observation,rally_app_chart,Rally App,2026-07-12T00:00:00Z,Marshall,exact,,,quarterly,29950.0,chart_observation_marked_exact
rally-gmtblack1,2025-09-30,2025-09-26T00:00:00Z,23.75,23750.0,chart_observation,rally_app_chart,Rally App,2026-07-12T00:00:00Z,Marshall,exact,,,quarterly,23750.0,chart_observation_marked_exact
rally-gmtblack1,2025-12-31,2025-12-30T00:00:00Z,21.0,21000.0,chart_observation,rally_app_chart,Rally App,2026-07-12T00:00:00Z,Marshall,exact,,,quarterly,21000.0,chart_observation_marked_exact
rally-gmtblack1,2026-03-31,2026-03-27T00:00:00Z,27.6,27600.0,chart_observation,rally_app_chart,Rally App,2026-07-12T00:00:00Z,Marshall,exact,,,quarterly,27600.0,chart_observation_marked_exact
rally-gmtblack1,2026-06-30,2026-06-30T00:00:00Z,28.5,28500.0,chart_observation,rally_app_chart,Rally App,2026-07-12T00:00:00Z,Marshall,exact,,,quarterly,28500.0,chart_observation_marked_exact
rally-grapes,2020-12-31,2020-12-31T00:00:00Z,19.5,39000.0,offering_price,manual_research,user-provided manual Rally GRAPES price history,2026-07-25T00:00:00Z,codex,exact,Manually transcribed Rally observation; validated against 2000 shares outstanding.,,quarterly,39000.0,offering_price_excluded_from_secondary_returns
rally-grapes,2021-03-31,2021-03-16T00:00:00Z,19.45,38900.0,chart_observation,manual_research,user-provided manual Rally GRAPES price history,2026-07-25T00:00:00Z,codex,exact,Manually transcribed Rally observation; validated against 2000 shares outstanding.,,quarterly,38900.0,observed_at_exceeds_quarter_lookback:15d; chart_observation_marked_exact
rally-grapes,2021-06-30,2021-06-03T00:00:00Z,19.45,38900.0,chart_observation,manual_research,user-provided manual Rally GRAPES price history,2026-07-25T00:00:00Z,codex,exact,Manually transcribed Rally observation; validated against 2000 shares outstanding.,,quarterly,38900.0,observed_at_exceeds_quarter_lookback:27d; chart_observation_marked_exact
rally-grapes,2021-09-30,2021-10-01T00:00:00Z,19.4,38800.0,chart_observation,manual_research,user-provided manual Rally GRAPES price history,2026-07-25T00:00:00Z,codex,exact,Manually transcribed Rally observation; validated against 2000 shares outstanding.,,quarterly,38800.0,observed_at_after_period_end; chart_observation_marked_exact
rally-grapes,2022-03-31,2022-03-28T00:00:00Z,15.75,31500.0,chart_observation,manual_research,user-provided manual Rally GRAPES price history,2026-07-25T00:00:00Z,codex,exact,Manually transcribed Rally observation; validated against 2000 shares outstanding.,,quarterly,31500.0,chart_observation_marked_exact
rally-grapes,2022-06-30,2022-06-30T00:00:00Z,18.5,37000.0,chart_observation,manual_research,user-provided manual Rally GRAPES price history,2026-07-25T00:00:00Z,codex,exact,Manually transcribed Rally observation; validated against 2000 shares outstanding.,,quarterly,37000.0,chart_observation_marked_exact
rally-grapes,2022-09-30,2022-09-26T00:00:00Z,16.4,32800.0,chart_observation,manual_research,user-provided manual Rally GRAPES price history,2026-07-25T00:00:00Z,codex,exact,Manually transcribed Rally observation; validated against 2000 shares outstanding.,,quarterly,32800.0,chart_observation_marked_exact
rally-grapes,2022-12-31,2022-12-29T00:00:00Z,10.0,20000.0,chart_observation,manual_research,user-provided manual Rally GRAPES price history,2026-07-25T00:00:00Z,codex,exact,Manually transcribed Rally observation; validated against 2000 shares outstanding.,,quarterly,20000.0,chart_observation_marked_exact
rally-grapes,2023-03-31,2023-03-27T00:00:00Z,15.0,30000.0,chart_observation,manual_research,user-provided manual Rally GRAPES price history,2026-07-25T00:00:00Z,codex,exact,Manually transcribed Rally observation; validated against 2000 shares outstanding.,,quarterly,30000.0,chart_observation_marked_exact
rally-grapes,2023-06-30,2023-06-29T00:00:00Z,14.0,28000.0,chart_observation,manual_research,user-provided manual Rally GRAPES price history,2026-07-25T00:00:00Z,codex,exact,Manually transcribed Rally observation; validated against 2000 shares outstanding.,,quarterly,28000.0,chart_observation_marked_exact
rally-grapes,2023-09-30,2023-09-25T00:00:00Z,14.75,29500.0,chart_observation,manual_research,user-provided manual Rally GRAPES price history,2026-07-25T00:00:00Z,codex,exact,Manually transcribed Rally observation; validated against 2000 shares outstanding.,,quarterly,29500.0,chart_observation_marked_exact
rally-grapes,2023-12-31,2023-12-29T00:00:00Z,13.0,26000.0,chart_observation,manual_research,user-provided manual Rally GRAPES price history,2026-07-25T00:00:00Z,codex,exact,Manually transcribed Rally observation; validated against 2000 shares outstanding.,,quarterly,26000.0,chart_observation_marked_exact
rally-grapes,2024-03-31,2024-03-25T00:00:00Z,9.25,18500.0,chart_observation,manual_research,user-provided manual Rally GRAPES price history,2026-07-25T00:00:00Z,codex,exact,Manually transcribed Rally observation; validated against 2000 shares outstanding.,,quarterly,18500.0,chart_observation_marked_exact
rally-grapes,2024-06-30,2024-06-26T00:00:00Z,12.95,25900.0,chart_observation,manual_research,user-provided manual Rally GRAPES price history,2026-07-25T00:00:00Z,codex,exact,Manually transcribed Rally observation; validated against 2000 shares outstanding.,,quarterly,25900.0,chart_observation_marked_exact
rally-grapes,2024-09-30,2024-09-27T00:00:00Z,12.95,25900.0,chart_observation,manual_research,user-provided manual Rally GRAPES price history,2026-07-25T00:00:00Z,codex,exact,Manually transcribed Rally observation; validated against 2000 shares outstanding.,,quarterly,25900.0,chart_observation_marked_exact
rally-grapes,2024-12-31,2024-12-31T00:00:00Z,10.25,20500.0,chart_observation,manual_research,user-provided manual Rally GRAPES price history,2026-07-25T00:00:00Z,codex,exact,Manually transcribed Rally observation; validated against 2000 shares outstanding.,,quarterly,20500.0,chart_observation_marked_exact
rally-grapes,2025-03-31,2025-03-28T00:00:00Z,11.0,22000.0,chart_observation,manual_research,user-provided manual Rally GRAPES price history,2026-07-25T00:00:00Z,codex,exact,Manually transcribed Rally observation; validated against 2000 shares outstanding.,,quarterly,22000.0,chart_observation_marked_exact
rally-grapes,2025-06-30,2025-06-24T00:00:00Z,8.95,17900.0,chart_observation,manual_research,user-provided manual Rally GRAPES price history,2026-07-25T00:00:00Z,codex,exact,Manually transcribed Rally observation; validated against 2000 shares outstanding.,,quarterly,17900.0,chart_observation_marked_exact
rally-grapes,2025-12-31,2025-12-29T00:00:00Z,9.5,19000.0,chart_observation,manual_research,user-provided manual Rally GRAPES price history,2026-07-25T00:00:00Z,codex,exact,Manually transcribed Rally observation; validated against 2000 shares outstanding.,,quarterly,19000.0,chart_observation_marked_exact
rally-grapes,2026-03-31,2026-03-27T00:00:00Z,9.0,18000.0,chart_observation,manual_research,user-provided manual Rally GRAPES price history,2026-07-25T00:00:00Z,codex,exact,Manually transcribed Rally observation; validated against 2000 shares outstanding.,,quarterly,18000.0,chart_observation_marked_exact
rally-grapes,2026-06-30,2026-06-29T00:00:00Z,12.95,25900.0,chart_observation,manual_research,user-provided manual Rally GRAPES price history,2026-07-25T00:00:00Z,codex,exact,Manually transcribed Rally observation; validated against 2000 shares outstanding.,,quarterly,25900.0,chart_observation_marked_exact
rally-grateful1,2022-12-31,2022-10-21T00:00:00Z,10.0,125000.0,offering_price,manual_research,User-provided manual Rally GRATEFUL1 Art price history,2026-07-27T00:00:00Z,OpenAI Codex,exact,Manually transcribed Rally observation; validated against 12500 authoritative Art master shares outstanding. Offering price and initial market cap reconcile to the authoritative Art master.,,quarterly,125000.0,offering_price_excluded_from_secondary_returns
rally-grateful1,2023-03-31,2023-03-29T00:00:00Z,14.9,186250.0,chart_observation,manual_research,User-provided manual Rally GRATEFUL1 Art price history,2026-07-27T00:00:00Z,OpenAI Codex,exact,Manually transcribed Rally observation; validated against 12500 authoritative Art master shares outstanding.,,quarterly,186250.0,chart_observation_marked_exact
rally-grateful1,2023-06-30,2023-06-29T00:00:00Z,12.5,156250.0,chart_observation,manual_research,User-provided manual Rally GRATEFUL1 Art price history,2026-07-27T00:00:00Z,OpenAI Codex,exact,Manually transcribed Rally observation; validated against 12500 authoritative Art master shares outstanding.,,quarterly,156250.0,chart_observation_marked_exact
rally-grateful1,2023-09-30,2023-09-29T00:00:00Z,13.8,172500.0,chart_observation,manual_research,User-provided manual Rally GRATEFUL1 Art price history,2026-07-27T00:00:00Z,OpenAI Codex,exact,Manually transcribed Rally observation; validated against 12500 authoritative Art master shares outstanding.,,quarterly,172500.0,chart_observation_marked_exact
rally-grateful1,2023-12-31,2023-12-29T00:00:00Z,13.3,166250.0,chart_observation,manual_research,User-provided manual Rally GRATEFUL1 Art price history,2026-07-27T00:00:00Z,OpenAI Codex,exact,Manually transcribed Rally observation; validated against 12500 authoritative Art master shares outstanding.,,quarterly,166250.0,chart_observation_marked_exact
rally-grateful1,2024-03-31,2024-03-26T00:00:00Z,10.5,131250.0,chart_observation,manual_research,User-provided manual Rally GRATEFUL1 Art price history,2026-07-27T00:00:00Z,OpenAI Codex,exact,Manually transcribed Rally observation; validated against 12500 authoritative Art master shares outstanding.,,quarterly,131250.0,chart_observation_marked_exact
rally-grateful1,2024-06-30,2024-06-26T00:00:00Z,11.5,143750.0,chart_observation,manual_research,User-provided manual Rally GRATEFUL1 Art price history,2026-07-27T00:00:00Z,OpenAI Codex,exact,Manually transcribed Rally observation; validated against 12500 authoritative Art master shares outstanding.,,quarterly,143750.0,chart_observation_marked_exact
rally-grateful1,2024-09-30,2024-09-30T00:00:00Z,12.9,161250.0,chart_observation,manual_research,User-provided manual Rally GRATEFUL1 Art price history,2026-07-27T00:00:00Z,OpenAI Codex,exact,Manually transcribed Rally observation; validated against 12500 authoritative Art master shares outstanding.,,quarterly,161250.0,chart_observation_marked_exact
rally-grateful1,2024-12-31,2024-12-31T00:00:00Z,10.3,128750.0,chart_observation,manual_research,User-provided manual Rally GRATEFUL1 Art price history,2026-07-27T00:00:00Z,OpenAI Codex,exact,Manually transcribed Rally observation; validated against 12500 authoritative Art master shares outstanding.,,quarterly,128750.0,chart_observation_marked_exact
rally-grateful1,2025-03-31,2025-03-28T00:00:00Z,12.5,156250.0,chart_observation,manual_research,User-provided manual Rally GRATEFUL1 Art price history,2026-07-27T00:00:00Z,OpenAI Codex,exact,Manually transcribed Rally observation; validated against 12500 authoritative Art master shares outstanding.,,quarterly,156250.0,chart_observation_marked_exact
rally-grateful1,2025-06-30,2025-06-30T00:00:00Z,11.0,137500.0,chart_observation,manual_research,User-provided manual Rally GRATEFUL1 Art price history,2026-07-27T00:00:00Z,OpenAI Codex,exact,Manually transcribed Rally observation; validated against 12500 authoritative Art master shares outstanding.,,quarterly,137500.0,chart_observation_marked_exact
rally-grateful1,2025-09-30,2025-09-29T00:00:00Z,10.3,128750.0,chart_observation,manual_research,User-provided manual Rally GRATEFUL1 Art price history,2026-07-27T00:00:00Z,OpenAI Codex,exact,Manually transcribed Rally observation; validated against 12500 authoritative Art master shares outstanding.,,quarterly,128750.0,chart_observation_marked_exact
rally-grateful1,2025-12-31,2025-12-30T00:00:00Z,9.95,124375.0,chart_observation,manual_research,User-provided manual Rally GRATEFUL1 Art price history,2026-07-27T00:00:00Z,OpenAI Codex,exact,Manually transcribed Rally observation; validated against 12500 authoritative Art master shares outstanding.,,quarterly,124375.0,chart_observation_marked_exact
rally-grateful1,2026-03-31,2026-03-27T00:00:00Z,8.1,101250.0,chart_observation,manual_research,User-provided manual Rally GRATEFUL1 Art price history,2026-07-27T00:00:00Z,OpenAI Codex,exact,Manually transcribed Rally observation; validated against 12500 authoritative Art master shares outstanding.,,quarterly,101250.0,chart_observation_marked_exact
rally-grateful1,2026-06-30,2026-06-29T00:00:00Z,7.2,90000.0,chart_observation,manual_research,User-provided manual Rally GRATEFUL1 Art price history,2026-07-27T00:00:00Z,OpenAI Codex,exact,Manually transcribed Rally observation; validated against 12500 authoritative Art master shares outstanding.,,quarterly,90000.0,chart_observation_marked_exact
rally-gwtw,2022-03-31,2022-02-01T00:00:00Z,5.0,25000.0,offering_price,manual_research,user-provided manual Rally GWTW price history,2026-07-23T00:00:00Z,codex,exact,Manually transcribed Rally offering observation; month-only February 2022 offering date stored as existing master offering date; validated against 5000 shares outstanding.,,quarterly,25000.0,observed_at_exceeds_quarter_lookback:58d; offering_price_excluded_from_secondary_returns
rally-gwtw,2022-09-30,2022-09-26T00:00:00Z,4.0,20000.0,chart_observation,manual_research,user-provided manual Rally GWTW price history,2026-07-23T00:00:00Z,codex,exact,Manually transcribed Rally observation; validated against 5000 shares outstanding.,,quarterly,20000.0,chart_observation_marked_exact
rally-gwtw,2022-12-31,2022-12-30T00:00:00Z,4.85,24250.0,chart_observation,manual_research,user-provided manual Rally GWTW price history,2026-07-23T00:00:00Z,codex,exact,Manually transcribed Rally observation; validated against 5000 shares outstanding.,,quarterly,24250.0,chart_observation_marked_exact
rally-gwtw,2023-03-31,2023-03-29T00:00:00Z,3.25,16250.0,chart_observation,manual_research,user-provided manual Rally GWTW price history,2026-07-23T00:00:00Z,codex,exact,Manually transcribed Rally observation; validated against 5000 shares outstanding.,,quarterly,16250.0,chart_observation_marked_exact
rally-gwtw,2023-06-30,2023-06-30T00:00:00Z,3.3,16500.0,chart_observation,manual_research,user-provided manual Rally GWTW price history,2026-07-23T00:00:00Z,codex,exact,Manually transcribed Rally observation; validated against 5000 shares outstanding.,,quarterly,16500.0,chart_observation_marked_exact
rally-gwtw,2023-09-30,2023-09-26T00:00:00Z,4.0,20000.0,chart_observation,manual_research,user-provided manual Rally GWTW price history,2026-07-23T00:00:00Z,codex,exact,Manually transcribed Rally observation; validated against 5000 shares outstanding.,,quarterly,20000.0,chart_observation_marked_exact
rally-gwtw,2023-12-31,2023-12-29T00:00:00Z,2.9,14500.0,chart_observation,manual_research,user-provided manual Rally GWTW price history,2026-07-23T00:00:00Z,codex,exact,Manually transcribed Rally observation; validated against 5000 shares outstanding.,,quarterly,14500.0,chart_observation_marked_exact
rally-gwtw,2024-03-31,2024-03-28T00:00:00Z,2.5,12500.0,chart_observation,manual_research,user-provided manual Rally GWTW price history,2026-07-23T00:00:00Z,codex,exact,Manually transcribed Rally observation; validated against 5000 shares outstanding.,,quarterly,12500.0,chart_observation_marked_exact
rally-gwtw,2024-06-30,2024-06-25T00:00:00Z,2.55,12750.0,chart_observation,manual_research,user-provided manual Rally GWTW price history,2026-07-23T00:00:00Z,codex,exact,Manually transcribed Rally observation; validated against 5000 shares outstanding.,,quarterly,12750.0,chart_observation_marked_exact
rally-gwtw,2024-09-30,2024-09-26T00:00:00Z,2.75,13750.0,chart_observation,manual_research,user-provided manual Rally GWTW price history,2026-07-23T00:00:00Z,codex,exact,Manually transcribed Rally observation; validated against 5000 shares outstanding.,,quarterly,13750.0,chart_observation_marked_exact
rally-gwtw,2024-12-31,2024-12-27T00:00:00Z,2.95,14750.0,chart_observation,manual_research,user-provided manual Rally GWTW price history,2026-07-23T00:00:00Z,codex,exact,Manually transcribed Rally observation; validated against 5000 shares outstanding.,,quarterly,14750.0,chart_observation_marked_exact
rally-gwtw,2025-03-31,2025-03-31T00:00:00Z,2.55,12750.0,chart_observation,manual_research,user-provided manual Rally GWTW price history,2026-07-23T00:00:00Z,codex,exact,Manually transcribed Rally observation; validated against 5000 shares outstanding.,,quarterly,12750.0,chart_observation_marked_exact
rally-gwtw,2025-06-30,2025-06-26T00:00:00Z,2.6,13000.0,chart_observation,manual_research,user-provided manual Rally GWTW price history,2026-07-23T00:00:00Z,codex,exact,Manually transcribed Rally observation; validated against 5000 shares outstanding.,,quarterly,13000.0,chart_observation_marked_exact
rally-gwtw,2025-09-30,2025-09-26T00:00:00Z,1.9,9500.0,chart_observation,manual_research,user-provided manual Rally GWTW price history,2026-07-23T00:00:00Z,codex,exact,Manually transcribed Rally observation; validated against 5000 shares outstanding.,,quarterly,9500.0,chart_observation_marked_exact
rally-gwtw,2025-12-31,2025-12-29T00:00:00Z,4.0,20000.0,chart_observation,manual_research,user-provided manual Rally GWTW price history,2026-07-23T00:00:00Z,codex,exact,Manually transcribed Rally observation; validated against 5000 shares outstanding.,,quarterly,20000.0,chart_observation_marked_exact
rally-gwtw,2026-03-31,2026-03-26T00:00:00Z,3.75,18750.0,chart_observation,manual_research,user-provided manual Rally GWTW price history,2026-07-23T00:00:00Z,codex,exact,Manually transcribed Rally observation; validated against 5000 shares outstanding.,,quarterly,18750.0,chart_observation_marked_exact
rally-gwtw,2026-06-30,2026-06-26T00:00:00Z,3.4,17000.0,chart_observation,manual_research,user-provided manual Rally GWTW price history,2026-07-23T00:00:00Z,codex,exact,Manually transcribed Rally observation; validated against 5000 shares outstanding.,,quarterly,17000.0,chart_observation_marked_exact
rally-hgwells,2021-06-30,2021-06-01T00:00:00Z,6.2,46500.0,offering_price,manual_research,User supplied Rally quarterly chart transcription for #HGWELLS,2026-07-22T00:00:00Z,OpenAI Codex,exact,Initial June 2021 offering reference value; market cap validated with 7500 shares outstanding.,,quarterly,46500.0,observed_at_exceeds_quarter_lookback:29d; offering_price_excluded_from_secondary_returns
rally-hgwells,2021-09-30,2021-11-01T00:00:00Z,5.85,43875.0,chart_observation,manual_research,User supplied Rally quarterly chart transcription for #HGWELLS,2026-07-22T00:00:00Z,OpenAI Codex,chart_estimate,Actual observed_at date preserved; nearest available observation after 2021 Q3 quarter end.,,quarterly,43875.0,observed_at_after_period_end
rally-hgwells,2022-03-31,2022-03-29T00:00:00Z,4.0,30000.0,chart_observation,manual_research,User supplied Rally quarterly chart transcription for #HGWELLS,2026-07-22T00:00:00Z,OpenAI Codex,chart_estimate,Market cap validated with 7500 shares outstanding.,,quarterly,30000.0,
rally-hgwells,2022-06-30,2022-06-27T00:00:00Z,4.25,31875.0,chart_observation,manual_research,User supplied Rally quarterly chart transcription for #HGWELLS,2026-07-22T00:00:00Z,OpenAI Codex,chart_estimate,Market cap validated with 7500 shares outstanding.,,quarterly,31875.0,
rally-hgwells,2022-12-31,2022-12-30T00:00:00Z,3.4,25500.0,chart_observation,manual_research,User supplied Rally quarterly chart transcription for #HGWELLS,2026-07-22T00:00:00Z,OpenAI Codex,chart_estimate,Market cap validated with 7500 shares outstanding.,,quarterly,25500.0,
rally-hgwells,2023-03-31,2023-03-30T00:00:00Z,3.4,25500.0,chart_observation,manual_research,User supplied Rally quarterly chart transcription for #HGWELLS,2026-07-22T00:00:00Z,OpenAI Codex,chart_estimate,Market cap validated with 7500 shares outstanding.,,quarterly,25500.0,
rally-hgwells,2023-06-30,2023-06-27T00:00:00Z,2.95,22125.0,chart_observation,manual_research,User supplied Rally quarterly chart transcription for #HGWELLS,2026-07-22T00:00:00Z,OpenAI Codex,chart_estimate,Market cap validated with 7500 shares outstanding.,,quarterly,22125.0,
rally-hgwells,2023-09-30,2023-09-29T00:00:00Z,2.0,15000.0,chart_observation,manual_research,User supplied Rally quarterly chart transcription for #HGWELLS,2026-07-22T00:00:00Z,OpenAI Codex,chart_estimate,Market cap validated with 7500 shares outstanding.,,quarterly,15000.0,
rally-hgwells,2023-12-31,2023-12-29T00:00:00Z,2.0,15000.0,chart_observation,manual_research,User supplied Rally quarterly chart transcription for #HGWELLS,2026-07-22T00:00:00Z,OpenAI Codex,chart_estimate,Market cap validated with 7500 shares outstanding.,,quarterly,15000.0,
rally-hgwells,2024-03-31,2024-03-25T00:00:00Z,2.7,20250.0,chart_observation,manual_research,User supplied Rally quarterly chart transcription for #HGWELLS,2026-07-22T00:00:00Z,OpenAI Codex,chart_estimate,Market cap validated with 7500 shares outstanding.,,quarterly,20250.0,
rally-hgwells,2024-06-30,2024-06-27T00:00:00Z,2.4,18000.0,chart_observation,manual_research,User supplied Rally quarterly chart transcription for #HGWELLS,2026-07-22T00:00:00Z,OpenAI Codex,chart_estimate,Market cap validated with 7500 shares outstanding.,,quarterly,18000.0,
rally-hgwells,2024-09-30,2024-09-30T00:00:00Z,2.75,20625.0,chart_observation,manual_research,User supplied Rally quarterly chart transcription for #HGWELLS,2026-07-22T00:00:00Z,OpenAI Codex,chart_estimate,Market cap validated with 7500 shares outstanding.,,quarterly,20625.0,
rally-hgwells,2024-12-31,2024-12-26T00:00:00Z,2.5,18750.0,chart_observation,manual_research,User supplied Rally quarterly chart transcription for #HGWELLS,2026-07-22T00:00:00Z,OpenAI Codex,chart_estimate,Market cap validated with 7500 shares outstanding.,,quarterly,18750.0,
rally-hgwells,2025-03-31,2025-03-31T00:00:00Z,2.5,18750.0,chart_observation,manual_research,User supplied Rally quarterly chart transcription for #HGWELLS,2026-07-22T00:00:00Z,OpenAI Codex,chart_estimate,Market cap validated with 7500 shares outstanding.,,quarterly,18750.0,
rally-hgwells,2025-06-30,2025-06-27T00:00:00Z,2.5,18750.0,chart_observation,manual_research,User supplied Rally quarterly chart transcription for #HGWELLS,2026-07-22T00:00:00Z,OpenAI Codex,chart_estimate,Market cap validated with 7500 shares outstanding.,,quarterly,18750.0,
rally-hgwells,2025-09-30,2025-09-30T00:00:00Z,2.45,18375.0,chart_observation,manual_research,User supplied Rally quarterly chart transcription for #HGWELLS,2026-07-22T00:00:00Z,OpenAI Codex,chart_estimate,Market cap validated with 7500 shares outstanding.,,quarterly,18375.0,
rally-hgwells,2025-12-31,2025-12-26T00:00:00Z,2.35,17625.0,chart_observation,manual_research,User supplied Rally quarterly chart transcription for #HGWELLS,2026-07-22T00:00:00Z,OpenAI Codex,chart_estimate,Market cap validated with 7500 shares outstanding.,,quarterly,17625.0,
rally-hgwells,2026-03-31,2026-03-26T00:00:00Z,2.4,18000.0,chart_observation,manual_research,User supplied Rally quarterly chart transcription for #HGWELLS,2026-07-22T00:00:00Z,OpenAI Codex,chart_estimate,Market cap validated with 7500 shares outstanding.,,quarterly,18000.0,
rally-hgwells,2026-06-30,2026-06-29T00:00:00Z,2.3,17250.0,chart_observation,manual_research,User supplied Rally quarterly chart transcription for #HGWELLS,2026-07-22T00:00:00Z,OpenAI Codex,chart_estimate,Market cap validated with 7500 shares outstanding.,,quarterly,17250.0,
rally-himalaya,2020-06-30,2020-05-22T00:00:00Z,70.0,140000.0,offering_price,rally_app,Rally App,2026-07-12T00:00:00Z,Marshall,exact,Initial offering,,quarterly,140000.0,observed_at_exceeds_quarter_lookback:39d; offering_price_excluded_from_secondary_returns
rally-himalaya,2020-09-30,2020-09-15T00:00:00Z,75.0,150000.0,chart_observation,rally_app_chart,Rally App,2026-07-12T00:00:00Z,Marshall,exact,,,quarterly,150000.0,observed_at_exceeds_quarter_lookback:15d; chart_observation_marked_exact
rally-himalaya,2020-12-31,2020-12-15T00:00:00Z,50.0,100000.0,chart_observation,rally_app_chart,Rally App,2026-07-12T00:00:00Z,Marshall,exact,,,quarterly,100000.0,observed_at_exceeds_quarter_lookback:16d; chart_observation_marked_exact
rally-himalaya,2021-03-31,2021-03-02T00:00:00Z,40.0,80000.0,chart_observation,rally_app_chart,Rally App,2026-07-12T00:00:00Z,Marshall,exact,,,quarterly,80000.0,observed_at_exceeds_quarter_lookback:29d; chart_observation_marked_exact
rally-himalaya,2021-06-30,2021-07-26T00:00:00Z,60.0,120000.0,chart_observation,rally_app_chart,Rally App,2026-07-12T00:00:00Z,Marshall,exact,Nearest available observation occurred after quarter-end,,quarterly,120000.0,observed_at_after_period_end; chart_observation_marked_exact
rally-himalaya,2021-09-30,2021-09-22T00:00:00Z,60.0,120000.0,chart_observation,rally_app_chart,Rally App,2026-07-12T00:00:00Z,Marshall,exact,,,quarterly,120000.0,chart_observation_marked_exact
rally-himalaya,2021-12-31,2022-01-31T00:00:00Z,48.55,97100.0,chart_observation,rally_app_chart,Rally App,2026-07-12T00:00:00Z,Marshall,exact,Nearest available observation occurred after quarter-end,,quarterly,97100.0,observed_at_after_period_end; chart_observation_marked_exact
rally-himalaya,2022-03-31,2022-03-28T00:00:00Z,55.0,110000.0,chart_observation,rally_app_chart,Rally App,2026-07-12T00:00:00Z,Marshall,exact,,,quarterly,110000.0,chart_observation_marked_exact
rally-himalaya,2022-06-30,2022-06-30T00:00:00Z,54.0,108000.0,chart_observation,rally_app_chart,Rally App,2026-07-12T00:00:00Z,Marshall,exact,,,quarterly,108000.0,chart_observation_marked_exact
rally-himalaya,2022-09-30,2022-09-27T00:00:00Z,50.0,100000.0,chart_observation,rally_app_chart,Rally App,2026-07-12T00:00:00Z,Marshall,exact,,,quarterly,100000.0,chart_observation_marked_exact
rally-himalaya,2022-12-31,2022-12-30T00:00:00Z,63.0,126000.0,chart_observation,rally_app_chart,Rally App,2026-07-12T00:00:00Z,Marshall,exact,,,quarterly,126000.0,chart_observation_marked_exact
rally-himalaya,2023-03-31,2023-03-30T00:00:00Z,57.95,115900.0,chart_observation,rally_app_chart,Rally App,2026-07-12T00:00:00Z,Marshall,exact,,,quarterly,115900.0,chart_observation_marked_exact
rally-himalaya,2023-06-30,2023-06-26T00:00:00Z,59.4,118800.0,chart_observation,rally_app_chart,Rally App,2026-07-12T00:00:00Z,Marshall,exact,,,quarterly,118800.0,chart_observation_marked_exact
rally-himalaya,2023-09-30,2023-09-29T00:00:00Z,54.0,108000.0,chart_observation,rally_app_chart,Rally App,2026-07-12T00:00:00Z,Marshall,exact,,,quarterly,108000.0,chart_observation_marked_exact
rally-himalaya,2023-12-31,2023-12-29T00:00:00Z,54.15,108300.0,chart_observation,rally_app_chart,Rally App,2026-07-12T00:00:00Z,Marshall,exact,,,quarterly,108300.0,chart_observation_marked_exact
rally-himalaya,2024-03-31,2024-03-25T00:00:00Z,55.0,110000.0,chart_observation,rally_app_chart,Rally App,2026-07-12T00:00:00Z,Marshall,exact,,,quarterly,110000.0,chart_observation_marked_exact
rally-himalaya,2024-06-30,2024-06-28T00:00:00Z,50.0,100000.0,chart_observation,rally_app_chart,Rally App,2026-07-12T00:00:00Z,Marshall,exact,,,quarterly,100000.0,chart_observation_marked_exact
rally-himalaya,2024-09-30,2024-09-24T00:00:00Z,49.0,98000.0,chart_observation,rally_app_chart,Rally App,2026-07-12T00:00:00Z,Marshall,exact,,,quarterly,98000.0,chart_observation_marked_exact
rally-himalaya,2024-12-31,2024-12-30T00:00:00Z,39.05,78100.0,chart_observation,rally_app_chart,Rally App,2026-07-12T00:00:00Z,Marshall,exact,,,quarterly,78100.0,chart_observation_marked_exact
rally-himalaya,2025-03-31,2025-03-27T00:00:00Z,45.0,90000.0,chart_observation,rally_app_chart,Rally App,2026-07-12T00:00:00Z,Marshall,exact,,,quarterly,90000.0,chart_observation_marked_exact
rally-himalaya,2025-06-30,2025-06-24T00:00:00Z,43.2,86400.0,chart_observation,rally_app_chart,Rally App,2026-07-12T00:00:00Z,Marshall,exact,,,quarterly,86400.0,chart_observation_marked_exact
rally-himalaya,2025-09-30,2025-09-26T00:00:00Z,45.05,90100.0,chart_observation,rally_app_chart,Rally App,2026-07-12T00:00:00Z,Marshall,exact,,,quarterly,90100.0,chart_observation_marked_exact
rally-himalaya,2025-12-31,2025-12-31T00:00:00Z,48.95,97900.0,chart_observation,rally_app_chart,Rally App,2026-07-12T00:00:00Z,Marshall,exact,,,quarterly,97900.0,chart_observation_marked_exact
rally-himalaya,2026-03-31,2026-03-30T00:00:00Z,49.0,98000.0,chart_observation,rally_app_chart,Rally App,2026-07-12T00:00:00Z,Marshall,exact,,,quarterly,98000.0,chart_observation_marked_exact
rally-himalaya,2026-06-30,2026-06-26T00:00:00Z,46.9,93800.0,chart_observation,rally_app_chart,Rally App,2026-07-12T00:00:00Z,Marshall,exact,,,quarterly,93800.0,chart_observation_marked_exact
rally-hirst1,2022-03-31,2022-03-01T00:00:00Z,4.0,20000.0,offering_price,manual_research,User-provided manual Rally HIRST1 Art price history,2026-07-27T00:00:00Z,OpenAI Codex,exact,Manually transcribed Rally observation; validated against 5000 authoritative Art master shares outstanding. Offering price and initial market cap reconcile to the authoritative Art master.,,quarterly,20000.0,offering_price_excluded_from_secondary_returns
rally-hirst1,2022-10-10,2022-10-10T00:00:00Z,4.05,20250.0,chart_observation,manual_research,User-provided manual Rally HIRST1 Art price history,2026-07-27T00:00:00Z,OpenAI Codex,exact,"Earlier same-quarter observation retained as non-quarterly research evidence; the later, closer-to-quarter-end observation is the canonical quarterly representative. Market cap validated against authoritative Art master shares outstanding.",,weekly,20250.0,chart_observation_marked_exact
rally-hirst1,2022-12-31,2022-12-30T00:00:00Z,2.95,14750.0,chart_observation,manual_research,User-provided manual Rally HIRST1 Art price history,2026-07-27T00:00:00Z,OpenAI Codex,exact,Manually transcribed Rally observation; validated against 5000 authoritative Art master shares outstanding.,,quarterly,14750.0,chart_observation_marked_exact
rally-hirst1,2023-03-31,2023-03-29T00:00:00Z,3.75,18750.0,chart_observation,manual_research,User-provided manual Rally HIRST1 Art price history,2026-07-27T00:00:00Z,OpenAI Codex,exact,Manually transcribed Rally observation; validated against 5000 authoritative Art master shares outstanding.,,quarterly,18750.0,chart_observation_marked_exact
rally-hirst1,2023-06-30,2023-06-29T00:00:00Z,3.95,19750.0,chart_observation,manual_research,User-provided manual Rally HIRST1 Art price history,2026-07-27T00:00:00Z,OpenAI Codex,exact,Manually transcribed Rally observation; validated against 5000 authoritative Art master shares outstanding.,,quarterly,19750.0,chart_observation_marked_exact
rally-hirst1,2023-09-30,2023-09-29T00:00:00Z,3.15,15750.0,chart_observation,manual_research,User-provided manual Rally HIRST1 Art price history,2026-07-27T00:00:00Z,OpenAI Codex,exact,Manually transcribed Rally observation; validated against 5000 authoritative Art master shares outstanding.,,quarterly,15750.0,chart_observation_marked_exact
rally-hirst1,2023-12-31,2023-12-29T00:00:00Z,4.0,20000.0,chart_observation,manual_research,User-provided manual Rally HIRST1 Art price history,2026-07-27T00:00:00Z,OpenAI Codex,exact,Manually transcribed Rally observation; validated against 5000 authoritative Art master shares outstanding.,,quarterly,20000.0,chart_observation_marked_exact
rally-hirst1,2024-06-30,2024-06-25T00:00:00Z,4.0,20000.0,chart_observation,manual_research,User-provided manual Rally HIRST1 Art price history,2026-07-27T00:00:00Z,OpenAI Codex,exact,Manually transcribed Rally observation; validated against 5000 authoritative Art master shares outstanding.,,quarterly,20000.0,chart_observation_marked_exact
rally-hirst1,2024-09-30,2024-09-26T00:00:00Z,3.0,15000.0,chart_observation,manual_research,User-provided manual Rally HIRST1 Art price history,2026-07-27T00:00:00Z,OpenAI Codex,exact,Manually transcribed Rally observation; validated against 5000 authoritative Art master shares outstanding.,,quarterly,15000.0,chart_observation_marked_exact
rally-hirst1,2024-12-31,2024-12-27T00:00:00Z,2.05,10250.0,chart_observation,manual_research,User-provided manual Rally HIRST1 Art price history,2026-07-27T00:00:00Z,OpenAI Codex,exact,Manually transcribed Rally observation; validated against 5000 authoritative Art master shares outstanding.,,quarterly,10250.0,chart_observation_marked_exact
rally-hirst1,2025-03-31,2025-03-31T00:00:00Z,3.3,16500.0,chart_observation,manual_research,User-provided manual Rally HIRST1 Art price history,2026-07-27T00:00:00Z,OpenAI Codex,exact,Manually transcribed Rally observation; validated against 5000 authoritative Art master shares outstanding.,,quarterly,16500.0,chart_observation_marked_exact
rally-hirst1,2025-06-30,2025-06-26T00:00:00Z,3.8,19000.0,chart_observation,manual_research,User-provided manual Rally HIRST1 Art price history,2026-07-27T00:00:00Z,OpenAI Codex,exact,Manually transcribed Rally observation; validated against 5000 authoritative Art master shares outstanding.,,quarterly,19000.0,chart_observation_marked_exact
rally-hirst1,2025-09-30,2025-09-26T00:00:00Z,3.0,15000.0,chart_observation,manual_research,User-provided manual Rally HIRST1 Art price history,2026-07-27T00:00:00Z,OpenAI Codex,exact,Manually transcribed Rally observation; validated against 5000 authoritative Art master shares outstanding.,,quarterly,15000.0,chart_observation_marked_exact
rally-hirst1,2025-12-31,2025-12-29T00:00:00Z,3.8,19000.0,chart_observation,manual_research,User-provided manual Rally HIRST1 Art price history,2026-07-27T00:00:00Z,OpenAI Codex,exact,Manually transcribed Rally observation; validated against 5000 authoritative Art master shares outstanding.,,quarterly,19000.0,chart_observation_marked_exact
rally-hirst1,2026-03-31,2026-03-27T00:00:00Z,3.5,17500.0,chart_observation,manual_research,User-provided manual Rally HIRST1 Art price history,2026-07-27T00:00:00Z,OpenAI Codex,exact,Manually transcribed Rally observation; validated against 5000 authoritative Art master shares outstanding.,,quarterly,17500.0,chart_observation_marked_exact
rally-hirst1,2026-06-30,2026-06-29T00:00:00Z,3.0,15000.0,chart_observation,manual_research,User-provided manual Rally HIRST1 Art price history,2026-07-27T00:00:00Z,OpenAI Codex,exact,Manually transcribed Rally observation; validated against 5000 authoritative Art master shares outstanding.,,quarterly,15000.0,chart_observation_marked_exact
rally-holmes,2021-12-31,2021-12-01T00:00:00Z,10.0,25000.0,offering_price,rally_app,Manually transcribed Rally HOLMES price history supplied 2026-07-25,2026-07-25T00:00:00Z,user_provided_manual_research,exact,Initial offering; source supplied month only.,,quarterly,25000.0,observed_at_exceeds_quarter_lookback:30d; offering_price_excluded_from_secondary_returns
rally-holmes,2022-03-31,2022-03-31T00:00:00Z,9.5,23750.0,chart_observation,rally_app_chart,Manually transcribed Rally HOLMES price history supplied 2026-07-25,2026-07-25T00:00:00Z,user_provided_manual_research,exact,"Manually transcribed Rally observation; validated against 2,500 shares outstanding.",,quarterly,23750.0,chart_observation_marked_exact
rally-holmes,2022-06-30,2022-06-27T00:00:00Z,9.4,23500.0,chart_observation,rally_app_chart,Manually transcribed Rally HOLMES price history supplied 2026-07-25,2026-07-25T00:00:00Z,user_provided_manual_research,exact,"Manually transcribed Rally observation; validated against 2,500 shares outstanding.",,quarterly,23500.0,chart_observation_marked_exact
rally-holmes,2022-09-30,2022-09-30T00:00:00Z,9.4,23500.0,chart_observation,rally_app_chart,Manually transcribed Rally HOLMES price history supplied 2026-07-25,2026-07-25T00:00:00Z,user_provided_manual_research,exact,"Manually transcribed Rally observation; validated against 2,500 shares outstanding.",,quarterly,23500.0,chart_observation_marked_exact
rally-holmes,2022-12-31,2022-12-27T00:00:00Z,7.5,18750.0,chart_observation,rally_app_chart,Manually transcribed Rally HOLMES price history supplied 2026-07-25,2026-07-25T00:00:00Z,user_provided_manual_research,exact,"Manually transcribed Rally observation; validated against 2,500 shares outstanding.",,quarterly,18750.0,chart_observation_marked_exact
rally-holmes,2023-03-31,2023-03-30T00:00:00Z,8.9,22250.0,chart_observation,rally_app_chart,Manually transcribed Rally HOLMES price history supplied 2026-07-25,2026-07-25T00:00:00Z,user_provided_manual_research,exact,"Manually transcribed Rally observation; validated against 2,500 shares outstanding.",,quarterly,22250.0,chart_observation_marked_exact
rally-holmes,2023-06-30,2023-06-30T00:00:00Z,7.85,19625.0,chart_observation,rally_app_chart,Manually transcribed Rally HOLMES price history supplied 2026-07-25,2026-07-25T00:00:00Z,user_provided_manual_research,exact,"Manually transcribed Rally observation; validated against 2,500 shares outstanding.",,quarterly,19625.0,chart_observation_marked_exact
rally-holmes,2023-09-30,2023-09-29T00:00:00Z,7.7,19250.0,chart_observation,rally_app_chart,Manually transcribed Rally HOLMES price history supplied 2026-07-25,2026-07-25T00:00:00Z,user_provided_manual_research,exact,"Manually transcribed Rally observation; validated against 2,500 shares outstanding.",,quarterly,19250.0,chart_observation_marked_exact
rally-holmes,2023-12-31,2023-12-29T00:00:00Z,7.5,18750.0,chart_observation,rally_app_chart,Manually transcribed Rally HOLMES price history supplied 2026-07-25,2026-07-25T00:00:00Z,user_provided_manual_research,exact,"Manually transcribed Rally observation; validated against 2,500 shares outstanding.",,quarterly,18750.0,chart_observation_marked_exact
rally-holmes,2024-03-31,2024-03-27T00:00:00Z,7.0,17500.0,chart_observation,rally_app_chart,Manually transcribed Rally HOLMES price history supplied 2026-07-25,2026-07-25T00:00:00Z,user_provided_manual_research,exact,"Manually transcribed Rally observation; validated against 2,500 shares outstanding.",,quarterly,17500.0,chart_observation_marked_exact
rally-holmes,2024-06-30,2024-06-27T00:00:00Z,6.7,16750.0,chart_observation,rally_app_chart,Manually transcribed Rally HOLMES price history supplied 2026-07-25,2026-07-25T00:00:00Z,user_provided_manual_research,exact,"Manually transcribed Rally observation; validated against 2,500 shares outstanding.",,quarterly,16750.0,chart_observation_marked_exact
rally-holmes,2024-09-30,2024-09-27T00:00:00Z,7.0,17500.0,chart_observation,rally_app_chart,Manually transcribed Rally HOLMES price history supplied 2026-07-25,2026-07-25T00:00:00Z,user_provided_manual_research,exact,"Manually transcribed Rally observation; validated against 2,500 shares outstanding.",,quarterly,17500.0,chart_observation_marked_exact
rally-holmes,2024-12-31,2024-12-27T00:00:00Z,6.95,17375.0,chart_observation,rally_app_chart,Manually transcribed Rally HOLMES price history supplied 2026-07-25,2026-07-25T00:00:00Z,user_provided_manual_research,exact,"Manually transcribed Rally observation; validated against 2,500 shares outstanding.",,quarterly,17375.0,chart_observation_marked_exact
rally-holmes,2025-03-31,2025-03-31T00:00:00Z,7.0,17500.0,chart_observation,rally_app_chart,Manually transcribed Rally HOLMES price history supplied 2026-07-25,2026-07-25T00:00:00Z,user_provided_manual_research,exact,"Manually transcribed Rally observation; validated against 2,500 shares outstanding.",,quarterly,17500.0,chart_observation_marked_exact
rally-holmes,2025-06-30,2025-06-30T00:00:00Z,7.0,17500.0,chart_observation,rally_app_chart,Manually transcribed Rally HOLMES price history supplied 2026-07-25,2026-07-25T00:00:00Z,user_provided_manual_research,exact,"Manually transcribed Rally observation; validated against 2,500 shares outstanding.",,quarterly,17500.0,chart_observation_marked_exact
rally-holmes,2025-09-30,2025-09-30T00:00:00Z,6.5,16250.0,chart_observation,rally_app_chart,Manually transcribed Rally HOLMES price history supplied 2026-07-25,2026-07-25T00:00:00Z,user_provided_manual_research,exact,"Manually transcribed Rally observation; validated against 2,500 shares outstanding.",,quarterly,16250.0,chart_observation_marked_exact
rally-holmes,2025-12-31,2025-12-31T00:00:00Z,6.5,16250.0,chart_observation,rally_app_chart,Manually transcribed Rally HOLMES price history supplied 2026-07-25,2026-07-25T00:00:00Z,user_provided_manual_research,exact,"Manually transcribed Rally observation; validated against 2,500 shares outstanding.",,quarterly,16250.0,chart_observation_marked_exact
rally-holmes,2026-03-31,2026-03-27T00:00:00Z,6.45,16125.0,chart_observation,rally_app_chart,Manually transcribed Rally HOLMES price history supplied 2026-07-25,2026-07-25T00:00:00Z,user_provided_manual_research,exact,"Manually transcribed Rally observation; validated against 2,500 shares outstanding.",,quarterly,16125.0,chart_observation_marked_exact
rally-holmes,2026-06-30,2026-06-29T00:00:00Z,6.45,16125.0,chart_observation,rally_app_chart,Manually transcribed Rally HOLMES price history supplied 2026-07-25,2026-07-25T00:00:00Z,user_provided_manual_research,exact,"Manually transcribed Rally observation; validated against 2,500 shares outstanding.",,quarterly,16125.0,chart_observation_marked_exact
rally-huckfinn,2021-06-30,2021-04-01T00:00:00Z,11.0,22000.0,offering_price,manual_research,User supplied Rally quarterly chart transcription for #HUCKFINN,2026-07-22T00:00:00Z,OpenAI Codex,exact,Initial April 2021 offering reference value; market cap validated with 2000 shares outstanding.,,quarterly,22000.0,offering_price_excluded_from_secondary_returns
rally-huckfinn,2021-09-30,2021-10-28T00:00:00Z,10.9,21800.0,chart_observation,manual_research,User supplied Rally quarterly chart transcription for #HUCKFINN,2026-07-22T00:00:00Z,OpenAI Codex,exact,Actual observed_at date preserved; nearest available observation after 2021 Q3 quarter end. Market cap validated with 2000 shares outstanding.,,quarterly,21800.0,observed_at_after_period_end
rally-huckfinn,2021-12-31,2022-01-24T00:00:00Z,7.9,15800.0,chart_observation,manual_research,User supplied Rally quarterly chart transcription for #HUCKFINN,2026-07-22T00:00:00Z,OpenAI Codex,exact,Actual observed_at date preserved; nearest available observation after 2021 Q4 quarter end. Market cap validated with 2000 shares outstanding.,,quarterly,15800.0,observed_at_after_period_end
rally-huckfinn,2022-03-31,2022-03-29T00:00:00Z,5.75,11500.0,chart_observation,manual_research,User supplied Rally quarterly chart transcription for #HUCKFINN,2026-07-22T00:00:00Z,OpenAI Codex,exact,Market cap validated with 2000 shares outstanding.,,quarterly,11500.0,
rally-huckfinn,2022-06-30,2022-06-29T00:00:00Z,10.5,21000.0,chart_observation,manual_research,User supplied Rally quarterly chart transcription for #HUCKFINN,2026-07-22T00:00:00Z,OpenAI Codex,exact,Market cap validated with 2000 shares outstanding.,,quarterly,21000.0,
rally-huckfinn,2022-09-30,2022-09-28T00:00:00Z,8.8,17600.0,chart_observation,manual_research,User supplied Rally quarterly chart transcription for #HUCKFINN,2026-07-22T00:00:00Z,OpenAI Codex,exact,Market cap validated with 2000 shares outstanding.,,quarterly,17600.0,
rally-huckfinn,2022-12-31,2022-12-29T00:00:00Z,9.85,19700.0,chart_observation,manual_research,User supplied Rally quarterly chart transcription for #HUCKFINN,2026-07-22T00:00:00Z,OpenAI Codex,exact,Market cap validated with 2000 shares outstanding.,,quarterly,19700.0,
rally-huckfinn,2023-03-31,2023-03-30T00:00:00Z,8.05,16100.0,chart_observation,manual_research,User supplied Rally quarterly chart transcription for #HUCKFINN,2026-07-22T00:00:00Z,OpenAI Codex,exact,Market cap validated with 2000 shares outstanding.,,quarterly,16100.0,
rally-huckfinn,2023-06-30,2023-06-30T00:00:00Z,9.75,19500.0,chart_observation,manual_research,User supplied Rally quarterly chart transcription for #HUCKFINN,2026-07-22T00:00:00Z,OpenAI Codex,exact,Market cap validated with 2000 shares outstanding.,,quarterly,19500.0,
rally-huckfinn,2023-09-30,2023-09-29T00:00:00Z,8.0,16000.0,chart_observation,manual_research,User supplied Rally quarterly chart transcription for #HUCKFINN,2026-07-22T00:00:00Z,OpenAI Codex,exact,Market cap validated with 2000 shares outstanding.,,quarterly,16000.0,
rally-huckfinn,2023-12-31,2023-12-26T00:00:00Z,9.5,19000.0,chart_observation,manual_research,User supplied Rally quarterly chart transcription for #HUCKFINN,2026-07-22T00:00:00Z,OpenAI Codex,exact,Market cap validated with 2000 shares outstanding.,,quarterly,19000.0,
rally-huckfinn,2024-03-31,2024-03-25T00:00:00Z,8.85,17700.0,chart_observation,manual_research,User supplied Rally quarterly chart transcription for #HUCKFINN,2026-07-22T00:00:00Z,OpenAI Codex,exact,Market cap validated with 2000 shares outstanding.,,quarterly,17700.0,
rally-huckfinn,2024-06-30,2024-06-24T00:00:00Z,8.75,17500.0,chart_observation,manual_research,User supplied Rally quarterly chart transcription for #HUCKFINN,2026-07-22T00:00:00Z,OpenAI Codex,exact,Market cap validated with 2000 shares outstanding.,,quarterly,17500.0,
rally-huckfinn,2024-09-30,2024-09-30T00:00:00Z,8.0,16000.0,chart_observation,manual_research,User supplied Rally quarterly chart transcription for #HUCKFINN,2026-07-22T00:00:00Z,OpenAI Codex,exact,Market cap validated with 2000 shares outstanding.,,quarterly,16000.0,
rally-huckfinn,2024-12-31,2024-12-31T00:00:00Z,5.35,10700.0,chart_observation,manual_research,User supplied Rally quarterly chart transcription for #HUCKFINN,2026-07-22T00:00:00Z,OpenAI Codex,exact,Market cap validated with 2000 shares outstanding.,,quarterly,10700.0,
rally-huckfinn,2025-03-31,2025-03-26T00:00:00Z,5.95,11900.0,chart_observation,manual_research,User supplied Rally quarterly chart transcription for #HUCKFINN,2026-07-22T00:00:00Z,OpenAI Codex,exact,Market cap validated with 2000 shares outstanding.,,quarterly,11900.0,
rally-huckfinn,2025-09-30,2025-09-26T00:00:00Z,6.85,13700.0,chart_observation,manual_research,User supplied Rally quarterly chart transcription for #HUCKFINN,2026-07-22T00:00:00Z,OpenAI Codex,exact,Market cap validated with 2000 shares outstanding; no Q2 2025 observation was supplied or imputed.,,quarterly,13700.0,
rally-huckfinn,2025-12-31,2025-12-26T00:00:00Z,5.55,11100.0,chart_observation,manual_research,User supplied Rally quarterly chart transcription for #HUCKFINN,2026-07-22T00:00:00Z,OpenAI Codex,exact,Market cap validated with 2000 shares outstanding.,,quarterly,11100.0,
rally-huckfinn,2026-03-31,2026-03-27T00:00:00Z,6.5,13000.0,chart_observation,manual_research,User supplied Rally quarterly chart transcription for #HUCKFINN,2026-07-22T00:00:00Z,OpenAI Codex,exact,Market cap validated with 2000 shares outstanding.,,quarterly,13000.0,
rally-huckfinn,2026-06-30,2026-06-29T00:00:00Z,5.4,10800.0,chart_observation,manual_research,User supplied Rally quarterly chart transcription for #HUCKFINN,2026-07-22T00:00:00Z,OpenAI Codex,exact,Market cap validated with 2000 shares outstanding.,,quarterly,10800.0,
rally-irobot,2022-03-31,2022-01-01T00:00:00Z,8.0,8000.0,offering_price,rally_app,Manually transcribed Rally IROBOT price history supplied 2026-07-25,2026-07-25T00:00:00Z,user_provided_manual_research,exact,Initial offering; source supplied month only.,,quarterly,8000.0,observed_at_exceeds_quarter_lookback:89d; offering_price_excluded_from_secondary_returns
rally-irobot,2022-03-31,2022-03-28T00:00:00Z,10.25,10250.0,chart_observation,rally_app_chart,Manually transcribed Rally IROBOT price history supplied 2026-07-25,2026-07-25T00:00:00Z,user_provided_manual_research,exact,"Manually transcribed Rally observation; validated against 1,000 shares outstanding.",,quarterly,10250.0,chart_observation_marked_exact
rally-irobot,2022-06-30,2022-06-27T00:00:00Z,7.95,7950.0,chart_observation,rally_app_chart,Manually transcribed Rally IROBOT price history supplied 2026-07-25,2026-07-25T00:00:00Z,user_provided_manual_research,exact,"Manually transcribed Rally observation; validated against 1,000 shares outstanding.",,quarterly,7950.0,chart_observation_marked_exact
rally-irobot,2022-09-30,2022-09-29T00:00:00Z,5.9,5900.0,chart_observation,rally_app_chart,Manually transcribed Rally IROBOT price history supplied 2026-07-25,2026-07-25T00:00:00Z,user_provided_manual_research,exact,"Manually transcribed Rally observation; validated against 1,000 shares outstanding.",,quarterly,5900.0,chart_observation_marked_exact
rally-irobot,2022-12-31,2022-12-29T00:00:00Z,6.95,6950.0,chart_observation,rally_app_chart,Manually transcribed Rally IROBOT price history supplied 2026-07-25,2026-07-25T00:00:00Z,user_provided_manual_research,exact,"Manually transcribed Rally observation; validated against 1,000 shares outstanding.",,quarterly,6950.0,chart_observation_marked_exact
rally-irobot,2023-03-31,2023-03-30T00:00:00Z,7.75,7750.0,chart_observation,rally_app_chart,Manually transcribed Rally IROBOT price history supplied 2026-07-25,2026-07-25T00:00:00Z,user_provided_manual_research,exact,"Manually transcribed Rally observation; validated against 1,000 shares outstanding.",,quarterly,7750.0,chart_observation_marked_exact
rally-irobot,2023-06-30,2023-06-28T00:00:00Z,7.55,7550.0,chart_observation,rally_app_chart,Manually transcribed Rally IROBOT price history supplied 2026-07-25,2026-07-25T00:00:00Z,user_provided_manual_research,exact,"Manually transcribed Rally observation; validated against 1,000 shares outstanding.",,quarterly,7550.0,chart_observation_marked_exact
rally-irobot,2023-09-30,2023-09-27T00:00:00Z,7.5,7500.0,chart_observation,rally_app_chart,Manually transcribed Rally IROBOT price history supplied 2026-07-25,2026-07-25T00:00:00Z,user_provided_manual_research,exact,"Manually transcribed Rally observation; validated against 1,000 shares outstanding.",,quarterly,7500.0,chart_observation_marked_exact
rally-irobot,2023-12-31,2023-12-29T00:00:00Z,6.55,6550.0,chart_observation,rally_app_chart,Manually transcribed Rally IROBOT price history supplied 2026-07-25,2026-07-25T00:00:00Z,user_provided_manual_research,exact,"Manually transcribed Rally observation; validated against 1,000 shares outstanding.",,quarterly,6550.0,chart_observation_marked_exact
rally-irobot,2024-03-31,2024-03-26T00:00:00Z,7.0,7000.0,chart_observation,rally_app_chart,Manually transcribed Rally IROBOT price history supplied 2026-07-25,2026-07-25T00:00:00Z,user_provided_manual_research,exact,"Manually transcribed Rally observation; validated against 1,000 shares outstanding.",,quarterly,7000.0,chart_observation_marked_exact
rally-irobot,2024-06-30,2024-06-28T00:00:00Z,7.0,7000.0,chart_observation,rally_app_chart,Manually transcribed Rally IROBOT price history supplied 2026-07-25,2026-07-25T00:00:00Z,user_provided_manual_research,exact,"Manually transcribed Rally observation; validated against 1,000 shares outstanding.",,quarterly,7000.0,chart_observation_marked_exact
rally-irobot,2024-09-30,2024-09-27T00:00:00Z,7.0,7000.0,chart_observation,rally_app_chart,Manually transcribed Rally IROBOT price history supplied 2026-07-25,2026-07-25T00:00:00Z,user_provided_manual_research,exact,"Manually transcribed Rally observation; validated against 1,000 shares outstanding.",,quarterly,7000.0,chart_observation_marked_exact
rally-irobot,2024-12-31,2024-12-27T00:00:00Z,6.0,6000.0,chart_observation,rally_app_chart,Manually transcribed Rally IROBOT price history supplied 2026-07-25,2026-07-25T00:00:00Z,user_provided_manual_research,exact,"Manually transcribed Rally observation; validated against 1,000 shares outstanding.",,quarterly,6000.0,chart_observation_marked_exact
rally-irobot,2025-03-31,2025-03-28T00:00:00Z,9.0,9000.0,chart_observation,rally_app_chart,Manually transcribed Rally IROBOT price history supplied 2026-07-25,2026-07-25T00:00:00Z,user_provided_manual_research,exact,"Manually transcribed Rally observation; validated against 1,000 shares outstanding.",,quarterly,9000.0,chart_observation_marked_exact
rally-irobot,2025-06-30,2025-06-27T00:00:00Z,9.25,9250.0,chart_observation,rally_app_chart,Manually transcribed Rally IROBOT price history supplied 2026-07-25,2026-07-25T00:00:00Z,user_provided_manual_research,exact,"Manually transcribed Rally observation; validated against 1,000 shares outstanding.",,quarterly,9250.0,chart_observation_marked_exact
rally-irobot,2025-09-30,2025-09-30T00:00:00Z,10.0,10000.0,chart_observation,rally_app_chart,Manually transcribed Rally IROBOT price history supplied 2026-07-25,2026-07-25T00:00:00Z,user_provided_manual_research,exact,"Manually transcribed Rally observation; validated against 1,000 shares outstanding.",,quarterly,10000.0,chart_observation_marked_exact
rally-irobot,2025-12-31,2025-12-30T00:00:00Z,12.95,12950.0,chart_observation,rally_app_chart,Manually transcribed Rally IROBOT price history supplied 2026-07-25,2026-07-25T00:00:00Z,user_provided_manual_research,exact,"Manually transcribed Rally observation; validated against 1,000 shares outstanding.",,quarterly,12950.0,chart_observation_marked_exact
rally-irobot,2026-03-31,2026-03-30T00:00:00Z,12.95,12950.0,chart_observation,rally_app_chart,Manually transcribed Rally IROBOT price history supplied 2026-07-25,2026-07-25T00:00:00Z,user_provided_manual_research,exact,"Manually transcribed Rally observation; validated against 1,000 shares outstanding.",,quarterly,12950.0,chart_observation_marked_exact
rally-irobot,2026-06-30,2026-06-29T00:00:00Z,9.1,9100.0,chart_observation,rally_app_chart,Manually transcribed Rally IROBOT price history supplied 2026-07-25,2026-07-25T00:00:00Z,user_provided_manual_research,exact,"Manually transcribed Rally observation; validated against 1,000 shares outstanding.",,quarterly,9100.0,chart_observation_marked_exact
rally-jekyll,2022-09-30,2022-08-01T00:00:00Z,4.0,20000.0,offering_price,manual_research,User-provided JEKYLL manual Rally price history,2026-07-23T00:00:00Z,OpenAI Codex,exact,Offering reference value from manually transcribed Rally research; August 2022 month-only offering date preserved as existing master offering date; validated against 5000 shares outstanding.,,quarterly,20000.0,observed_at_exceeds_quarter_lookback:60d; offering_price_excluded_from_secondary_returns
rally-jekyll,2022-12-31,2022-12-28T00:00:00Z,2.85,14250.0,chart_observation,manual_research,User-provided JEKYLL manual Rally price history,2026-07-23T00:00:00Z,OpenAI Codex,exact,Manually transcribed Rally observation; validated against 5000 shares outstanding.,,quarterly,14250.0,chart_observation_marked_exact
rally-jekyll,2023-03-31,2023-03-27T00:00:00Z,3.0,15000.0,chart_observation,manual_research,User-provided JEKYLL manual Rally price history,2026-07-23T00:00:00Z,OpenAI Codex,exact,Manually transcribed Rally observation; validated against 5000 shares outstanding.,,quarterly,15000.0,chart_observation_marked_exact
rally-jekyll,2023-06-30,2023-06-26T00:00:00Z,3.0,15000.0,chart_observation,manual_research,User-provided JEKYLL manual Rally price history,2026-07-23T00:00:00Z,OpenAI Codex,exact,Manually transcribed Rally observation; validated against 5000 shares outstanding.,,quarterly,15000.0,chart_observation_marked_exact
rally-jekyll,2023-09-30,2023-09-26T00:00:00Z,2.1,10500.0,chart_observation,manual_research,User-provided JEKYLL manual Rally price history,2026-07-23T00:00:00Z,OpenAI Codex,exact,Manually transcribed Rally observation; validated against 5000 shares outstanding.,,quarterly,10500.0,chart_observation_marked_exact
rally-jekyll,2023-12-31,2023-12-29T00:00:00Z,2.15,10750.0,chart_observation,manual_research,User-provided JEKYLL manual Rally price history,2026-07-23T00:00:00Z,OpenAI Codex,exact,Manually transcribed Rally observation; validated against 5000 shares outstanding.,,quarterly,10750.0,chart_observation_marked_exact
rally-jekyll,2024-03-31,2024-03-28T00:00:00Z,2.05,10250.0,chart_observation,manual_research,User-provided JEKYLL manual Rally price history,2026-07-23T00:00:00Z,OpenAI Codex,exact,Manually transcribed Rally observation; validated against 5000 shares outstanding.,,quarterly,10250.0,chart_observation_marked_exact
rally-jekyll,2024-06-30,2024-06-25T00:00:00Z,1.9,9500.0,chart_observation,manual_research,User-provided JEKYLL manual Rally price history,2026-07-23T00:00:00Z,OpenAI Codex,exact,Manually transcribed Rally observation; validated against 5000 shares outstanding.,,quarterly,9500.0,chart_observation_marked_exact
rally-jekyll,2024-09-30,2024-09-30T00:00:00Z,1.8,9000.0,chart_observation,manual_research,User-provided JEKYLL manual Rally price history,2026-07-23T00:00:00Z,OpenAI Codex,exact,Manually transcribed Rally observation; validated against 5000 shares outstanding.,,quarterly,9000.0,chart_observation_marked_exact
rally-jekyll,2024-12-31,2024-12-27T00:00:00Z,3.0,15000.0,chart_observation,manual_research,User-provided JEKYLL manual Rally price history,2026-07-23T00:00:00Z,OpenAI Codex,exact,Manually transcribed Rally observation; validated against 5000 shares outstanding.,,quarterly,15000.0,chart_observation_marked_exact
rally-jekyll,2025-03-31,2025-03-28T00:00:00Z,1.75,8750.0,chart_observation,manual_research,User-provided JEKYLL manual Rally price history,2026-07-23T00:00:00Z,OpenAI Codex,exact,Manually transcribed Rally observation; validated against 5000 shares outstanding.,,quarterly,8750.0,chart_observation_marked_exact
rally-jekyll,2025-06-30,2025-06-30T00:00:00Z,2.95,14750.0,chart_observation,manual_research,User-provided JEKYLL manual Rally price history,2026-07-23T00:00:00Z,OpenAI Codex,exact,Manually transcribed Rally observation; validated against 5000 shares outstanding.,,quarterly,14750.0,chart_observation_marked_exact
rally-jekyll,2025-09-30,2025-09-30T00:00:00Z,1.25,6250.0,chart_observation,manual_research,User-provided JEKYLL manual Rally price history,2026-07-23T00:00:00Z,OpenAI Codex,exact,Manually transcribed Rally observation; validated against 5000 shares outstanding.,,quarterly,6250.0,chart_observation_marked_exact
rally-jekyll,2025-12-31,2025-12-31T00:00:00Z,2.25,11250.0,chart_observation,manual_research,User-provided JEKYLL manual Rally price history,2026-07-23T00:00:00Z,OpenAI Codex,exact,Manually transcribed Rally observation; validated against 5000 shares outstanding.,,quarterly,11250.0,chart_observation_marked_exact
rally-jekyll,2026-03-31,2026-03-30T00:00:00Z,1.8,9000.0,chart_observation,manual_research,User-provided JEKYLL manual Rally price history,2026-07-23T00:00:00Z,OpenAI Codex,exact,Manually transcribed Rally observation; validated against 5000 shares outstanding.,,quarterly,9000.0,chart_observation_marked_exact
rally-jekyll,2026-06-30,2026-06-30T00:00:00Z,2.8,14000.0,chart_observation,manual_research,User-provided JEKYLL manual Rally price history,2026-07-23T00:00:00Z,OpenAI Codex,exact,Manually transcribed Rally observation; validated against 5000 shares outstanding.,,quarterly,14000.0,chart_observation_marked_exact
rally-karuizawa,2021-12-31,2021-11-01T00:00:00Z,5.0,65000.0,offering_price,rally_app,Rally App,2026-07-14T00:00:00Z,Marshall,exact,Initial offering. Submitted observed_at was 2021-11.,,quarterly,65000.0,observed_at_exceeds_quarter_lookback:60d; offering_price_excluded_from_secondary_returns
rally-karuizawa,2022-03-31,2022-03-31T00:00:00Z,5.25,68250.0,chart_observation,rally_app_chart,Rally App,2026-07-14T00:00:00Z,Marshall,exact,,,quarterly,68250.0,chart_observation_marked_exact
rally-karuizawa,2022-06-30,2022-06-27T00:00:00Z,6.0,78000.0,chart_observation,rally_app_chart,Rally App,2026-07-14T00:00:00Z,Marshall,exact,,,quarterly,78000.0,chart_observation_marked_exact
rally-karuizawa,2022-09-30,2022-09-28T00:00:00Z,6.0,78000.0,chart_observation,rally_app_chart,Rally App,2026-07-14T00:00:00Z,Marshall,exact,,,quarterly,78000.0,chart_observation_marked_exact
rally-karuizawa,2022-12-31,2022-12-30T00:00:00Z,5.95,77350.0,chart_observation,rally_app_chart,Rally App,2026-07-14T00:00:00Z,Marshall,exact,,,quarterly,77350.0,chart_observation_marked_exact
rally-karuizawa,2023-03-31,2023-03-28T00:00:00Z,5.9,76700.0,chart_observation,rally_app_chart,Rally App,2026-07-14T00:00:00Z,Marshall,exact,,,quarterly,76700.0,chart_observation_marked_exact
rally-karuizawa,2023-06-30,2023-06-29T00:00:00Z,5.5,71500.0,chart_observation,rally_app_chart,Rally App,2026-07-14T00:00:00Z,Marshall,exact,,,quarterly,71500.0,chart_observation_marked_exact
rally-karuizawa,2023-09-30,2023-09-29T00:00:00Z,4.5,58500.0,chart_observation,rally_app_chart,Rally App,2026-07-14T00:00:00Z,Marshall,exact,,,quarterly,58500.0,chart_observation_marked_exact
rally-karuizawa,2023-12-31,2023-12-29T00:00:00Z,4.0,52000.0,chart_observation,rally_app_chart,Rally App,2026-07-14T00:00:00Z,Marshall,exact,,,quarterly,52000.0,chart_observation_marked_exact
rally-karuizawa,2024-03-31,2024-03-28T00:00:00Z,4.5,58500.0,chart_observation,rally_app_chart,Rally App,2026-07-14T00:00:00Z,Marshall,exact,,,quarterly,58500.0,chart_observation_marked_exact
rally-karuizawa,2024-06-30,2024-06-25T00:00:00Z,4.3,55900.0,chart_observation,rally_app_chart,Rally App,2026-07-14T00:00:00Z,Marshall,exact,,,quarterly,55900.0,chart_observation_marked_exact
rally-karuizawa,2024-09-30,2024-09-26T00:00:00Z,3.8,49400.0,chart_observation,rally_app_chart,Rally App,2026-07-14T00:00:00Z,Marshall,exact,,,quarterly,49400.0,chart_observation_marked_exact
rally-karuizawa,2024-12-31,2024-12-27T00:00:00Z,3.85,50050.0,chart_observation,rally_app_chart,Rally App,2026-07-14T00:00:00Z,Marshall,exact,,,quarterly,50050.0,chart_observation_marked_exact
rally-karuizawa,2025-03-31,2025-03-31T00:00:00Z,3.75,48750.0,chart_observation,rally_app_chart,Rally App,2026-07-14T00:00:00Z,Marshall,exact,,,quarterly,48750.0,chart_observation_marked_exact
rally-karuizawa,2025-06-30,2025-06-27T00:00:00Z,3.55,46150.0,chart_observation,rally_app_chart,Rally App,2026-07-14T00:00:00Z,Marshall,exact,,,quarterly,46150.0,chart_observation_marked_exact
rally-karuizawa,2025-09-30,2025-09-29T00:00:00Z,3.5,45500.0,chart_observation,rally_app_chart,Rally App,2026-07-14T00:00:00Z,Marshall,exact,,,quarterly,45500.0,chart_observation_marked_exact
rally-karuizawa,2025-12-31,2025-12-30T00:00:00Z,3.0,39000.0,chart_observation,rally_app_chart,Rally App,2026-07-14T00:00:00Z,Marshall,exact,,,quarterly,39000.0,chart_observation_marked_exact
rally-karuizawa,2026-03-31,2026-03-27T00:00:00Z,3.0,39000.0,chart_observation,rally_app_chart,Rally App,2026-07-14T00:00:00Z,Marshall,exact,,,quarterly,39000.0,chart_observation_marked_exact
rally-karuizawa,2026-06-30,2026-06-29T00:00:00Z,3.25,42250.0,chart_observation,rally_app_chart,Rally App,2026-07-14T00:00:00Z,Marshall,exact,,,quarterly,42250.0,chart_observation_marked_exact
rally-keller,2022-03-31,2022-03-01T00:00:00Z,5.0,15000.0,offering_price,manual_research,User-provided KELLER manual price history,2026-07-23T00:00:00Z,OpenAI Codex,exact,Offering reference value from manually transcribed Rally research; March 2022 offering date preserved as 2022-03-01 month-level date.,,quarterly,15000.0,observed_at_exceeds_quarter_lookback:30d; offering_price_excluded_from_secondary_returns
rally-keller,2022-09-30,2022-10-03T00:00:00Z,5.0,15000.0,chart_observation,manual_research,User-provided KELLER manual price history,2026-07-23T00:00:00Z,OpenAI Codex,exact,Actual observed_at date preserved; assigned to nearest quarter end by canonical quarterly observation convention.,,quarterly,15000.0,observed_at_after_period_end; chart_observation_marked_exact
rally-keller,2022-12-31,2022-12-29T00:00:00Z,3.95,11850.0,chart_observation,manual_research,User-provided KELLER manual price history,2026-07-23T00:00:00Z,OpenAI Codex,exact,,,quarterly,11850.0,chart_observation_marked_exact
rally-keller,2023-03-31,2023-03-30T00:00:00Z,2.95,8850.0,chart_observation,manual_research,User-provided KELLER manual price history,2026-07-23T00:00:00Z,OpenAI Codex,exact,,,quarterly,8850.0,chart_observation_marked_exact
rally-keller,2023-06-30,2023-06-29T00:00:00Z,3.95,11850.0,chart_observation,manual_research,User-provided KELLER manual price history,2026-07-23T00:00:00Z,OpenAI Codex,exact,,,quarterly,11850.0,chart_observation_marked_exact
rally-keller,2023-09-30,2023-09-28T00:00:00Z,3.85,11550.0,chart_observation,manual_research,User-provided KELLER manual price history,2026-07-23T00:00:00Z,OpenAI Codex,exact,,,quarterly,11550.0,chart_observation_marked_exact
rally-keller,2023-12-31,2023-12-29T00:00:00Z,1.95,5850.0,chart_observation,manual_research,User-provided KELLER manual price history,2026-07-23T00:00:00Z,OpenAI Codex,exact,,,quarterly,5850.0,chart_observation_marked_exact
rally-keller,2024-03-31,2024-03-27T00:00:00Z,2.95,8850.0,chart_observation,manual_research,User-provided KELLER manual price history,2026-07-23T00:00:00Z,OpenAI Codex,exact,,,quarterly,8850.0,chart_observation_marked_exact
rally-keller,2024-06-30,2024-06-26T00:00:00Z,2.5,7500.0,chart_observation,manual_research,User-provided KELLER manual price history,2026-07-23T00:00:00Z,OpenAI Codex,exact,,,quarterly,7500.0,chart_observation_marked_exact
rally-keller,2024-09-30,2024-09-30T00:00:00Z,3.75,11250.0,chart_observation,manual_research,User-provided KELLER manual price history,2026-07-23T00:00:00Z,OpenAI Codex,exact,,,quarterly,11250.0,chart_observation_marked_exact
rally-keller,2024-12-31,2024-12-30T00:00:00Z,2.5,7500.0,chart_observation,manual_research,User-provided KELLER manual price history,2026-07-23T00:00:00Z,OpenAI Codex,exact,,,quarterly,7500.0,chart_observation_marked_exact
rally-keller,2025-03-31,2025-03-31T00:00:00Z,3.55,10650.0,chart_observation,manual_research,User-provided KELLER manual price history,2026-07-23T00:00:00Z,OpenAI Codex,exact,,,quarterly,10650.0,chart_observation_marked_exact
rally-keller,2025-06-30,2025-06-30T00:00:00Z,3.0,9000.0,chart_observation,manual_research,User-provided KELLER manual price history,2026-07-23T00:00:00Z,OpenAI Codex,exact,,,quarterly,9000.0,chart_observation_marked_exact
rally-keller,2025-09-30,2025-09-29T00:00:00Z,3.0,9000.0,chart_observation,manual_research,User-provided KELLER manual price history,2026-07-23T00:00:00Z,OpenAI Codex,exact,,,quarterly,9000.0,chart_observation_marked_exact
rally-keller,2025-12-31,2025-12-29T00:00:00Z,2.5,7500.0,chart_observation,manual_research,User-provided KELLER manual price history,2026-07-23T00:00:00Z,OpenAI Codex,exact,,,quarterly,7500.0,chart_observation_marked_exact
rally-keller,2026-03-31,2026-03-30T00:00:00Z,2.0,6000.0,chart_observation,manual_research,User-provided KELLER manual price history,2026-07-23T00:00:00Z,OpenAI Codex,exact,,,quarterly,6000.0,chart_observation_marked_exact
rally-keller,2026-06-30,2026-06-29T00:00:00Z,2.5,7500.0,chart_observation,manual_research,User-provided KELLER manual price history,2026-07-23T00:00:00Z,OpenAI Codex,exact,Selected for Q2 2026 under canonical nearest-quarter convention; 2026-06-29 is one day from quarter-end.,,quarterly,7500.0,chart_observation_marked_exact
rally-keller,2026-09-30,2026-07-08T00:00:00Z,3.55,10650.0,chart_observation,manual_research,User-provided KELLER manual price history,2026-07-23T00:00:00Z,OpenAI Codex,exact,Post-Q2 observation preserved for future weekly/current-price research; intentionally not forced into Q2 2026 because the 2026-06-29 observation is nearer to June 30.,,weekly,10650.0,observed_at_exceeds_quarter_lookback:84d; chart_observation_marked_exact
rally-kerouac,2020-12-31,2020-12-31T00:00:00Z,20.0,98000.0,offering_price,manual_research,user-provided manual Rally KEROUAC price history,2026-07-25T00:00:00Z,codex,exact,Manually transcribed Rally observation; validated against 4900 shares outstanding.,,quarterly,98000.0,offering_price_excluded_from_secondary_returns
rally-kerouac,2021-06-30,2021-05-17T00:00:00Z,7.05,34545.0,chart_observation,manual_research,user-provided manual Rally KEROUAC price history,2026-07-25T00:00:00Z,codex,exact,Manually transcribed Rally observation; validated against 4900 shares outstanding.,,quarterly,34545.0,observed_at_exceeds_quarter_lookback:44d; chart_observation_marked_exact
rally-kerouac,2021-09-30,2021-09-22T00:00:00Z,11.85,58065.0,chart_observation,manual_research,user-provided manual Rally KEROUAC price history,2026-07-25T00:00:00Z,codex,exact,Manually transcribed Rally observation; validated against 4900 shares outstanding.,,quarterly,58065.0,chart_observation_marked_exact
rally-kerouac,2021-12-31,2022-01-03T00:00:00Z,12.25,60025.0,chart_observation,manual_research,user-provided manual Rally KEROUAC price history,2026-07-25T00:00:00Z,codex,exact,Manually transcribed Rally observation; validated against 4900 shares outstanding.,,quarterly,60025.0,observed_at_after_period_end; chart_observation_marked_exact
rally-kerouac,2022-03-31,2022-04-01T00:00:00Z,8.7,42630.0,chart_observation,manual_research,user-provided manual Rally KEROUAC price history,2026-07-25T00:00:00Z,codex,exact,Manually transcribed Rally observation; validated against 4900 shares outstanding.,,quarterly,42630.0,observed_at_after_period_end; chart_observation_marked_exact
rally-kerouac,2022-06-30,2022-06-27T00:00:00Z,8.0,39200.0,chart_observation,manual_research,user-provided manual Rally KEROUAC price history,2026-07-25T00:00:00Z,codex,exact,Manually transcribed Rally observation; validated against 4900 shares outstanding.,,quarterly,39200.0,chart_observation_marked_exact
rally-kerouac,2022-09-30,2022-09-29T00:00:00Z,7.95,38955.0,chart_observation,manual_research,user-provided manual Rally KEROUAC price history,2026-07-25T00:00:00Z,codex,exact,Manually transcribed Rally observation; validated against 4900 shares outstanding.,,quarterly,38955.0,chart_observation_marked_exact
rally-kerouac,2022-12-31,2022-12-30T00:00:00Z,6.0,29400.0,chart_observation,manual_research,user-provided manual Rally KEROUAC price history,2026-07-25T00:00:00Z,codex,exact,Manually transcribed Rally observation; validated against 4900 shares outstanding.,,quarterly,29400.0,chart_observation_marked_exact
rally-kerouac,2023-03-31,2023-03-28T00:00:00Z,8.25,40425.0,chart_observation,manual_research,user-provided manual Rally KEROUAC price history,2026-07-25T00:00:00Z,codex,exact,Manually transcribed Rally observation; validated against 4900 shares outstanding.,,quarterly,40425.0,chart_observation_marked_exact
rally-kerouac,2023-06-30,2023-06-29T00:00:00Z,8.4,41160.0,chart_observation,manual_research,user-provided manual Rally KEROUAC price history,2026-07-25T00:00:00Z,codex,exact,Manually transcribed Rally observation; validated against 4900 shares outstanding.,,quarterly,41160.0,chart_observation_marked_exact
rally-kerouac,2023-09-30,2023-09-25T00:00:00Z,5.8,28420.0,chart_observation,manual_research,user-provided manual Rally KEROUAC price history,2026-07-25T00:00:00Z,codex,exact,Manually transcribed Rally observation; validated against 4900 shares outstanding.,,quarterly,28420.0,chart_observation_marked_exact
rally-kerouac,2023-12-31,2023-12-29T00:00:00Z,7.45,36505.0,chart_observation,manual_research,user-provided manual Rally KEROUAC price history,2026-07-25T00:00:00Z,codex,exact,Manually transcribed Rally observation; validated against 4900 shares outstanding.,,quarterly,36505.0,chart_observation_marked_exact
rally-kerouac,2024-03-31,2024-03-28T00:00:00Z,8.0,39200.0,chart_observation,manual_research,user-provided manual Rally KEROUAC price history,2026-07-25T00:00:00Z,codex,exact,Manually transcribed Rally observation; validated against 4900 shares outstanding.,,quarterly,39200.0,chart_observation_marked_exact
rally-kerouac,2024-06-30,2024-06-25T00:00:00Z,6.8,33320.0,chart_observation,manual_research,user-provided manual Rally KEROUAC price history,2026-07-25T00:00:00Z,codex,exact,Manually transcribed Rally observation; validated against 4900 shares outstanding.,,quarterly,33320.0,chart_observation_marked_exact
rally-kerouac,2024-09-30,2024-10-02T00:00:00Z,7.5,36750.0,chart_observation,manual_research,user-provided manual Rally KEROUAC price history,2026-07-25T00:00:00Z,codex,exact,Manually transcribed Rally observation; validated against 4900 shares outstanding.,,quarterly,36750.0,observed_at_after_period_end; chart_observation_marked_exact
rally-kerouac,2024-12-31,2024-12-27T00:00:00Z,7.8,38220.0,chart_observation,manual_research,user-provided manual Rally KEROUAC price history,2026-07-25T00:00:00Z,codex,exact,Manually transcribed Rally observation; validated against 4900 shares outstanding.,,quarterly,38220.0,chart_observation_marked_exact
rally-kerouac,2025-03-31,2025-04-01T00:00:00Z,6.95,34055.0,chart_observation,manual_research,user-provided manual Rally KEROUAC price history,2026-07-25T00:00:00Z,codex,exact,Manually transcribed Rally observation; validated against 4900 shares outstanding.,,quarterly,34055.0,observed_at_after_period_end; chart_observation_marked_exact
rally-kerouac,2025-06-30,2025-06-27T00:00:00Z,7.25,35525.0,chart_observation,manual_research,user-provided manual Rally KEROUAC price history,2026-07-25T00:00:00Z,codex,exact,Manually transcribed Rally observation; validated against 4900 shares outstanding.,,quarterly,35525.0,chart_observation_marked_exact
rally-kerouac,2025-09-30,2025-09-29T00:00:00Z,6.75,33075.0,chart_observation,manual_research,user-provided manual Rally KEROUAC price history,2026-07-25T00:00:00Z,codex,exact,Manually transcribed Rally observation; validated against 4900 shares outstanding.,,quarterly,33075.0,chart_observation_marked_exact
rally-kerouac,2025-12-31,2025-12-31T00:00:00Z,5.55,27195.0,chart_observation,manual_research,user-provided manual Rally KEROUAC price history,2026-07-25T00:00:00Z,codex,exact,Manually transcribed Rally observation; validated against 4900 shares outstanding.,,quarterly,27195.0,chart_observation_marked_exact
rally-kerouac,2026-03-31,2026-03-27T00:00:00Z,4.9,24010.0,chart_observation,manual_research,user-provided manual Rally KEROUAC price history,2026-07-25T00:00:00Z,codex,exact,Manually transcribed Rally observation; validated against 4900 shares outstanding.,,quarterly,24010.0,chart_observation_marked_exact
rally-kerouac,2026-06-30,2026-06-29T00:00:00Z,5.95,29155.0,chart_observation,manual_research,user-provided manual Rally KEROUAC price history,2026-07-25T00:00:00Z,codex,exact,Manually transcribed Rally observation; validated against 4900 shares outstanding.,,quarterly,29155.0,chart_observation_marked_exact
rally-lotf,2022-03-31,2022-03-01T00:00:00Z,7.0,14000.0,offering_price,rally_app,Manually transcribed Rally LOTF price history supplied 2026-07-25,2026-07-25T00:00:00Z,user_provided_manual_research,exact,Initial offering; source supplied month only.,,quarterly,14000.0,observed_at_exceeds_quarter_lookback:30d; offering_price_excluded_from_secondary_returns
rally-lotf,2022-09-30,2022-09-29T00:00:00Z,4.0,8000.0,chart_observation,rally_app_chart,Manually transcribed Rally LOTF price history supplied 2026-07-25,2026-07-25T00:00:00Z,user_provided_manual_research,exact,"Manually transcribed Rally observation; validated against 2,000 shares outstanding.",,quarterly,8000.0,chart_observation_marked_exact
rally-lotf,2022-12-31,2022-12-30T00:00:00Z,4.55,9100.0,chart_observation,rally_app_chart,Manually transcribed Rally LOTF price history supplied 2026-07-25,2026-07-25T00:00:00Z,user_provided_manual_research,exact,"Manually transcribed Rally observation; validated against 2,000 shares outstanding.",,quarterly,9100.0,chart_observation_marked_exact
rally-lotf,2023-03-31,2023-03-31T00:00:00Z,4.5,9000.0,chart_observation,rally_app_chart,Manually transcribed Rally LOTF price history supplied 2026-07-25,2026-07-25T00:00:00Z,user_provided_manual_research,exact,"Manually transcribed Rally observation; validated against 2,000 shares outstanding.",,quarterly,9000.0,chart_observation_marked_exact
rally-lotf,2023-06-30,2023-06-27T00:00:00Z,3.85,7700.0,chart_observation,rally_app_chart,Manually transcribed Rally LOTF price history supplied 2026-07-25,2026-07-25T00:00:00Z,user_provided_manual_research,exact,"Manually transcribed Rally observation; validated against 2,000 shares outstanding.",,quarterly,7700.0,chart_observation_marked_exact
rally-lotf,2023-09-30,2023-09-27T00:00:00Z,4.5,9000.0,chart_observation,rally_app_chart,Manually transcribed Rally LOTF price history supplied 2026-07-25,2026-07-25T00:00:00Z,user_provided_manual_research,exact,"Manually transcribed Rally observation; validated against 2,000 shares outstanding.",,quarterly,9000.0,chart_observation_marked_exact
rally-lotf,2023-12-31,2023-12-29T00:00:00Z,5.5,11000.0,chart_observation,rally_app_chart,Manually transcribed Rally LOTF price history supplied 2026-07-25,2026-07-25T00:00:00Z,user_provided_manual_research,exact,"Manually transcribed Rally observation; validated against 2,000 shares outstanding.",,quarterly,11000.0,chart_observation_marked_exact
rally-lotf,2024-03-31,2024-03-28T00:00:00Z,5.5,11000.0,chart_observation,rally_app_chart,Manually transcribed Rally LOTF price history supplied 2026-07-25,2026-07-25T00:00:00Z,user_provided_manual_research,exact,"Manually transcribed Rally observation; validated against 2,000 shares outstanding.",,quarterly,11000.0,chart_observation_marked_exact
rally-lotf,2024-06-30,2024-06-28T00:00:00Z,6.95,13900.0,chart_observation,rally_app_chart,Manually transcribed Rally LOTF price history supplied 2026-07-25,2026-07-25T00:00:00Z,user_provided_manual_research,exact,"Manually transcribed Rally observation; validated against 2,000 shares outstanding.",,quarterly,13900.0,chart_observation_marked_exact
rally-lotf,2024-09-30,2024-09-30T00:00:00Z,6.9,13800.0,chart_observation,rally_app_chart,Manually transcribed Rally LOTF price history supplied 2026-07-25,2026-07-25T00:00:00Z,user_provided_manual_research,exact,"Manually transcribed Rally observation; validated against 2,000 shares outstanding.",,quarterly,13800.0,chart_observation_marked_exact
rally-lotf,2024-12-31,2024-12-30T00:00:00Z,6.45,12900.0,chart_observation,rally_app_chart,Manually transcribed Rally LOTF price history supplied 2026-07-25,2026-07-25T00:00:00Z,user_provided_manual_research,exact,"Manually transcribed Rally observation; validated against 2,000 shares outstanding.",,quarterly,12900.0,chart_observation_marked_exact
rally-lotf,2025-03-31,2025-03-27T00:00:00Z,5.95,11900.0,chart_observation,rally_app_chart,Manually transcribed Rally LOTF price history supplied 2026-07-25,2026-07-25T00:00:00Z,user_provided_manual_research,exact,"Manually transcribed Rally observation; validated against 2,000 shares outstanding.",,quarterly,11900.0,chart_observation_marked_exact
rally-lotf,2025-06-30,2025-06-27T00:00:00Z,5.95,11900.0,chart_observation,rally_app_chart,Manually transcribed Rally LOTF price history supplied 2026-07-25,2026-07-25T00:00:00Z,user_provided_manual_research,exact,"Manually transcribed Rally observation; validated against 2,000 shares outstanding.",,quarterly,11900.0,chart_observation_marked_exact
rally-lotf,2025-09-30,2025-09-26T00:00:00Z,4.2,8400.0,chart_observation,rally_app_chart,Manually transcribed Rally LOTF price history supplied 2026-07-25,2026-07-25T00:00:00Z,user_provided_manual_research,exact,"Manually transcribed Rally observation; validated against 2,000 shares outstanding.",,quarterly,8400.0,chart_observation_marked_exact
rally-lotf,2025-12-31,2025-12-29T00:00:00Z,2.95,5900.0,chart_observation,rally_app_chart,Manually transcribed Rally LOTF price history supplied 2026-07-25,2026-07-25T00:00:00Z,user_provided_manual_research,exact,"Manually transcribed Rally observation; validated against 2,000 shares outstanding.",,quarterly,5900.0,chart_observation_marked_exact
rally-lotf,2026-03-31,2026-03-30T00:00:00Z,4.05,8100.0,chart_observation,rally_app_chart,Manually transcribed Rally LOTF price history supplied 2026-07-25,2026-07-25T00:00:00Z,user_provided_manual_research,exact,"Manually transcribed Rally observation; validated against 2,000 shares outstanding.",,quarterly,8100.0,chart_observation_marked_exact
rally-lotf,2026-06-30,2026-06-30T00:00:00Z,3.75,7500.0,chart_observation,rally_app_chart,Manually transcribed Rally LOTF price history supplied 2026-07-25,2026-07-25T00:00:00Z,user_provided_manual_research,exact,"Manually transcribed Rally observation; validated against 2,000 shares outstanding.",,quarterly,7500.0,chart_observation_marked_exact
rally-lotr,2020-06-30,2020-06-05T00:00:00Z,29.0,29000.0,offering_price,rally_app,Manually transcribed Rally LOTR price history supplied 2026-07-22,2026-07-22T00:00:00Z,user_provided_manual_research,exact,Initial offering; actual Rally observation date preserved.,,quarterly,29000.0,observed_at_exceeds_quarter_lookback:25d; offering_price_excluded_from_secondary_returns
rally-lotr,2020-09-30,2020-09-29T00:00:00Z,32.0,32000.0,chart_observation,rally_app_chart,Manually transcribed Rally LOTR price history supplied 2026-07-22,2026-07-22T00:00:00Z,user_provided_manual_research,exact,,,quarterly,32000.0,chart_observation_marked_exact
rally-lotr,2020-12-31,2020-12-29T00:00:00Z,35.5,35500.0,chart_observation,rally_app_chart,Manually transcribed Rally LOTR price history supplied 2026-07-22,2026-07-22T00:00:00Z,user_provided_manual_research,exact,,,quarterly,35500.0,chart_observation_marked_exact
rally-lotr,2021-03-31,2021-04-13T00:00:00Z,50.0,50000.0,chart_observation,rally_app_chart,Manually transcribed Rally LOTR price history supplied 2026-07-22,2026-07-22T00:00:00Z,user_provided_manual_research,exact,Nearest-quarter normalization assigns this after-quarter observation to Q1 2021 while preserving observed_at.,,quarterly,50000.0,observed_at_after_period_end; chart_observation_marked_exact
rally-lotr,2021-06-30,2021-07-30T00:00:00Z,65.0,65000.0,chart_observation,rally_app_chart,Manually transcribed Rally LOTR price history supplied 2026-07-22,2026-07-22T00:00:00Z,user_provided_manual_research,exact,Nearest-quarter normalization assigns this after-quarter observation to Q2 2021 while preserving observed_at.,,quarterly,65000.0,observed_at_after_period_end; chart_observation_marked_exact
rally-lotr,2021-12-31,2022-01-18T00:00:00Z,65.0,65000.0,chart_observation,rally_app_chart,Manually transcribed Rally LOTR price history supplied 2026-07-22,2026-07-22T00:00:00Z,user_provided_manual_research,exact,Nearest-quarter normalization assigns this after-quarter observation to Q4 2021 while preserving observed_at.,,quarterly,65000.0,observed_at_after_period_end; chart_observation_marked_exact
rally-lotr,2022-03-31,2022-03-30T00:00:00Z,60.0,60000.0,chart_observation,rally_app_chart,Manually transcribed Rally LOTR price history supplied 2026-07-22,2026-07-22T00:00:00Z,user_provided_manual_research,exact,,,quarterly,60000.0,chart_observation_marked_exact
rally-lotr,2022-06-30,2022-06-30T00:00:00Z,39.3,39300.0,chart_observation,rally_app_chart,Manually transcribed Rally LOTR price history supplied 2026-07-22,2026-07-22T00:00:00Z,user_provided_manual_research,exact,,,quarterly,39300.0,chart_observation_marked_exact
rally-lotr,2022-09-30,2022-09-30T00:00:00Z,35.2,35200.0,chart_observation,rally_app_chart,Manually transcribed Rally LOTR price history supplied 2026-07-22,2026-07-22T00:00:00Z,user_provided_manual_research,exact,,,quarterly,35200.0,chart_observation_marked_exact
rally-lotr,2022-12-31,2022-12-27T00:00:00Z,40.2,40200.0,chart_observation,rally_app_chart,Manually transcribed Rally LOTR price history supplied 2026-07-22,2026-07-22T00:00:00Z,user_provided_manual_research,exact,,,quarterly,40200.0,chart_observation_marked_exact
rally-lotr,2023-03-31,2023-03-28T00:00:00Z,42.95,42950.0,chart_observation,rally_app_chart,Manually transcribed Rally LOTR price history supplied 2026-07-22,2026-07-22T00:00:00Z,user_provided_manual_research,exact,,,quarterly,42950.0,chart_observation_marked_exact
rally-lotr,2023-06-30,2023-06-29T00:00:00Z,47.0,47000.0,chart_observation,rally_app_chart,Manually transcribed Rally LOTR price history supplied 2026-07-22,2026-07-22T00:00:00Z,user_provided_manual_research,exact,,,quarterly,47000.0,chart_observation_marked_exact
rally-lotr,2023-09-30,2023-09-29T00:00:00Z,42.5,42500.0,chart_observation,rally_app_chart,Manually transcribed Rally LOTR price history supplied 2026-07-22,2026-07-22T00:00:00Z,user_provided_manual_research,exact,,,quarterly,42500.0,chart_observation_marked_exact
rally-lotr,2023-12-31,2023-12-29T00:00:00Z,24.9,24900.0,chart_observation,rally_app_chart,Manually transcribed Rally LOTR price history supplied 2026-07-22,2026-07-22T00:00:00Z,user_provided_manual_research,exact,,,quarterly,24900.0,chart_observation_marked_exact
rally-lotr,2024-03-31,2024-03-26T00:00:00Z,35.0,35000.0,chart_observation,rally_app_chart,Manually transcribed Rally LOTR price history supplied 2026-07-22,2026-07-22T00:00:00Z,user_provided_manual_research,exact,,,quarterly,35000.0,chart_observation_marked_exact
rally-lotr,2024-06-30,2024-06-26T00:00:00Z,31.95,31950.0,chart_observation,rally_app_chart,Manually transcribed Rally LOTR price history supplied 2026-07-22,2026-07-22T00:00:00Z,user_provided_manual_research,exact,,,quarterly,31950.0,chart_observation_marked_exact
rally-lotr,2024-09-30,2024-09-27T00:00:00Z,35.85,35850.0,chart_observation,rally_app_chart,Manually transcribed Rally LOTR price history supplied 2026-07-22,2026-07-22T00:00:00Z,user_provided_manual_research,exact,,,quarterly,35850.0,chart_observation_marked_exact
rally-lotr,2024-12-31,2024-12-30T00:00:00Z,35.0,35000.0,chart_observation,rally_app_chart,Manually transcribed Rally LOTR price history supplied 2026-07-22,2026-07-22T00:00:00Z,user_provided_manual_research,exact,,,quarterly,35000.0,chart_observation_marked_exact
rally-lotr,2025-03-31,2025-03-31T00:00:00Z,30.35,30350.0,chart_observation,rally_app_chart,Manually transcribed Rally LOTR price history supplied 2026-07-22,2026-07-22T00:00:00Z,user_provided_manual_research,exact,,,quarterly,30350.0,chart_observation_marked_exact
rally-lotr,2025-06-30,2025-06-25T00:00:00Z,35.5,35500.0,chart_observation,rally_app_chart,Manually transcribed Rally LOTR price history supplied 2026-07-22,2026-07-22T00:00:00Z,user_provided_manual_research,exact,,,quarterly,35500.0,chart_observation_marked_exact
rally-lotr,2025-09-30,2025-09-26T00:00:00Z,30.0,30000.0,chart_observation,rally_app_chart,Manually transcribed Rally LOTR price history supplied 2026-07-22,2026-07-22T00:00:00Z,user_provided_manual_research,exact,,,quarterly,30000.0,chart_observation_marked_exact
rally-lotr,2025-12-31,2025-12-26T00:00:00Z,37.45,37450.0,chart_observation,rally_app_chart,Manually transcribed Rally LOTR price history supplied 2026-07-22,2026-07-22T00:00:00Z,user_provided_manual_research,exact,,,quarterly,37450.0,chart_observation_marked_exact
rally-lotr,2026-03-31,2026-03-30T00:00:00Z,36.0,36000.0,chart_observation,rally_app_chart,Manually transcribed Rally LOTR price history supplied 2026-07-22,2026-07-22T00:00:00Z,user_provided_manual_research,exact,,,quarterly,36000.0,chart_observation_marked_exact
rally-lotr,2026-06-30,2026-07-01T00:00:00Z,75.0,75000.0,chart_observation,rally_app_chart,Manually transcribed Rally LOTR price history supplied 2026-07-22,2026-07-22T00:00:00Z,user_provided_manual_research,exact,Actual 2026-07-01 observation preserved; nearest-quarter methodology assigns it to the Q2 2026 period without rewriting observed_at.,,quarterly,75000.0,observed_at_after_period_end; chart_observation_marked_exact
rally-macallan1,2021-12-31,2021-11-01T00:00:00Z,13.25,13250.0,offering_price,rally_app,Rally App,2026-07-14T00:00:00Z,Marshall,exact,Initial offering. Submitted observed_at was 2021-11.,,quarterly,13250.0,observed_at_exceeds_quarter_lookback:60d; offering_price_excluded_from_secondary_returns
rally-macallan1,2022-03-31,2022-03-30T00:00:00Z,18.0,18000.0,chart_observation,rally_app_chart,Rally App,2026-07-14T00:00:00Z,Marshall,exact,,,quarterly,18000.0,chart_observation_marked_exact
rally-macallan1,2022-06-30,2022-06-27T00:00:00Z,18.25,18250.0,chart_observation,rally_app_chart,Rally App,2026-07-14T00:00:00Z,Marshall,exact,,,quarterly,18250.0,chart_observation_marked_exact
rally-macallan1,2022-09-30,2022-09-28T00:00:00Z,22.5,22500.0,chart_observation,rally_app_chart,Rally App,2026-07-14T00:00:00Z,Marshall,exact,,,quarterly,22500.0,chart_observation_marked_exact
rally-macallan1,2022-12-31,2022-12-30T00:00:00Z,24.5,24500.0,chart_observation,rally_app_chart,Rally App,2026-07-14T00:00:00Z,Marshall,exact,,,quarterly,24500.0,chart_observation_marked_exact
rally-macallan1,2023-03-31,2023-03-29T00:00:00Z,24.9,24900.0,chart_observation,rally_app_chart,Rally App,2026-07-14T00:00:00Z,Marshall,exact,,,quarterly,24900.0,chart_observation_marked_exact
rally-macallan1,2023-06-30,2023-06-30T00:00:00Z,21.5,21500.0,chart_observation,rally_app_chart,Rally App,2026-07-14T00:00:00Z,Marshall,exact,,,quarterly,21500.0,chart_observation_marked_exact
rally-macallan1,2023-09-30,2023-09-27T00:00:00Z,15.0,15000.0,chart_observation,rally_app_chart,Rally App,2026-07-14T00:00:00Z,Marshall,exact,,,quarterly,15000.0,chart_observation_marked_exact
rally-macallan1,2023-12-31,2023-12-29T00:00:00Z,13.35,13350.0,chart_observation,rally_app_chart,Rally App,2026-07-14T00:00:00Z,Marshall,exact,,,quarterly,13350.0,chart_observation_marked_exact
rally-macallan1,2024-03-31,2024-03-28T00:00:00Z,15.0,15000.0,chart_observation,rally_app_chart,Rally App,2026-07-14T00:00:00Z,Marshall,exact,,,quarterly,15000.0,chart_observation_marked_exact
rally-macallan1,2024-06-30,2024-06-28T00:00:00Z,17.75,17750.0,chart_observation,rally_app_chart,Rally App,2026-07-14T00:00:00Z,Marshall,exact,,,quarterly,17750.0,chart_observation_marked_exact
rally-macallan1,2024-09-30,2024-09-26T00:00:00Z,12.9,12900.0,chart_observation,rally_app_chart,Rally App,2026-07-14T00:00:00Z,Marshall,exact,,,quarterly,12900.0,chart_observation_marked_exact
rally-macallan1,2024-12-31,2024-12-30T00:00:00Z,14.0,14000.0,chart_observation,rally_app_chart,Rally App,2026-07-14T00:00:00Z,Marshall,exact,,,quarterly,14000.0,chart_observation_marked_exact
rally-macallan1,2025-03-31,2025-03-27T00:00:00Z,14.5,14500.0,chart_observation,rally_app_chart,Rally App,2026-07-14T00:00:00Z,Marshall,exact,,,quarterly,14500.0,chart_observation_marked_exact
rally-macallan1,2025-06-30,2025-06-30T00:00:00Z,17.9,17900.0,chart_observation,rally_app_chart,Rally App,2026-07-14T00:00:00Z,Marshall,exact,,,quarterly,17900.0,chart_observation_marked_exact
rally-macallan1,2025-09-30,2025-09-25T00:00:00Z,17.75,17750.0,chart_observation,rally_app_chart,Rally App,2026-07-14T00:00:00Z,Marshall,exact,,,quarterly,17750.0,chart_observation_marked_exact
rally-macallan1,2025-12-31,2025-12-29T00:00:00Z,16.75,16750.0,chart_observation,rally_app_chart,Rally App,2026-07-14T00:00:00Z,Marshall,exact,,,quarterly,16750.0,chart_observation_marked_exact
rally-macallan1,2026-03-31,2026-03-27T00:00:00Z,15.0,15000.0,chart_observation,rally_app_chart,Rally App,2026-07-14T00:00:00Z,Marshall,exact,,,quarterly,15000.0,chart_observation_marked_exact
rally-macallan1,2026-06-30,2026-06-29T00:00:00Z,12.5,12500.0,chart_observation,rally_app_chart,Rally App,2026-07-14T00:00:00Z,Marshall,exact,,,quarterly,12500.0,chart_observation_marked_exact
rally-macallan2,2022-03-31,2022-02-01T00:00:00Z,6.0,30000.0,offering_price,rally_app,Rally App,2026-07-14T00:00:00Z,Marshall,exact,Initial offering. Submitted observed_at was 2022-02.,,quarterly,30000.0,observed_at_exceeds_quarter_lookback:58d; offering_price_excluded_from_secondary_returns
rally-macallan2,2022-06-30,2022-06-27T00:00:00Z,6.0,30000.0,chart_observation,rally_app_chart,Rally App,2026-07-14T00:00:00Z,Marshall,exact,,,quarterly,30000.0,chart_observation_marked_exact
rally-macallan2,2022-09-30,2022-09-29T00:00:00Z,8.75,43750.0,chart_observation,rally_app_chart,Rally App,2026-07-14T00:00:00Z,Marshall,exact,,,quarterly,43750.0,chart_observation_marked_exact
rally-macallan2,2022-12-31,2022-12-30T00:00:00Z,8.85,44250.0,chart_observation,rally_app_chart,Rally App,2026-07-14T00:00:00Z,Marshall,exact,,,quarterly,44250.0,chart_observation_marked_exact
rally-macallan2,2023-03-31,2023-03-29T00:00:00Z,11.95,59750.0,chart_observation,rally_app_chart,Rally App,2026-07-14T00:00:00Z,Marshall,exact,,,quarterly,59750.0,chart_observation_marked_exact
rally-macallan2,2023-06-30,2023-06-30T00:00:00Z,9.95,49750.0,chart_observation,rally_app_chart,Rally App,2026-07-14T00:00:00Z,Marshall,exact,,,quarterly,49750.0,chart_observation_marked_exact
rally-macallan2,2023-09-30,2023-09-26T00:00:00Z,7.0,35000.0,chart_observation,rally_app_chart,Rally App,2026-07-14T00:00:00Z,Marshall,exact,,,quarterly,35000.0,chart_observation_marked_exact
rally-macallan2,2023-12-31,2023-12-29T00:00:00Z,9.0,45000.0,chart_observation,rally_app_chart,Rally App,2026-07-14T00:00:00Z,Marshall,exact,,,quarterly,45000.0,chart_observation_marked_exact
rally-macallan2,2024-03-31,2024-03-28T00:00:00Z,8.0,40000.0,chart_observation,rally_app_chart,Rally App,2026-07-14T00:00:00Z,Marshall,exact,,,quarterly,40000.0,chart_observation_marked_exact
rally-macallan2,2024-06-30,2024-06-26T00:00:00Z,6.05,30250.0,chart_observation,rally_app_chart,Rally App,2026-07-14T00:00:00Z,Marshall,exact,,,quarterly,30250.0,chart_observation_marked_exact
rally-macallan2,2024-09-30,2024-09-27T00:00:00Z,9.0,45000.0,chart_observation,rally_app_chart,Rally App,2026-07-14T00:00:00Z,Marshall,exact,,,quarterly,45000.0,chart_observation_marked_exact
rally-macallan2,2024-12-31,2024-12-27T00:00:00Z,6.7,33500.0,chart_observation,rally_app_chart,Rally App,2026-07-14T00:00:00Z,Marshall,exact,,,quarterly,33500.0,chart_observation_marked_exact
rally-macallan2,2025-03-31,2025-03-31T00:00:00Z,7.45,37250.0,chart_observation,rally_app_chart,Rally App,2026-07-14T00:00:00Z,Marshall,exact,,,quarterly,37250.0,chart_observation_marked_exact
rally-macallan2,2025-06-30,2025-06-27T00:00:00Z,7.0,35000.0,chart_observation,rally_app_chart,Rally App,2026-07-14T00:00:00Z,Marshall,exact,,,quarterly,35000.0,chart_observation_marked_exact
rally-macallan2,2025-09-30,2025-09-29T00:00:00Z,6.85,34250.0,chart_observation,rally_app_chart,Rally App,2026-07-14T00:00:00Z,Marshall,exact,,,quarterly,34250.0,chart_observation_marked_exact
rally-macallan2,2025-12-31,2025-12-30T00:00:00Z,7.3,36500.0,chart_observation,rally_app_chart,Rally App,2026-07-14T00:00:00Z,Marshall,exact,,,quarterly,36500.0,chart_observation_marked_exact
rally-macallan2,2026-03-31,2026-03-27T00:00:00Z,6.0,30000.0,chart_observation,rally_app_chart,Rally App,2026-07-14T00:00:00Z,Marshall,exact,,,quarterly,30000.0,chart_observation_marked_exact
rally-macallan2,2026-06-30,2026-06-29T00:00:00Z,5.8,29000.0,chart_observation,rally_app_chart,Rally App,2026-07-14T00:00:00Z,Marshall,exact,,,quarterly,29000.0,chart_observation_marked_exact
rally-macallan3,2022-09-30,2022-07-01T00:00:00Z,5.0,20500.0,offering_price,rally_app,Rally App,2026-07-14T00:00:00Z,Marshall,exact,Initial offering. Submitted observed_at was 2022-07.,,quarterly,20500.0,observed_at_exceeds_quarter_lookback:91d; offering_price_excluded_from_secondary_returns
rally-macallan3,2022-12-31,2022-12-30T00:00:00Z,6.5,26650.0,chart_observation,rally_app_chart,Rally App,2026-07-14T00:00:00Z,Marshall,exact,,,quarterly,26650.0,chart_observation_marked_exact
rally-macallan3,2023-03-31,2023-03-31T00:00:00Z,7.25,29725.0,chart_observation,rally_app_chart,Rally App,2026-07-14T00:00:00Z,Marshall,exact,,,quarterly,29725.0,chart_observation_marked_exact
rally-macallan3,2023-06-30,2023-06-29T00:00:00Z,7.15,29315.0,chart_observation,rally_app_chart,Rally App,2026-07-14T00:00:00Z,Marshall,exact,,,quarterly,29315.0,chart_observation_marked_exact
rally-macallan3,2023-09-30,2023-09-26T00:00:00Z,6.9,28290.0,chart_observation,rally_app_chart,Rally App,2026-07-14T00:00:00Z,Marshall,exact,,,quarterly,28290.0,chart_observation_marked_exact
rally-macallan3,2023-12-31,2023-12-29T00:00:00Z,6.9,28290.0,chart_observation,rally_app_chart,Rally App,2026-07-14T00:00:00Z,Marshall,exact,,,quarterly,28290.0,chart_observation_marked_exact
rally-macallan3,2024-03-31,2024-03-28T00:00:00Z,5.9,24190.0,chart_observation,rally_app_chart,Rally App,2026-07-14T00:00:00Z,Marshall,exact,,,quarterly,24190.0,chart_observation_marked_exact
rally-macallan3,2024-06-30,2024-06-26T00:00:00Z,5.9,24190.0,chart_observation,rally_app_chart,Rally App,2026-07-14T00:00:00Z,Marshall,exact,,,quarterly,24190.0,chart_observation_marked_exact
rally-macallan3,2024-09-30,2024-09-27T00:00:00Z,6.8,27880.0,chart_observation,rally_app_chart,Rally App,2026-07-14T00:00:00Z,Marshall,exact,,,quarterly,27880.0,chart_observation_marked_exact
rally-macallan3,2024-12-31,2024-12-31T00:00:00Z,6.3,25830.0,chart_observation,rally_app_chart,Rally App,2026-07-14T00:00:00Z,Marshall,exact,,,quarterly,25830.0,chart_observation_marked_exact
rally-macallan3,2025-03-31,2025-03-31T00:00:00Z,6.3,25830.0,chart_observation,rally_app_chart,Rally App,2026-07-14T00:00:00Z,Marshall,exact,,,quarterly,25830.0,chart_observation_marked_exact
rally-macallan3,2025-06-30,2025-06-27T00:00:00Z,5.55,22755.0,chart_observation,rally_app_chart,Rally App,2026-07-14T00:00:00Z,Marshall,exact,,,quarterly,22755.0,chart_observation_marked_exact
rally-macallan3,2025-09-30,2025-09-30T00:00:00Z,6.4,26240.0,chart_observation,rally_app_chart,Rally App,2026-07-14T00:00:00Z,Marshall,exact,,,quarterly,26240.0,chart_observation_marked_exact
rally-macallan3,2025-12-31,2025-12-29T00:00:00Z,6.3,25830.0,chart_observation,rally_app_chart,Rally App,2026-07-14T00:00:00Z,Marshall,exact,,,quarterly,25830.0,chart_observation_marked_exact
rally-macallan3,2026-03-31,2026-03-27T00:00:00Z,6.3,25830.0,chart_observation,rally_app_chart,Rally App,2026-07-14T00:00:00Z,Marshall,exact,,,quarterly,25830.0,chart_observation_marked_exact
rally-macallan3,2026-06-30,2026-06-26T00:00:00Z,6.3,25830.0,chart_observation,rally_app_chart,Rally App,2026-07-14T00:00:00Z,Marshall,exact,,,quarterly,25830.0,chart_observation_marked_exact
rally-marx,2021-12-31,2021-10-01T00:00:00Z,15.0,120000.0,offering_price,manual_research,User-provided MARX manual Rally price history,2026-07-23T00:00:00Z,OpenAI Codex,exact,Offering reference value supplied by user; October 2021 offering date represented as 2021-10-01 for quarterly normalization.,,quarterly,120000.0,observed_at_exceeds_quarter_lookback:91d; offering_price_excluded_from_secondary_returns
rally-marx,2021-12-31,2022-02-22T00:00:00Z,14.0,112000.0,chart_observation,manual_research,User-provided MARX manual Rally price history,2026-07-23T00:00:00Z,OpenAI Codex,exact,Manually transcribed Rally chart observation supplied by user; normalized to prior quarter because the March 29 quote is the Q1 2022 observation.,,quarterly,112000.0,observed_at_after_period_end; chart_observation_marked_exact
rally-marx,2022-03-31,2022-03-29T00:00:00Z,10.2,81600.0,chart_observation,manual_research,User-provided MARX manual Rally price history,2026-07-23T00:00:00Z,OpenAI Codex,exact,Manually transcribed Rally chart observation supplied by user.,,quarterly,81600.0,chart_observation_marked_exact
rally-marx,2022-06-30,2022-06-27T00:00:00Z,9.0,72000.0,chart_observation,manual_research,User-provided MARX manual Rally price history,2026-07-23T00:00:00Z,OpenAI Codex,exact,Manually transcribed Rally chart observation supplied by user.,,quarterly,72000.0,chart_observation_marked_exact
rally-marx,2022-09-30,2022-09-29T00:00:00Z,7.5,60000.0,chart_observation,manual_research,User-provided MARX manual Rally price history,2026-07-23T00:00:00Z,OpenAI Codex,exact,Manually transcribed Rally chart observation supplied by user.,,quarterly,60000.0,chart_observation_marked_exact
rally-marx,2022-12-31,2022-12-30T00:00:00Z,7.0,56000.0,chart_observation,manual_research,User-provided MARX manual Rally price history,2026-07-23T00:00:00Z,OpenAI Codex,exact,Manually transcribed Rally chart observation supplied by user.,,quarterly,56000.0,chart_observation_marked_exact
rally-marx,2023-03-31,2023-03-31T00:00:00Z,8.5,68000.0,chart_observation,manual_research,User-provided MARX manual Rally price history,2026-07-23T00:00:00Z,OpenAI Codex,exact,Manually transcribed Rally chart observation supplied by user.,,quarterly,68000.0,chart_observation_marked_exact
rally-marx,2023-06-30,2023-06-28T00:00:00Z,7.95,63600.0,chart_observation,manual_research,User-provided MARX manual Rally price history,2026-07-23T00:00:00Z,OpenAI Codex,exact,Manually transcribed Rally chart observation supplied by user.,,quarterly,63600.0,chart_observation_marked_exact
rally-marx,2023-09-30,2023-09-29T00:00:00Z,7.3,58400.0,chart_observation,manual_research,User-provided MARX manual Rally price history,2026-07-23T00:00:00Z,OpenAI Codex,exact,Manually transcribed Rally chart observation supplied by user.,,quarterly,58400.0,chart_observation_marked_exact
rally-marx,2023-12-31,2023-12-29T00:00:00Z,6.65,53200.0,chart_observation,manual_research,User-provided MARX manual Rally price history,2026-07-23T00:00:00Z,OpenAI Codex,exact,Manually transcribed Rally chart observation supplied by user.,,quarterly,53200.0,chart_observation_marked_exact
rally-marx,2024-03-31,2024-03-26T00:00:00Z,6.25,50000.0,chart_observation,manual_research,User-provided MARX manual Rally price history,2026-07-23T00:00:00Z,OpenAI Codex,exact,Manually transcribed Rally chart observation supplied by user.,,quarterly,50000.0,chart_observation_marked_exact
rally-marx,2024-06-30,2024-06-28T00:00:00Z,6.0,48000.0,chart_observation,manual_research,User-provided MARX manual Rally price history,2026-07-23T00:00:00Z,OpenAI Codex,exact,Manually transcribed Rally chart observation supplied by user.,,quarterly,48000.0,chart_observation_marked_exact
rally-marx,2024-09-30,2024-09-30T00:00:00Z,7.1,56800.0,chart_observation,manual_research,User-provided MARX manual Rally price history,2026-07-23T00:00:00Z,OpenAI Codex,exact,Manually transcribed Rally chart observation supplied by user.,,quarterly,56800.0,chart_observation_marked_exact
rally-marx,2024-12-31,2024-12-27T00:00:00Z,7.0,56000.0,chart_observation,manual_research,User-provided MARX manual Rally price history,2026-07-23T00:00:00Z,OpenAI Codex,exact,Manually transcribed Rally chart observation supplied by user.,,quarterly,56000.0,chart_observation_marked_exact
rally-marx,2025-03-31,2025-03-27T00:00:00Z,5.5,44000.0,chart_observation,manual_research,User-provided MARX manual Rally price history,2026-07-23T00:00:00Z,OpenAI Codex,exact,Manually transcribed Rally chart observation supplied by user.,,quarterly,44000.0,chart_observation_marked_exact
rally-marx,2025-06-30,2025-06-30T00:00:00Z,6.5,52000.0,chart_observation,manual_research,User-provided MARX manual Rally price history,2026-07-23T00:00:00Z,OpenAI Codex,exact,Manually transcribed Rally chart observation supplied by user.,,quarterly,52000.0,chart_observation_marked_exact
rally-marx,2025-09-30,2025-09-26T00:00:00Z,5.9,47200.0,chart_observation,manual_research,User-provided MARX manual Rally price history,2026-07-23T00:00:00Z,OpenAI Codex,exact,Manually transcribed Rally chart observation supplied by user.,,quarterly,47200.0,chart_observation_marked_exact
rally-marx,2025-12-31,2025-12-30T00:00:00Z,5.05,40400.0,chart_observation,manual_research,User-provided MARX manual Rally price history,2026-07-23T00:00:00Z,OpenAI Codex,exact,Manually transcribed Rally chart observation supplied by user.,,quarterly,40400.0,chart_observation_marked_exact
rally-marx,2026-03-31,2026-03-27T00:00:00Z,5.2,41600.0,chart_observation,manual_research,User-provided MARX manual Rally price history,2026-07-23T00:00:00Z,OpenAI Codex,exact,Manually transcribed Rally chart observation supplied by user.,,quarterly,41600.0,chart_observation_marked_exact
rally-marx,2026-06-30,2026-06-25T00:00:00Z,4.6,36800.0,chart_observation,manual_research,User-provided MARX manual Rally price history,2026-07-23T00:00:00Z,OpenAI Codex,exact,Manually transcribed Rally chart observation supplied by user.,,quarterly,36800.0,chart_observation_marked_exact
rally-megalodon,2021-12-31,2021-10-29T00:00:00Z,20.0,600000.0,offering_price,rally_app,Rally App,2026-07-12T00:00:00Z,Marshall,exact,Initial offering,,quarterly,600000.0,observed_at_exceeds_quarter_lookback:63d; offering_price_excluded_from_secondary_returns
rally-megalodon,2022-12-31,2022-12-30T00:00:00Z,4.5,135000.0,chart_observation,rally_app_chart,Rally App,2026-07-12T00:00:00Z,Marshall,exact,,,quarterly,135000.0,chart_observation_marked_exact
rally-megalodon,2023-03-31,2023-03-29T00:00:00Z,4.75,142500.0,chart_observation,rally_app_chart,Rally App,2026-07-12T00:00:00Z,Marshall,exact,,,quarterly,142500.0,chart_observation_marked_exact
rally-megalodon,2023-06-30,2023-06-30T00:00:00Z,5.0,150000.0,chart_observation,rally_app_chart,Rally App,2026-07-12T00:00:00Z,Marshall,exact,,,quarterly,150000.0,chart_observation_marked_exact
rally-megalodon,2023-09-30,2023-09-27T00:00:00Z,4.95,148500.0,chart_observation,rally_app_chart,Rally App,2026-07-12T00:00:00Z,Marshall,exact,,,quarterly,148500.0,chart_observation_marked_exact
rally-megalodon,2023-12-31,2023-12-29T00:00:00Z,3.2,96000.0,chart_observation,rally_app_chart,Rally App,2026-07-12T00:00:00Z,Marshall,exact,,,quarterly,96000.0,chart_observation_marked_exact
rally-megalodon,2024-03-31,2024-03-28T00:00:00Z,4.85,145500.0,chart_observation,rally_app_chart,Rally App,2026-07-12T00:00:00Z,Marshall,exact,,,quarterly,145500.0,chart_observation_marked_exact
rally-megalodon,2024-06-30,2024-06-24T00:00:00Z,4.7,141000.0,chart_observation,rally_app_chart,Rally App,2026-07-12T00:00:00Z,Marshall,exact,,,quarterly,141000.0,chart_observation_marked_exact
rally-megalodon,2024-09-30,2024-09-26T00:00:00Z,4.75,142500.0,chart_observation,rally_app_chart,Rally App,2026-07-12T00:00:00Z,Marshall,exact,,,quarterly,142500.0,chart_observation_marked_exact
rally-megalodon,2024-12-31,2024-12-30T00:00:00Z,6.65,199500.0,chart_observation,rally_app_chart,Rally App,2026-07-12T00:00:00Z,Marshall,exact,,,quarterly,199500.0,chart_observation_marked_exact
rally-megalodon,2025-03-31,2025-03-28T00:00:00Z,7.15,214500.0,chart_observation,rally_app_chart,Rally App,2026-07-12T00:00:00Z,Marshall,exact,,,quarterly,214500.0,chart_observation_marked_exact
rally-megalodon,2025-06-30,2025-06-30T00:00:00Z,5.6,168000.0,chart_observation,rally_app_chart,Rally App,2026-07-12T00:00:00Z,Marshall,exact,,,quarterly,168000.0,chart_observation_marked_exact
rally-megalodon,2025-09-30,2025-09-26T00:00:00Z,5.4,162000.0,chart_observation,rally_app_chart,Rally App,2026-07-12T00:00:00Z,Marshall,exact,,,quarterly,162000.0,chart_observation_marked_exact
rally-megalodon,2025-12-31,2025-12-29T00:00:00Z,5.15,154500.0,chart_observation,rally_app_chart,Rally App,2026-07-12T00:00:00Z,Marshall,exact,,,quarterly,154500.0,chart_observation_marked_exact
rally-megalodon,2026-03-31,2026-03-27T00:00:00Z,4.95,148500.0,chart_observation,rally_app_chart,Rally App,2026-07-12T00:00:00Z,Marshall,exact,,,quarterly,148500.0,chart_observation_marked_exact
rally-megalodon,2026-06-30,2026-06-30T00:00:00Z,5.95,178500.0,chart_observation,rally_app_chart,Rally App,2026-07-12T00:00:00Z,Marshall,exact,,,quarterly,178500.0,chart_observation_marked_exact
rally-mobydick,2022-03-31,2022-01-01T00:00:00Z,7.0,70000.0,offering_price,rally_app,Manually transcribed Rally MOBYDICK price history supplied 2026-07-25,2026-07-25T00:00:00Z,user_provided_manual_research,exact,Initial offering; source supplied month only.,,quarterly,70000.0,observed_at_exceeds_quarter_lookback:89d; offering_price_excluded_from_secondary_returns
rally-mobydick,2022-03-31,2022-03-28T00:00:00Z,5.25,52500.0,chart_observation,rally_app_chart,Manually transcribed Rally MOBYDICK price history supplied 2026-07-25,2026-07-25T00:00:00Z,user_provided_manual_research,exact,"Manually transcribed Rally observation; validated against 10,000 shares outstanding.",,quarterly,52500.0,chart_observation_marked_exact
rally-mobydick,2022-06-30,2022-06-27T00:00:00Z,4.2,42000.0,chart_observation,rally_app_chart,Manually transcribed Rally MOBYDICK price history supplied 2026-07-25,2026-07-25T00:00:00Z,user_provided_manual_research,exact,"Manually transcribed Rally observation; validated against 10,000 shares outstanding.",,quarterly,42000.0,chart_observation_marked_exact
rally-mobydick,2022-09-30,2022-09-30T00:00:00Z,6.0,60000.0,chart_observation,rally_app_chart,Manually transcribed Rally MOBYDICK price history supplied 2026-07-25,2026-07-25T00:00:00Z,user_provided_manual_research,exact,"Manually transcribed Rally observation; validated against 10,000 shares outstanding.",,quarterly,60000.0,chart_observation_marked_exact
rally-mobydick,2022-12-31,2022-12-30T00:00:00Z,5.75,57500.0,chart_observation,rally_app_chart,Manually transcribed Rally MOBYDICK price history supplied 2026-07-25,2026-07-25T00:00:00Z,user_provided_manual_research,exact,"Manually transcribed Rally observation; validated against 10,000 shares outstanding.",,quarterly,57500.0,chart_observation_marked_exact
rally-mobydick,2023-03-31,2023-03-31T00:00:00Z,5.45,54500.0,chart_observation,rally_app_chart,Manually transcribed Rally MOBYDICK price history supplied 2026-07-25,2026-07-25T00:00:00Z,user_provided_manual_research,exact,"Manually transcribed Rally observation; validated against 10,000 shares outstanding.",,quarterly,54500.0,chart_observation_marked_exact
rally-mobydick,2023-06-30,2023-06-30T00:00:00Z,5.0,50000.0,chart_observation,rally_app_chart,Manually transcribed Rally MOBYDICK price history supplied 2026-07-25,2026-07-25T00:00:00Z,user_provided_manual_research,exact,"Manually transcribed Rally observation; validated against 10,000 shares outstanding.",,quarterly,50000.0,chart_observation_marked_exact
rally-mobydick,2023-09-30,2023-09-29T00:00:00Z,3.5,35000.0,chart_observation,rally_app_chart,Manually transcribed Rally MOBYDICK price history supplied 2026-07-25,2026-07-25T00:00:00Z,user_provided_manual_research,exact,"Manually transcribed Rally observation; validated against 10,000 shares outstanding.",,quarterly,35000.0,chart_observation_marked_exact
rally-mobydick,2023-12-31,2023-12-28T00:00:00Z,4.4,44000.0,chart_observation,rally_app_chart,Manually transcribed Rally MOBYDICK price history supplied 2026-07-25,2026-07-25T00:00:00Z,user_provided_manual_research,exact,"Manually transcribed Rally observation; validated against 10,000 shares outstanding.",,quarterly,44000.0,chart_observation_marked_exact
rally-mobydick,2024-03-31,2024-03-28T00:00:00Z,3.75,37500.0,chart_observation,rally_app_chart,Manually transcribed Rally MOBYDICK price history supplied 2026-07-25,2026-07-25T00:00:00Z,user_provided_manual_research,exact,"Manually transcribed Rally observation; validated against 10,000 shares outstanding.",,quarterly,37500.0,chart_observation_marked_exact
rally-mobydick,2024-06-30,2024-06-27T00:00:00Z,5.45,54500.0,chart_observation,rally_app_chart,Manually transcribed Rally MOBYDICK price history supplied 2026-07-25,2026-07-25T00:00:00Z,user_provided_manual_research,exact,"Manually transcribed Rally observation; validated against 10,000 shares outstanding.",,quarterly,54500.0,chart_observation_marked_exact
rally-mobydick,2024-09-30,2024-09-26T00:00:00Z,5.45,54500.0,chart_observation,rally_app_chart,Manually transcribed Rally MOBYDICK price history supplied 2026-07-25,2026-07-25T00:00:00Z,user_provided_manual_research,exact,"Manually transcribed Rally observation; validated against 10,000 shares outstanding.",,quarterly,54500.0,chart_observation_marked_exact
rally-mobydick,2024-12-31,2024-12-31T00:00:00Z,6.0,60000.0,chart_observation,rally_app_chart,Manually transcribed Rally MOBYDICK price history supplied 2026-07-25,2026-07-25T00:00:00Z,user_provided_manual_research,exact,"Manually transcribed Rally observation; validated against 10,000 shares outstanding.",,quarterly,60000.0,chart_observation_marked_exact
rally-mobydick,2025-03-31,2025-03-27T00:00:00Z,7.45,74500.0,chart_observation,rally_app_chart,Manually transcribed Rally MOBYDICK price history supplied 2026-07-25,2026-07-25T00:00:00Z,user_provided_manual_research,exact,"Manually transcribed Rally observation; validated against 10,000 shares outstanding.",,quarterly,74500.0,chart_observation_marked_exact
rally-mobydick,2025-06-30,2025-06-30T00:00:00Z,7.45,74500.0,chart_observation,rally_app_chart,Manually transcribed Rally MOBYDICK price history supplied 2026-07-25,2026-07-25T00:00:00Z,user_provided_manual_research,exact,"Manually transcribed Rally observation; validated against 10,000 shares outstanding.",,quarterly,74500.0,chart_observation_marked_exact
rally-mobydick,2025-09-30,2025-09-29T00:00:00Z,6.0,60000.0,chart_observation,rally_app_chart,Manually transcribed Rally MOBYDICK price history supplied 2026-07-25,2026-07-25T00:00:00Z,user_provided_manual_research,exact,"Manually transcribed Rally observation; validated against 10,000 shares outstanding.",,quarterly,60000.0,chart_observation_marked_exact
rally-mobydick,2025-12-31,2025-12-29T00:00:00Z,4.0,40000.0,chart_observation,rally_app_chart,Manually transcribed Rally MOBYDICK price history supplied 2026-07-25,2026-07-25T00:00:00Z,user_provided_manual_research,exact,"Manually transcribed Rally observation; validated against 10,000 shares outstanding.",,quarterly,40000.0,chart_observation_marked_exact
rally-mobydick,2026-03-31,2026-03-30T00:00:00Z,3.0,30000.0,chart_observation,rally_app_chart,Manually transcribed Rally MOBYDICK price history supplied 2026-07-25,2026-07-25T00:00:00Z,user_provided_manual_research,exact,"Manually transcribed Rally observation; validated against 10,000 shares outstanding.",,quarterly,30000.0,chart_observation_marked_exact
rally-mobydick,2026-06-30,2026-06-29T00:00:00Z,3.35,33500.0,chart_observation,rally_app_chart,Manually transcribed Rally MOBYDICK price history supplied 2026-07-25,2026-07-25T00:00:00Z,user_provided_manual_research,exact,"Manually transcribed Rally observation; validated against 10,000 shares outstanding.",,quarterly,33500.0,chart_observation_marked_exact
rally-mosasaur,2021-06-30,2021-06-21T00:00:00Z,5.05,30300.0,chart_observation,rally_app_chart,Rally App,2026-07-11T00:00:00Z,Marshall,exact,,,quarterly,30300.0,chart_observation_marked_exact
rally-mosasaur,2021-09-30,2021-09-20T00:00:00Z,5.3,31800.0,chart_observation,rally_app_chart,Rally App,2026-07-11T00:00:00Z,Marshall,exact,,,quarterly,31800.0,chart_observation_marked_exact
rally-mosasaur,2021-12-31,2022-01-10T00:00:00Z,4.85,29100.0,chart_observation,rally_app_chart,Rally App,2026-07-11T00:00:00Z,Marshall,exact,,,quarterly,29100.0,observed_at_after_period_end; chart_observation_marked_exact
rally-mosasaur,2022-03-31,2022-03-29T00:00:00Z,4.4,26400.0,chart_observation,rally_app_chart,Rally App,2026-07-11T00:00:00Z,Marshall,exact,,,quarterly,26400.000000000004,chart_observation_marked_exact
rally-mosasaur,2022-06-30,2022-06-27T00:00:00Z,4.5,27100.0,chart_observation,rally_app_chart,Rally App,2026-07-11T00:00:00Z,Marshall,exact,,,quarterly,27000.0,chart_observation_marked_exact
rally-mosasaur,2022-09-30,2022-09-30T00:00:00Z,4.7,28200.0,chart_observation,rally_app_chart,Rally App,2026-07-11T00:00:00Z,Marshall,exact,,,quarterly,28200.0,chart_observation_marked_exact
rally-mosasaur,2022-12-31,2022-12-28T00:00:00Z,3.6,21600.0,chart_observation,rally_app_chart,Rally App,2026-07-11T00:00:00Z,Marshall,exact,,,quarterly,21600.0,chart_observation_marked_exact
rally-mosasaur,2023-03-31,2023-03-28T00:00:00Z,4.4,26400.0,chart_observation,rally_app_chart,Rally App,2026-07-11T00:00:00Z,Marshall,exact,,,quarterly,26400.000000000004,chart_observation_marked_exact
rally-mosasaur,2023-06-30,2023-06-26T00:00:00Z,3.0,18000.0,chart_observation,rally_app_chart,Rally App,2026-07-11T00:00:00Z,Marshall,exact,,,quarterly,18000.0,chart_observation_marked_exact
rally-mosasaur,2023-09-30,2023-09-29T00:00:00Z,3.5,21000.0,chart_observation,rally_app_chart,Rally App,2026-07-11T00:00:00Z,Marshall,exact,,,quarterly,21000.0,chart_observation_marked_exact
rally-mosasaur,2023-12-31,2023-12-29T00:00:00Z,2.9,17400.0,chart_observation,rally_app_chart,Rally App,2026-07-11T00:00:00Z,Marshall,exact,,,quarterly,17400.0,chart_observation_marked_exact
rally-mosasaur,2024-03-31,2024-03-26T00:00:00Z,3.95,23700.0,chart_observation,rally_app_chart,Rally App,2026-07-11T00:00:00Z,Marshall,exact,,,quarterly,23700.0,chart_observation_marked_exact
rally-mosasaur,2024-06-30,2024-06-24T00:00:00Z,4.75,28500.0,chart_observation,rally_app_chart,Rally App,2026-07-11T00:00:00Z,Marshall,exact,,,quarterly,28500.0,chart_observation_marked_exact
rally-mosasaur,2024-09-30,2024-09-27T00:00:00Z,5.25,31500.0,chart_observation,rally_app_chart,Rally App,2026-07-11T00:00:00Z,Marshall,exact,,,quarterly,31500.0,chart_observation_marked_exact
rally-mosasaur,2024-12-31,2024-12-26T00:00:00Z,8.2,49200.0,chart_observation,rally_app_chart,Rally App,2026-07-11T00:00:00Z,Marshall,exact,,,quarterly,49199.99999999999,chart_observation_marked_exact
rally-mosasaur,2025-03-31,2025-03-31T00:00:00Z,5.5,33000.0,chart_observation,rally_app_chart,Rally App,2026-07-11T00:00:00Z,Marshall,exact,,,quarterly,33000.0,chart_observation_marked_exact
rally-mosasaur,2025-06-30,2025-06-30T00:00:00Z,4.0,24000.0,chart_observation,rally_app_chart,Rally App,2026-07-11T00:00:00Z,Marshall,exact,,,quarterly,24000.0,chart_observation_marked_exact
rally-mosasaur,2025-09-30,2025-09-26T00:00:00Z,4.65,27900.0,chart_observation,rally_app_chart,Rally App,2026-07-11T00:00:00Z,Marshall,exact,,,quarterly,27900.000000000004,chart_observation_marked_exact
rally-mosasaur,2025-12-31,2025-12-31T00:00:00Z,5.7,34200.0,chart_observation,rally_app_chart,Rally App,2026-07-11T00:00:00Z,Marshall,exact,,,quarterly,34200.0,chart_observation_marked_exact
rally-mosasaur,2026-03-31,2026-03-31T00:00:00Z,4.75,28500.0,chart_observation,rally_app_chart,Rally App,2026-07-11T00:00:00Z,Marshall,exact,,,quarterly,28500.0,chart_observation_marked_exact
rally-mosasaur,2026-06-30,2026-06-29T00:00:00Z,5.7,34200.0,chart_observation,rally_app_chart,Rally App,2026-07-11T00:00:00Z,Marshall,exact,,,quarterly,34200.0,chart_observation_marked_exact
rally-newton,2021-06-30,2021-05-01T00:00:00Z,10.0,300000.0,offering_price,manual_research,User supplied Rally quarterly chart transcription for #NEWTON,2026-07-22T00:00:00Z,OpenAI Codex,exact,Initial offering; source supplied month only as May 2021. Market cap validated with 30000 shares outstanding.,,quarterly,300000.0,offering_price_excluded_from_secondary_returns
rally-newton,2021-09-30,2021-10-22T00:00:00Z,10.0,300000.0,chart_observation,manual_research,User supplied Rally quarterly chart transcription for #NEWTON,2026-07-22T00:00:00Z,OpenAI Codex,exact,Nearest available observation after quarter-end. Market cap validated with 30000 shares outstanding.,,quarterly,300000.0,observed_at_after_period_end; chart_observation_marked_exact
rally-newton,2021-12-31,2022-01-10T00:00:00Z,9.0,270000.0,chart_observation,manual_research,User supplied Rally quarterly chart transcription for #NEWTON,2026-07-22T00:00:00Z,OpenAI Codex,exact,Nearest available observation after quarter-end. Market cap validated with 30000 shares outstanding.,,quarterly,270000.0,observed_at_after_period_end; chart_observation_marked_exact
rally-newton,2022-03-31,2022-03-30T00:00:00Z,7.75,232500.0,chart_observation,manual_research,User supplied Rally quarterly chart transcription for #NEWTON,2026-07-22T00:00:00Z,OpenAI Codex,exact,Market cap validated with 30000 shares outstanding.,,quarterly,232500.0,chart_observation_marked_exact
rally-newton,2022-06-30,2022-06-29T00:00:00Z,7.9,237000.0,chart_observation,manual_research,User supplied Rally quarterly chart transcription for #NEWTON,2026-07-22T00:00:00Z,OpenAI Codex,exact,Market cap validated with 30000 shares outstanding.,,quarterly,237000.0,chart_observation_marked_exact
rally-newton,2022-09-30,2022-09-28T00:00:00Z,6.9,207000.0,chart_observation,manual_research,User supplied Rally quarterly chart transcription for #NEWTON,2026-07-22T00:00:00Z,OpenAI Codex,exact,Market cap validated with 30000 shares outstanding.,,quarterly,207000.0,chart_observation_marked_exact
rally-newton,2022-12-31,2022-12-28T00:00:00Z,7.95,238500.0,chart_observation,manual_research,User supplied Rally quarterly chart transcription for #NEWTON,2026-07-22T00:00:00Z,OpenAI Codex,exact,Market cap validated with 30000 shares outstanding.,,quarterly,238500.0,chart_observation_marked_exact
rally-newton,2023-03-31,2023-03-28T00:00:00Z,7.25,217500.0,chart_observation,manual_research,User supplied Rally quarterly chart transcription for #NEWTON,2026-07-22T00:00:00Z,OpenAI Codex,exact,Market cap validated with 30000 shares outstanding.,,quarterly,217500.0,chart_observation_marked_exact
rally-newton,2023-06-30,2023-06-27T00:00:00Z,7.25,217500.0,chart_observation,manual_research,User supplied Rally quarterly chart transcription for #NEWTON,2026-07-22T00:00:00Z,OpenAI Codex,exact,Market cap validated with 30000 shares outstanding.,,quarterly,217500.0,chart_observation_marked_exact
rally-newton,2023-09-30,2023-09-26T00:00:00Z,6.5,195000.0,chart_observation,manual_research,User supplied Rally quarterly chart transcription for #NEWTON,2026-07-22T00:00:00Z,OpenAI Codex,exact,Market cap validated with 30000 shares outstanding.,,quarterly,195000.0,chart_observation_marked_exact
rally-newton,2023-12-31,2023-12-29T00:00:00Z,6.0,180000.0,chart_observation,manual_research,User supplied Rally quarterly chart transcription for #NEWTON,2026-07-22T00:00:00Z,OpenAI Codex,exact,Market cap validated with 30000 shares outstanding.,,quarterly,180000.0,chart_observation_marked_exact
rally-newton,2024-03-31,2024-03-26T00:00:00Z,6.75,202500.0,chart_observation,manual_research,User supplied Rally quarterly chart transcription for #NEWTON,2026-07-22T00:00:00Z,OpenAI Codex,exact,Market cap validated with 30000 shares outstanding.,,quarterly,202500.0,chart_observation_marked_exact
rally-newton,2024-06-30,2024-06-25T00:00:00Z,7.0,210000.0,chart_observation,manual_research,User supplied Rally quarterly chart transcription for #NEWTON,2026-07-22T00:00:00Z,OpenAI Codex,exact,Market cap validated with 30000 shares outstanding.,,quarterly,210000.0,chart_observation_marked_exact
rally-newton,2024-09-30,2024-09-30T00:00:00Z,7.1,213000.0,chart_observation,manual_research,User supplied Rally quarterly chart transcription for #NEWTON,2026-07-22T00:00:00Z,OpenAI Codex,exact,Market cap validated with 30000 shares outstanding.,,quarterly,213000.0,chart_observation_marked_exact
rally-newton,2024-12-31,2024-12-30T00:00:00Z,7.15,214500.0,chart_observation,manual_research,User supplied Rally quarterly chart transcription for #NEWTON,2026-07-22T00:00:00Z,OpenAI Codex,exact,Market cap validated with 30000 shares outstanding.,,quarterly,214500.0,chart_observation_marked_exact
rally-newton,2025-03-31,2025-03-31T00:00:00Z,6.8,204000.0,chart_observation,manual_research,User supplied Rally quarterly chart transcription for #NEWTON,2026-07-22T00:00:00Z,OpenAI Codex,exact,Market cap validated with 30000 shares outstanding.,,quarterly,204000.0,chart_observation_marked_exact
rally-newton,2025-06-30,2025-06-30T00:00:00Z,6.4,192000.0,chart_observation,manual_research,User supplied Rally quarterly chart transcription for #NEWTON,2026-07-22T00:00:00Z,OpenAI Codex,exact,Market cap validated with 30000 shares outstanding.,,quarterly,192000.0,chart_observation_marked_exact
rally-newton,2025-09-30,2025-09-29T00:00:00Z,6.4,192000.0,chart_observation,manual_research,User supplied Rally quarterly chart transcription for #NEWTON,2026-07-22T00:00:00Z,OpenAI Codex,exact,Market cap validated with 30000 shares outstanding.,,quarterly,192000.0,chart_observation_marked_exact
rally-newton,2025-12-31,2025-12-29T00:00:00Z,5.9,177000.0,chart_observation,manual_research,User supplied Rally quarterly chart transcription for #NEWTON,2026-07-22T00:00:00Z,OpenAI Codex,exact,Market cap validated with 30000 shares outstanding.,,quarterly,177000.0,chart_observation_marked_exact
rally-newton,2026-03-31,2026-03-30T00:00:00Z,6.55,196500.0,chart_observation,manual_research,User supplied Rally quarterly chart transcription for #NEWTON,2026-07-22T00:00:00Z,OpenAI Codex,exact,Market cap validated with 30000 shares outstanding.,,quarterly,196500.0,chart_observation_marked_exact
rally-newton,2026-06-30,2026-06-29T00:00:00Z,6.85,205500.0,chart_observation,manual_research,User supplied Rally quarterly chart transcription for #NEWTON,2026-07-22T00:00:00Z,OpenAI Codex,exact,Market cap validated with 30000 shares outstanding.,,quarterly,205500.0,chart_observation_marked_exact
rally-newworld,2022-03-31,2022-01-01T00:00:00Z,7.0,14000.0,offering_price,rally_app,Manually transcribed Rally NEWWORLD price history supplied 2026-07-22,2026-07-22T00:00:00Z,user_provided_manual_research,exact,Initial offering; source supplied month only as Jan 2022.,,quarterly,14000.0,observed_at_exceeds_quarter_lookback:89d; offering_price_excluded_from_secondary_returns
rally-newworld,2022-09-30,2022-10-17T00:00:00Z,3.55,7100.0,chart_observation,rally_app_chart,Manually transcribed Rally NEWWORLD price history supplied 2026-07-22,2026-07-22T00:00:00Z,user_provided_manual_research,exact,,,quarterly,7100.0,observed_at_after_period_end; chart_observation_marked_exact
rally-newworld,2022-12-31,2022-12-29T00:00:00Z,4.0,8000.0,chart_observation,rally_app_chart,Manually transcribed Rally NEWWORLD price history supplied 2026-07-22,2026-07-22T00:00:00Z,user_provided_manual_research,exact,,,quarterly,8000.0,chart_observation_marked_exact
rally-newworld,2023-03-31,2023-03-28T00:00:00Z,4.9,9800.0,chart_observation,rally_app_chart,Manually transcribed Rally NEWWORLD price history supplied 2026-07-22,2026-07-22T00:00:00Z,user_provided_manual_research,exact,,,quarterly,9800.0,chart_observation_marked_exact
rally-newworld,2023-06-30,2023-06-30T00:00:00Z,4.55,9100.0,chart_observation,rally_app_chart,Manually transcribed Rally NEWWORLD price history supplied 2026-07-22,2026-07-22T00:00:00Z,user_provided_manual_research,exact,,,quarterly,9100.0,chart_observation_marked_exact
rally-newworld,2023-09-30,2023-09-27T00:00:00Z,4.45,8900.0,chart_observation,rally_app_chart,Manually transcribed Rally NEWWORLD price history supplied 2026-07-22,2026-07-22T00:00:00Z,user_provided_manual_research,exact,,,quarterly,8900.0,chart_observation_marked_exact
rally-newworld,2023-12-31,2023-12-29T00:00:00Z,4.3,8600.0,chart_observation,rally_app_chart,Manually transcribed Rally NEWWORLD price history supplied 2026-07-22,2026-07-22T00:00:00Z,user_provided_manual_research,exact,,,quarterly,8600.0,chart_observation_marked_exact
rally-newworld,2024-03-31,2024-03-28T00:00:00Z,4.3,8600.0,chart_observation,rally_app_chart,Manually transcribed Rally NEWWORLD price history supplied 2026-07-22,2026-07-22T00:00:00Z,user_provided_manual_research,exact,,,quarterly,8600.0,chart_observation_marked_exact
rally-newworld,2024-06-30,2024-06-25T00:00:00Z,2.65,5300.0,chart_observation,rally_app_chart,Manually transcribed Rally NEWWORLD price history supplied 2026-07-22,2026-07-22T00:00:00Z,user_provided_manual_research,exact,,,quarterly,5300.0,chart_observation_marked_exact
rally-newworld,2024-09-30,2024-09-27T00:00:00Z,3.5,7000.0,chart_observation,rally_app_chart,Manually transcribed Rally NEWWORLD price history supplied 2026-07-22,2026-07-22T00:00:00Z,user_provided_manual_research,exact,,,quarterly,7000.0,chart_observation_marked_exact
rally-newworld,2024-12-31,2024-12-30T00:00:00Z,3.9,7800.0,chart_observation,rally_app_chart,Manually transcribed Rally NEWWORLD price history supplied 2026-07-22,2026-07-22T00:00:00Z,user_provided_manual_research,exact,,,quarterly,7800.0,chart_observation_marked_exact
rally-newworld,2025-03-31,2025-03-28T00:00:00Z,4.0,8000.0,chart_observation,rally_app_chart,Manually transcribed Rally NEWWORLD price history supplied 2026-07-22,2026-07-22T00:00:00Z,user_provided_manual_research,exact,,,quarterly,8000.0,chart_observation_marked_exact
rally-newworld,2025-06-30,2025-06-30T00:00:00Z,4.0,8000.0,chart_observation,rally_app_chart,Manually transcribed Rally NEWWORLD price history supplied 2026-07-22,2026-07-22T00:00:00Z,user_provided_manual_research,exact,,,quarterly,8000.0,chart_observation_marked_exact
rally-newworld,2025-09-30,2025-09-26T00:00:00Z,4.3,8600.0,chart_observation,rally_app_chart,Manually transcribed Rally NEWWORLD price history supplied 2026-07-22,2026-07-22T00:00:00Z,user_provided_manual_research,exact,,,quarterly,8600.0,chart_observation_marked_exact
rally-newworld,2025-12-31,2025-12-30T00:00:00Z,3.15,6300.0,chart_observation,rally_app_chart,Manually transcribed Rally NEWWORLD price history supplied 2026-07-22,2026-07-22T00:00:00Z,user_provided_manual_research,exact,,,quarterly,6300.0,chart_observation_marked_exact
rally-newworld,2026-03-31,2026-03-30T00:00:00Z,2.95,5900.0,chart_observation,rally_app_chart,Manually transcribed Rally NEWWORLD price history supplied 2026-07-22,2026-07-22T00:00:00Z,user_provided_manual_research,exact,,,quarterly,5900.0,chart_observation_marked_exact
rally-newworld,2026-06-30,2026-06-26T00:00:00Z,2.95,5900.0,chart_observation,rally_app_chart,Manually transcribed Rally NEWWORLD price history supplied 2026-07-22,2026-07-22T00:00:00Z,user_provided_manual_research,exact,,,quarterly,5900.0,chart_observation_marked_exact
rally-newworld,2026-09-30,2026-07-22T00:00:00Z,5.8,11600.0,chart_observation,rally_app_chart,Manually transcribed Rally NEWWORLD price history supplied 2026-07-22,2026-07-22T00:00:00Z,user_provided_manual_research,exact,Known post-Q2 observation preserved for future weekly/current-price research; intentionally excluded from Q2 2026 quarterly methodology.,,weekly,11600.0,observed_at_exceeds_quarter_lookback:70d; chart_observation_marked_exact
rally-pappy1,2022-09-30,2022-08-01T00:00:00Z,7.0,14000.0,offering_price,rally_app,Rally App,2026-07-14T00:00:00Z,Marshall,exact,Initial offering. Submitted observed_at was 2022-08.,,quarterly,14000.0,observed_at_exceeds_quarter_lookback:60d; offering_price_excluded_from_secondary_returns
rally-pappy1,2022-12-31,2022-12-28T00:00:00Z,17.75,35500.0,chart_observation,rally_app_chart,Rally App,2026-07-14T00:00:00Z,Marshall,exact,,,quarterly,35500.0,chart_observation_marked_exact
rally-pappy1,2023-03-31,2023-03-30T00:00:00Z,29.95,59900.0,chart_observation,rally_app_chart,Rally App,2026-07-14T00:00:00Z,Marshall,exact,,,quarterly,59900.0,chart_observation_marked_exact
rally-pappy1,2023-06-30,2023-06-29T00:00:00Z,24.95,49900.0,chart_observation,rally_app_chart,Rally App,2026-07-14T00:00:00Z,Marshall,exact,Intra-quarter trade reached $50.00 on 2023-06-02.,,quarterly,49900.0,chart_observation_marked_exact
rally-pappy1,2023-09-30,2023-09-28T00:00:00Z,27.0,54000.0,chart_observation,rally_app_chart,Rally App,2026-07-14T00:00:00Z,Marshall,exact,,,quarterly,54000.0,chart_observation_marked_exact
rally-pappy1,2023-12-31,2023-12-28T00:00:00Z,29.4,58800.0,chart_observation,rally_app_chart,Rally App,2026-07-14T00:00:00Z,Marshall,exact,Intra-quarter high of $46.95 observed on 2023-11-06.,,quarterly,58800.0,chart_observation_marked_exact
rally-pappy1,2024-03-31,2024-03-28T00:00:00Z,41.25,82500.0,chart_observation,rally_app_chart,Rally App,2026-07-14T00:00:00Z,Marshall,exact,,,quarterly,82500.0,chart_observation_marked_exact
rally-pappy1,2024-06-30,2024-06-27T00:00:00Z,27.0,54000.0,chart_observation,rally_app_chart,Rally App,2026-07-14T00:00:00Z,Marshall,exact,,,quarterly,54000.0,chart_observation_marked_exact
rally-pappy1,2024-09-30,2024-09-23T00:00:00Z,28.0,56000.0,chart_observation,rally_app_chart,Rally App,2026-07-14T00:00:00Z,Marshall,exact,,,quarterly,56000.0,chart_observation_marked_exact
rally-pappy1,2024-12-31,2024-12-27T00:00:00Z,37.25,74500.0,chart_observation,rally_app_chart,Rally App,2026-07-14T00:00:00Z,Marshall,exact,,,quarterly,74500.0,chart_observation_marked_exact
rally-pappy1,2025-03-31,2025-03-28T00:00:00Z,36.25,72500.0,chart_observation,rally_app_chart,Rally App,2026-07-14T00:00:00Z,Marshall,exact,,,quarterly,72500.0,chart_observation_marked_exact
rally-pappy1,2025-06-30,2025-06-27T00:00:00Z,37.3,74600.0,chart_observation,rally_app_chart,Rally App,2026-07-14T00:00:00Z,Marshall,exact,,,quarterly,74600.0,chart_observation_marked_exact
rally-pappy1,2025-09-30,2025-09-30T00:00:00Z,39.0,78000.0,chart_observation,rally_app_chart,Rally App,2026-07-14T00:00:00Z,Marshall,exact,,,quarterly,78000.0,chart_observation_marked_exact
rally-pappy1,2025-12-31,2025-12-31T00:00:00Z,36.9,73800.0,chart_observation,rally_app_chart,Rally App,2026-07-14T00:00:00Z,Marshall,exact,,,quarterly,73800.0,chart_observation_marked_exact
rally-pappy1,2026-03-31,2026-03-27T00:00:00Z,35.0,70000.0,chart_observation,rally_app_chart,Rally App,2026-07-14T00:00:00Z,Marshall,exact,,,quarterly,70000.0,chart_observation_marked_exact
rally-pappy1,2026-06-30,2026-06-26T00:00:00Z,32.55,65100.0,chart_observation,rally_app_chart,Rally App,2026-07-14T00:00:00Z,Marshall,exact,,,quarterly,65099.99999999999,chart_observation_marked_exact
rally-picnic,2020-12-31,2020-12-01T00:00:00Z,27.0,54000.0,offering_price,rally_app,Rally App,2026-07-12T00:00:00Z,Marshall,exact,Initial offering. Submitted observed_at was 2020-12.,,quarterly,54000.0,observed_at_exceeds_quarter_lookback:30d; offering_price_excluded_from_secondary_returns
rally-picnic,2021-03-31,2021-04-29T00:00:00Z,15.0,30000.0,chart_observation,rally_app_chart,Rally App,2026-07-12T00:00:00Z,Marshall,exact,Nearest available observation occurred after quarter-end,,quarterly,30000.0,observed_at_after_period_end; chart_observation_marked_exact
rally-picnic,2021-06-30,2021-07-14T00:00:00Z,24.5,49000.0,chart_observation,rally_app_chart,Rally App,2026-07-12T00:00:00Z,Marshall,exact,Nearest available observation occurred after quarter-end,,quarterly,49000.0,observed_at_after_period_end; chart_observation_marked_exact
rally-picnic,2021-09-30,2021-09-15T00:00:00Z,26.1,52200.0,chart_observation,rally_app_chart,Rally App,2026-07-12T00:00:00Z,Marshall,exact,,,quarterly,52200.0,observed_at_exceeds_quarter_lookback:15d; chart_observation_marked_exact
rally-picnic,2022-03-31,2022-04-11T00:00:00Z,25.6,51200.0,chart_observation,rally_app_chart,Rally App,2026-07-12T00:00:00Z,Marshall,exact,Nearest available observation occurred after quarter-end,,quarterly,51200.0,observed_at_after_period_end; chart_observation_marked_exact
rally-picnic,2022-06-30,2022-06-27T00:00:00Z,16.0,32000.0,chart_observation,rally_app_chart,Rally App,2026-07-12T00:00:00Z,Marshall,exact,,,quarterly,32000.0,chart_observation_marked_exact
rally-picnic,2022-09-30,2022-09-27T00:00:00Z,14.95,29900.0,chart_observation,rally_app_chart,Rally App,2026-07-12T00:00:00Z,Marshall,exact,,,quarterly,29900.0,chart_observation_marked_exact
rally-picnic,2022-12-31,2022-12-29T00:00:00Z,13.9,27800.0,chart_observation,rally_app_chart,Rally App,2026-07-12T00:00:00Z,Marshall,exact,,,quarterly,27800.0,chart_observation_marked_exact
rally-picnic,2023-03-31,2023-03-27T00:00:00Z,14.95,29900.0,chart_observation,rally_app_chart,Rally App,2026-07-12T00:00:00Z,Marshall,exact,,,quarterly,29900.0,chart_observation_marked_exact
rally-picnic,2023-06-30,2023-06-27T00:00:00Z,23.0,46000.0,chart_observation,rally_app_chart,Rally App,2026-07-12T00:00:00Z,Marshall,exact,,,quarterly,46000.0,chart_observation_marked_exact
rally-picnic,2023-09-30,2023-09-28T00:00:00Z,17.0,34000.0,chart_observation,rally_app_chart,Rally App,2026-07-12T00:00:00Z,Marshall,exact,,,quarterly,34000.0,chart_observation_marked_exact
rally-picnic,2023-12-31,2023-12-29T00:00:00Z,17.0,34000.0,chart_observation,rally_app_chart,Rally App,2026-07-12T00:00:00Z,Marshall,exact,,,quarterly,34000.0,chart_observation_marked_exact
rally-picnic,2024-03-31,2024-03-25T00:00:00Z,16.85,33700.0,chart_observation,rally_app_chart,Rally App,2026-07-12T00:00:00Z,Marshall,exact,,,quarterly,33700.0,chart_observation_marked_exact
rally-picnic,2024-06-30,2024-06-26T00:00:00Z,15.35,30700.0,chart_observation,rally_app_chart,Rally App,2026-07-12T00:00:00Z,Marshall,exact,,,quarterly,30700.0,chart_observation_marked_exact
rally-picnic,2024-09-30,2024-09-27T00:00:00Z,15.5,31000.0,chart_observation,rally_app_chart,Rally App,2026-07-12T00:00:00Z,Marshall,exact,,,quarterly,31000.0,chart_observation_marked_exact
rally-picnic,2024-12-31,2024-12-30T00:00:00Z,12.3,24600.0,chart_observation,rally_app_chart,Rally App,2026-07-12T00:00:00Z,Marshall,exact,,,quarterly,24600.0,chart_observation_marked_exact
rally-picnic,2025-03-31,2025-03-26T00:00:00Z,12.9,25800.0,chart_observation,rally_app_chart,Rally App,2026-07-12T00:00:00Z,Marshall,exact,,,quarterly,25800.0,chart_observation_marked_exact
rally-picnic,2025-06-30,2025-06-27T00:00:00Z,11.05,22100.0,chart_observation,rally_app_chart,Rally App,2026-07-12T00:00:00Z,Marshall,exact,,,quarterly,22100.0,chart_observation_marked_exact
rally-picnic,2025-09-30,2025-09-29T00:00:00Z,17.0,34000.0,chart_observation,rally_app_chart,Rally App,2026-07-12T00:00:00Z,Marshall,exact,,,quarterly,34000.0,chart_observation_marked_exact
rally-picnic,2025-12-31,2025-12-30T00:00:00Z,17.9,35800.0,chart_observation,rally_app_chart,Rally App,2026-07-12T00:00:00Z,Marshall,exact,,,quarterly,35800.0,chart_observation_marked_exact
rally-picnic,2026-03-31,2026-03-27T00:00:00Z,21.0,42000.0,chart_observation,rally_app_chart,Rally App,2026-07-12T00:00:00Z,Marshall,exact,,,quarterly,42000.0,chart_observation_marked_exact
rally-picnic,2026-06-30,2026-06-29T00:00:00Z,13.3,26600.0,chart_observation,rally_app_chart,Rally App,2026-07-12T00:00:00Z,Marshall,exact,,,quarterly,26600.0,chart_observation_marked_exact
rally-rabbit,2022-09-30,2022-08-01T00:00:00Z,4.6,46000.0,offering_price,manual_research,user-provided manual Rally RABBIT price history,2026-07-23T00:00:00Z,codex,exact,"Offering / Aug 2022; exact day not supplied, using existing master offering_date; validated against 10000 shares outstanding.",,quarterly,46000.0,
rally-rabbit,2023-03-31,2023-03-13T00:00:00Z,4.0,40000.0,chart_observation,manual_research,user-provided manual Rally RABBIT price history,2026-07-23T00:00:00Z,codex,exact,Manually transcribed Rally observation; validated against 10000 shares outstanding.,,quarterly,40000.0,
rally-rabbit,2023-06-30,2023-06-30T00:00:00Z,3.0,30000.0,chart_observation,manual_research,user-provided manual Rally RABBIT price history,2026-07-23T00:00:00Z,codex,exact,Manually transcribed Rally observation; validated against 10000 shares outstanding.,,quarterly,30000.0,
rally-rabbit,2023-09-30,2023-09-29T00:00:00Z,2.7,27000.0,chart_observation,manual_research,user-provided manual Rally RABBIT price history,2026-07-23T00:00:00Z,codex,exact,Manually transcribed Rally observation; validated against 10000 shares outstanding.,,quarterly,27000.0,
rally-rabbit,2023-12-31,2023-12-29T00:00:00Z,2.35,23500.0,chart_observation,manual_research,user-provided manual Rally RABBIT price history,2026-07-23T00:00:00Z,codex,exact,Manually transcribed Rally observation; validated against 10000 shares outstanding.,,quarterly,23500.0,
rally-rabbit,2024-03-31,2024-03-28T00:00:00Z,2.4,24000.0,chart_observation,manual_research,user-provided manual Rally RABBIT price history,2026-07-23T00:00:00Z,codex,exact,Manually transcribed Rally observation; validated against 10000 shares outstanding.,,quarterly,24000.0,
rally-rabbit,2024-06-30,2024-06-28T00:00:00Z,2.3,23000.0,chart_observation,manual_research,user-provided manual Rally RABBIT price history,2026-07-23T00:00:00Z,codex,exact,Manually transcribed Rally observation; validated against 10000 shares outstanding.,,quarterly,23000.0,
rally-rabbit,2024-09-30,2024-09-27T00:00:00Z,2.4,24000.0,chart_observation,manual_research,user-provided manual Rally RABBIT price history,2026-07-23T00:00:00Z,codex,exact,Manually transcribed Rally observation; validated against 10000 shares outstanding.,,quarterly,24000.0,
rally-rabbit,2024-12-31,2024-12-31T00:00:00Z,2.4,24000.0,chart_observation,manual_research,user-provided manual Rally RABBIT price history,2026-07-23T00:00:00Z,codex,exact,Manually transcribed Rally observation; validated against 10000 shares outstanding.,,quarterly,24000.0,
rally-rabbit,2025-03-31,2025-03-28T00:00:00Z,2.3,23000.0,chart_observation,manual_research,user-provided manual Rally RABBIT price history,2026-07-23T00:00:00Z,codex,exact,Manually transcribed Rally observation; validated against 10000 shares outstanding.,,quarterly,23000.0,
rally-rabbit,2025-06-30,2025-06-27T00:00:00Z,2.3,23000.0,chart_observation,manual_research,user-provided manual Rally RABBIT price history,2026-07-23T00:00:00Z,codex,exact,Manually transcribed Rally observation; validated against 10000 shares outstanding.,,quarterly,23000.0,
rally-rabbit,2025-09-30,2025-09-26T00:00:00Z,2.25,22500.0,chart_observation,manual_research,user-provided manual Rally RABBIT price history,2026-07-23T00:00:00Z,codex,exact,Manually transcribed Rally observation; validated against 10000 shares outstanding.,,quarterly,22500.0,
rally-rabbit,2025-12-31,2025-12-30T00:00:00Z,2.2,22000.0,chart_observation,manual_research,user-provided manual Rally RABBIT price history,2026-07-23T00:00:00Z,codex,exact,Manually transcribed Rally observation; validated against 10000 shares outstanding.,,quarterly,22000.0,
rally-rabbit,2026-03-31,2026-03-31T00:00:00Z,2.2,22000.0,chart_observation,manual_research,user-provided manual Rally RABBIT price history,2026-07-23T00:00:00Z,codex,exact,Manually transcribed Rally observation; validated against 10000 shares outstanding.,,quarterly,22000.0,
rally-rabbit,2026-06-30,2026-06-30T00:00:00Z,2.45,24500.0,chart_observation,manual_research,user-provided manual Rally RABBIT price history,2026-07-23T00:00:00Z,codex,exact,Manually transcribed Rally observation; validated against 10000 shares outstanding.,,quarterly,24500.0,
rally-rabbit,2026-07-09,2026-07-09T00:00:00Z,4.75,47500.0,chart_observation,manual_research,user-provided manual Rally RABBIT price history,2026-07-23T00:00:00Z,codex,exact,Post-Q2 manually transcribed Rally observation retained as non-quarterly research row; not eligible to replace the 2026-06-30 quarterly observation; validated against 10000 shares outstanding. Latest observed trade at $4.70/$47000 omitted because no precise observed_at date was supplied.,,weekly,47500.0,
rally-riviera,2021-06-30,2021-04-01T00:00:00Z,5.0,30000.0,offering_price,rally_app,Rally App,2026-07-12T00:00:00Z,Marshall,exact,Initial offering. Submitted observed_at was 2021-04.,,quarterly,30000.0,observed_at_exceeds_quarter_lookback:90d; offering_price_excluded_from_secondary_returns
rally-riviera,2021-09-30,2021-09-30T00:00:00Z,5.05,30300.0,chart_observation,rally_app_chart,Rally App,2026-07-12T00:00:00Z,Marshall,exact,,,quarterly,30300.0,chart_observation_marked_exact
rally-riviera,2021-12-31,2022-01-03T00:00:00Z,5.0,30000.0,chart_observation,rally_app_chart,Rally App,2026-07-12T00:00:00Z,Marshall,exact,Nearest available observation occurred after quarter-end,,quarterly,30000.0,observed_at_after_period_end; chart_observation_marked_exact
rally-riviera,2022-03-31,2022-03-28T00:00:00Z,4.5,27000.0,chart_observation,rally_app_chart,Rally App,2026-07-12T00:00:00Z,Marshall,exact,,,quarterly,27000.0,chart_observation_marked_exact
rally-riviera,2022-06-30,2022-06-30T00:00:00Z,3.5,21000.0,chart_observation,rally_app_chart,Rally App,2026-07-12T00:00:00Z,Marshall,exact,,,quarterly,21000.0,chart_observation_marked_exact
rally-riviera,2022-09-30,2022-09-30T00:00:00Z,4.15,24900.0,chart_observation,rally_app_chart,Rally App,2026-07-12T00:00:00Z,Marshall,exact,,,quarterly,24900.000000000004,chart_observation_marked_exact
rally-riviera,2022-12-31,2022-12-27T00:00:00Z,4.25,25500.0,chart_observation,rally_app_chart,Rally App,2026-07-12T00:00:00Z,Marshall,exact,,,quarterly,25500.0,chart_observation_marked_exact
rally-riviera,2023-03-31,2023-03-31T00:00:00Z,4.5,27000.0,chart_observation,rally_app_chart,Rally App,2026-07-12T00:00:00Z,Marshall,exact,,,quarterly,27000.0,chart_observation_marked_exact
rally-riviera,2023-06-30,2023-06-26T00:00:00Z,5.0,30000.0,chart_observation,rally_app_chart,Rally App,2026-07-12T00:00:00Z,Marshall,exact,,,quarterly,30000.0,chart_observation_marked_exact
rally-riviera,2023-09-30,2023-09-27T00:00:00Z,4.0,24000.0,chart_observation,rally_app_chart,Rally App,2026-07-12T00:00:00Z,Marshall,exact,,,quarterly,24000.0,chart_observation_marked_exact
rally-riviera,2023-12-31,2023-12-29T00:00:00Z,4.95,29700.0,chart_observation,rally_app_chart,Rally App,2026-07-12T00:00:00Z,Marshall,exact,,,quarterly,29700.0,chart_observation_marked_exact
rally-riviera,2024-03-31,2024-03-26T00:00:00Z,4.9,29400.0,chart_observation,rally_app_chart,Rally App,2026-07-12T00:00:00Z,Marshall,exact,,,quarterly,29400.000000000004,chart_observation_marked_exact
rally-riviera,2024-06-30,2024-06-27T00:00:00Z,3.25,19500.0,chart_observation,rally_app_chart,Rally App,2026-07-12T00:00:00Z,Marshall,exact,,,quarterly,19500.0,chart_observation_marked_exact
rally-riviera,2024-09-30,2024-09-27T00:00:00Z,3.7,22200.0,chart_observation,rally_app_chart,Rally App,2026-07-12T00:00:00Z,Marshall,exact,,,quarterly,22200.0,chart_observation_marked_exact
rally-riviera,2024-12-31,2024-12-31T00:00:00Z,4.1,24600.0,chart_observation,rally_app_chart,Rally App,2026-07-12T00:00:00Z,Marshall,exact,,,quarterly,24600.0,chart_observation_marked_exact
rally-riviera,2025-03-31,2025-03-28T00:00:00Z,4.5,27000.0,chart_observation,rally_app_chart,Rally App,2026-07-12T00:00:00Z,Marshall,exact,,,quarterly,27000.0,chart_observation_marked_exact
rally-riviera,2025-06-30,2025-06-30T00:00:00Z,4.3,25800.0,chart_observation,rally_app_chart,Rally App,2026-07-12T00:00:00Z,Marshall,exact,,,quarterly,25800.0,chart_observation_marked_exact
rally-riviera,2025-09-30,2025-09-25T00:00:00Z,4.0,24000.0,chart_observation,rally_app_chart,Rally App,2026-07-12T00:00:00Z,Marshall,exact,,,quarterly,24000.0,chart_observation_marked_exact
rally-riviera,2025-12-31,2025-12-26T00:00:00Z,3.85,23100.0,chart_observation,rally_app_chart,Rally App,2026-07-12T00:00:00Z,Marshall,exact,,,quarterly,23100.0,chart_observation_marked_exact
rally-riviera,2026-03-31,2026-03-30T00:00:00Z,4.0,24000.0,chart_observation,rally_app_chart,Rally App,2026-07-12T00:00:00Z,Marshall,exact,,,quarterly,24000.0,chart_observation_marked_exact
rally-riviera,2026-06-30,2026-06-26T00:00:00Z,3.3,19800.0,chart_observation,rally_app_chart,Rally App,2026-07-12T00:00:00Z,Marshall,exact,,,quarterly,19800.0,chart_observation_marked_exact
rally-rlexpepsi,2019-12-31,2019-11-01T00:00:00Z,8.9,17800.0,offering_price,rally_app,Rally App,2026-07-12T00:00:00Z,Marshall,exact,Initial offering. Submitted observed_at was 2019-11.,,quarterly,17800.0,observed_at_exceeds_quarter_lookback:60d; offering_price_excluded_from_secondary_returns
rally-rlexpepsi,2020-03-31,2020-03-17T00:00:00Z,10.0,20000.0,chart_observation,rally_app_chart,Rally App,2026-07-12T00:00:00Z,Marshall,exact,,,quarterly,20000.0,chart_observation_marked_exact
rally-rlexpepsi,2020-06-30,2020-06-30T00:00:00Z,13.5,27000.0,chart_observation,rally_app_chart,Rally App,2026-07-12T00:00:00Z,Marshall,exact,,,quarterly,27000.0,chart_observation_marked_exact
rally-rlexpepsi,2020-09-30,2020-10-20T00:00:00Z,13.5,27000.0,chart_observation,rally_app_chart,Rally App,2026-07-12T00:00:00Z,Marshall,exact,Nearest available observation occurred after quarter-end,,quarterly,27000.0,observed_at_after_period_end; chart_observation_marked_exact
rally-rlexpepsi,2020-12-31,2021-01-21T00:00:00Z,14.25,28500.0,chart_observation,rally_app_chart,Rally App,2026-07-12T00:00:00Z,Marshall,exact,Nearest available observation occurred after quarter-end,,quarterly,28500.0,observed_at_after_period_end; chart_observation_marked_exact
rally-rlexpepsi,2021-03-31,2021-03-23T00:00:00Z,10.25,20500.0,chart_observation,rally_app_chart,Rally App,2026-07-12T00:00:00Z,Marshall,exact,,,quarterly,20500.0,chart_observation_marked_exact
rally-rlexpepsi,2021-06-30,2021-06-07T00:00:00Z,11.0,22000.0,chart_observation,rally_app_chart,Rally App,2026-07-12T00:00:00Z,Marshall,exact,,,quarterly,22000.0,observed_at_exceeds_quarter_lookback:23d; chart_observation_marked_exact
rally-rlexpepsi,2021-09-30,2021-08-25T00:00:00Z,14.25,28500.0,chart_observation,rally_app_chart,Rally App,2026-07-12T00:00:00Z,Marshall,exact,,,quarterly,28500.0,observed_at_exceeds_quarter_lookback:36d; chart_observation_marked_exact
rally-rlexpepsi,2021-12-31,2022-01-24T00:00:00Z,14.25,28500.0,chart_observation,rally_app_chart,Rally App,2026-07-12T00:00:00Z,Marshall,exact,Nearest available observation occurred after quarter-end,,quarterly,28500.0,observed_at_after_period_end; chart_observation_marked_exact
rally-rlexpepsi,2022-03-31,2022-03-28T00:00:00Z,14.25,28500.0,chart_observation,rally_app_chart,Rally App,2026-07-12T00:00:00Z,Marshall,exact,,,quarterly,28500.0,chart_observation_marked_exact
rally-rlexpepsi,2022-06-30,2022-06-24T00:00:00Z,13.0,26000.0,chart_observation,rally_app_chart,Rally App,2026-07-12T00:00:00Z,Marshall,exact,,,quarterly,26000.0,chart_observation_marked_exact
rally-rlexpepsi,2022-09-30,2022-09-29T00:00:00Z,16.5,33000.0,chart_observation,rally_app_chart,Rally App,2026-07-12T00:00:00Z,Marshall,exact,,,quarterly,33000.0,chart_observation_marked_exact
rally-rlexpepsi,2022-12-31,2022-12-27T00:00:00Z,13.8,27600.0,chart_observation,rally_app_chart,Rally App,2026-07-12T00:00:00Z,Marshall,exact,,,quarterly,27600.0,chart_observation_marked_exact
rally-rlexpepsi,2023-03-31,2023-03-27T00:00:00Z,11.15,22300.0,chart_observation,rally_app_chart,Rally App,2026-07-12T00:00:00Z,Marshall,exact,,,quarterly,22300.0,chart_observation_marked_exact
rally-rlexpepsi,2023-06-30,2023-06-30T00:00:00Z,11.0,22000.0,chart_observation,rally_app_chart,Rally App,2026-07-12T00:00:00Z,Marshall,exact,,,quarterly,22000.0,chart_observation_marked_exact
rally-rlexpepsi,2023-09-30,2023-09-28T00:00:00Z,12.7,25400.0,chart_observation,rally_app_chart,Rally App,2026-07-12T00:00:00Z,Marshall,exact,,,quarterly,25400.0,chart_observation_marked_exact
rally-rlexpepsi,2023-12-31,2023-12-27T00:00:00Z,13.0,26000.0,chart_observation,rally_app_chart,Rally App,2026-07-12T00:00:00Z,Marshall,exact,,,quarterly,26000.0,chart_observation_marked_exact
rally-rlexpepsi,2024-03-31,2024-03-25T00:00:00Z,13.0,26000.0,chart_observation,rally_app_chart,Rally App,2026-07-12T00:00:00Z,Marshall,exact,,,quarterly,26000.0,chart_observation_marked_exact
rally-rlexpepsi,2024-06-30,2024-06-21T00:00:00Z,11.5,23000.0,chart_observation,rally_app_chart,Rally App,2026-07-12T00:00:00Z,Marshall,exact,,,quarterly,23000.0,chart_observation_marked_exact
rally-rlexpepsi,2024-09-30,2024-09-27T00:00:00Z,11.2,22400.0,chart_observation,rally_app_chart,Rally App,2026-07-12T00:00:00Z,Marshall,exact,,,quarterly,22400.0,chart_observation_marked_exact
rally-rlexpepsi,2024-12-31,2024-12-24T00:00:00Z,10.9,21800.0,chart_observation,rally_app_chart,Rally App,2026-07-12T00:00:00Z,Marshall,exact,,,quarterly,21800.0,chart_observation_marked_exact
rally-rlexpepsi,2025-03-31,2025-03-24T00:00:00Z,10.9,21800.0,chart_observation,rally_app_chart,Rally App,2026-07-12T00:00:00Z,Marshall,exact,,,quarterly,21800.0,chart_observation_marked_exact
rally-rlexpepsi,2025-06-30,2025-06-30T00:00:00Z,10.85,21700.0,chart_observation,rally_app_chart,Rally App,2026-07-12T00:00:00Z,Marshall,exact,,,quarterly,21700.0,chart_observation_marked_exact
rally-rlexpepsi,2025-09-30,2025-09-26T00:00:00Z,10.7,21400.0,chart_observation,rally_app_chart,Rally App,2026-07-12T00:00:00Z,Marshall,exact,,,quarterly,21400.0,chart_observation_marked_exact
rally-rlexpepsi,2025-12-31,2025-12-31T00:00:00Z,10.7,21400.0,chart_observation,rally_app_chart,Rally App,2026-07-12T00:00:00Z,Marshall,exact,,,quarterly,21400.0,chart_observation_marked_exact
rally-rlexpepsi,2026-03-31,2026-03-31T00:00:00Z,11.0,22000.0,chart_observation,rally_app_chart,Rally App,2026-07-12T00:00:00Z,Marshall,exact,,,quarterly,22000.0,chart_observation_marked_exact
rally-rlexpepsi,2026-06-30,2026-06-29T00:00:00Z,10.0,20000.0,chart_observation,rally_app_chart,Rally App,2026-07-12T00:00:00Z,Marshall,exact,Temporary spike to $12.25 observed on 2026-05-29.,,quarterly,20000.0,chart_observation_marked_exact
rally-roosevelt,2020-03-31,2020-03-01T00:00:00Z,19.5,19500.0,offering_price,rally_app,Rally App manual transcription,2026-07-22T00:00:00Z,Codex,exact,Initial offering. Submitted observed_at was 2020-03.,,quarterly,19500.0,offering_price_excluded_from_secondary_returns
rally-roosevelt,2020-06-30,2020-06-09T00:00:00Z,25.0,25000.0,chart_observation,rally_app_chart,Rally App manual transcription,2026-07-22T00:00:00Z,Codex,exact,,,quarterly,25000.0,chart_observation_marked_exact
rally-roosevelt,2020-09-30,2020-09-15T00:00:00Z,26.5,26500.0,chart_observation,rally_app_chart,Rally App manual transcription,2026-07-22T00:00:00Z,Codex,exact,,,quarterly,26500.0,chart_observation_marked_exact
rally-roosevelt,2020-12-31,2020-12-15T00:00:00Z,29.5,29500.0,chart_observation,rally_app_chart,Rally App manual transcription,2026-07-22T00:00:00Z,Codex,exact,,,quarterly,29500.0,chart_observation_marked_exact
rally-roosevelt,2021-03-31,2021-04-13T00:00:00Z,29.5,29500.0,chart_observation,rally_app_chart,Rally App manual transcription,2026-07-22T00:00:00Z,Codex,exact,Nearest available observation occurred after quarter-end,,quarterly,29500.0,observed_at_after_period_end; chart_observation_marked_exact
rally-roosevelt,2021-09-30,2021-08-27T00:00:00Z,40.0,40000.0,chart_observation,rally_app_chart,Rally App manual transcription,2026-07-22T00:00:00Z,Codex,exact,,,quarterly,40000.0,chart_observation_marked_exact
rally-roosevelt,2021-12-31,2022-01-31T00:00:00Z,40.0,40000.0,chart_observation,rally_app_chart,Rally App manual transcription,2026-07-22T00:00:00Z,Codex,exact,Nearest available observation occurred after quarter-end,,quarterly,40000.0,observed_at_after_period_end; chart_observation_marked_exact
rally-roosevelt,2022-03-31,2022-03-25T00:00:00Z,14.25,14250.0,chart_observation,rally_app_chart,Rally App manual transcription,2026-07-22T00:00:00Z,Codex,exact,,,quarterly,14250.0,chart_observation_marked_exact
rally-roosevelt,2022-06-30,2022-06-29T00:00:00Z,7.0,7000.0,chart_observation,rally_app_chart,Rally App manual transcription,2026-07-22T00:00:00Z,Codex,exact,,,quarterly,7000.0,chart_observation_marked_exact
rally-roosevelt,2022-09-30,2022-09-26T00:00:00Z,9.85,9850.0,chart_observation,rally_app_chart,Rally App manual transcription,2026-07-22T00:00:00Z,Codex,exact,,,quarterly,9850.0,chart_observation_marked_exact
rally-roosevelt,2022-12-31,2022-12-30T00:00:00Z,10.0,10000.0,chart_observation,rally_app_chart,Rally App manual transcription,2026-07-22T00:00:00Z,Codex,exact,,,quarterly,10000.0,chart_observation_marked_exact
rally-roosevelt,2023-03-31,2023-03-31T00:00:00Z,7.0,7000.0,chart_observation,rally_app_chart,Rally App manual transcription,2026-07-22T00:00:00Z,Codex,exact,,,quarterly,7000.0,chart_observation_marked_exact
rally-roosevelt,2023-06-30,2023-06-28T00:00:00Z,20.0,20000.0,chart_observation,rally_app_chart,Rally App manual transcription,2026-07-22T00:00:00Z,Codex,exact,,,quarterly,20000.0,chart_observation_marked_exact
rally-roosevelt,2023-09-30,2023-09-25T00:00:00Z,20.0,20000.0,chart_observation,rally_app_chart,Rally App manual transcription,2026-07-22T00:00:00Z,Codex,exact,,,quarterly,20000.0,chart_observation_marked_exact
rally-roosevelt,2023-12-31,2023-12-29T00:00:00Z,19.95,19950.0,chart_observation,rally_app_chart,Rally App manual transcription,2026-07-22T00:00:00Z,Codex,exact,,,quarterly,19950.0,chart_observation_marked_exact
rally-roosevelt,2024-03-31,2024-03-28T00:00:00Z,13.15,13150.0,chart_observation,rally_app_chart,Rally App manual transcription,2026-07-22T00:00:00Z,Codex,exact,,,quarterly,13150.0,chart_observation_marked_exact
rally-roosevelt,2024-06-30,2024-06-25T00:00:00Z,12.95,12950.0,chart_observation,rally_app_chart,Rally App manual transcription,2026-07-22T00:00:00Z,Codex,exact,,,quarterly,12950.0,chart_observation_marked_exact
rally-roosevelt,2024-09-30,2024-09-30T00:00:00Z,8.05,8050.0,chart_observation,rally_app_chart,Rally App manual transcription,2026-07-22T00:00:00Z,Codex,exact,,,quarterly,8050.0,chart_observation_marked_exact
rally-roosevelt,2024-12-31,2024-12-27T00:00:00Z,13.0,13000.0,chart_observation,rally_app_chart,Rally App manual transcription,2026-07-22T00:00:00Z,Codex,exact,,,quarterly,13000.0,chart_observation_marked_exact
rally-roosevelt,2025-03-31,2025-03-27T00:00:00Z,13.0,13000.0,chart_observation,rally_app_chart,Rally App manual transcription,2026-07-22T00:00:00Z,Codex,exact,,,quarterly,13000.0,chart_observation_marked_exact
rally-roosevelt,2025-06-30,2025-06-24T00:00:00Z,13.0,13000.0,chart_observation,rally_app_chart,Rally App manual transcription,2026-07-22T00:00:00Z,Codex,exact,,,quarterly,13000.0,chart_observation_marked_exact
rally-roosevelt,2025-09-30,2025-09-29T00:00:00Z,8.0,8000.0,chart_observation,rally_app_chart,Rally App manual transcription,2026-07-22T00:00:00Z,Codex,exact,,,quarterly,8000.0,chart_observation_marked_exact
rally-roosevelt,2025-12-31,2025-12-26T00:00:00Z,8.1,8100.0,chart_observation,rally_app_chart,Rally App manual transcription,2026-07-22T00:00:00Z,Codex,exact,,,quarterly,8100.0,chart_observation_marked_exact
rally-roosevelt,2026-03-31,2026-03-25T00:00:00Z,8.1,8100.0,chart_observation,rally_app_chart,Rally App manual transcription,2026-07-22T00:00:00Z,Codex,exact,,,quarterly,8100.0,chart_observation_marked_exact
rally-roosevelt,2026-06-30,2026-06-30T00:00:00Z,19.8,19800.0,chart_observation,rally_app_chart,Rally App manual transcription,2026-07-22T00:00:00Z,Codex,exact,,,quarterly,19800.0,chart_observation_marked_exact
rally-sachs1,2022-06-30,2022-05-19T00:00:00Z,10.0,21500.0,offering_price,manual_research,User-provided manual Rally SACHS1 Art price history,2026-07-27T00:00:00Z,OpenAI Codex,exact,Manually transcribed Rally observation; validated against 2150 authoritative Art master shares outstanding. Offering price and initial market cap reconcile to the authoritative Art master.,,quarterly,21500.0,offering_price_excluded_from_secondary_returns
rally-sachs1,2022-12-31,2022-12-05T00:00:00Z,7.0,15050.0,chart_observation,manual_research,User-provided manual Rally SACHS1 Art price history,2026-07-27T00:00:00Z,OpenAI Codex,exact,Manually transcribed Rally observation; validated against 2150 authoritative Art master shares outstanding.,,quarterly,15050.0,chart_observation_marked_exact
rally-sachs1,2023-03-31,2023-03-31T00:00:00Z,5.5,11825.0,chart_observation,manual_research,User-provided manual Rally SACHS1 Art price history,2026-07-27T00:00:00Z,OpenAI Codex,exact,Manually transcribed Rally observation; validated against 2150 authoritative Art master shares outstanding.,,quarterly,11825.0,chart_observation_marked_exact
rally-sachs1,2023-06-30,2023-06-28T00:00:00Z,3.0,6450.0,chart_observation,manual_research,User-provided manual Rally SACHS1 Art price history,2026-07-27T00:00:00Z,OpenAI Codex,exact,Manually transcribed Rally observation; validated against 2150 authoritative Art master shares outstanding.,,quarterly,6450.0,chart_observation_marked_exact
rally-sachs1,2023-09-30,2023-09-29T00:00:00Z,2.3,4945.0,chart_observation,manual_research,User-provided manual Rally SACHS1 Art price history,2026-07-27T00:00:00Z,OpenAI Codex,exact,Manually transcribed Rally observation; validated against 2150 authoritative Art master shares outstanding.,,quarterly,4945.0,chart_observation_marked_exact
rally-sachs1,2023-12-31,2023-12-29T00:00:00Z,1.4,3010.0,chart_observation,manual_research,User-provided manual Rally SACHS1 Art price history,2026-07-27T00:00:00Z,OpenAI Codex,exact,Manually transcribed Rally observation; validated against 2150 authoritative Art master shares outstanding.,,quarterly,3010.0,chart_observation_marked_exact
rally-sachs1,2024-03-31,2024-03-28T00:00:00Z,2.1,4515.0,chart_observation,manual_research,User-provided manual Rally SACHS1 Art price history,2026-07-27T00:00:00Z,OpenAI Codex,exact,Manually transcribed Rally observation; validated against 2150 authoritative Art master shares outstanding.,,quarterly,4515.0,chart_observation_marked_exact
rally-sachs1,2024-06-30,2024-06-28T00:00:00Z,1.4,3010.0,chart_observation,manual_research,User-provided manual Rally SACHS1 Art price history,2026-07-27T00:00:00Z,OpenAI Codex,exact,Manually transcribed Rally observation; validated against 2150 authoritative Art master shares outstanding.,,quarterly,3010.0,chart_observation_marked_exact
rally-sachs1,2024-09-30,2024-09-30T00:00:00Z,2.45,5267.5,chart_observation,manual_research,User-provided manual Rally SACHS1 Art price history,2026-07-27T00:00:00Z,OpenAI Codex,exact,Manually transcribed Rally observation; validated against 2150 authoritative Art master shares outstanding.,,quarterly,5267.5,chart_observation_marked_exact
rally-sachs1,2024-12-31,2024-12-31T00:00:00Z,1.65,3547.5,chart_observation,manual_research,User-provided manual Rally SACHS1 Art price history,2026-07-27T00:00:00Z,OpenAI Codex,exact,Manually transcribed Rally observation; validated against 2150 authoritative Art master shares outstanding.,,quarterly,3547.5,chart_observation_marked_exact
rally-sachs1,2025-03-31,2025-03-31T00:00:00Z,1.6,3440.0,chart_observation,manual_research,User-provided manual Rally SACHS1 Art price history,2026-07-27T00:00:00Z,OpenAI Codex,exact,Manually transcribed Rally observation; validated against 2150 authoritative Art master shares outstanding.,,quarterly,3440.0,chart_observation_marked_exact
rally-sachs1,2025-06-30,2025-06-27T00:00:00Z,1.55,3332.5,chart_observation,manual_research,User-provided manual Rally SACHS1 Art price history,2026-07-27T00:00:00Z,OpenAI Codex,exact,Manually transcribed Rally observation; validated against 2150 authoritative Art master shares outstanding.,,quarterly,3332.5,chart_observation_marked_exact
rally-sachs1,2025-09-30,2025-09-29T00:00:00Z,2.5,5375.0,chart_observation,manual_research,User-provided manual Rally SACHS1 Art price history,2026-07-27T00:00:00Z,OpenAI Codex,exact,Manually transcribed Rally observation; validated against 2150 authoritative Art master shares outstanding.,,quarterly,5375.0,chart_observation_marked_exact
rally-sachs1,2025-12-31,2025-12-30T00:00:00Z,3.1,6665.0,chart_observation,manual_research,User-provided manual Rally SACHS1 Art price history,2026-07-27T00:00:00Z,OpenAI Codex,exact,Manually transcribed Rally observation; validated against 2150 authoritative Art master shares outstanding.,,quarterly,6665.0,chart_observation_marked_exact
rally-sachs1,2026-03-31,2026-03-27T00:00:00Z,2.4,5160.0,chart_observation,manual_research,User-provided manual Rally SACHS1 Art price history,2026-07-27T00:00:00Z,OpenAI Codex,exact,Manually transcribed Rally observation; validated against 2150 authoritative Art master shares outstanding.,,quarterly,5160.0,chart_observation_marked_exact
rally-sachs1,2026-06-30,2026-06-29T00:00:00Z,2.0,4300.0,chart_observation,manual_research,User-provided manual Rally SACHS1 Art price history,2026-07-27T00:00:00Z,OpenAI Codex,exact,Manually transcribed Rally observation; validated against 2150 authoritative Art master shares outstanding.,,quarterly,4300.0,chart_observation_marked_exact
rally-shkspr4,2020-09-30,2020-07-01T00:00:00Z,115.0,115000.0,offering_price,rally_app,Manually transcribed Rally SHKSPR4 price history supplied 2026-07-22,2026-07-22T00:00:00Z,user_provided_manual_research,exact,Initial offering; source supplied month only as Jul 2020.,,quarterly,115000.0,observed_at_exceeds_quarter_lookback:91d; offering_price_excluded_from_secondary_returns
rally-shkspr4,2020-12-31,2020-11-10T00:00:00Z,200.0,200000.0,chart_observation,rally_app_chart,Manually transcribed Rally SHKSPR4 price history supplied 2026-07-22,2026-07-22T00:00:00Z,user_provided_manual_research,exact,,,quarterly,200000.0,observed_at_exceeds_quarter_lookback:51d; chart_observation_marked_exact
rally-shkspr4,2021-03-31,2021-02-09T00:00:00Z,180.25,180250.0,chart_observation,rally_app_chart,Manually transcribed Rally SHKSPR4 price history supplied 2026-07-22,2026-07-22T00:00:00Z,user_provided_manual_research,exact,,,quarterly,180250.0,observed_at_exceeds_quarter_lookback:50d; chart_observation_marked_exact
rally-shkspr4,2021-06-30,2021-04-13T00:00:00Z,103.0,103000.0,chart_observation,rally_app_chart,Manually transcribed Rally SHKSPR4 price history supplied 2026-07-22,2026-07-22T00:00:00Z,user_provided_manual_research,exact,,,quarterly,103000.0,observed_at_exceeds_quarter_lookback:78d; chart_observation_marked_exact
rally-shkspr4,2021-09-30,2021-08-06T00:00:00Z,101.0,101000.0,chart_observation,rally_app_chart,Manually transcribed Rally SHKSPR4 price history supplied 2026-07-22,2026-07-22T00:00:00Z,user_provided_manual_research,exact,,,quarterly,101000.0,observed_at_exceeds_quarter_lookback:55d; chart_observation_marked_exact
rally-shkspr4,2021-12-31,2022-02-07T00:00:00Z,94.95,94950.0,chart_observation,rally_app_chart,Manually transcribed Rally SHKSPR4 price history supplied 2026-07-22,2026-07-22T00:00:00Z,user_provided_manual_research,exact,Nearest available observation after quarter-end.,,quarterly,94950.0,observed_at_after_period_end; chart_observation_marked_exact
rally-shkspr4,2022-03-31,2022-03-28T00:00:00Z,56.05,56050.0,chart_observation,rally_app_chart,Manually transcribed Rally SHKSPR4 price history supplied 2026-07-22,2026-07-22T00:00:00Z,user_provided_manual_research,exact,,,quarterly,56050.0,chart_observation_marked_exact
rally-shkspr4,2022-06-30,2022-06-27T00:00:00Z,47.5,47500.0,chart_observation,rally_app_chart,Manually transcribed Rally SHKSPR4 price history supplied 2026-07-22,2026-07-22T00:00:00Z,user_provided_manual_research,exact,,,quarterly,47500.0,chart_observation_marked_exact
rally-shkspr4,2022-09-30,2022-09-30T00:00:00Z,69.7,69700.0,chart_observation,rally_app_chart,Manually transcribed Rally SHKSPR4 price history supplied 2026-07-22,2026-07-22T00:00:00Z,user_provided_manual_research,exact,,,quarterly,69700.0,chart_observation_marked_exact
rally-shkspr4,2022-12-31,2022-12-30T00:00:00Z,69.0,69000.0,chart_observation,rally_app_chart,Manually transcribed Rally SHKSPR4 price history supplied 2026-07-22,2026-07-22T00:00:00Z,user_provided_manual_research,exact,,,quarterly,69000.0,chart_observation_marked_exact
rally-shkspr4,2023-03-31,2023-03-31T00:00:00Z,67.5,67500.0,chart_observation,rally_app_chart,Manually transcribed Rally SHKSPR4 price history supplied 2026-07-22,2026-07-22T00:00:00Z,user_provided_manual_research,exact,,,quarterly,67500.0,chart_observation_marked_exact
rally-shkspr4,2023-06-30,2023-06-29T00:00:00Z,58.25,58250.0,chart_observation,rally_app_chart,Manually transcribed Rally SHKSPR4 price history supplied 2026-07-22,2026-07-22T00:00:00Z,user_provided_manual_research,exact,,,quarterly,58250.0,chart_observation_marked_exact
rally-shkspr4,2023-09-30,2023-09-27T00:00:00Z,60.0,60000.0,chart_observation,rally_app_chart,Manually transcribed Rally SHKSPR4 price history supplied 2026-07-22,2026-07-22T00:00:00Z,user_provided_manual_research,exact,,,quarterly,60000.0,chart_observation_marked_exact
rally-shkspr4,2023-12-31,2023-12-29T00:00:00Z,60.0,60000.0,chart_observation,rally_app_chart,Manually transcribed Rally SHKSPR4 price history supplied 2026-07-22,2026-07-22T00:00:00Z,user_provided_manual_research,exact,,,quarterly,60000.0,chart_observation_marked_exact
rally-shkspr4,2024-03-31,2024-03-26T00:00:00Z,67.0,67000.0,chart_observation,rally_app_chart,Manually transcribed Rally SHKSPR4 price history supplied 2026-07-22,2026-07-22T00:00:00Z,user_provided_manual_research,exact,,,quarterly,67000.0,chart_observation_marked_exact
rally-shkspr4,2024-06-30,2024-06-24T00:00:00Z,76.0,76000.0,chart_observation,rally_app_chart,Manually transcribed Rally SHKSPR4 price history supplied 2026-07-22,2026-07-22T00:00:00Z,user_provided_manual_research,exact,,,quarterly,76000.0,chart_observation_marked_exact
rally-shkspr4,2024-09-30,2024-09-30T00:00:00Z,77.0,77000.0,chart_observation,rally_app_chart,Manually transcribed Rally SHKSPR4 price history supplied 2026-07-22,2026-07-22T00:00:00Z,user_provided_manual_research,exact,,,quarterly,77000.0,chart_observation_marked_exact
rally-shkspr4,2024-12-31,2024-12-30T00:00:00Z,76.75,76750.0,chart_observation,rally_app_chart,Manually transcribed Rally SHKSPR4 price history supplied 2026-07-22,2026-07-22T00:00:00Z,user_provided_manual_research,exact,,,quarterly,76750.0,chart_observation_marked_exact
rally-shkspr4,2025-03-31,2025-03-28T00:00:00Z,97.0,97000.0,chart_observation,rally_app_chart,Manually transcribed Rally SHKSPR4 price history supplied 2026-07-22,2026-07-22T00:00:00Z,user_provided_manual_research,exact,,,quarterly,97000.0,chart_observation_marked_exact
rally-shkspr4,2025-06-30,2025-06-27T00:00:00Z,80.0,80000.0,chart_observation,rally_app_chart,Manually transcribed Rally SHKSPR4 price history supplied 2026-07-22,2026-07-22T00:00:00Z,user_provided_manual_research,exact,,,quarterly,80000.0,chart_observation_marked_exact
rally-shkspr4,2025-09-30,2025-09-26T00:00:00Z,86.95,86950.0,chart_observation,rally_app_chart,Manually transcribed Rally SHKSPR4 price history supplied 2026-07-22,2026-07-22T00:00:00Z,user_provided_manual_research,exact,,,quarterly,86950.0,chart_observation_marked_exact
rally-shkspr4,2025-12-31,2025-12-26T00:00:00Z,84.0,84000.0,chart_observation,rally_app_chart,Manually transcribed Rally SHKSPR4 price history supplied 2026-07-22,2026-07-22T00:00:00Z,user_provided_manual_research,exact,,,quarterly,84000.0,chart_observation_marked_exact
rally-shkspr4,2026-03-31,2026-03-26T00:00:00Z,83.0,83000.0,chart_observation,rally_app_chart,Manually transcribed Rally SHKSPR4 price history supplied 2026-07-22,2026-07-22T00:00:00Z,user_provided_manual_research,exact,,,quarterly,83000.0,chart_observation_marked_exact
rally-shkspr4,2026-06-30,2026-06-24T00:00:00Z,75.0,75000.0,chart_observation,rally_app_chart,Manually transcribed Rally SHKSPR4 price history supplied 2026-07-22,2026-07-22T00:00:00Z,user_provided_manual_research,exact,,,quarterly,75000.0,chart_observation_marked_exact
rally-smurf,2019-12-31,2019-11-01T00:00:00Z,17.25,34500.0,offering_price,rally_app,Rally App,2026-07-12T00:00:00Z,Marshall,exact,Initial offering. Submitted observed_at was 2019-11.,,quarterly,34500.0,observed_at_exceeds_quarter_lookback:60d; offering_price_excluded_from_secondary_returns
rally-smurf,2020-03-31,2020-05-05T00:00:00Z,18.0,36000.0,chart_observation,rally_app_chart,Rally App,2026-07-12T00:00:00Z,Marshall,exact,Nearest available observation occurred after quarter-end,,quarterly,36000.0,observed_at_after_period_end; chart_observation_marked_exact
rally-smurf,2020-09-30,2020-11-17T00:00:00Z,18.0,36000.0,chart_observation,rally_app_chart,Rally App,2026-07-12T00:00:00Z,Marshall,exact,Nearest available observation occurred after quarter-end,,quarterly,36000.0,observed_at_after_period_end; chart_observation_marked_exact
rally-smurf,2020-12-31,2021-02-09T00:00:00Z,25.0,50000.0,chart_observation,rally_app_chart,Rally App,2026-07-12T00:00:00Z,Marshall,exact,Nearest available observation occurred after quarter-end,,quarterly,50000.0,observed_at_after_period_end; chart_observation_marked_exact
rally-smurf,2021-03-31,2021-05-28T00:00:00Z,25.0,50000.0,chart_observation,rally_app_chart,Rally App,2026-07-12T00:00:00Z,Marshall,exact,Nearest available observation occurred after quarter-end,,quarterly,50000.0,observed_at_after_period_end; chart_observation_marked_exact
rally-smurf,2021-06-30,2021-08-16T00:00:00Z,27.0,54000.0,chart_observation,rally_app_chart,Rally App,2026-07-12T00:00:00Z,Marshall,exact,Nearest available observation occurred after quarter-end,,quarterly,54000.0,observed_at_after_period_end; chart_observation_marked_exact
rally-smurf,2022-03-31,2022-03-25T00:00:00Z,18.75,37500.0,chart_observation,rally_app_chart,Rally App,2026-07-12T00:00:00Z,Marshall,exact,,,quarterly,37500.0,chart_observation_marked_exact
rally-smurf,2022-06-30,2022-06-30T00:00:00Z,17.0,34000.0,chart_observation,rally_app_chart,Rally App,2026-07-12T00:00:00Z,Marshall,exact,,,quarterly,34000.0,chart_observation_marked_exact
rally-smurf,2022-09-30,2022-09-26T00:00:00Z,15.0,30000.0,chart_observation,rally_app_chart,Rally App,2026-07-12T00:00:00Z,Marshall,exact,,,quarterly,30000.0,chart_observation_marked_exact
rally-smurf,2022-12-31,2022-12-30T00:00:00Z,18.0,36000.0,chart_observation,rally_app_chart,Rally App,2026-07-12T00:00:00Z,Marshall,exact,,,quarterly,36000.0,chart_observation_marked_exact
rally-smurf,2023-03-31,2023-03-29T00:00:00Z,20.15,40300.0,chart_observation,rally_app_chart,Rally App,2026-07-12T00:00:00Z,Marshall,exact,,,quarterly,40300.0,chart_observation_marked_exact
rally-smurf,2023-06-30,2023-06-26T00:00:00Z,21.0,42000.0,chart_observation,rally_app_chart,Rally App,2026-07-12T00:00:00Z,Marshall,exact,,,quarterly,42000.0,chart_observation_marked_exact
rally-smurf,2023-09-30,2023-09-29T00:00:00Z,19.0,38000.0,chart_observation,rally_app_chart,Rally App,2026-07-12T00:00:00Z,Marshall,exact,,,quarterly,38000.0,chart_observation_marked_exact
rally-smurf,2023-12-31,2023-12-27T00:00:00Z,15.0,30000.0,chart_observation,rally_app_chart,Rally App,2026-07-12T00:00:00Z,Marshall,exact,,,quarterly,30000.0,chart_observation_marked_exact
rally-smurf,2024-03-31,2024-03-25T00:00:00Z,16.8,33600.0,chart_observation,rally_app_chart,Rally App,2026-07-12T00:00:00Z,Marshall,exact,,,quarterly,33600.0,chart_observation_marked_exact
rally-smurf,2024-06-30,2024-06-28T00:00:00Z,16.65,33300.0,chart_observation,rally_app_chart,Rally App,2026-07-12T00:00:00Z,Marshall,exact,,,quarterly,33300.0,chart_observation_marked_exact
rally-smurf,2024-09-30,2024-09-25T00:00:00Z,17.25,34500.0,chart_observation,rally_app_chart,Rally App,2026-07-12T00:00:00Z,Marshall,exact,,,quarterly,34500.0,chart_observation_marked_exact
rally-smurf,2024-12-31,2024-12-30T00:00:00Z,17.5,35000.0,chart_observation,rally_app_chart,Rally App,2026-07-12T00:00:00Z,Marshall,exact,,,quarterly,35000.0,chart_observation_marked_exact
rally-smurf,2025-03-31,2025-03-28T00:00:00Z,18.5,37000.0,chart_observation,rally_app_chart,Rally App,2026-07-12T00:00:00Z,Marshall,exact,,,quarterly,37000.0,chart_observation_marked_exact
rally-smurf,2025-06-30,2025-06-25T00:00:00Z,18.5,37000.0,chart_observation,rally_app_chart,Rally App,2026-07-12T00:00:00Z,Marshall,exact,,,quarterly,37000.0,chart_observation_marked_exact
rally-smurf,2025-09-30,2025-09-29T00:00:00Z,18.45,36900.0,chart_observation,rally_app_chart,Rally App,2026-07-12T00:00:00Z,Marshall,exact,,,quarterly,36900.0,chart_observation_marked_exact
rally-smurf,2025-12-31,2025-12-26T00:00:00Z,16.35,32700.0,chart_observation,rally_app_chart,Rally App,2026-07-12T00:00:00Z,Marshall,exact,,,quarterly,32700.000000000004,chart_observation_marked_exact
rally-smurf,2026-03-31,2026-03-24T00:00:00Z,17.5,35000.0,chart_observation,rally_app_chart,Rally App,2026-07-12T00:00:00Z,Marshall,exact,,,quarterly,35000.0,chart_observation_marked_exact
rally-smurf,2026-06-30,2026-06-29T00:00:00Z,18.05,36100.0,chart_observation,rally_app_chart,Rally App,2026-07-12T00:00:00Z,Marshall,exact,,,quarterly,36100.0,chart_observation_marked_exact
rally-snoopy,2020-06-30,2020-04-01T00:00:00Z,12.75,25500.0,offering_price,rally_app,Rally App,2026-07-12T00:00:00Z,Marshall,exact,Initial offering. Submitted observed_at was 2020-04.,,quarterly,25500.0,observed_at_exceeds_quarter_lookback:90d; offering_price_excluded_from_secondary_returns
rally-snoopy,2020-09-30,2020-08-18T00:00:00Z,17.95,35900.0,chart_observation,rally_app_chart,Rally App,2026-07-12T00:00:00Z,Marshall,exact,,,quarterly,35900.0,observed_at_exceeds_quarter_lookback:43d; chart_observation_marked_exact
rally-snoopy,2020-12-31,2020-12-01T00:00:00Z,18.0,36000.0,chart_observation,rally_app_chart,Rally App,2026-07-12T00:00:00Z,Marshall,exact,,,quarterly,36000.0,observed_at_exceeds_quarter_lookback:30d; chart_observation_marked_exact
rally-snoopy,2021-03-31,2021-02-18T00:00:00Z,18.0,36000.0,chart_observation,rally_app_chart,Rally App,2026-07-12T00:00:00Z,Marshall,exact,,,quarterly,36000.0,observed_at_exceeds_quarter_lookback:41d; chart_observation_marked_exact
rally-snoopy,2021-06-30,2021-04-22T00:00:00Z,18.0,36000.0,chart_observation,rally_app_chart,Rally App,2026-07-12T00:00:00Z,Marshall,exact,,,quarterly,36000.0,observed_at_exceeds_quarter_lookback:69d; chart_observation_marked_exact
rally-snoopy,2021-09-30,2021-09-24T00:00:00Z,22.2,44400.0,chart_observation,rally_app_chart,Rally App,2026-07-12T00:00:00Z,Marshall,exact,,,quarterly,44400.0,chart_observation_marked_exact
rally-snoopy,2021-12-31,2022-01-10T00:00:00Z,19.2,38400.0,chart_observation,rally_app_chart,Rally App,2026-07-12T00:00:00Z,Marshall,exact,Nearest available observation occurred after quarter-end,,quarterly,38400.0,observed_at_after_period_end; chart_observation_marked_exact
rally-snoopy,2022-03-31,2022-03-28T00:00:00Z,19.0,38000.0,chart_observation,rally_app_chart,Rally App,2026-07-12T00:00:00Z,Marshall,exact,,,quarterly,38000.0,chart_observation_marked_exact
rally-snoopy,2022-06-30,2022-06-27T00:00:00Z,13.5,27000.0,chart_observation,rally_app_chart,Rally App,2026-07-12T00:00:00Z,Marshall,exact,,,quarterly,27000.0,chart_observation_marked_exact
rally-snoopy,2022-09-30,2022-09-26T00:00:00Z,10.0,20000.0,chart_observation,rally_app_chart,Rally App,2026-07-12T00:00:00Z,Marshall,exact,,,quarterly,20000.0,chart_observation_marked_exact
rally-snoopy,2022-12-31,2022-12-27T00:00:00Z,16.15,32300.0,chart_observation,rally_app_chart,Rally App,2026-07-12T00:00:00Z,Marshall,exact,,,quarterly,32300.0,chart_observation_marked_exact
rally-snoopy,2023-03-31,2023-03-27T00:00:00Z,16.75,33500.0,chart_observation,rally_app_chart,Rally App,2026-07-12T00:00:00Z,Marshall,exact,,,quarterly,33500.0,chart_observation_marked_exact
rally-snoopy,2023-06-30,2023-06-30T00:00:00Z,15.0,30000.0,chart_observation,rally_app_chart,Rally App,2026-07-12T00:00:00Z,Marshall,exact,,,quarterly,30000.0,chart_observation_marked_exact
rally-snoopy,2023-09-30,2023-09-29T00:00:00Z,12.7,25400.0,chart_observation,rally_app_chart,Rally App,2026-07-12T00:00:00Z,Marshall,exact,,,quarterly,25400.0,chart_observation_marked_exact
rally-snoopy,2023-12-31,2023-12-29T00:00:00Z,13.0,26000.0,chart_observation,rally_app_chart,Rally App,2026-07-12T00:00:00Z,Marshall,exact,,,quarterly,26000.0,chart_observation_marked_exact
rally-snoopy,2024-03-31,2024-03-28T00:00:00Z,15.0,30000.0,chart_observation,rally_app_chart,Rally App,2026-07-12T00:00:00Z,Marshall,exact,,,quarterly,30000.0,chart_observation_marked_exact
rally-snoopy,2024-06-30,2024-06-28T00:00:00Z,13.5,27000.0,chart_observation,rally_app_chart,Rally App,2026-07-12T00:00:00Z,Marshall,exact,,,quarterly,27000.0,chart_observation_marked_exact
rally-snoopy,2024-09-30,2024-09-26T00:00:00Z,13.5,27000.0,chart_observation,rally_app_chart,Rally App,2026-07-12T00:00:00Z,Marshall,exact,,,quarterly,27000.0,chart_observation_marked_exact
rally-snoopy,2024-12-31,2024-12-26T00:00:00Z,12.25,24500.0,chart_observation,rally_app_chart,Rally App,2026-07-12T00:00:00Z,Marshall,exact,,,quarterly,24500.0,chart_observation_marked_exact
rally-snoopy,2025-03-31,2025-03-26T00:00:00Z,14.0,28000.0,chart_observation,rally_app_chart,Rally App,2026-07-12T00:00:00Z,Marshall,exact,,,quarterly,28000.0,chart_observation_marked_exact
rally-snoopy,2025-06-30,2025-06-25T00:00:00Z,12.1,24200.0,chart_observation,rally_app_chart,Rally App,2026-07-12T00:00:00Z,Marshall,exact,,,quarterly,24200.0,chart_observation_marked_exact
rally-snoopy,2025-09-30,2025-09-30T00:00:00Z,14.5,29000.0,chart_observation,rally_app_chart,Rally App,2026-07-12T00:00:00Z,Marshall,exact,,,quarterly,29000.0,chart_observation_marked_exact
rally-snoopy,2025-12-31,2025-12-30T00:00:00Z,14.5,29000.0,chart_observation,rally_app_chart,Rally App,2026-07-12T00:00:00Z,Marshall,exact,,,quarterly,29000.0,chart_observation_marked_exact
rally-snoopy,2026-03-31,2026-03-30T00:00:00Z,11.75,23500.0,chart_observation,rally_app_chart,Rally App,2026-07-12T00:00:00Z,Marshall,exact,,,quarterly,23500.0,chart_observation_marked_exact
rally-snoopy,2026-06-30,2026-06-29T00:00:00Z,13.75,27500.0,chart_observation,rally_app_chart,Rally App,2026-07-12T00:00:00Z,Marshall,exact,,,quarterly,27500.0,chart_observation_marked_exact
rally-soblack,2020-09-30,2020-09-11T00:00:00Z,56.0,56000.0,offering_price,rally_app,Rally App,2026-07-12T00:00:00Z,Marshall,exact,Initial offering,,quarterly,56000.0,observed_at_exceeds_quarter_lookback:19d; offering_price_excluded_from_secondary_returns
rally-soblack,2020-12-31,2021-01-05T00:00:00Z,56.5,56500.0,chart_observation,rally_app_chart,Rally App,2026-07-12T00:00:00Z,Marshall,exact,Nearest available observation occurred after quarter-end,,quarterly,56500.0,observed_at_after_period_end; chart_observation_marked_exact
rally-soblack,2021-03-31,2021-03-16T00:00:00Z,35.0,35000.0,chart_observation,rally_app_chart,Rally App,2026-07-12T00:00:00Z,Marshall,exact,,,quarterly,35000.0,observed_at_exceeds_quarter_lookback:15d; chart_observation_marked_exact
rally-soblack,2021-06-30,2021-05-31T00:00:00Z,34.0,34000.0,chart_observation,rally_app_chart,Rally App,2026-07-12T00:00:00Z,Marshall,exact,,,quarterly,34000.0,observed_at_exceeds_quarter_lookback:30d; chart_observation_marked_exact
rally-soblack,2021-09-30,2021-08-17T00:00:00Z,50.0,50000.0,chart_observation,rally_app_chart,Rally App,2026-07-12T00:00:00Z,Marshall,exact,,,quarterly,50000.0,observed_at_exceeds_quarter_lookback:44d; chart_observation_marked_exact
rally-soblack,2021-12-31,2021-10-15T00:00:00Z,56.0,56000.0,chart_observation,rally_app_chart,Rally App,2026-07-12T00:00:00Z,Marshall,exact,,,quarterly,56000.0,observed_at_exceeds_quarter_lookback:77d; chart_observation_marked_exact
rally-soblack,2022-03-31,2022-03-28T00:00:00Z,38.0,38000.0,chart_observation,rally_app_chart,Rally App,2026-07-12T00:00:00Z,Marshall,exact,,,quarterly,38000.0,chart_observation_marked_exact
rally-soblack,2022-06-30,2022-06-27T00:00:00Z,35.0,35000.0,chart_observation,rally_app_chart,Rally App,2026-07-12T00:00:00Z,Marshall,exact,,,quarterly,35000.0,chart_observation_marked_exact
rally-soblack,2022-09-30,2022-09-26T00:00:00Z,38.0,38000.0,chart_observation,rally_app_chart,Rally App,2026-07-12T00:00:00Z,Marshall,exact,,,quarterly,38000.0,chart_observation_marked_exact
rally-soblack,2022-12-31,2022-12-30T00:00:00Z,26.6,26600.0,chart_observation,rally_app_chart,Rally App,2026-07-12T00:00:00Z,Marshall,exact,,,quarterly,26600.0,chart_observation_marked_exact
rally-soblack,2023-03-31,2023-03-24T00:00:00Z,30.25,30250.0,chart_observation,rally_app_chart,Rally App,2026-07-12T00:00:00Z,Marshall,exact,,,quarterly,30250.0,chart_observation_marked_exact
rally-soblack,2023-06-30,2023-06-30T00:00:00Z,36.5,36500.0,chart_observation,rally_app_chart,Rally App,2026-07-12T00:00:00Z,Marshall,exact,,,quarterly,36500.0,chart_observation_marked_exact
rally-soblack,2023-09-30,2023-09-29T00:00:00Z,41.0,41000.0,chart_observation,rally_app_chart,Rally App,2026-07-12T00:00:00Z,Marshall,exact,,,quarterly,41000.0,chart_observation_marked_exact
rally-soblack,2023-12-31,2023-12-28T00:00:00Z,27.5,27500.0,chart_observation,rally_app_chart,Rally App,2026-07-12T00:00:00Z,Marshall,exact,,,quarterly,27500.0,chart_observation_marked_exact
rally-soblack,2024-03-31,2024-03-28T00:00:00Z,28.0,28000.0,chart_observation,rally_app_chart,Rally App,2026-07-12T00:00:00Z,Marshall,exact,,,quarterly,28000.0,chart_observation_marked_exact
rally-soblack,2024-06-30,2024-06-26T00:00:00Z,28.0,28000.0,chart_observation,rally_app_chart,Rally App,2026-07-12T00:00:00Z,Marshall,exact,,,quarterly,28000.0,chart_observation_marked_exact
rally-soblack,2024-09-30,2024-09-25T00:00:00Z,28.0,28000.0,chart_observation,rally_app_chart,Rally App,2026-07-12T00:00:00Z,Marshall,exact,,,quarterly,28000.0,chart_observation_marked_exact
rally-soblack,2024-12-31,2024-12-24T00:00:00Z,31.0,31000.0,chart_observation,rally_app_chart,Rally App,2026-07-12T00:00:00Z,Marshall,exact,,,quarterly,31000.0,chart_observation_marked_exact
rally-soblack,2025-03-31,2025-03-31T00:00:00Z,28.2,28200.0,chart_observation,rally_app_chart,Rally App,2026-07-12T00:00:00Z,Marshall,exact,,,quarterly,28200.0,chart_observation_marked_exact
rally-soblack,2025-06-30,2025-06-30T00:00:00Z,44.0,44000.0,chart_observation,rally_app_chart,Rally App,2026-07-12T00:00:00Z,Marshall,exact,,,quarterly,44000.0,chart_observation_marked_exact
rally-soblack,2025-09-30,2025-09-29T00:00:00Z,50.0,50000.0,chart_observation,rally_app_chart,Rally App,2026-07-12T00:00:00Z,Marshall,exact,,,quarterly,50000.0,chart_observation_marked_exact
rally-soblack,2025-12-31,2025-12-29T00:00:00Z,42.0,42000.0,chart_observation,rally_app_chart,Rally App,2026-07-12T00:00:00Z,Marshall,exact,,,quarterly,42000.0,chart_observation_marked_exact
rally-soblack,2026-03-31,2026-03-30T00:00:00Z,40.0,40000.0,chart_observation,rally_app_chart,Rally App,2026-07-12T00:00:00Z,Marshall,exact,Selected over 2026-03-23 because it is closer to quarter-end,,quarterly,40000.0,chart_observation_marked_exact
rally-soblack,2026-06-30,2026-06-26T00:00:00Z,35.05,35050.0,chart_observation,rally_app_chart,Rally App,2026-07-12T00:00:00Z,Marshall,exact,,,quarterly,35050.0,chart_observation_marked_exact
rally-tkam,2020-12-31,2020-10-01T00:00:00Z,16.0,32000.0,offering_price,manual_research,user-provided manual Rally TKAM price history,2026-07-25T00:00:00Z,codex,exact,Manually transcribed Rally observation; validated against 2000.0 shares outstanding.,,quarterly,32000.0,observed_at_exceeds_quarter_lookback:91d; offering_price_excluded_from_secondary_returns
rally-tkam,2021-03-31,2021-04-13T00:00:00Z,15.0,30000.0,chart_observation,manual_research,user-provided manual Rally TKAM price history,2026-07-25T00:00:00Z,codex,exact,Manually transcribed Rally observation; validated against 2000.0 shares outstanding.,,quarterly,30000.0,observed_at_after_period_end; chart_observation_marked_exact
rally-tkam,2021-09-30,2021-09-01T00:00:00Z,18.0,36000.0,chart_observation,manual_research,user-provided manual Rally TKAM price history,2026-07-25T00:00:00Z,codex,exact,Manually transcribed Rally observation; validated against 2000.0 shares outstanding.,,quarterly,36000.0,observed_at_exceeds_quarter_lookback:29d; chart_observation_marked_exact
rally-tkam,2021-12-31,2022-01-18T00:00:00Z,15.0,30000.0,chart_observation,manual_research,user-provided manual Rally TKAM price history,2026-07-25T00:00:00Z,codex,exact,Manually transcribed Rally observation; validated against 2000.0 shares outstanding.,,quarterly,30000.0,observed_at_after_period_end; chart_observation_marked_exact
rally-tkam,2022-03-31,2022-03-25T00:00:00Z,8.5,17000.0,chart_observation,manual_research,user-provided manual Rally TKAM price history,2026-07-25T00:00:00Z,codex,exact,Manually transcribed Rally observation; validated against 2000.0 shares outstanding.,,quarterly,17000.0,chart_observation_marked_exact
rally-tkam,2022-06-30,2022-06-30T00:00:00Z,12.95,25900.0,chart_observation,manual_research,user-provided manual Rally TKAM price history,2026-07-25T00:00:00Z,codex,exact,Manually transcribed Rally observation; validated against 2000.0 shares outstanding.,,quarterly,25900.0,chart_observation_marked_exact
rally-tkam,2022-09-30,2022-09-27T00:00:00Z,12.75,25500.0,chart_observation,manual_research,user-provided manual Rally TKAM price history,2026-07-25T00:00:00Z,codex,exact,Manually transcribed Rally observation; validated against 2000.0 shares outstanding.,,quarterly,25500.0,chart_observation_marked_exact
rally-tkam,2022-12-31,2022-12-30T00:00:00Z,12.15,24300.0,chart_observation,manual_research,user-provided manual Rally TKAM price history,2026-07-25T00:00:00Z,codex,exact,Manually transcribed Rally observation; validated against 2000.0 shares outstanding.,,quarterly,24300.0,chart_observation_marked_exact
rally-tkam,2023-03-31,2023-03-31T00:00:00Z,11.95,23900.0,chart_observation,manual_research,user-provided manual Rally TKAM price history,2026-07-25T00:00:00Z,codex,exact,Manually transcribed Rally observation; validated against 2000.0 shares outstanding.,,quarterly,23900.0,chart_observation_marked_exact
rally-tkam,2023-06-30,2023-06-28T00:00:00Z,12.05,24100.0,chart_observation,manual_research,user-provided manual Rally TKAM price history,2026-07-25T00:00:00Z,codex,exact,Manually transcribed Rally observation; validated against 2000.0 shares outstanding.,,quarterly,24100.0,chart_observation_marked_exact
rally-tkam,2023-09-30,2023-09-25T00:00:00Z,8.55,17100.0,chart_observation,manual_research,user-provided manual Rally TKAM price history,2026-07-25T00:00:00Z,codex,exact,Manually transcribed Rally observation; validated against 2000.0 shares outstanding.,,quarterly,17100.0,chart_observation_marked_exact
rally-tkam,2023-12-31,2023-12-29T00:00:00Z,10.0,20000.0,chart_observation,manual_research,user-provided manual Rally TKAM price history,2026-07-25T00:00:00Z,codex,exact,Manually transcribed Rally observation; validated against 2000.0 shares outstanding.,,quarterly,20000.0,chart_observation_marked_exact
rally-tkam,2024-03-31,2024-03-28T00:00:00Z,9.5,19000.0,chart_observation,manual_research,user-provided manual Rally TKAM price history,2026-07-25T00:00:00Z,codex,exact,Manually transcribed Rally observation; validated against 2000.0 shares outstanding.,,quarterly,19000.0,chart_observation_marked_exact
rally-tkam,2024-06-30,2024-06-26T00:00:00Z,11.0,22000.0,chart_observation,manual_research,user-provided manual Rally TKAM price history,2026-07-25T00:00:00Z,codex,exact,Manually transcribed Rally observation; validated against 2000.0 shares outstanding.,,quarterly,22000.0,chart_observation_marked_exact
rally-tkam,2024-09-30,2024-09-30T00:00:00Z,11.4,22800.0,chart_observation,manual_research,user-provided manual Rally TKAM price history,2026-07-25T00:00:00Z,codex,exact,Manually transcribed Rally observation; validated against 2000.0 shares outstanding.,,quarterly,22800.0,chart_observation_marked_exact
rally-tkam,2024-12-31,2024-12-27T00:00:00Z,11.1,22200.0,chart_observation,manual_research,user-provided manual Rally TKAM price history,2026-07-25T00:00:00Z,codex,exact,Manually transcribed Rally observation; validated against 2000.0 shares outstanding.,,quarterly,22200.0,chart_observation_marked_exact
rally-tkam,2025-03-31,2025-03-27T00:00:00Z,11.1,22200.0,chart_observation,manual_research,user-provided manual Rally TKAM price history,2026-07-25T00:00:00Z,codex,exact,Manually transcribed Rally observation; validated against 2000.0 shares outstanding.,,quarterly,22200.0,chart_observation_marked_exact
rally-tkam,2025-06-30,2025-06-30T00:00:00Z,10.75,21500.0,chart_observation,manual_research,user-provided manual Rally TKAM price history,2026-07-25T00:00:00Z,codex,exact,Manually transcribed Rally observation; validated against 2000.0 shares outstanding.,,quarterly,21500.0,chart_observation_marked_exact
rally-tkam,2025-09-30,2025-09-26T00:00:00Z,10.0,20000.0,chart_observation,manual_research,user-provided manual Rally TKAM price history,2026-07-25T00:00:00Z,codex,exact,Manually transcribed Rally observation; validated against 2000.0 shares outstanding.,,quarterly,20000.0,chart_observation_marked_exact
rally-tkam,2025-12-31,2025-12-26T00:00:00Z,10.0,20000.0,chart_observation,manual_research,user-provided manual Rally TKAM price history,2026-07-25T00:00:00Z,codex,exact,Manually transcribed Rally observation; validated against 2000.0 shares outstanding.,,quarterly,20000.0,chart_observation_marked_exact
rally-tkam,2026-03-31,2026-03-31T00:00:00Z,10.0,20000.0,chart_observation,manual_research,user-provided manual Rally TKAM price history,2026-07-25T00:00:00Z,codex,exact,Manually transcribed Rally observation; validated against 2000.0 shares outstanding.,,quarterly,20000.0,chart_observation_marked_exact
rally-tkam,2026-06-30,2026-06-29T00:00:00Z,12.5,25000.0,chart_observation,manual_research,user-provided manual Rally TKAM price history,2026-07-25T00:00:00Z,codex,exact,Manually transcribed Rally observation; validated against 2000.0 shares outstanding.,,quarterly,25000.0,chart_observation_marked_exact
rally-tornek,2020-12-31,2020-11-01T00:00:00Z,5.0,165000.0,offering_price,rally_app,Rally App,2026-07-12T00:00:00Z,Marshall,exact,Initial offering. Submitted observed_at was 2020-11.,,quarterly,165000.0,observed_at_exceeds_quarter_lookback:60d; offering_price_excluded_from_secondary_returns
rally-tornek,2021-09-30,2021-11-01T00:00:00Z,4.0,132000.0,chart_observation,rally_app_chart,Rally App,2026-07-12T00:00:00Z,Marshall,exact,Nearest available observation occurred after quarter-end,,quarterly,132000.0,observed_at_after_period_end; chart_observation_marked_exact
rally-tornek,2021-12-31,2022-01-31T00:00:00Z,3.0,99000.0,chart_observation,rally_app_chart,Rally App,2026-07-12T00:00:00Z,Marshall,exact,Nearest available observation occurred after quarter-end,,quarterly,99000.0,observed_at_after_period_end; chart_observation_marked_exact
rally-tornek,2022-03-31,2022-03-28T00:00:00Z,2.55,84150.0,chart_observation,rally_app_chart,Rally App,2026-07-12T00:00:00Z,Marshall,exact,,,quarterly,84150.0,chart_observation_marked_exact
rally-tornek,2022-06-30,2022-06-30T00:00:00Z,2.7,89100.0,chart_observation,rally_app_chart,Rally App,2026-07-12T00:00:00Z,Marshall,exact,,,quarterly,89100.0,chart_observation_marked_exact
rally-tornek,2022-09-30,2022-09-30T00:00:00Z,2.75,90750.0,chart_observation,rally_app_chart,Rally App,2026-07-12T00:00:00Z,Marshall,exact,,,quarterly,90750.0,chart_observation_marked_exact
rally-tornek,2022-12-31,2022-12-28T00:00:00Z,2.95,97350.0,chart_observation,rally_app_chart,Rally App,2026-07-12T00:00:00Z,Marshall,exact,,,quarterly,97350.0,chart_observation_marked_exact
rally-tornek,2023-03-31,2023-03-31T00:00:00Z,3.1,102300.0,chart_observation,rally_app_chart,Rally App,2026-07-12T00:00:00Z,Marshall,exact,,,quarterly,102300.0,chart_observation_marked_exact
rally-tornek,2023-06-30,2023-06-27T00:00:00Z,3.0,99000.0,chart_observation,rally_app_chart,Rally App,2026-07-12T00:00:00Z,Marshall,exact,,,quarterly,99000.0,chart_observation_marked_exact
rally-tornek,2023-09-30,2023-09-29T00:00:00Z,2.8,92400.0,chart_observation,rally_app_chart,Rally App,2026-07-12T00:00:00Z,Marshall,exact,,,quarterly,92400.0,chart_observation_marked_exact
rally-tornek,2023-12-31,2023-12-29T00:00:00Z,1.9,62700.0,chart_observation,rally_app_chart,Rally App,2026-07-12T00:00:00Z,Marshall,exact,,,quarterly,62700.0,chart_observation_marked_exact
rally-tornek,2024-03-31,2024-03-28T00:00:00Z,2.75,90750.0,chart_observation,rally_app_chart,Rally App,2026-07-12T00:00:00Z,Marshall,exact,,,quarterly,90750.0,chart_observation_marked_exact
rally-tornek,2024-06-30,2024-06-24T00:00:00Z,2.6,85800.0,chart_observation,rally_app_chart,Rally App,2026-07-12T00:00:00Z,Marshall,exact,,,quarterly,85800.0,chart_observation_marked_exact
rally-tornek,2024-09-30,2024-09-25T00:00:00Z,2.7,89100.0,chart_observation,rally_app_chart,Rally App,2026-07-12T00:00:00Z,Marshall,exact,,,quarterly,89100.0,chart_observation_marked_exact
rally-tornek,2024-12-31,2024-12-27T00:00:00Z,2.55,84150.0,chart_observation,rally_app_chart,Rally App,2026-07-12T00:00:00Z,Marshall,exact,,,quarterly,84150.0,chart_observation_marked_exact
rally-tornek,2025-03-31,2025-03-25T00:00:00Z,2.5,82500.0,chart_observation,rally_app_chart,Rally App,2026-07-12T00:00:00Z,Marshall,exact,,,quarterly,82500.0,chart_observation_marked_exact
rally-tornek,2025-06-30,2025-06-27T00:00:00Z,2.3,75900.0,chart_observation,rally_app_chart,Rally App,2026-07-12T00:00:00Z,Marshall,exact,,,quarterly,75900.0,chart_observation_marked_exact
rally-tornek,2025-09-30,2025-09-29T00:00:00Z,2.4,79200.0,chart_observation,rally_app_chart,Rally App,2026-07-12T00:00:00Z,Marshall,exact,,,quarterly,79200.0,chart_observation_marked_exact
rally-tornek,2025-12-31,2025-12-31T00:00:00Z,2.55,84150.0,chart_observation,rally_app_chart,Rally App,2026-07-12T00:00:00Z,Marshall,exact,,,quarterly,84150.0,chart_observation_marked_exact
rally-tornek,2026-03-31,2026-03-30T00:00:00Z,2.5,82500.0,chart_observation,rally_app_chart,Rally App,2026-07-12T00:00:00Z,Marshall,exact,,,quarterly,82500.0,chart_observation_marked_exact
rally-tornek,2026-06-30,2026-06-24T00:00:00Z,2.35,77550.0,chart_observation,rally_app_chart,Rally App,2026-07-12T00:00:00Z,Marshall,exact,,,quarterly,77550.0,chart_observation_marked_exact
rally-treasure,2022-06-30,2022-05-01T00:00:00Z,5.0,22500.0,offering_price,manual_research,user-provided manual Rally TREASURE price history,2026-07-23T00:00:00Z,codex,exact,May 2022 offering reference value; month-level offering date preserved as 2022-05-01 and assigned to Q2 2022 by canonical quarterly convention.,,quarterly,22500.0,observed_at_exceeds_quarter_lookback:60d; offering_price_excluded_from_secondary_returns
rally-treasure,2022-12-31,2022-12-30T00:00:00Z,2.55,11475.0,chart_observation,manual_research,user-provided manual Rally TREASURE price history,2026-07-23T00:00:00Z,codex,exact,Manually transcribed Rally observation; validated against 4500 shares outstanding.,,quarterly,11475.0,chart_observation_marked_exact
rally-treasure,2023-03-31,2023-03-30T00:00:00Z,4.5,20250.0,chart_observation,manual_research,user-provided manual Rally TREASURE price history,2026-07-23T00:00:00Z,codex,exact,Manually transcribed Rally observation; validated against 4500 shares outstanding.,,quarterly,20250.0,chart_observation_marked_exact
rally-treasure,2023-06-30,2023-06-30T00:00:00Z,3.4,15300.0,chart_observation,manual_research,user-provided manual Rally TREASURE price history,2026-07-23T00:00:00Z,codex,exact,Manually transcribed Rally observation; validated against 4500 shares outstanding.,,quarterly,15300.0,chart_observation_marked_exact
rally-treasure,2023-09-30,2023-09-28T00:00:00Z,4.25,19125.0,chart_observation,manual_research,user-provided manual Rally TREASURE price history,2026-07-23T00:00:00Z,codex,exact,Manually transcribed Rally observation; validated against 4500 shares outstanding.,,quarterly,19125.0,chart_observation_marked_exact
rally-treasure,2023-12-31,2023-12-29T00:00:00Z,3.9,17550.0,chart_observation,manual_research,user-provided manual Rally TREASURE price history,2026-07-23T00:00:00Z,codex,exact,Manually transcribed Rally observation; validated against 4500 shares outstanding.,,quarterly,17550.0,chart_observation_marked_exact
rally-treasure,2024-03-31,2024-03-27T00:00:00Z,3.75,16875.0,chart_observation,manual_research,user-provided manual Rally TREASURE price history,2026-07-23T00:00:00Z,codex,exact,Manually transcribed Rally observation; validated against 4500 shares outstanding.,,quarterly,16875.0,chart_observation_marked_exact
rally-treasure,2024-06-30,2024-06-28T00:00:00Z,3.5,15750.0,chart_observation,manual_research,user-provided manual Rally TREASURE price history,2026-07-23T00:00:00Z,codex,exact,Manually transcribed Rally observation; validated against 4500 shares outstanding.,,quarterly,15750.0,chart_observation_marked_exact
rally-treasure,2024-09-30,2024-09-30T00:00:00Z,3.4,15300.0,chart_observation,manual_research,user-provided manual Rally TREASURE price history,2026-07-23T00:00:00Z,codex,exact,Manually transcribed Rally observation; validated against 4500 shares outstanding.,,quarterly,15300.0,chart_observation_marked_exact
rally-treasure,2024-12-31,2024-12-31T00:00:00Z,2.15,9675.0,chart_observation,manual_research,user-provided manual Rally TREASURE price history,2026-07-23T00:00:00Z,codex,exact,Manually transcribed Rally observation; validated against 4500 shares outstanding.,,quarterly,9675.0,chart_observation_marked_exact
rally-treasure,2025-03-31,2025-03-31T00:00:00Z,3.3,14850.0,chart_observation,manual_research,user-provided manual Rally TREASURE price history,2026-07-23T00:00:00Z,codex,exact,Manually transcribed Rally observation; validated against 4500 shares outstanding.,,quarterly,14850.0,chart_observation_marked_exact
rally-treasure,2025-06-30,2025-06-26T00:00:00Z,2.8,12600.0,chart_observation,manual_research,user-provided manual Rally TREASURE price history,2026-07-23T00:00:00Z,codex,exact,Manually transcribed Rally observation; validated against 4500 shares outstanding.,,quarterly,12600.0,chart_observation_marked_exact
rally-treasure,2025-09-30,2025-09-26T00:00:00Z,2.85,12825.0,chart_observation,manual_research,user-provided manual Rally TREASURE price history,2026-07-23T00:00:00Z,codex,exact,Manually transcribed Rally observation; validated against 4500 shares outstanding.,,quarterly,12825.0,chart_observation_marked_exact
rally-treasure,2025-12-31,2025-12-29T00:00:00Z,2.85,12825.0,chart_observation,manual_research,user-provided manual Rally TREASURE price history,2026-07-23T00:00:00Z,codex,exact,Manually transcribed Rally observation; validated against 4500 shares outstanding.,,quarterly,12825.0,chart_observation_marked_exact
rally-treasure,2026-03-31,2026-03-27T00:00:00Z,3.0,13500.0,chart_observation,manual_research,user-provided manual Rally TREASURE price history,2026-07-23T00:00:00Z,codex,exact,Manually transcribed Rally observation; validated against 4500 shares outstanding.,,quarterly,13500.0,chart_observation_marked_exact
rally-treasure,2026-06-30,2026-06-29T00:00:00Z,3.1,13950.0,chart_observation,manual_research,user-provided manual Rally TREASURE price history,2026-07-23T00:00:00Z,codex,exact,Manually transcribed Rally observation; validated against 4500 shares outstanding.,,quarterly,13950.0,chart_observation_marked_exact
rally-twocities,2019-12-31,2019-11-01T00:00:00Z,72.5,14500.0,offering_price,manual_research,user-provided manual Rally TWOCITIES price history,2026-07-25T00:00:00Z,codex,exact,Manually transcribed Rally observation; validated against 200.0 shares outstanding.,,quarterly,14500.0,observed_at_exceeds_quarter_lookback:60d; offering_price_excluded_from_secondary_returns
rally-twocities,2020-03-31,2020-04-14T00:00:00Z,85.0,17000.0,chart_observation,manual_research,user-provided manual Rally TWOCITIES price history,2026-07-25T00:00:00Z,codex,exact,Manually transcribed Rally observation; validated against 200.0 shares outstanding.,,quarterly,17000.0,observed_at_after_period_end; chart_observation_marked_exact
rally-twocities,2020-06-30,2020-07-21T00:00:00Z,91.5,18300.0,chart_observation,manual_research,user-provided manual Rally TWOCITIES price history,2026-07-25T00:00:00Z,codex,exact,Manually transcribed Rally observation; validated against 200.0 shares outstanding.,,quarterly,18300.0,observed_at_after_period_end; chart_observation_marked_exact
rally-twocities,2020-09-30,2020-10-20T00:00:00Z,102.5,20500.0,chart_observation,manual_research,user-provided manual Rally TWOCITIES price history,2026-07-25T00:00:00Z,codex,exact,Manually transcribed Rally observation; validated against 200.0 shares outstanding.,,quarterly,20500.0,observed_at_after_period_end; chart_observation_marked_exact
rally-twocities,2020-12-31,2021-01-21T00:00:00Z,145.0,29000.0,chart_observation,manual_research,user-provided manual Rally TWOCITIES price history,2026-07-25T00:00:00Z,codex,exact,Manually transcribed Rally observation; validated against 200.0 shares outstanding.,,quarterly,29000.0,observed_at_after_period_end; chart_observation_marked_exact
rally-twocities,2021-03-31,2021-03-25T00:00:00Z,140.0,28000.0,chart_observation,manual_research,user-provided manual Rally TWOCITIES price history,2026-07-25T00:00:00Z,codex,exact,Manually transcribed Rally observation; validated against 200.0 shares outstanding.,,quarterly,28000.0,chart_observation_marked_exact
rally-twocities,2021-06-30,2021-06-14T00:00:00Z,140.0,28000.0,chart_observation,manual_research,user-provided manual Rally TWOCITIES price history,2026-07-25T00:00:00Z,codex,exact,Manually transcribed Rally observation; validated against 200.0 shares outstanding.,,quarterly,28000.0,observed_at_exceeds_quarter_lookback:16d; chart_observation_marked_exact
rally-twocities,2021-09-30,2021-10-12T00:00:00Z,145.0,29000.0,chart_observation,manual_research,user-provided manual Rally TWOCITIES price history,2026-07-25T00:00:00Z,codex,exact,Manually transcribed Rally observation; validated against 200.0 shares outstanding.,,quarterly,29000.0,observed_at_after_period_end; chart_observation_marked_exact
rally-twocities,2021-12-31,2022-02-14T00:00:00Z,145.0,29000.0,chart_observation,manual_research,user-provided manual Rally TWOCITIES price history,2026-07-25T00:00:00Z,codex,exact,Manually transcribed Rally observation; validated against 200.0 shares outstanding.,,quarterly,29000.0,observed_at_after_period_end; chart_observation_marked_exact
rally-twocities,2022-03-31,2022-03-25T00:00:00Z,82.0,16400.0,chart_observation,manual_research,user-provided manual Rally TWOCITIES price history,2026-07-25T00:00:00Z,codex,exact,Manually transcribed Rally observation; validated against 200.0 shares outstanding.,,quarterly,16400.0,chart_observation_marked_exact
rally-twocities,2022-06-30,2022-06-30T00:00:00Z,101.95,20390.0,chart_observation,manual_research,user-provided manual Rally TWOCITIES price history,2026-07-25T00:00:00Z,codex,exact,Manually transcribed Rally observation; validated against 200.0 shares outstanding.,,quarterly,20390.0,chart_observation_marked_exact
rally-twocities,2022-09-30,2022-09-27T00:00:00Z,89.95,17990.0,chart_observation,manual_research,user-provided manual Rally TWOCITIES price history,2026-07-25T00:00:00Z,codex,exact,Manually transcribed Rally observation; validated against 200.0 shares outstanding.,,quarterly,17990.0,chart_observation_marked_exact
rally-twocities,2022-12-31,2022-12-27T00:00:00Z,89.9,17980.0,chart_observation,manual_research,user-provided manual Rally TWOCITIES price history,2026-07-25T00:00:00Z,codex,exact,Manually transcribed Rally observation; validated against 200.0 shares outstanding.,,quarterly,17980.0,chart_observation_marked_exact
rally-twocities,2023-03-31,2023-03-31T00:00:00Z,89.9,17980.0,chart_observation,manual_research,user-provided manual Rally TWOCITIES price history,2026-07-25T00:00:00Z,codex,exact,Manually transcribed Rally observation; validated against 200.0 shares outstanding.,,quarterly,17980.0,chart_observation_marked_exact
rally-twocities,2023-06-30,2023-06-29T00:00:00Z,89.9,17980.0,chart_observation,manual_research,user-provided manual Rally TWOCITIES price history,2026-07-25T00:00:00Z,codex,exact,Manually transcribed Rally observation; validated against 200.0 shares outstanding.,,quarterly,17980.0,chart_observation_marked_exact
rally-twocities,2023-09-30,2023-09-26T00:00:00Z,72.4,14480.0,chart_observation,manual_research,user-provided manual Rally TWOCITIES price history,2026-07-25T00:00:00Z,codex,exact,Manually transcribed Rally observation; validated against 200.0 shares outstanding.,,quarterly,14480.000000000002,chart_observation_marked_exact
rally-twocities,2023-12-31,2023-12-29T00:00:00Z,51.0,10200.0,chart_observation,manual_research,user-provided manual Rally TWOCITIES price history,2026-07-25T00:00:00Z,codex,exact,Manually transcribed Rally observation; validated against 200.0 shares outstanding.,,quarterly,10200.0,chart_observation_marked_exact
rally-twocities,2024-03-31,2024-03-28T00:00:00Z,60.0,12000.0,chart_observation,manual_research,user-provided manual Rally TWOCITIES price history,2026-07-25T00:00:00Z,codex,exact,Manually transcribed Rally observation; validated against 200.0 shares outstanding.,,quarterly,12000.0,chart_observation_marked_exact
rally-twocities,2024-06-30,2024-06-27T00:00:00Z,60.0,12000.0,chart_observation,manual_research,user-provided manual Rally TWOCITIES price history,2026-07-25T00:00:00Z,codex,exact,Manually transcribed Rally observation; validated against 200.0 shares outstanding.,,quarterly,12000.0,chart_observation_marked_exact
rally-twocities,2024-09-30,2024-09-24T00:00:00Z,45.5,9100.0,chart_observation,manual_research,user-provided manual Rally TWOCITIES price history,2026-07-25T00:00:00Z,codex,exact,Manually transcribed Rally observation; validated against 200.0 shares outstanding.,,quarterly,9100.0,chart_observation_marked_exact
rally-twocities,2024-12-31,2024-12-30T00:00:00Z,45.5,9100.0,chart_observation,manual_research,user-provided manual Rally TWOCITIES price history,2026-07-25T00:00:00Z,codex,exact,Manually transcribed Rally observation; validated against 200.0 shares outstanding.,,quarterly,9100.0,chart_observation_marked_exact
rally-twocities,2025-03-31,2025-03-28T00:00:00Z,45.5,9100.0,chart_observation,manual_research,user-provided manual Rally TWOCITIES price history,2026-07-25T00:00:00Z,codex,exact,Manually transcribed Rally observation; validated against 200.0 shares outstanding.,,quarterly,9100.0,chart_observation_marked_exact
rally-twocities,2025-06-30,2025-06-25T00:00:00Z,46.65,9330.0,chart_observation,manual_research,user-provided manual Rally TWOCITIES price history,2026-07-25T00:00:00Z,codex,exact,Manually transcribed Rally observation; validated against 200.0 shares outstanding.,,quarterly,9330.0,chart_observation_marked_exact
rally-twocities,2025-09-30,2025-09-30T00:00:00Z,52.5,10500.0,chart_observation,manual_research,user-provided manual Rally TWOCITIES price history,2026-07-25T00:00:00Z,codex,exact,Manually transcribed Rally observation; validated against 200.0 shares outstanding.,,quarterly,10500.0,chart_observation_marked_exact
rally-twocities,2025-12-31,2025-12-29T00:00:00Z,52.5,10500.0,chart_observation,manual_research,user-provided manual Rally TWOCITIES price history,2026-07-25T00:00:00Z,codex,exact,Manually transcribed Rally observation; validated against 200.0 shares outstanding.,,quarterly,10500.0,chart_observation_marked_exact
rally-twocities,2026-03-31,2026-03-27T00:00:00Z,68.0,13600.0,chart_observation,manual_research,user-provided manual Rally TWOCITIES price history,2026-07-25T00:00:00Z,codex,exact,Manually transcribed Rally observation; validated against 200.0 shares outstanding.,,quarterly,13600.0,chart_observation_marked_exact
rally-twocities,2026-06-30,2026-07-02T00:00:00Z,68.0,13600.0,chart_observation,manual_research,user-provided manual Rally TWOCITIES price history,2026-07-25T00:00:00Z,codex,exact,Manually transcribed Rally observation; validated against 200.0 shares outstanding.,,quarterly,13600.0,observed_at_after_period_end; chart_observation_marked_exact
rally-ulysses,2020-03-31,2020-03-01T00:00:00Z,51.0,25500.0,offering_price,manual_research,user-provided manual Rally ULYSSES price history,2026-07-25T00:00:00Z,codex,exact,Manually transcribed Rally observation; validated against 500.0 shares outstanding.,,quarterly,25500.0,observed_at_exceeds_quarter_lookback:30d; offering_price_excluded_from_secondary_returns
rally-ulysses,2020-06-30,2020-06-16T00:00:00Z,61.0,30500.0,chart_observation,manual_research,user-provided manual Rally ULYSSES price history,2026-07-25T00:00:00Z,codex,exact,Manually transcribed Rally observation; validated against 500.0 shares outstanding.,,quarterly,30500.0,chart_observation_marked_exact
rally-ulysses,2020-09-30,2020-09-22T00:00:00Z,61.0,30500.0,chart_observation,manual_research,user-provided manual Rally ULYSSES price history,2026-07-25T00:00:00Z,codex,exact,Manually transcribed Rally observation; validated against 500.0 shares outstanding.,,quarterly,30500.0,chart_observation_marked_exact
rally-ulysses,2020-12-31,2021-01-05T00:00:00Z,61.0,30500.0,chart_observation,manual_research,user-provided manual Rally ULYSSES price history,2026-07-25T00:00:00Z,codex,exact,Manually transcribed Rally observation; validated against 500.0 shares outstanding.,,quarterly,30500.0,observed_at_after_period_end; chart_observation_marked_exact
rally-ulysses,2021-03-31,2021-04-13T00:00:00Z,58.0,29000.0,chart_observation,manual_research,user-provided manual Rally ULYSSES price history,2026-07-25T00:00:00Z,codex,exact,Manually transcribed Rally observation; validated against 500.0 shares outstanding.,,quarterly,29000.0,observed_at_after_period_end; chart_observation_marked_exact
rally-ulysses,2021-09-30,2021-08-11T00:00:00Z,59.0,29500.0,chart_observation,manual_research,user-provided manual Rally ULYSSES price history,2026-07-25T00:00:00Z,codex,exact,Manually transcribed Rally observation; validated against 500.0 shares outstanding.,,quarterly,29500.0,observed_at_exceeds_quarter_lookback:50d; chart_observation_marked_exact
rally-ulysses,2021-12-31,2022-01-31T00:00:00Z,59.0,29500.0,chart_observation,manual_research,user-provided manual Rally ULYSSES price history,2026-07-25T00:00:00Z,codex,exact,Manually transcribed Rally observation; validated against 500.0 shares outstanding.,,quarterly,29500.0,observed_at_after_period_end; chart_observation_marked_exact
rally-ulysses,2022-03-31,2022-03-28T00:00:00Z,27.5,13750.0,chart_observation,manual_research,user-provided manual Rally ULYSSES price history,2026-07-25T00:00:00Z,codex,exact,Manually transcribed Rally observation; validated against 500.0 shares outstanding.,,quarterly,13750.0,chart_observation_marked_exact
rally-ulysses,2022-06-30,2022-06-27T00:00:00Z,31.5,15750.0,chart_observation,manual_research,user-provided manual Rally ULYSSES price history,2026-07-25T00:00:00Z,codex,exact,Manually transcribed Rally observation; validated against 500.0 shares outstanding.,,quarterly,15750.0,chart_observation_marked_exact
rally-ulysses,2022-09-30,2022-09-27T00:00:00Z,28.7,14350.0,chart_observation,manual_research,user-provided manual Rally ULYSSES price history,2026-07-25T00:00:00Z,codex,exact,Manually transcribed Rally observation; validated against 500.0 shares outstanding.,,quarterly,14350.0,chart_observation_marked_exact
rally-ulysses,2022-12-31,2022-12-28T00:00:00Z,32.0,16000.0,chart_observation,manual_research,user-provided manual Rally ULYSSES price history,2026-07-25T00:00:00Z,codex,exact,Manually transcribed Rally observation; validated against 500.0 shares outstanding.,,quarterly,16000.0,chart_observation_marked_exact
rally-ulysses,2023-03-31,2023-03-30T00:00:00Z,32.0,16000.0,chart_observation,manual_research,user-provided manual Rally ULYSSES price history,2026-07-25T00:00:00Z,codex,exact,Manually transcribed Rally observation; validated against 500.0 shares outstanding.,,quarterly,16000.0,chart_observation_marked_exact
rally-ulysses,2023-06-30,2023-06-30T00:00:00Z,30.0,15000.0,chart_observation,manual_research,user-provided manual Rally ULYSSES price history,2026-07-25T00:00:00Z,codex,exact,Manually transcribed Rally observation; validated against 500.0 shares outstanding.,,quarterly,15000.0,chart_observation_marked_exact
rally-ulysses,2023-09-30,2023-09-25T00:00:00Z,30.0,15000.0,chart_observation,manual_research,user-provided manual Rally ULYSSES price history,2026-07-25T00:00:00Z,codex,exact,Manually transcribed Rally observation; validated against 500.0 shares outstanding.,,quarterly,15000.0,chart_observation_marked_exact
rally-ulysses,2023-12-31,2023-12-29T00:00:00Z,40.0,20000.0,chart_observation,manual_research,user-provided manual Rally ULYSSES price history,2026-07-25T00:00:00Z,codex,exact,Manually transcribed Rally observation; validated against 500.0 shares outstanding.,,quarterly,20000.0,chart_observation_marked_exact
rally-ulysses,2024-03-31,2024-03-26T00:00:00Z,38.0,19000.0,chart_observation,manual_research,user-provided manual Rally ULYSSES price history,2026-07-25T00:00:00Z,codex,exact,Manually transcribed Rally observation; validated against 500.0 shares outstanding.,,quarterly,19000.0,chart_observation_marked_exact
rally-ulysses,2024-06-30,2024-06-26T00:00:00Z,32.0,16000.0,chart_observation,manual_research,user-provided manual Rally ULYSSES price history,2026-07-25T00:00:00Z,codex,exact,Manually transcribed Rally observation; validated against 500.0 shares outstanding.,,quarterly,16000.0,chart_observation_marked_exact
rally-ulysses,2024-09-30,2024-09-26T00:00:00Z,30.0,15000.0,chart_observation,manual_research,user-provided manual Rally ULYSSES price history,2026-07-25T00:00:00Z,codex,exact,Manually transcribed Rally observation; validated against 500.0 shares outstanding.,,quarterly,15000.0,chart_observation_marked_exact
rally-ulysses,2024-12-31,2024-12-27T00:00:00Z,35.0,17500.0,chart_observation,manual_research,user-provided manual Rally ULYSSES price history,2026-07-25T00:00:00Z,codex,exact,Manually transcribed Rally observation; validated against 500.0 shares outstanding.,,quarterly,17500.0,chart_observation_marked_exact
rally-ulysses,2025-03-31,2025-03-28T00:00:00Z,29.0,14500.0,chart_observation,manual_research,user-provided manual Rally ULYSSES price history,2026-07-25T00:00:00Z,codex,exact,Manually transcribed Rally observation; validated against 500.0 shares outstanding.,,quarterly,14500.0,chart_observation_marked_exact
rally-ulysses,2025-06-30,2025-06-30T00:00:00Z,28.7,14350.0,chart_observation,manual_research,user-provided manual Rally ULYSSES price history,2026-07-25T00:00:00Z,codex,exact,Manually transcribed Rally observation; validated against 500.0 shares outstanding.,,quarterly,14350.0,chart_observation_marked_exact
rally-ulysses,2025-09-30,2025-09-29T00:00:00Z,34.0,17000.0,chart_observation,manual_research,user-provided manual Rally ULYSSES price history,2026-07-25T00:00:00Z,codex,exact,Manually transcribed Rally observation; validated against 500.0 shares outstanding.,,quarterly,17000.0,chart_observation_marked_exact
rally-ulysses,2025-12-31,2025-12-30T00:00:00Z,28.7,14350.0,chart_observation,manual_research,user-provided manual Rally ULYSSES price history,2026-07-25T00:00:00Z,codex,exact,Manually transcribed Rally observation; validated against 500.0 shares outstanding.,,quarterly,14350.0,chart_observation_marked_exact
rally-ulysses,2026-03-31,2026-03-26T00:00:00Z,34.0,17000.0,chart_observation,manual_research,user-provided manual Rally ULYSSES price history,2026-07-25T00:00:00Z,codex,exact,Manually transcribed Rally observation; validated against 500.0 shares outstanding.,,quarterly,17000.0,chart_observation_marked_exact
rally-ulysses,2026-06-30,2026-06-26T00:00:00Z,35.0,17500.0,chart_observation,manual_research,user-provided manual Rally ULYSSES price history,2026-07-25T00:00:00Z,codex,exact,Manually transcribed Rally observation; validated against 500.0 shares outstanding.,,quarterly,17500.0,chart_observation_marked_exact
rally-walden,2021-06-30,2021-06-30T00:00:00Z,10.25,20500.0,offering_price,manual_research,user-provided manual Rally WALDEN price history,2026-07-25T00:00:00Z,codex,exact,Manually transcribed Rally observation; validated against 2000 shares outstanding.,,quarterly,20500.0,offering_price_excluded_from_secondary_returns
rally-walden,2021-09-30,2021-10-26T00:00:00Z,10.3,20600.0,chart_observation,manual_research,user-provided manual Rally WALDEN price history,2026-07-25T00:00:00Z,codex,exact,Manually transcribed Rally observation; validated against 2000 shares outstanding.,,quarterly,20600.0,observed_at_after_period_end; chart_observation_marked_exact
rally-walden,2021-12-31,2022-02-14T00:00:00Z,10.3,20600.0,chart_observation,manual_research,user-provided manual Rally WALDEN price history,2026-07-25T00:00:00Z,codex,exact,Manually transcribed Rally observation; validated against 2000 shares outstanding.,,quarterly,20600.0,observed_at_after_period_end; chart_observation_marked_exact
rally-walden,2022-03-31,2022-03-31T00:00:00Z,8.95,17900.0,chart_observation,manual_research,user-provided manual Rally WALDEN price history,2026-07-25T00:00:00Z,codex,exact,Manually transcribed Rally observation; validated against 2000 shares outstanding.,,quarterly,17900.0,chart_observation_marked_exact
rally-walden,2022-06-30,2022-07-01T00:00:00Z,9.1,18200.0,chart_observation,manual_research,user-provided manual Rally WALDEN price history,2026-07-25T00:00:00Z,codex,exact,Manually transcribed Rally observation; validated against 2000 shares outstanding.,,quarterly,18200.0,observed_at_after_period_end; chart_observation_marked_exact
rally-walden,2022-09-30,2022-10-03T00:00:00Z,11.0,22000.0,chart_observation,manual_research,user-provided manual Rally WALDEN price history,2026-07-25T00:00:00Z,codex,exact,Manually transcribed Rally observation; validated against 2000 shares outstanding.,,quarterly,22000.0,observed_at_after_period_end; chart_observation_marked_exact
rally-walden,2022-12-31,2022-12-27T00:00:00Z,14.75,29500.0,chart_observation,manual_research,user-provided manual Rally WALDEN price history,2026-07-25T00:00:00Z,codex,exact,Manually transcribed Rally observation; validated against 2000 shares outstanding.,,quarterly,29500.0,chart_observation_marked_exact
rally-walden,2023-03-31,2023-03-30T00:00:00Z,10.25,20500.0,chart_observation,manual_research,user-provided manual Rally WALDEN price history,2026-07-25T00:00:00Z,codex,exact,Manually transcribed Rally observation; validated against 2000 shares outstanding.,,quarterly,20500.0,chart_observation_marked_exact
rally-walden,2023-06-30,2023-06-30T00:00:00Z,10.2,20400.0,chart_observation,manual_research,user-provided manual Rally WALDEN price history,2026-07-25T00:00:00Z,codex,exact,Manually transcribed Rally observation; validated against 2000 shares outstanding.,,quarterly,20400.0,chart_observation_marked_exact
rally-walden,2023-09-30,2023-09-29T00:00:00Z,10.3,20600.0,chart_observation,manual_research,user-provided manual Rally WALDEN price history,2026-07-25T00:00:00Z,codex,exact,Manually transcribed Rally observation; validated against 2000 shares outstanding.,,quarterly,20600.0,chart_observation_marked_exact
rally-walden,2023-12-31,2023-12-29T00:00:00Z,14.95,29900.0,chart_observation,manual_research,user-provided manual Rally WALDEN price history,2026-07-25T00:00:00Z,codex,exact,Manually transcribed Rally observation; validated against 2000 shares outstanding.,,quarterly,29900.0,chart_observation_marked_exact
rally-walden,2024-03-31,2024-04-02T00:00:00Z,15.0,30000.0,chart_observation,manual_research,user-provided manual Rally WALDEN price history,2026-07-25T00:00:00Z,codex,exact,Manually transcribed Rally observation; validated against 2000 shares outstanding.,,quarterly,30000.0,observed_at_after_period_end; chart_observation_marked_exact
rally-walden,2024-06-30,2024-06-28T00:00:00Z,17.75,35500.0,chart_observation,manual_research,user-provided manual Rally WALDEN price history,2026-07-25T00:00:00Z,codex,exact,Manually transcribed Rally observation; validated against 2000 shares outstanding.,,quarterly,35500.0,chart_observation_marked_exact
rally-walden,2024-09-30,2024-09-27T00:00:00Z,17.5,35000.0,chart_observation,manual_research,user-provided manual Rally WALDEN price history,2026-07-25T00:00:00Z,codex,exact,Manually transcribed Rally observation; validated against 2000 shares outstanding.,,quarterly,35000.0,chart_observation_marked_exact
rally-walden,2024-12-31,2024-12-30T00:00:00Z,15.0,30000.0,chart_observation,manual_research,user-provided manual Rally WALDEN price history,2026-07-25T00:00:00Z,codex,exact,Manually transcribed Rally observation; validated against 2000 shares outstanding.,,quarterly,30000.0,chart_observation_marked_exact
rally-walden,2025-03-31,2025-04-01T00:00:00Z,15.0,30000.0,chart_observation,manual_research,user-provided manual Rally WALDEN price history,2026-07-25T00:00:00Z,codex,exact,Manually transcribed Rally observation; validated against 2000 shares outstanding.,,quarterly,30000.0,observed_at_after_period_end; chart_observation_marked_exact
rally-walden,2025-06-30,2025-07-02T00:00:00Z,11.0,22000.0,chart_observation,manual_research,user-provided manual Rally WALDEN price history,2026-07-25T00:00:00Z,codex,exact,Manually transcribed Rally observation; validated against 2000 shares outstanding.,,quarterly,22000.0,observed_at_after_period_end; chart_observation_marked_exact
rally-walden,2025-09-30,2025-09-26T00:00:00Z,10.0,20000.0,chart_observation,manual_research,user-provided manual Rally WALDEN price history,2026-07-25T00:00:00Z,codex,exact,Manually transcribed Rally observation; validated against 2000 shares outstanding.,,quarterly,20000.0,chart_observation_marked_exact
rally-walden,2025-12-31,2025-12-29T00:00:00Z,17.5,35000.0,chart_observation,manual_research,user-provided manual Rally WALDEN price history,2026-07-25T00:00:00Z,codex,exact,Manually transcribed Rally observation; validated against 2000 shares outstanding.,,quarterly,35000.0,chart_observation_marked_exact
rally-walden,2026-03-31,2026-03-31T00:00:00Z,15.5,31000.0,chart_observation,manual_research,user-provided manual Rally WALDEN price history,2026-07-25T00:00:00Z,codex,exact,Manually transcribed Rally observation; validated against 2000 shares outstanding.,,quarterly,31000.0,chart_observation_marked_exact
rally-walden,2026-06-30,2026-07-01T00:00:00Z,15.5,31000.0,chart_observation,manual_research,user-provided manual Rally WALDEN price history,2026-07-25T00:00:00Z,codex,exact,Manually transcribed Rally observation; validated against 2000 shares outstanding.,,quarterly,31000.0,observed_at_after_period_end; chart_observation_marked_exact
rally-warhol1,2022-06-30,2022-05-27T00:00:00Z,10.0,170000.0,offering_price,manual_research,User-provided manual Rally WARHOL1 Art price history,2026-07-27T00:00:00Z,OpenAI Codex,exact,Manually transcribed Rally observation; validated against 17000 authoritative Art master shares outstanding. Offering price and initial market cap reconcile to the authoritative Art master.,,quarterly,170000.0,offering_price_excluded_from_secondary_returns
rally-warhol1,2022-10-31,2022-10-31T00:00:00Z,7.5,127500.0,chart_observation,manual_research,User-provided manual Rally WARHOL1 Art price history,2026-07-27T00:00:00Z,OpenAI Codex,exact,"Earlier same-quarter observation retained as non-quarterly research evidence; the later, closer-to-quarter-end observation is the canonical quarterly representative. Market cap validated against authoritative Art master shares outstanding.",,weekly,127500.0,chart_observation_marked_exact
rally-warhol1,2022-12-31,2022-12-30T00:00:00Z,9.25,157250.0,chart_observation,manual_research,User-provided manual Rally WARHOL1 Art price history,2026-07-27T00:00:00Z,OpenAI Codex,exact,Manually transcribed Rally observation; validated against 17000 authoritative Art master shares outstanding.,,quarterly,157250.0,chart_observation_marked_exact
rally-warhol1,2023-03-31,2023-03-28T00:00:00Z,9.25,157250.0,chart_observation,manual_research,User-provided manual Rally WARHOL1 Art price history,2026-07-27T00:00:00Z,OpenAI Codex,exact,Manually transcribed Rally observation; validated against 17000 authoritative Art master shares outstanding.,,quarterly,157250.0,chart_observation_marked_exact
rally-warhol1,2023-06-30,2023-06-29T00:00:00Z,8.35,141950.0,chart_observation,manual_research,User-provided manual Rally WARHOL1 Art price history,2026-07-27T00:00:00Z,OpenAI Codex,exact,Manually transcribed Rally observation; validated against 17000 authoritative Art master shares outstanding.,,quarterly,141950.0,chart_observation_marked_exact
rally-warhol1,2023-09-30,2023-09-29T00:00:00Z,7.0,119000.0,chart_observation,manual_research,User-provided manual Rally WARHOL1 Art price history,2026-07-27T00:00:00Z,OpenAI Codex,exact,Manually transcribed Rally observation; validated against 17000 authoritative Art master shares outstanding.,,quarterly,119000.0,chart_observation_marked_exact
rally-warhol1,2023-12-31,2023-12-29T00:00:00Z,7.35,124950.0,chart_observation,manual_research,User-provided manual Rally WARHOL1 Art price history,2026-07-27T00:00:00Z,OpenAI Codex,exact,Manually transcribed Rally observation; validated against 17000 authoritative Art master shares outstanding.,,quarterly,124950.0,chart_observation_marked_exact
rally-warhol1,2024-03-31,2024-03-28T00:00:00Z,6.25,106250.0,chart_observation,manual_research,User-provided manual Rally WARHOL1 Art price history,2026-07-27T00:00:00Z,OpenAI Codex,exact,Manually transcribed Rally observation; validated against 17000 authoritative Art master shares outstanding.,,quarterly,106250.0,chart_observation_marked_exact
rally-warhol1,2024-06-30,2024-06-28T00:00:00Z,8.8,149600.0,chart_observation,manual_research,User-provided manual Rally WARHOL1 Art price history,2026-07-27T00:00:00Z,OpenAI Codex,exact,Manually transcribed Rally observation; validated against 17000 authoritative Art master shares outstanding.,,quarterly,149600.0,chart_observation_marked_exact
rally-warhol1,2024-09-30,2024-09-30T00:00:00Z,7.45,126650.0,chart_observation,manual_research,User-provided manual Rally WARHOL1 Art price history,2026-07-27T00:00:00Z,OpenAI Codex,exact,Manually transcribed Rally observation; validated against 17000 authoritative Art master shares outstanding.,,quarterly,126650.0,chart_observation_marked_exact
rally-warhol1,2024-12-31,2024-12-30T00:00:00Z,8.25,140250.0,chart_observation,manual_research,User-provided manual Rally WARHOL1 Art price history,2026-07-27T00:00:00Z,OpenAI Codex,exact,Manually transcribed Rally observation; validated against 17000 authoritative Art master shares outstanding.,,quarterly,140250.0,chart_observation_marked_exact
rally-warhol1,2025-03-31,2025-03-28T00:00:00Z,7.25,123250.0,chart_observation,manual_research,User-provided manual Rally WARHOL1 Art price history,2026-07-27T00:00:00Z,OpenAI Codex,exact,Manually transcribed Rally observation; validated against 17000 authoritative Art master shares outstanding.,,quarterly,123250.0,chart_observation_marked_exact
rally-warhol1,2025-06-30,2025-06-30T00:00:00Z,6.75,114750.0,chart_observation,manual_research,User-provided manual Rally WARHOL1 Art price history,2026-07-27T00:00:00Z,OpenAI Codex,exact,Manually transcribed Rally observation; validated against 17000 authoritative Art master shares outstanding.,,quarterly,114750.0,chart_observation_marked_exact
rally-warhol1,2025-09-30,2025-09-29T00:00:00Z,7.0,119000.0,chart_observation,manual_research,User-provided manual Rally WARHOL1 Art price history,2026-07-27T00:00:00Z,OpenAI Codex,exact,Manually transcribed Rally observation; validated against 17000 authoritative Art master shares outstanding.,,quarterly,119000.0,chart_observation_marked_exact
rally-warhol1,2025-12-31,2025-12-31T00:00:00Z,6.5,110500.0,chart_observation,manual_research,User-provided manual Rally WARHOL1 Art price history,2026-07-27T00:00:00Z,OpenAI Codex,exact,Manually transcribed Rally observation; validated against 17000 authoritative Art master shares outstanding.,,quarterly,110500.0,chart_observation_marked_exact
rally-warhol1,2026-03-31,2026-03-30T00:00:00Z,6.0,102000.0,chart_observation,manual_research,User-provided manual Rally WARHOL1 Art price history,2026-07-27T00:00:00Z,OpenAI Codex,exact,Manually transcribed Rally observation; validated against 17000 authoritative Art master shares outstanding.,,quarterly,102000.0,chart_observation_marked_exact
rally-warhol1,2026-06-30,2026-06-29T00:00:00Z,6.0,102000.0,chart_observation,manual_research,User-provided manual Rally WARHOL1 Art price history,2026-07-27T00:00:00Z,OpenAI Codex,exact,Manually transcribed Rally observation; validated against 17000 authoritative Art master shares outstanding.,,quarterly,102000.0,chart_observation_marked_exact
rally-warhol2,2022-09-30,2022-07-29T00:00:00Z,10.0,65000.0,offering_price,manual_research,User-provided manual Rally WARHOL2 Art price history,2026-07-27T00:00:00Z,OpenAI Codex,exact,Manually transcribed Rally observation; validated against 6500 authoritative Art master shares outstanding. Offering price and initial market cap reconcile to the authoritative Art master.,,quarterly,65000.0,offering_price_excluded_from_secondary_returns
rally-warhol2,2022-12-31,2022-12-30T00:00:00Z,8.6,55900.0,chart_observation,manual_research,User-provided manual Rally WARHOL2 Art price history,2026-07-27T00:00:00Z,OpenAI Codex,exact,Manually transcribed Rally observation; validated against 6500 authoritative Art master shares outstanding.,,quarterly,55900.0,chart_observation_marked_exact
rally-warhol2,2023-03-31,2023-03-30T00:00:00Z,9.0,58500.0,chart_observation,manual_research,User-provided manual Rally WARHOL2 Art price history,2026-07-27T00:00:00Z,OpenAI Codex,exact,Manually transcribed Rally observation; validated against 6500 authoritative Art master shares outstanding.,,quarterly,58500.0,chart_observation_marked_exact
rally-warhol2,2023-06-30,2023-06-30T00:00:00Z,9.5,61750.0,chart_observation,manual_research,User-provided manual Rally WARHOL2 Art price history,2026-07-27T00:00:00Z,OpenAI Codex,exact,Manually transcribed Rally observation; validated against 6500 authoritative Art master shares outstanding.,,quarterly,61750.0,chart_observation_marked_exact
rally-warhol2,2023-09-30,2023-09-28T00:00:00Z,8.0,52000.0,chart_observation,manual_research,User-provided manual Rally WARHOL2 Art price history,2026-07-27T00:00:00Z,OpenAI Codex,exact,Manually transcribed Rally observation; validated against 6500 authoritative Art master shares outstanding.,,quarterly,52000.0,chart_observation_marked_exact
rally-warhol2,2023-12-31,2023-12-29T00:00:00Z,6.3,40950.0,chart_observation,manual_research,User-provided manual Rally WARHOL2 Art price history,2026-07-27T00:00:00Z,OpenAI Codex,exact,Manually transcribed Rally observation; validated against 6500 authoritative Art master shares outstanding.,,quarterly,40950.0,chart_observation_marked_exact
rally-warhol2,2024-03-31,2024-03-27T00:00:00Z,7.25,47125.0,chart_observation,manual_research,User-provided manual Rally WARHOL2 Art price history,2026-07-27T00:00:00Z,OpenAI Codex,exact,Manually transcribed Rally observation; validated against 6500 authoritative Art master shares outstanding.,,quarterly,47125.0,chart_observation_marked_exact
rally-warhol2,2024-06-30,2024-06-28T00:00:00Z,8.95,58174.99999999999,chart_observation,manual_research,User-provided manual Rally WARHOL2 Art price history,2026-07-27T00:00:00Z,OpenAI Codex,exact,Manually transcribed Rally observation; validated against 6500 authoritative Art master shares outstanding.,,quarterly,58174.99999999999,chart_observation_marked_exact
rally-warhol2,2024-09-30,2024-09-30T00:00:00Z,8.0,52000.0,chart_observation,manual_research,User-provided manual Rally WARHOL2 Art price history,2026-07-27T00:00:00Z,OpenAI Codex,exact,Manually transcribed Rally observation; validated against 6500 authoritative Art master shares outstanding.,,quarterly,52000.0,chart_observation_marked_exact
rally-warhol2,2024-12-31,2024-12-31T00:00:00Z,9.5,61750.0,chart_observation,manual_research,User-provided manual Rally WARHOL2 Art price history,2026-07-27T00:00:00Z,OpenAI Codex,exact,Manually transcribed Rally observation; validated against 6500 authoritative Art master shares outstanding.,,quarterly,61750.0,chart_observation_marked_exact
rally-warhol2,2025-03-31,2025-03-31T00:00:00Z,9.25,60125.0,chart_observation,manual_research,User-provided manual Rally WARHOL2 Art price history,2026-07-27T00:00:00Z,OpenAI Codex,exact,Manually transcribed Rally observation; validated against 6500 authoritative Art master shares outstanding.,,quarterly,60125.0,chart_observation_marked_exact
rally-warhol2,2025-06-30,2025-06-27T00:00:00Z,8.65,56225.0,chart_observation,manual_research,User-provided manual Rally WARHOL2 Art price history,2026-07-27T00:00:00Z,OpenAI Codex,exact,Manually transcribed Rally observation; validated against 6500 authoritative Art master shares outstanding.,,quarterly,56225.0,chart_observation_marked_exact
rally-warhol2,2025-09-30,2025-09-29T00:00:00Z,6.5,42250.0,chart_observation,manual_research,User-provided manual Rally WARHOL2 Art price history,2026-07-27T00:00:00Z,OpenAI Codex,exact,Manually transcribed Rally observation; validated against 6500 authoritative Art master shares outstanding.,,quarterly,42250.0,chart_observation_marked_exact
rally-warhol2,2025-12-31,2025-12-31T00:00:00Z,6.75,43875.0,chart_observation,manual_research,User-provided manual Rally WARHOL2 Art price history,2026-07-27T00:00:00Z,OpenAI Codex,exact,Manually transcribed Rally observation; validated against 6500 authoritative Art master shares outstanding.,,quarterly,43875.0,chart_observation_marked_exact
rally-warhol2,2026-03-31,2026-03-30T00:00:00Z,8.8,57200.00000000001,chart_observation,manual_research,User-provided manual Rally WARHOL2 Art price history,2026-07-27T00:00:00Z,OpenAI Codex,exact,Manually transcribed Rally observation; validated against 6500 authoritative Art master shares outstanding.,,quarterly,57200.00000000001,chart_observation_marked_exact
rally-warhol2,2026-06-30,2026-06-30T00:00:00Z,7.2,46800.0,chart_observation,manual_research,User-provided manual Rally WARHOL2 Art price history,2026-07-27T00:00:00Z,OpenAI Codex,exact,Manually transcribed Rally observation; validated against 6500 authoritative Art master shares outstanding.,,quarterly,46800.0,chart_observation_marked_exact
rally-wildthing,2021-12-31,2021-10-01T00:00:00Z,9.0,18000.0,offering_price,manual_research,Rally App manually transcribed chart,2026-07-23T00:00:00Z,Marshall,exact,Initial offering reference supplied as October 2021; actual day normalized to existing offering_date.,,quarterly,18000.0,observed_at_exceeds_quarter_lookback:91d; offering_price_excluded_from_secondary_returns
rally-wildthing,2022-03-31,2022-03-29T00:00:00Z,8.75,17500.0,chart_observation,manual_research,Rally App manually transcribed chart,2026-07-23T00:00:00Z,Marshall,exact,Manual Rally chart observation.,,quarterly,17500.0,chart_observation_marked_exact
rally-wildthing,2022-06-30,2022-06-24T00:00:00Z,7.0,14000.0,chart_observation,manual_research,Rally App manually transcribed chart,2026-07-23T00:00:00Z,Marshall,exact,Manual Rally chart observation.,,quarterly,14000.0,chart_observation_marked_exact
rally-wildthing,2022-09-30,2022-09-27T00:00:00Z,7.0,14000.0,chart_observation,manual_research,Rally App manually transcribed chart,2026-07-23T00:00:00Z,Marshall,exact,Manual Rally chart observation.,,quarterly,14000.0,chart_observation_marked_exact
rally-wildthing,2022-12-31,2022-12-30T00:00:00Z,6.5,13000.0,chart_observation,manual_research,Rally App manually transcribed chart,2026-07-23T00:00:00Z,Marshall,exact,Manual Rally chart observation.,,quarterly,13000.0,chart_observation_marked_exact
rally-wildthing,2023-03-31,2023-03-28T00:00:00Z,7.15,14300.0,chart_observation,manual_research,Rally App manually transcribed chart,2026-07-23T00:00:00Z,Marshall,exact,Manual Rally chart observation.,,quarterly,14300.0,chart_observation_marked_exact
rally-wildthing,2023-06-30,2023-06-30T00:00:00Z,5.25,10500.0,chart_observation,manual_research,Rally App manually transcribed chart,2026-07-23T00:00:00Z,Marshall,exact,Manual Rally chart observation.,,quarterly,10500.0,chart_observation_marked_exact
rally-wildthing,2023-09-30,2023-09-26T00:00:00Z,6.2,12400.0,chart_observation,manual_research,Rally App manually transcribed chart,2026-07-23T00:00:00Z,Marshall,exact,Manual Rally chart observation.,,quarterly,12400.0,chart_observation_marked_exact
rally-wildthing,2023-12-31,2023-12-29T00:00:00Z,4.1,8200.0,chart_observation,manual_research,Rally App manually transcribed chart,2026-07-23T00:00:00Z,Marshall,exact,Manual Rally chart observation.,,quarterly,8200.0,chart_observation_marked_exact
rally-wildthing,2024-03-31,2024-03-26T00:00:00Z,6.25,12500.0,chart_observation,manual_research,Rally App manually transcribed chart,2026-07-23T00:00:00Z,Marshall,exact,Manual Rally chart observation.,,quarterly,12500.0,chart_observation_marked_exact
rally-wildthing,2024-06-30,2024-06-28T00:00:00Z,7.15,14300.0,chart_observation,manual_research,Rally App manually transcribed chart,2026-07-23T00:00:00Z,Marshall,exact,Manual Rally chart observation.,,quarterly,14300.0,chart_observation_marked_exact
rally-wildthing,2024-09-30,2024-09-30T00:00:00Z,7.0,14000.0,chart_observation,manual_research,Rally App manually transcribed chart,2026-07-23T00:00:00Z,Marshall,exact,Manual Rally chart observation.,,quarterly,14000.0,chart_observation_marked_exact
rally-wildthing,2024-12-31,2024-12-27T00:00:00Z,5.2,10400.0,chart_observation,manual_research,Rally App manually transcribed chart,2026-07-23T00:00:00Z,Marshall,exact,Manual Rally chart observation.,,quarterly,10400.0,chart_observation_marked_exact
rally-wildthing,2025-03-31,2025-03-31T00:00:00Z,5.35,10700.0,chart_observation,manual_research,Rally App manually transcribed chart,2026-07-23T00:00:00Z,Marshall,exact,Manual Rally chart observation.,,quarterly,10700.0,chart_observation_marked_exact
rally-wildthing,2025-06-30,2025-06-27T00:00:00Z,5.05,10100.0,chart_observation,manual_research,Rally App manually transcribed chart,2026-07-23T00:00:00Z,Marshall,exact,Manual Rally chart observation.,,quarterly,10100.0,chart_observation_marked_exact
rally-wildthing,2025-09-30,2025-09-29T00:00:00Z,5.0,10000.0,chart_observation,manual_research,Rally App manually transcribed chart,2026-07-23T00:00:00Z,Marshall,exact,Manual Rally chart observation.,,quarterly,10000.0,chart_observation_marked_exact
rally-wildthing,2025-12-31,2025-12-31T00:00:00Z,7.35,14700.0,chart_observation,manual_research,Rally App manually transcribed chart,2026-07-23T00:00:00Z,Marshall,exact,Manual Rally chart observation.,,quarterly,14700.0,chart_observation_marked_exact
rally-wildthing,2026-03-31,2026-03-30T00:00:00Z,6.95,13900.0,chart_observation,manual_research,Rally App manually transcribed chart,2026-07-23T00:00:00Z,Marshall,exact,Manual Rally chart observation.,,quarterly,13900.0,chart_observation_marked_exact
rally-wildthing,2026-06-30,2026-06-25T00:00:00Z,6.95,13900.0,chart_observation,manual_research,Rally App manually transcribed chart,2026-07-23T00:00:00Z,Marshall,exact,Manual Rally chart observation.,,quarterly,13900.0,chart_observation_marked_exact
rally-wzrdofoz,2021-06-30,2021-04-01T00:00:00Z,15.0,90000.0,offering_price,manual_research,user-provided manual Rally WZRDOFOZ price history,2026-07-23T00:00:00Z,codex,exact,Offering / Apr 2021; validated against 6000 shares outstanding.,,quarterly,90000.0,observed_at_exceeds_quarter_lookback:90d; offering_price_excluded_from_secondary_returns
rally-wzrdofoz,2021-12-31,2021-10-05T00:00:00Z,14.65,87900.0,chart_observation,manual_research,user-provided manual Rally WZRDOFOZ price history,2026-07-23T00:00:00Z,codex,exact,Manually transcribed Rally observation; validated against 6000 shares outstanding.,,quarterly,87900.0,observed_at_exceeds_quarter_lookback:87d; chart_observation_marked_exact
rally-wzrdofoz,2022-03-31,2022-03-29T00:00:00Z,8.5,51000.0,chart_observation,manual_research,user-provided manual Rally WZRDOFOZ price history,2026-07-23T00:00:00Z,codex,exact,Manually transcribed Rally observation; validated against 6000 shares outstanding.,,quarterly,51000.0,chart_observation_marked_exact
rally-wzrdofoz,2022-06-30,2022-06-28T00:00:00Z,7.3,43800.0,chart_observation,manual_research,user-provided manual Rally WZRDOFOZ price history,2026-07-23T00:00:00Z,codex,exact,Manually transcribed Rally observation; validated against 6000 shares outstanding.,,quarterly,43800.0,chart_observation_marked_exact
rally-wzrdofoz,2022-09-30,2022-09-27T00:00:00Z,9.5,57000.0,chart_observation,manual_research,user-provided manual Rally WZRDOFOZ price history,2026-07-23T00:00:00Z,codex,exact,Manually transcribed Rally observation; no Q4 2022 observation supplied or imputed; validated against 6000 shares outstanding.,,quarterly,57000.0,chart_observation_marked_exact
rally-wzrdofoz,2023-03-31,2023-03-29T00:00:00Z,7.5,45000.0,chart_observation,manual_research,user-provided manual Rally WZRDOFOZ price history,2026-07-23T00:00:00Z,codex,exact,Manually transcribed Rally observation; validated against 6000 shares outstanding.,,quarterly,45000.0,chart_observation_marked_exact
rally-wzrdofoz,2023-06-30,2023-06-28T00:00:00Z,7.95,47700.0,chart_observation,manual_research,user-provided manual Rally WZRDOFOZ price history,2026-07-23T00:00:00Z,codex,exact,Manually transcribed Rally observation; validated against 6000 shares outstanding.,,quarterly,47700.0,chart_observation_marked_exact
rally-wzrdofoz,2023-09-30,2023-09-28T00:00:00Z,7.3,43800.0,chart_observation,manual_research,user-provided manual Rally WZRDOFOZ price history,2026-07-23T00:00:00Z,codex,exact,Manually transcribed Rally observation; validated against 6000 shares outstanding.,,quarterly,43800.0,chart_observation_marked_exact
rally-wzrdofoz,2023-12-31,2023-12-28T00:00:00Z,7.3,43800.0,chart_observation,manual_research,user-provided manual Rally WZRDOFOZ price history,2026-07-23T00:00:00Z,codex,exact,Manually transcribed Rally observation; validated against 6000 shares outstanding.,,quarterly,43800.0,chart_observation_marked_exact
rally-wzrdofoz,2024-03-31,2024-03-28T00:00:00Z,7.15,42900.0,chart_observation,manual_research,user-provided manual Rally WZRDOFOZ price history,2026-07-23T00:00:00Z,codex,exact,Manually transcribed Rally observation; validated against 6000 shares outstanding.,,quarterly,42900.0,chart_observation_marked_exact
rally-wzrdofoz,2024-06-30,2024-06-28T00:00:00Z,6.85,41100.0,chart_observation,manual_research,user-provided manual Rally WZRDOFOZ price history,2026-07-23T00:00:00Z,codex,exact,Manually transcribed Rally observation; validated against 6000 shares outstanding.,,quarterly,41100.0,chart_observation_marked_exact
rally-wzrdofoz,2024-09-30,2024-09-27T00:00:00Z,7.9,47400.0,chart_observation,manual_research,user-provided manual Rally WZRDOFOZ price history,2026-07-23T00:00:00Z,codex,exact,Manually transcribed Rally observation; validated against 6000 shares outstanding.,,quarterly,47400.0,chart_observation_marked_exact
rally-wzrdofoz,2024-12-31,2024-12-27T00:00:00Z,7.5,45000.0,chart_observation,manual_research,user-provided manual Rally WZRDOFOZ price history,2026-07-23T00:00:00Z,codex,exact,Manually transcribed Rally observation; validated against 6000 shares outstanding.,,quarterly,45000.0,chart_observation_marked_exact
rally-wzrdofoz,2025-03-31,2025-03-28T00:00:00Z,5.95,35700.0,chart_observation,manual_research,user-provided manual Rally WZRDOFOZ price history,2026-07-23T00:00:00Z,codex,exact,Manually transcribed Rally observation; validated against 6000 shares outstanding.,,quarterly,35700.0,chart_observation_marked_exact
rally-wzrdofoz,2025-06-30,2025-06-27T00:00:00Z,6.5,39000.0,chart_observation,manual_research,user-provided manual Rally WZRDOFOZ price history,2026-07-23T00:00:00Z,codex,exact,Manually transcribed Rally observation; validated against 6000 shares outstanding.,,quarterly,39000.0,chart_observation_marked_exact
rally-wzrdofoz,2025-09-30,2025-09-29T00:00:00Z,6.5,39000.0,chart_observation,manual_research,user-provided manual Rally WZRDOFOZ price history,2026-07-23T00:00:00Z,codex,exact,Manually transcribed Rally observation; validated against 6000 shares outstanding.,,quarterly,39000.0,chart_observation_marked_exact
rally-wzrdofoz,2025-12-31,2025-12-29T00:00:00Z,6.25,37500.0,chart_observation,manual_research,user-provided manual Rally WZRDOFOZ price history,2026-07-23T00:00:00Z,codex,exact,Manually transcribed Rally observation; validated against 6000 shares outstanding.,,quarterly,37500.0,chart_observation_marked_exact
rally-wzrdofoz,2026-03-31,2026-03-30T00:00:00Z,6.0,36000.0,chart_observation,manual_research,user-provided manual Rally WZRDOFOZ price history,2026-07-23T00:00:00Z,codex,exact,Manually transcribed Rally observation; validated against 6000 shares outstanding.,,quarterly,36000.0,chart_observation_marked_exact
rally-wzrdofoz,2026-06-30,2026-06-29T00:00:00Z,6.15,36900.0,chart_observation,manual_research,user-provided manual Rally WZRDOFOZ price history,2026-07-23T00:00:00Z,codex,exact,Manually transcribed Rally observation; validated against 6000 shares outstanding.,,quarterly,36900.0,chart_observation_marked_exact
rally-yoko,2020-06-30,2020-05-01T00:00:00Z,80.0,16000.0,offering_price,manual_research,user-provided manual Rally YOKO price history,2026-07-25T00:00:00Z,codex,exact,Manually transcribed Rally observation; validated against 200.0 shares outstanding.,,quarterly,16000.0,observed_at_exceeds_quarter_lookback:60d; offering_price_excluded_from_secondary_returns
rally-yoko,2020-09-30,2020-09-08T00:00:00Z,81.2,16240.0,chart_observation,manual_research,user-provided manual Rally YOKO price history,2026-07-25T00:00:00Z,codex,exact,Manually transcribed Rally observation; validated against 200.0 shares outstanding.,,quarterly,16240.0,observed_at_exceeds_quarter_lookback:22d; chart_observation_marked_exact
rally-yoko,2020-12-31,2020-12-08T00:00:00Z,82.05,16410.0,chart_observation,manual_research,user-provided manual Rally YOKO price history,2026-07-25T00:00:00Z,codex,exact,Manually transcribed Rally observation; validated against 200.0 shares outstanding.,,quarterly,16410.0,observed_at_exceeds_quarter_lookback:23d; chart_observation_marked_exact
rally-yoko,2021-03-31,2021-02-23T00:00:00Z,84.0,16800.0,chart_observation,manual_research,user-provided manual Rally YOKO price history,2026-07-25T00:00:00Z,codex,exact,Manually transcribed Rally observation; validated against 200.0 shares outstanding.,,quarterly,16800.0,observed_at_exceeds_quarter_lookback:36d; chart_observation_marked_exact
rally-yoko,2021-06-30,2021-04-13T00:00:00Z,83.95,16790.0,chart_observation,manual_research,user-provided manual Rally YOKO price history,2026-07-25T00:00:00Z,codex,exact,Manually transcribed Rally observation; validated against 200.0 shares outstanding.,,quarterly,16790.0,observed_at_exceeds_quarter_lookback:78d; chart_observation_marked_exact
rally-yoko,2021-09-30,2021-08-16T00:00:00Z,100.0,20000.0,chart_observation,manual_research,user-provided manual Rally YOKO price history,2026-07-25T00:00:00Z,codex,exact,Manually transcribed Rally observation; validated against 200.0 shares outstanding.,,quarterly,20000.0,observed_at_exceeds_quarter_lookback:45d; chart_observation_marked_exact
rally-yoko,2021-12-31,2022-01-31T00:00:00Z,101.5,20300.0,chart_observation,manual_research,user-provided manual Rally YOKO price history,2026-07-25T00:00:00Z,codex,exact,Manually transcribed Rally observation; validated against 200.0 shares outstanding.,,quarterly,20300.0,observed_at_after_period_end; chart_observation_marked_exact
rally-yoko,2022-03-31,2022-03-30T00:00:00Z,69.0,13800.0,chart_observation,manual_research,user-provided manual Rally YOKO price history,2026-07-25T00:00:00Z,codex,exact,Manually transcribed Rally observation; validated against 200.0 shares outstanding.,,quarterly,13800.0,chart_observation_marked_exact
rally-yoko,2022-06-30,2022-06-28T00:00:00Z,69.0,13800.0,chart_observation,manual_research,user-provided manual Rally YOKO price history,2026-07-25T00:00:00Z,codex,exact,Manually transcribed Rally observation; validated against 200.0 shares outstanding.,,quarterly,13800.0,chart_observation_marked_exact
rally-yoko,2022-09-30,2022-09-26T00:00:00Z,71.0,14200.0,chart_observation,manual_research,user-provided manual Rally YOKO price history,2026-07-25T00:00:00Z,codex,exact,Manually transcribed Rally observation; validated against 200.0 shares outstanding.,,quarterly,14200.0,chart_observation_marked_exact
rally-yoko,2022-12-31,2022-12-30T00:00:00Z,71.0,14200.0,chart_observation,manual_research,user-provided manual Rally YOKO price history,2026-07-25T00:00:00Z,codex,exact,Manually transcribed Rally observation; validated against 200.0 shares outstanding.,,quarterly,14200.0,chart_observation_marked_exact
rally-yoko,2023-03-31,2023-03-31T00:00:00Z,70.05,14010.0,chart_observation,manual_research,user-provided manual Rally YOKO price history,2026-07-25T00:00:00Z,codex,exact,Manually transcribed Rally observation; validated against 200.0 shares outstanding.,,quarterly,14010.0,chart_observation_marked_exact
rally-yoko,2023-06-30,2023-06-30T00:00:00Z,70.05,14010.0,chart_observation,manual_research,user-provided manual Rally YOKO price history,2026-07-25T00:00:00Z,codex,exact,Manually transcribed Rally observation; validated against 200.0 shares outstanding.,,quarterly,14010.0,chart_observation_marked_exact
rally-yoko,2023-09-30,2023-09-28T00:00:00Z,69.05,13810.0,chart_observation,manual_research,user-provided manual Rally YOKO price history,2026-07-25T00:00:00Z,codex,exact,Manually transcribed Rally observation; validated against 200.0 shares outstanding.,,quarterly,13810.0,chart_observation_marked_exact
rally-yoko,2023-12-31,2023-12-29T00:00:00Z,60.0,12000.0,chart_observation,manual_research,user-provided manual Rally YOKO price history,2026-07-25T00:00:00Z,codex,exact,Manually transcribed Rally observation; validated against 200.0 shares outstanding.,,quarterly,12000.0,chart_observation_marked_exact
rally-yoko,2024-03-31,2024-03-25T00:00:00Z,40.0,8000.0,chart_observation,manual_research,user-provided manual Rally YOKO price history,2026-07-25T00:00:00Z,codex,exact,Manually transcribed Rally observation; validated against 200.0 shares outstanding.,,quarterly,8000.0,chart_observation_marked_exact
rally-yoko,2024-06-30,2024-06-24T00:00:00Z,50.0,10000.0,chart_observation,manual_research,user-provided manual Rally YOKO price history,2026-07-25T00:00:00Z,codex,exact,Manually transcribed Rally observation; validated against 200.0 shares outstanding.,,quarterly,10000.0,chart_observation_marked_exact
rally-yoko,2024-09-30,2024-09-27T00:00:00Z,60.0,12000.0,chart_observation,manual_research,user-provided manual Rally YOKO price history,2026-07-25T00:00:00Z,codex,exact,Manually transcribed Rally observation; validated against 200.0 shares outstanding.,,quarterly,12000.0,chart_observation_marked_exact
rally-yoko,2024-12-31,2024-12-27T00:00:00Z,60.0,12000.0,chart_observation,manual_research,user-provided manual Rally YOKO price history,2026-07-25T00:00:00Z,codex,exact,Manually transcribed Rally observation; validated against 200.0 shares outstanding.,,quarterly,12000.0,chart_observation_marked_exact
rally-yoko,2025-03-31,2025-03-27T00:00:00Z,60.0,12000.0,chart_observation,manual_research,user-provided manual Rally YOKO price history,2026-07-25T00:00:00Z,codex,exact,Manually transcribed Rally observation; validated against 200.0 shares outstanding.,,quarterly,12000.0,chart_observation_marked_exact
rally-yoko,2025-06-30,2025-06-25T00:00:00Z,60.0,12000.0,chart_observation,manual_research,user-provided manual Rally YOKO price history,2026-07-25T00:00:00Z,codex,exact,Manually transcribed Rally observation; validated against 200.0 shares outstanding.,,quarterly,12000.0,chart_observation_marked_exact
rally-yoko,2025-09-30,2025-09-30T00:00:00Z,60.0,12000.0,chart_observation,manual_research,user-provided manual Rally YOKO price history,2026-07-25T00:00:00Z,codex,exact,Manually transcribed Rally observation; validated against 200.0 shares outstanding.,,quarterly,12000.0,chart_observation_marked_exact
rally-yoko,2025-12-31,2025-12-29T00:00:00Z,60.0,12000.0,chart_observation,manual_research,user-provided manual Rally YOKO price history,2026-07-25T00:00:00Z,codex,exact,Manually transcribed Rally observation; validated against 200.0 shares outstanding.,,quarterly,12000.0,chart_observation_marked_exact
rally-yoko,2026-03-31,2026-03-27T00:00:00Z,42.0,8400.0,chart_observation,manual_research,user-provided manual Rally YOKO price history,2026-07-25T00:00:00Z,codex,exact,Manually transcribed Rally observation; validated against 200.0 shares outstanding.,,quarterly,8400.0,chart_observation_marked_exact
rally-yoko,2026-06-30,2026-06-26T00:00:00Z,42.05,8410.0,chart_observation,manual_research,user-provided manual Rally YOKO price history,2026-07-25T00:00:00Z,codex,exact,Manually transcribed Rally observation; validated against 200.0 shares outstanding.,,quarterly,8410.0,chart_observation_marked_exact
rally-1857coin,2022-09-30,2022-08-09T00:00:00Z,5.0,25000.0,offering_price,manual_research,User-provided manual Rally 1857COIN Coins price history,2026-07-27T00:00:00Z,OpenAI Codex,exact,Manually transcribed Rally observation; validated against 5000 authoritative Coins master shares outstanding. Offering price and initial market cap reconcile to the authoritative Coins master.,,quarterly,25000.0,offering_price_excluded_from_secondary_returns
rally-1857coin,2022-12-31,2022-12-05T00:00:00Z,5.9,29500.0,chart_observation,manual_research,User-provided manual Rally 1857COIN Coins price history,2026-07-27T00:00:00Z,OpenAI Codex,exact,Manually transcribed Rally observation; validated against 5000 authoritative Coins master shares outstanding.,,quarterly,29500.0,chart_observation_marked_exact
rally-1857coin,2023-03-31,2023-03-30T00:00:00Z,5.65,28250.0,chart_observation,manual_research,User-provided manual Rally 1857COIN Coins price history,2026-07-27T00:00:00Z,OpenAI Codex,exact,Manually transcribed Rally observation; validated against 5000 authoritative Coins master shares outstanding.,,quarterly,28250.0,chart_observation_marked_exact
rally-1857coin,2023-06-30,2023-06-30T00:00:00Z,5.5,27500.0,chart_observation,manual_research,User-provided manual Rally 1857COIN Coins price history,2026-07-27T00:00:00Z,OpenAI Codex,exact,Manually transcribed Rally observation; validated against 5000 authoritative Coins master shares outstanding.,,quarterly,27500.0,chart_observation_marked_exact
rally-1857coin,2023-09-30,2023-09-27T00:00:00Z,5.25,26250.0,chart_observation,manual_research,User-provided manual Rally 1857COIN Coins price history,2026-07-27T00:00:00Z,OpenAI Codex,exact,Manually transcribed Rally observation; validated against 5000 authoritative Coins master shares outstanding.,,quarterly,26250.0,chart_observation_marked_exact
rally-1857coin,2023-12-31,2023-12-28T00:00:00Z,5.5,27500.0,chart_observation,manual_research,User-provided manual Rally 1857COIN Coins price history,2026-07-27T00:00:00Z,OpenAI Codex,exact,Manually transcribed Rally observation; validated against 5000 authoritative Coins master shares outstanding.,,quarterly,27500.0,chart_observation_marked_exact
rally-1857coin,2024-03-31,2024-03-28T00:00:00Z,6.5,32500.0,chart_observation,manual_research,User-provided manual Rally 1857COIN Coins price history,2026-07-27T00:00:00Z,OpenAI Codex,exact,Manually transcribed Rally observation; validated against 5000 authoritative Coins master shares outstanding.,,quarterly,32500.0,chart_observation_marked_exact
rally-1857coin,2024-06-30,2024-06-25T00:00:00Z,6.35,31750.0,chart_observation,manual_research,User-provided manual Rally 1857COIN Coins price history,2026-07-27T00:00:00Z,OpenAI Codex,exact,Manually transcribed Rally observation; validated against 5000 authoritative Coins master shares outstanding.,,quarterly,31750.0,chart_observation_marked_exact
rally-1857coin,2024-09-30,2024-09-30T00:00:00Z,6.45,32250.0,chart_observation,manual_research,User-provided manual Rally 1857COIN Coins price history,2026-07-27T00:00:00Z,OpenAI Codex,exact,Manually transcribed Rally observation; validated against 5000 authoritative Coins master shares outstanding.,,quarterly,32250.0,chart_observation_marked_exact
rally-1857coin,2024-12-31,2024-12-31T00:00:00Z,6.2,31000.0,chart_observation,manual_research,User-provided manual Rally 1857COIN Coins price history,2026-07-27T00:00:00Z,OpenAI Codex,exact,Manually transcribed Rally observation; validated against 5000 authoritative Coins master shares outstanding.,,quarterly,31000.0,chart_observation_marked_exact
rally-1857coin,2025-03-31,2025-03-31T00:00:00Z,5.95,29750.0,chart_observation,manual_research,User-provided manual Rally 1857COIN Coins price history,2026-07-27T00:00:00Z,OpenAI Codex,exact,Manually transcribed Rally observation; validated against 5000 authoritative Coins master shares outstanding.,,quarterly,29750.0,chart_observation_marked_exact
rally-1857coin,2025-06-30,2025-06-30T00:00:00Z,6.2,31000.0,chart_observation,manual_research,User-provided manual Rally 1857COIN Coins price history,2026-07-27T00:00:00Z,OpenAI Codex,exact,Manually transcribed Rally observation; validated against 5000 authoritative Coins master shares outstanding.,,quarterly,31000.0,chart_observation_marked_exact
rally-1857coin,2025-09-30,2025-09-26T00:00:00Z,6.25,31250.0,chart_observation,manual_research,User-provided manual Rally 1857COIN Coins price history,2026-07-27T00:00:00Z,OpenAI Codex,exact,Manually transcribed Rally observation; validated against 5000 authoritative Coins master shares outstanding.,,quarterly,31250.0,chart_observation_marked_exact
rally-1857coin,2025-12-31,2025-12-29T00:00:00Z,7.0,35000.0,chart_observation,manual_research,User-provided manual Rally 1857COIN Coins price history,2026-07-27T00:00:00Z,OpenAI Codex,exact,Manually transcribed Rally observation; validated against 5000 authoritative Coins master shares outstanding.,,quarterly,35000.0,chart_observation_marked_exact
rally-1857coin,2026-03-31,2026-03-30T00:00:00Z,11.35,56750.0,chart_observation,manual_research,User-provided manual Rally 1857COIN Coins price history,2026-07-27T00:00:00Z,OpenAI Codex,exact,Manually transcribed Rally observation; validated against 5000 authoritative Coins master shares outstanding.,,quarterly,56750.0,chart_observation_marked_exact
rally-1857coin,2026-06-30,2026-06-26T00:00:00Z,16.0,80000.0,chart_observation,manual_research,User-provided manual Rally 1857COIN Coins price history,2026-07-27T00:00:00Z,OpenAI Codex,exact,Manually transcribed Rally observation; validated against 5000 authoritative Coins master shares outstanding.,,quarterly,80000.0,chart_observation_marked_exact
rally-justinian,2022-03-31,2022-04-04T00:00:00Z,12.5,25000.0,chart_observation,manual_research,User-provided manual Rally JUSTINIAN Coins price history,2026-07-27T00:00:00Z,OpenAI Codex,exact,Manually transcribed Rally observation; validated against 2000 authoritative Coins master shares outstanding. Nearest-quarter normalization assigns this after-quarter observation to Q1 2022; the month-only master offering record is used for launch validation and no December 2021 observation is invented.,,quarterly,25000.0,observed_at_after_period_end; chart_observation_marked_exact
rally-justinian,2022-06-30,2022-06-29T00:00:00Z,17.5,35000.0,chart_observation,manual_research,User-provided manual Rally JUSTINIAN Coins price history,2026-07-27T00:00:00Z,OpenAI Codex,exact,Manually transcribed Rally observation; validated against 2000 authoritative Coins master shares outstanding.,,quarterly,35000.0,chart_observation_marked_exact
rally-justinian,2022-09-30,2022-09-29T00:00:00Z,18.75,37500.0,chart_observation,manual_research,User-provided manual Rally JUSTINIAN Coins price history,2026-07-27T00:00:00Z,OpenAI Codex,exact,Manually transcribed Rally observation; validated against 2000 authoritative Coins master shares outstanding.,,quarterly,37500.0,chart_observation_marked_exact
rally-justinian,2022-12-31,2022-12-30T00:00:00Z,16.75,33500.0,chart_observation,manual_research,User-provided manual Rally JUSTINIAN Coins price history,2026-07-27T00:00:00Z,OpenAI Codex,exact,Manually transcribed Rally observation; validated against 2000 authoritative Coins master shares outstanding.,,quarterly,33500.0,chart_observation_marked_exact
rally-justinian,2023-03-31,2023-03-27T00:00:00Z,16.95,33900.0,chart_observation,manual_research,User-provided manual Rally JUSTINIAN Coins price history,2026-07-27T00:00:00Z,OpenAI Codex,exact,Manually transcribed Rally observation; validated against 2000 authoritative Coins master shares outstanding.,,quarterly,33900.0,chart_observation_marked_exact
rally-justinian,2023-06-30,2023-06-26T00:00:00Z,15.8,31600.0,chart_observation,manual_research,User-provided manual Rally JUSTINIAN Coins price history,2026-07-27T00:00:00Z,OpenAI Codex,exact,Manually transcribed Rally observation; validated against 2000 authoritative Coins master shares outstanding.,,quarterly,31600.0,chart_observation_marked_exact
rally-justinian,2023-09-30,2023-09-26T00:00:00Z,11.5,23000.0,chart_observation,manual_research,User-provided manual Rally JUSTINIAN Coins price history,2026-07-27T00:00:00Z,OpenAI Codex,exact,Manually transcribed Rally observation; validated against 2000 authoritative Coins master shares outstanding.,,quarterly,23000.0,chart_observation_marked_exact
rally-justinian,2023-12-31,2023-12-29T00:00:00Z,10.0,20000.0,chart_observation,manual_research,User-provided manual Rally JUSTINIAN Coins price history,2026-07-27T00:00:00Z,OpenAI Codex,exact,Manually transcribed Rally observation; validated against 2000 authoritative Coins master shares outstanding.,,quarterly,20000.0,chart_observation_marked_exact
rally-justinian,2024-03-31,2024-03-28T00:00:00Z,14.5,29000.0,chart_observation,manual_research,User-provided manual Rally JUSTINIAN Coins price history,2026-07-27T00:00:00Z,OpenAI Codex,exact,Manually transcribed Rally observation; validated against 2000 authoritative Coins master shares outstanding.,,quarterly,29000.0,chart_observation_marked_exact
rally-justinian,2024-06-30,2024-06-27T00:00:00Z,15.75,31500.0,chart_observation,manual_research,User-provided manual Rally JUSTINIAN Coins price history,2026-07-27T00:00:00Z,OpenAI Codex,exact,Manually transcribed Rally observation; validated against 2000 authoritative Coins master shares outstanding.,,quarterly,31500.0,chart_observation_marked_exact
rally-justinian,2024-09-30,2024-09-27T00:00:00Z,16.0,32000.0,chart_observation,manual_research,User-provided manual Rally JUSTINIAN Coins price history,2026-07-27T00:00:00Z,OpenAI Codex,exact,Manually transcribed Rally observation; validated against 2000 authoritative Coins master shares outstanding.,,quarterly,32000.0,chart_observation_marked_exact
rally-justinian,2024-12-31,2024-12-27T00:00:00Z,17.95,35900.0,chart_observation,manual_research,User-provided manual Rally JUSTINIAN Coins price history,2026-07-27T00:00:00Z,OpenAI Codex,exact,Manually transcribed Rally observation; validated against 2000 authoritative Coins master shares outstanding.,,quarterly,35900.0,chart_observation_marked_exact
rally-justinian,2025-03-31,2025-03-31T00:00:00Z,18.75,37500.0,chart_observation,manual_research,User-provided manual Rally JUSTINIAN Coins price history,2026-07-27T00:00:00Z,OpenAI Codex,exact,Manually transcribed Rally observation; validated against 2000 authoritative Coins master shares outstanding.,,quarterly,37500.0,chart_observation_marked_exact
rally-justinian,2025-06-30,2025-06-30T00:00:00Z,17.95,35900.0,chart_observation,manual_research,User-provided manual Rally JUSTINIAN Coins price history,2026-07-27T00:00:00Z,OpenAI Codex,exact,Manually transcribed Rally observation; validated against 2000 authoritative Coins master shares outstanding.,,quarterly,35900.0,chart_observation_marked_exact
rally-justinian,2025-09-30,2025-09-29T00:00:00Z,16.0,32000.0,chart_observation,manual_research,User-provided manual Rally JUSTINIAN Coins price history,2026-07-27T00:00:00Z,OpenAI Codex,exact,Manually transcribed Rally observation; validated against 2000 authoritative Coins master shares outstanding.,,quarterly,32000.0,chart_observation_marked_exact
rally-justinian,2025-12-31,2025-12-30T00:00:00Z,15.8,31600.0,chart_observation,manual_research,User-provided manual Rally JUSTINIAN Coins price history,2026-07-27T00:00:00Z,OpenAI Codex,exact,Manually transcribed Rally observation; validated against 2000 authoritative Coins master shares outstanding.,,quarterly,31600.0,chart_observation_marked_exact
rally-justinian,2026-03-31,2026-03-27T00:00:00Z,14.0,28000.0,chart_observation,manual_research,User-provided manual Rally JUSTINIAN Coins price history,2026-07-27T00:00:00Z,OpenAI Codex,exact,Manually transcribed Rally observation; validated against 2000 authoritative Coins master shares outstanding.,,quarterly,28000.0,chart_observation_marked_exact
rally-justinian,2026-06-30,2026-06-26T00:00:00Z,15.0,30000.0,chart_observation,manual_research,User-provided manual Rally JUSTINIAN Coins price history,2026-07-27T00:00:00Z,OpenAI Codex,exact,Manually transcribed Rally observation; validated against 2000 authoritative Coins master shares outstanding.,,quarterly,30000.0,chart_observation_marked_exact
rally-croesus,2022-09-30,2022-07-08T00:00:00Z,8.0,64000.0,offering_price,manual_research,User-provided manual Rally CROESUS Coins price history,2026-07-27T00:00:00Z,OpenAI Codex,exact,Manually transcribed Rally observation; validated against 8000 authoritative Coins master shares outstanding. Offering price and initial market cap reconcile to the authoritative Coins master.,,quarterly,64000.0,offering_price_excluded_from_secondary_returns
rally-croesus,2022-12-31,2022-12-30T00:00:00Z,7.5,60000.0,chart_observation,manual_research,User-provided manual Rally CROESUS Coins price history,2026-07-27T00:00:00Z,OpenAI Codex,exact,Manually transcribed Rally observation; validated against 8000 authoritative Coins master shares outstanding.,,quarterly,60000.0,chart_observation_marked_exact
rally-croesus,2023-03-31,2023-03-27T00:00:00Z,7.45,59600.0,chart_observation,manual_research,User-provided manual Rally CROESUS Coins price history,2026-07-27T00:00:00Z,OpenAI Codex,exact,Manually transcribed Rally observation; validated against 8000 authoritative Coins master shares outstanding.,,quarterly,59600.0,chart_observation_marked_exact
rally-croesus,2023-06-30,2023-06-28T00:00:00Z,7.6,60800.0,chart_observation,manual_research,User-provided manual Rally CROESUS Coins price history,2026-07-27T00:00:00Z,OpenAI Codex,exact,Manually transcribed Rally observation; validated against 8000 authoritative Coins master shares outstanding.,,quarterly,60800.0,chart_observation_marked_exact
rally-croesus,2023-09-30,2023-09-26T00:00:00Z,7.75,62000.0,chart_observation,manual_research,User-provided manual Rally CROESUS Coins price history,2026-07-27T00:00:00Z,OpenAI Codex,exact,Manually transcribed Rally observation; validated against 8000 authoritative Coins master shares outstanding.,,quarterly,62000.0,chart_observation_marked_exact
rally-croesus,2023-12-31,2023-12-29T00:00:00Z,6.75,54000.0,chart_observation,manual_research,User-provided manual Rally CROESUS Coins price history,2026-07-27T00:00:00Z,OpenAI Codex,exact,Manually transcribed Rally observation; validated against 8000 authoritative Coins master shares outstanding.,,quarterly,54000.0,chart_observation_marked_exact
rally-croesus,2024-03-31,2024-03-28T00:00:00Z,7.0,56000.0,chart_observation,manual_research,User-provided manual Rally CROESUS Coins price history,2026-07-27T00:00:00Z,OpenAI Codex,exact,Manually transcribed Rally observation; validated against 8000 authoritative Coins master shares outstanding.,,quarterly,56000.0,chart_observation_marked_exact
rally-croesus,2024-06-30,2024-06-27T00:00:00Z,7.25,58000.0,chart_observation,manual_research,User-provided manual Rally CROESUS Coins price history,2026-07-27T00:00:00Z,OpenAI Codex,exact,Manually transcribed Rally observation; validated against 8000 authoritative Coins master shares outstanding.,,quarterly,58000.0,chart_observation_marked_exact
rally-croesus,2024-09-30,2024-09-30T00:00:00Z,6.2,49600.0,chart_observation,manual_research,User-provided manual Rally CROESUS Coins price history,2026-07-27T00:00:00Z,OpenAI Codex,exact,Manually transcribed Rally observation; validated against 8000 authoritative Coins master shares outstanding.,,quarterly,49600.0,chart_observation_marked_exact
rally-croesus,2024-12-31,2024-12-27T00:00:00Z,7.2,57600.0,chart_observation,manual_research,User-provided manual Rally CROESUS Coins price history,2026-07-27T00:00:00Z,OpenAI Codex,exact,Manually transcribed Rally observation; validated against 8000 authoritative Coins master shares outstanding.,,quarterly,57600.0,chart_observation_marked_exact
rally-croesus,2025-03-31,2025-03-28T00:00:00Z,6.4,51200.0,chart_observation,manual_research,User-provided manual Rally CROESUS Coins price history,2026-07-27T00:00:00Z,OpenAI Codex,exact,Manually transcribed Rally observation; validated against 8000 authoritative Coins master shares outstanding.,,quarterly,51200.0,chart_observation_marked_exact
rally-croesus,2025-06-30,2025-06-26T00:00:00Z,7.2,57600.0,chart_observation,manual_research,User-provided manual Rally CROESUS Coins price history,2026-07-27T00:00:00Z,OpenAI Codex,exact,Manually transcribed Rally observation; validated against 8000 authoritative Coins master shares outstanding.,,quarterly,57600.0,chart_observation_marked_exact
rally-croesus,2025-09-30,2025-09-29T00:00:00Z,7.2,57600.0,chart_observation,manual_research,User-provided manual Rally CROESUS Coins price history,2026-07-27T00:00:00Z,OpenAI Codex,exact,Manually transcribed Rally observation; validated against 8000 authoritative Coins master shares outstanding.,,quarterly,57600.0,chart_observation_marked_exact
rally-croesus,2025-12-31,2025-12-29T00:00:00Z,6.15,49200.0,chart_observation,manual_research,User-provided manual Rally CROESUS Coins price history,2026-07-27T00:00:00Z,OpenAI Codex,exact,Manually transcribed Rally observation; validated against 8000 authoritative Coins master shares outstanding.,,quarterly,49200.0,chart_observation_marked_exact
rally-croesus,2026-03-31,2026-04-01T00:00:00Z,8.2,65600.0,chart_observation,manual_research,User-provided manual Rally CROESUS Coins price history,2026-07-27T00:00:00Z,OpenAI Codex,exact,Manually transcribed Rally observation; validated against 8000 authoritative Coins master shares outstanding. Nearest-quarter normalization assigns this supplied observation to Q1 2026 while preserving observed_at.,,quarterly,65600.0,observed_at_after_period_end; chart_observation_marked_exact
rally-croesus,2026-06-30,2026-06-30T00:00:00Z,8.3,66400.0,chart_observation,manual_research,User-provided manual Rally CROESUS Coins price history,2026-07-27T00:00:00Z,OpenAI Codex,exact,Manually transcribed Rally observation; validated against 8000 authoritative Coins master shares outstanding.,,quarterly,66400.0,chart_observation_marked_exact
rally-1857coin,2026-06-30,2026-04-13T00:00:00Z,25.0,125000.0,chart_observation,manual_research,User-provided confirmed Rally 1857COIN Q2 2026 intraperiod context,2026-07-27T00:00:00Z,OpenAI Codex,exact,Confirmed intraperiod Q2 2026 observation retained as higher-frequency evidence; intentionally excluded from quarterly normalization in favor of the supplied 2026-06-26 quarterly representative. No intervening dates are fabricated.,,weekly,125000.0,chart_observation_marked_exact
rally-1857coin,2026-06-30,2026-04-17T00:00:00Z,25.0,125000.0,chart_observation,manual_research,User-provided confirmed Rally 1857COIN Q2 2026 intraperiod context,2026-07-27T00:00:00Z,OpenAI Codex,exact,Confirmed intraperiod Q2 2026 observation retained as higher-frequency evidence; intentionally excluded from quarterly normalization in favor of the supplied 2026-06-26 quarterly representative. No intervening dates are fabricated.,,weekly,125000.0,chart_observation_marked_exact
rally-1857coin,2026-06-30,2026-04-21T00:00:00Z,25.0,125000.0,chart_observation,manual_research,User-provided confirmed Rally 1857COIN Q2 2026 intraperiod context,2026-07-27T00:00:00Z,OpenAI Codex,exact,Confirmed intraperiod Q2 2026 observation retained as higher-frequency evidence; intentionally excluded from quarterly normalization in favor of the supplied 2026-06-26 quarterly representative. No intervening dates are fabricated.,,weekly,125000.0,chart_observation_marked_exact
rally-1857coin,2026-06-30,2026-04-30T00:00:00Z,25.0,125000.0,chart_observation,manual_research,User-provided confirmed Rally 1857COIN Q2 2026 intraperiod context,2026-07-27T00:00:00Z,OpenAI Codex,exact,Confirmed intraperiod Q2 2026 observation retained as higher-frequency evidence; intentionally excluded from quarterly normalization in favor of the supplied 2026-06-26 quarterly representative. No intervening dates are fabricated.,,weekly,125000.0,chart_observation_marked_exact
rally-gold1,2022-06-30,2022-04-21T00:00:00Z,4.0,16000.0,offering_price,manual_research,User-provided manual Rally GOLD1 Precious Minerals price history,2026-07-27T00:00:00Z,OpenAI Codex,exact,Manually transcribed Rally observation; validated against 4000 authoritative Precious Minerals master shares outstanding. Offering price and initial market cap reconcile to the authoritative Precious Minerals master.,,quarterly,16000.0,offering_price_excluded_from_secondary_returns
rally-gold1,2022-12-31,2022-10-17T00:00:00Z,5.0,20000.0,chart_observation,manual_research,User-provided manual Rally GOLD1 Precious Minerals price history,2026-07-27T00:00:00Z,OpenAI Codex,exact,Manually transcribed Rally observation; validated against 4000 authoritative Precious Minerals master shares outstanding.,,quarterly,20000.0,chart_observation_marked_exact
rally-gold1,2022-12-31,2022-12-28T00:00:00Z,5.45,21800.0,chart_observation,manual_research,User-provided manual Rally GOLD1 Precious Minerals price history,2026-07-27T00:00:00Z,OpenAI Codex,exact,Manually transcribed Rally observation; validated against 4000 authoritative Precious Minerals master shares outstanding.,,quarterly,21800.0,chart_observation_marked_exact
rally-gold1,2023-03-31,2023-03-28T00:00:00Z,5.9,23600.0,chart_observation,manual_research,User-provided manual Rally GOLD1 Precious Minerals price history,2026-07-27T00:00:00Z,OpenAI Codex,exact,Manually transcribed Rally observation; validated against 4000 authoritative Precious Minerals master shares outstanding.,,quarterly,23600.0,chart_observation_marked_exact
rally-gold1,2023-06-30,2023-06-30T00:00:00Z,5.8,23200.0,chart_observation,manual_research,User-provided manual Rally GOLD1 Precious Minerals price history,2026-07-27T00:00:00Z,OpenAI Codex,exact,Manually transcribed Rally observation; validated against 4000 authoritative Precious Minerals master shares outstanding.,,quarterly,23200.0,chart_observation_marked_exact
rally-gold1,2023-09-30,2023-09-29T00:00:00Z,5.0,20000.0,chart_observation,manual_research,User-provided manual Rally GOLD1 Precious Minerals price history,2026-07-27T00:00:00Z,OpenAI Codex,exact,Manually transcribed Rally observation; validated against 4000 authoritative Precious Minerals master shares outstanding.,,quarterly,20000.0,chart_observation_marked_exact
rally-gold1,2023-12-31,2023-12-29T00:00:00Z,4.85,19400.0,chart_observation,manual_research,User-provided manual Rally GOLD1 Precious Minerals price history,2026-07-27T00:00:00Z,OpenAI Codex,exact,Manually transcribed Rally observation; validated against 4000 authoritative Precious Minerals master shares outstanding.,,quarterly,19400.0,chart_observation_marked_exact
rally-gold1,2024-03-31,2024-03-26T00:00:00Z,5.2,20800.0,chart_observation,manual_research,User-provided manual Rally GOLD1 Precious Minerals price history,2026-07-27T00:00:00Z,OpenAI Codex,exact,Manually transcribed Rally observation; validated against 4000 authoritative Precious Minerals master shares outstanding.,,quarterly,20800.0,chart_observation_marked_exact
rally-gold1,2024-06-30,2024-06-28T00:00:00Z,5.9,23600.0,chart_observation,manual_research,User-provided manual Rally GOLD1 Precious Minerals price history,2026-07-27T00:00:00Z,OpenAI Codex,exact,Manually transcribed Rally observation; validated against 4000 authoritative Precious Minerals master shares outstanding.,,quarterly,23600.0,chart_observation_marked_exact
rally-gold1,2024-09-30,2024-09-27T00:00:00Z,6.0,24000.0,chart_observation,manual_research,User-provided manual Rally GOLD1 Precious Minerals price history,2026-07-27T00:00:00Z,OpenAI Codex,exact,Manually transcribed Rally observation; validated against 4000 authoritative Precious Minerals master shares outstanding.,,quarterly,24000.0,chart_observation_marked_exact
rally-gold1,2024-12-31,2024-12-31T00:00:00Z,8.0,32000.0,chart_observation,manual_research,User-provided manual Rally GOLD1 Precious Minerals price history,2026-07-27T00:00:00Z,OpenAI Codex,exact,Manually transcribed Rally observation; validated against 4000 authoritative Precious Minerals master shares outstanding.,,quarterly,32000.0,chart_observation_marked_exact
rally-gold1,2025-03-31,2025-03-31T00:00:00Z,9.25,37000.0,chart_observation,manual_research,User-provided manual Rally GOLD1 Precious Minerals price history,2026-07-27T00:00:00Z,OpenAI Codex,exact,Manually transcribed Rally observation; validated against 4000 authoritative Precious Minerals master shares outstanding.,,quarterly,37000.0,chart_observation_marked_exact
rally-gold1,2025-06-30,2025-06-30T00:00:00Z,8.0,32000.0,chart_observation,manual_research,User-provided manual Rally GOLD1 Precious Minerals price history,2026-07-27T00:00:00Z,OpenAI Codex,exact,Manually transcribed Rally observation; validated against 4000 authoritative Precious Minerals master shares outstanding.,,quarterly,32000.0,chart_observation_marked_exact
rally-gold1,2025-09-30,2025-09-26T00:00:00Z,10.25,41000.0,chart_observation,manual_research,User-provided manual Rally GOLD1 Precious Minerals price history,2026-07-27T00:00:00Z,OpenAI Codex,exact,Manually transcribed Rally observation; validated against 4000 authoritative Precious Minerals master shares outstanding.,,quarterly,41000.0,chart_observation_marked_exact
rally-gold1,2025-12-31,2025-12-31T00:00:00Z,30.0,120000.0,chart_observation,manual_research,User-provided manual Rally GOLD1 Precious Minerals price history,2026-07-27T00:00:00Z,OpenAI Codex,exact,Manually transcribed Rally observation; validated against 4000 authoritative Precious Minerals master shares outstanding.,,quarterly,120000.0,chart_observation_marked_exact
rally-gold1,2026-03-31,2026-03-31T00:00:00Z,28.05,112200.0,chart_observation,manual_research,User-provided manual Rally GOLD1 Precious Minerals price history,2026-07-27T00:00:00Z,OpenAI Codex,exact,Manually transcribed Rally observation; validated against 4000 authoritative Precious Minerals master shares outstanding.,,quarterly,112200.0,chart_observation_marked_exact
rally-gold1,2026-06-30,2026-06-29T00:00:00Z,10.0,40000.0,chart_observation,manual_research,User-provided manual Rally GOLD1 Precious Minerals price history,2026-07-27T00:00:00Z,OpenAI Codex,exact,Manually transcribed Rally observation; validated against 4000 authoritative Precious Minerals master shares outstanding.,,quarterly,40000.0,chart_observation_marked_exact
rally-meteorite,2021-09-30,2021-08-20T00:00:00Z,20.0,350000.0,offering_price,manual_research,User-provided manual Rally METEORITE Precious Minerals price history,2026-07-27T00:00:00Z,OpenAI Codex,exact,Manually transcribed Rally observation; validated against 17500 authoritative Precious Minerals master shares outstanding. Offering price and initial market cap reconcile to the authoritative Precious Minerals master.,,quarterly,350000.0,offering_price_excluded_from_secondary_returns
rally-meteorite,2022-03-31,2022-02-14T00:00:00Z,11.0,192500.0,chart_observation,manual_research,User-provided manual Rally METEORITE Precious Minerals price history,2026-07-27T00:00:00Z,OpenAI Codex,exact,Manually transcribed Rally observation; validated against 17500 authoritative Precious Minerals master shares outstanding.,,quarterly,192500.0,chart_observation_marked_exact
rally-meteorite,2022-03-31,2022-03-28T00:00:00Z,12.0,210000.0,chart_observation,manual_research,User-provided manual Rally METEORITE Precious Minerals price history,2026-07-27T00:00:00Z,OpenAI Codex,exact,Manually transcribed Rally observation; validated against 17500 authoritative Precious Minerals master shares outstanding.,,quarterly,210000.0,chart_observation_marked_exact
rally-meteorite,2022-06-30,2022-06-28T00:00:00Z,8.3,145250.0,chart_observation,manual_research,User-provided manual Rally METEORITE Precious Minerals price history,2026-07-27T00:00:00Z,OpenAI Codex,exact,Manually transcribed Rally observation; validated against 17500 authoritative Precious Minerals master shares outstanding.,,quarterly,145250.0,chart_observation_marked_exact
rally-meteorite,2022-09-30,2022-09-29T00:00:00Z,8.9,155750.0,chart_observation,manual_research,User-provided manual Rally METEORITE Precious Minerals price history,2026-07-27T00:00:00Z,OpenAI Codex,exact,Manually transcribed Rally observation; validated against 17500 authoritative Precious Minerals master shares outstanding.,,quarterly,155750.0,chart_observation_marked_exact
rally-meteorite,2022-12-31,2022-12-27T00:00:00Z,7.65,133875.0,chart_observation,manual_research,User-provided manual Rally METEORITE Precious Minerals price history,2026-07-27T00:00:00Z,OpenAI Codex,exact,Manually transcribed Rally observation; validated against 17500 authoritative Precious Minerals master shares outstanding.,,quarterly,133875.0,chart_observation_marked_exact
rally-meteorite,2023-03-31,2023-03-29T00:00:00Z,8.8,154000.0,chart_observation,manual_research,User-provided manual Rally METEORITE Precious Minerals price history,2026-07-27T00:00:00Z,OpenAI Codex,exact,Manually transcribed Rally observation; validated against 17500 authoritative Precious Minerals master shares outstanding.,,quarterly,154000.0,chart_observation_marked_exact
rally-meteorite,2023-06-30,2023-06-30T00:00:00Z,8.5,148750.0,chart_observation,manual_research,User-provided manual Rally METEORITE Precious Minerals price history,2026-07-27T00:00:00Z,OpenAI Codex,exact,Manually transcribed Rally observation; validated against 17500 authoritative Precious Minerals master shares outstanding.,,quarterly,148750.0,chart_observation_marked_exact
rally-meteorite,2023-09-30,2023-09-26T00:00:00Z,8.5,148750.0,chart_observation,manual_research,User-provided manual Rally METEORITE Precious Minerals price history,2026-07-27T00:00:00Z,OpenAI Codex,exact,Manually transcribed Rally observation; validated against 17500 authoritative Precious Minerals master shares outstanding.,,quarterly,148750.0,chart_observation_marked_exact
rally-meteorite,2023-12-31,2023-12-28T00:00:00Z,8.45,147875.0,chart_observation,manual_research,User-provided manual Rally METEORITE Precious Minerals price history,2026-07-27T00:00:00Z,OpenAI Codex,exact,Manually transcribed Rally observation; validated against 17500 authoritative Precious Minerals master shares outstanding.,,quarterly,147875.0,chart_observation_marked_exact
rally-meteorite,2024-03-31,2024-03-28T00:00:00Z,8.75,153125.0,chart_observation,manual_research,User-provided manual Rally METEORITE Precious Minerals price history,2026-07-27T00:00:00Z,OpenAI Codex,exact,Manually transcribed Rally observation; validated against 17500 authoritative Precious Minerals master shares outstanding.,,quarterly,153125.0,chart_observation_marked_exact
rally-meteorite,2024-06-30,2024-06-26T00:00:00Z,8.75,153125.0,chart_observation,manual_research,User-provided manual Rally METEORITE Precious Minerals price history,2026-07-27T00:00:00Z,OpenAI Codex,exact,Manually transcribed Rally observation; validated against 17500 authoritative Precious Minerals master shares outstanding.,,quarterly,153125.0,chart_observation_marked_exact
rally-meteorite,2024-09-30,2024-09-27T00:00:00Z,8.8,154000.0,chart_observation,manual_research,User-provided manual Rally METEORITE Precious Minerals price history,2026-07-27T00:00:00Z,OpenAI Codex,exact,Manually transcribed Rally observation; validated against 17500 authoritative Precious Minerals master shares outstanding.,,quarterly,154000.0,chart_observation_marked_exact
rally-meteorite,2024-12-31,2024-12-30T00:00:00Z,8.45,147875.0,chart_observation,manual_research,User-provided manual Rally METEORITE Precious Minerals price history,2026-07-27T00:00:00Z,OpenAI Codex,exact,Manually transcribed Rally observation; validated against 17500 authoritative Precious Minerals master shares outstanding.,,quarterly,147875.0,chart_observation_marked_exact
rally-meteorite,2025-03-31,2025-03-26T00:00:00Z,8.5,148750.0,chart_observation,manual_research,User-provided manual Rally METEORITE Precious Minerals price history,2026-07-27T00:00:00Z,OpenAI Codex,exact,Manually transcribed Rally observation; validated against 17500 authoritative Precious Minerals master shares outstanding.,,quarterly,148750.0,chart_observation_marked_exact
rally-meteorite,2025-06-30,2025-06-27T00:00:00Z,9.0,157500.0,chart_observation,manual_research,User-provided manual Rally METEORITE Precious Minerals price history,2026-07-27T00:00:00Z,OpenAI Codex,exact,Manually transcribed Rally observation; validated against 17500 authoritative Precious Minerals master shares outstanding.,,quarterly,157500.0,chart_observation_marked_exact
rally-meteorite,2025-09-30,2025-09-29T00:00:00Z,8.35,146125.0,chart_observation,manual_research,User-provided manual Rally METEORITE Precious Minerals price history,2026-07-27T00:00:00Z,OpenAI Codex,exact,Manually transcribed Rally observation; validated against 17500 authoritative Precious Minerals master shares outstanding.,,quarterly,146125.0,chart_observation_marked_exact
rally-meteorite,2025-12-31,2025-12-31T00:00:00Z,9.25,161875.0,chart_observation,manual_research,User-provided manual Rally METEORITE Precious Minerals price history,2026-07-27T00:00:00Z,OpenAI Codex,exact,Manually transcribed Rally observation; validated against 17500 authoritative Precious Minerals master shares outstanding.,,quarterly,161875.0,chart_observation_marked_exact
rally-meteorite,2026-03-31,2026-03-27T00:00:00Z,8.0,140000.0,chart_observation,manual_research,User-provided manual Rally METEORITE Precious Minerals price history,2026-07-27T00:00:00Z,OpenAI Codex,exact,Manually transcribed Rally observation; validated against 17500 authoritative Precious Minerals master shares outstanding.,,quarterly,140000.0,chart_observation_marked_exact
rally-meteorite,2026-06-30,2026-06-30T00:00:00Z,7.25,126875.0,chart_observation,manual_research,User-provided manual Rally METEORITE Precious Minerals price history,2026-07-27T00:00:00Z,OpenAI Codex,exact,Manually transcribed Rally observation; validated against 17500 authoritative Precious Minerals master shares outstanding.,,quarterly,126875.0,chart_observation_marked_exact
rally-65ag1,2019-03-31,2019-04-01T00:00:00Z,89.25,178500.0,offering_price,manual_research,User-provided manual Rally 65AG1 Cars price history,2026-07-30T00:00:00Z,OpenAI Codex,exact,Manually transcribed Rally observation; validated against 2000 authoritative Cars master shares outstanding. Offering price and initial market cap reconcile to the authoritative Cars master.,,quarterly,178500.0,offering_price_excluded_from_secondary_returns
rally-65ag1,2019-08-22,2019-08-22T00:00:00Z,103.0,206000.0,chart_observation,manual_research,User-provided manual Rally 65AG1 Cars price history,2026-07-30T00:00:00Z,OpenAI Codex,exact,Same-quarter observation retained as non-quarterly research evidence; the closest-to-quarter-end observation is the canonical quarterly representative. Manually transcribed Rally observation; validated against 2000 authoritative Cars master shares outstanding.,,weekly,206000.0,chart_observation_marked_exact
rally-65ag1,2019-09-30,2019-10-29T00:00:00Z,104.0,208000.0,chart_observation,manual_research,User-provided manual Rally 65AG1 Cars price history,2026-07-30T00:00:00Z,OpenAI Codex,exact,Manually transcribed Rally observation; validated against 2000 authoritative Cars master shares outstanding.,,quarterly,208000.0,chart_observation_marked_exact
rally-65ag1,2020-03-31,2020-02-25T00:00:00Z,104.0,208000.0,chart_observation,manual_research,User-provided manual Rally 65AG1 Cars price history,2026-07-30T00:00:00Z,OpenAI Codex,exact,Manually transcribed Rally observation; validated against 2000 authoritative Cars master shares outstanding.,,quarterly,208000.0,chart_observation_marked_exact
rally-65ag1,2020-06-30,2020-06-09T00:00:00Z,104.0,208000.0,chart_observation,manual_research,User-provided manual Rally 65AG1 Cars price history,2026-07-30T00:00:00Z,OpenAI Codex,exact,Manually transcribed Rally observation; validated against 2000 authoritative Cars master shares outstanding.,,quarterly,208000.0,chart_observation_marked_exact
rally-65ag1,2020-09-30,2020-09-08T00:00:00Z,103.6,207200.0,chart_observation,manual_research,User-provided manual Rally 65AG1 Cars price history,2026-07-30T00:00:00Z,OpenAI Codex,exact,Manually transcribed Rally observation; validated against 2000 authoritative Cars master shares outstanding.,,quarterly,207200.0,chart_observation_marked_exact
rally-65ag1,2021-03-31,2021-02-25T00:00:00Z,105.0,210000.0,chart_observation,manual_research,User-provided manual Rally 65AG1 Cars price history,2026-07-30T00:00:00Z,OpenAI Codex,exact,Manually transcribed Rally observation; validated against 2000 authoritative Cars master shares outstanding.,,quarterly,210000.0,chart_observation_marked_exact
rally-65ag1,2021-06-30,2021-08-03T00:00:00Z,108.0,216000.0,chart_observation,manual_research,User-provided manual Rally 65AG1 Cars price history,2026-07-30T00:00:00Z,OpenAI Codex,exact,Manually transcribed Rally observation; validated against 2000 authoritative Cars master shares outstanding.,,quarterly,216000.0,chart_observation_marked_exact
rally-65ag1,2022-03-31,2022-04-11T00:00:00Z,108.0,216000.0,chart_observation,manual_research,User-provided manual Rally 65AG1 Cars price history,2026-07-30T00:00:00Z,OpenAI Codex,exact,Manually transcribed Rally observation; validated against 2000 authoritative Cars master shares outstanding.,,quarterly,216000.0,chart_observation_marked_exact
rally-65ag1,2022-06-30,2022-06-27T00:00:00Z,55.0,110000.0,chart_observation,manual_research,User-provided manual Rally 65AG1 Cars price history,2026-07-30T00:00:00Z,OpenAI Codex,exact,Manually transcribed Rally observation; validated against 2000 authoritative Cars master shares outstanding.,,quarterly,110000.0,chart_observation_marked_exact
rally-65ag1,2022-09-30,2022-09-30T00:00:00Z,54.5,109000.0,chart_observation,manual_research,User-provided manual Rally 65AG1 Cars price history,2026-07-30T00:00:00Z,OpenAI Codex,exact,Manually transcribed Rally observation; validated against 2000 authoritative Cars master shares outstanding.,,quarterly,109000.0,chart_observation_marked_exact
rally-65ag1,2022-12-31,2022-12-29T00:00:00Z,43.0,86000.0,chart_observation,manual_research,User-provided manual Rally 65AG1 Cars price history,2026-07-30T00:00:00Z,OpenAI Codex,exact,Manually transcribed Rally observation; validated against 2000 authoritative Cars master shares outstanding.,,quarterly,86000.0,chart_observation_marked_exact
rally-65ag1,2023-03-31,2023-03-29T00:00:00Z,49.9,99800.0,chart_observation,manual_research,User-provided manual Rally 65AG1 Cars price history,2026-07-30T00:00:00Z,OpenAI Codex,exact,Manually transcribed Rally observation; validated against 2000 authoritative Cars master shares outstanding.,,quarterly,99800.0,chart_observation_marked_exact
rally-65ag1,2023-06-30,2023-06-26T00:00:00Z,49.85,99700.0,chart_observation,manual_research,User-provided manual Rally 65AG1 Cars price history,2026-07-30T00:00:00Z,OpenAI Codex,exact,Manually transcribed Rally observation; validated against 2000 authoritative Cars master shares outstanding.,,quarterly,99700.0,chart_observation_marked_exact
rally-65ag1,2023-09-30,2023-09-22T00:00:00Z,42.0,84000.0,chart_observation,manual_research,User-provided manual Rally 65AG1 Cars price history,2026-07-30T00:00:00Z,OpenAI Codex,exact,Manually transcribed Rally observation; validated against 2000 authoritative Cars master shares outstanding.,,quarterly,84000.0,chart_observation_marked_exact
rally-65ag1,2023-12-31,2023-12-29T00:00:00Z,34.4,68800.0,chart_observation,manual_research,User-provided manual Rally 65AG1 Cars price history,2026-07-30T00:00:00Z,OpenAI Codex,exact,Manually transcribed Rally observation; validated against 2000 authoritative Cars master shares outstanding.,,quarterly,68800.0,chart_observation_marked_exact
rally-65ag1,2024-03-31,2024-03-28T00:00:00Z,55.55,111100.0,chart_observation,manual_research,User-provided manual Rally 65AG1 Cars price history,2026-07-30T00:00:00Z,OpenAI Codex,exact,Manually transcribed Rally observation; validated against 2000 authoritative Cars master shares outstanding.,,quarterly,111100.0,chart_observation_marked_exact
rally-65ag1,2024-06-30,2024-06-26T00:00:00Z,51.0,102000.0,chart_observation,manual_research,User-provided manual Rally 65AG1 Cars price history,2026-07-30T00:00:00Z,OpenAI Codex,exact,Manually transcribed Rally observation; validated against 2000 authoritative Cars master shares outstanding.,,quarterly,102000.0,chart_observation_marked_exact
rally-65ag1,2024-09-30,2024-09-23T00:00:00Z,48.0,96000.0,chart_observation,manual_research,User-provided manual Rally 65AG1 Cars price history,2026-07-30T00:00:00Z,OpenAI Codex,exact,Manually transcribed Rally observation; validated against 2000 authoritative Cars master shares outstanding.,,quarterly,96000.0,chart_observation_marked_exact
rally-65ag1,2024-12-31,2024-12-30T00:00:00Z,55.0,110000.0,chart_observation,manual_research,User-provided manual Rally 65AG1 Cars price history,2026-07-30T00:00:00Z,OpenAI Codex,exact,Manually transcribed Rally observation; validated against 2000 authoritative Cars master shares outstanding.,,quarterly,110000.0,chart_observation_marked_exact
rally-65ag1,2025-03-31,2025-03-28T00:00:00Z,50.0,100000.0,chart_observation,manual_research,User-provided manual Rally 65AG1 Cars price history,2026-07-30T00:00:00Z,OpenAI Codex,exact,Manually transcribed Rally observation; validated against 2000 authoritative Cars master shares outstanding.,,quarterly,100000.0,chart_observation_marked_exact
rally-65ag1,2025-06-30,2025-06-26T00:00:00Z,54.55,109100.0,chart_observation,manual_research,User-provided manual Rally 65AG1 Cars price history,2026-07-30T00:00:00Z,OpenAI Codex,exact,Manually transcribed Rally observation; validated against 2000 authoritative Cars master shares outstanding.,,quarterly,109100.0,chart_observation_marked_exact
rally-65ag1,2025-09-30,2025-09-23T00:00:00Z,54.55,109100.0,chart_observation,manual_research,User-provided manual Rally 65AG1 Cars price history,2026-07-30T00:00:00Z,OpenAI Codex,exact,Manually transcribed Rally observation; validated against 2000 authoritative Cars master shares outstanding.,,quarterly,109100.0,chart_observation_marked_exact
rally-65ag1,2025-12-31,2025-12-30T00:00:00Z,45.05,90100.0,chart_observation,manual_research,User-provided manual Rally 65AG1 Cars price history,2026-07-30T00:00:00Z,OpenAI Codex,exact,Manually transcribed Rally observation; validated against 2000 authoritative Cars master shares outstanding.,,quarterly,90100.0,chart_observation_marked_exact
rally-65ag1,2026-03-31,2026-03-30T00:00:00Z,50.0,100000.0,chart_observation,manual_research,User-provided manual Rally 65AG1 Cars price history,2026-07-30T00:00:00Z,OpenAI Codex,exact,Manually transcribed Rally observation; validated against 2000 authoritative Cars master shares outstanding.,,quarterly,100000.0,chart_observation_marked_exact
rally-65ag1,2026-06-30,2026-06-26T00:00:00Z,45.0,90000.0,chart_observation,manual_research,User-provided manual Rally 65AG1 Cars price history,2026-07-30T00:00:00Z,OpenAI Codex,exact,Manually transcribed Rally observation; validated against 2000 authoritative Cars master shares outstanding.,,quarterly,90000.0,chart_observation_marked_exact
rally-69bm1,2017-12-31,2017-11-21T00:00:00Z,57.5,115000.0,offering_price,manual_research,User-provided manual Rally 69BM1 Cars price history,2026-07-30T00:00:00Z,OpenAI Codex,exact,"Corrected transcription: the supplied 115000 value was the offering market cap, not the per-share price; 57.50 per share reconciles to 2000 authoritative Cars master shares outstanding.",,quarterly,115000.0,offering_price_excluded_from_secondary_returns
rally-69bm1,2018-06-30,2018-08-09T00:00:00Z,59.6,119200.0,chart_observation,manual_research,User-provided manual Rally 69BM1 Cars price history,2026-07-30T00:00:00Z,OpenAI Codex,exact,Manually transcribed Rally observation; validated against 2000 authoritative Cars master shares outstanding.,,quarterly,119200.0,chart_observation_marked_exact
rally-69bm1,2018-09-30,2018-10-22T00:00:00Z,60.0,120000.0,chart_observation,manual_research,User-provided manual Rally 69BM1 Cars price history,2026-07-30T00:00:00Z,OpenAI Codex,exact,Manually transcribed Rally observation; validated against 2000 authoritative Cars master shares outstanding.,,quarterly,120000.0,chart_observation_marked_exact
rally-69bm1,2018-12-31,2019-01-09T00:00:00Z,60.0,120000.0,chart_observation,manual_research,User-provided manual Rally 69BM1 Cars price history,2026-07-30T00:00:00Z,OpenAI Codex,exact,Manually transcribed Rally observation; validated against 2000 authoritative Cars master shares outstanding.,,quarterly,120000.0,chart_observation_marked_exact
rally-69bm1,2019-03-31,2019-04-04T00:00:00Z,70.0,140000.0,chart_observation,manual_research,User-provided manual Rally 69BM1 Cars price history,2026-07-30T00:00:00Z,OpenAI Codex,exact,Manually transcribed Rally observation; validated against 2000 authoritative Cars master shares outstanding.,,quarterly,140000.0,chart_observation_marked_exact
rally-69bm1,2019-06-30,2019-07-09T00:00:00Z,71.1,142200.0,chart_observation,manual_research,User-provided manual Rally 69BM1 Cars price history,2026-07-30T00:00:00Z,OpenAI Codex,exact,Manually transcribed Rally observation; validated against 2000 authoritative Cars master shares outstanding.,,quarterly,142200.0,chart_observation_marked_exact
rally-69bm1,2019-09-30,2019-10-01T00:00:00Z,72.1,144200.0,chart_observation,manual_research,User-provided manual Rally 69BM1 Cars price history,2026-07-30T00:00:00Z,OpenAI Codex,exact,Manually transcribed Rally observation; validated against 2000 authoritative Cars master shares outstanding.,,quarterly,144200.0,chart_observation_marked_exact
rally-69bm1,2019-12-31,2020-01-03T00:00:00Z,73.25,146500.0,chart_observation,manual_research,User-provided manual Rally 69BM1 Cars price history,2026-07-30T00:00:00Z,OpenAI Codex,exact,Manually transcribed Rally observation; validated against 2000 authoritative Cars master shares outstanding.,,quarterly,146500.0,chart_observation_marked_exact
rally-69bm1,2020-03-31,2020-03-24T00:00:00Z,80.0,160000.0,chart_observation,manual_research,User-provided manual Rally 69BM1 Cars price history,2026-07-30T00:00:00Z,OpenAI Codex,exact,Manually transcribed Rally observation; validated against 2000 authoritative Cars master shares outstanding.,,quarterly,160000.0,chart_observation_marked_exact
rally-69bm1,2020-06-30,2020-06-30T00:00:00Z,82.0,164000.0,chart_observation,manual_research,User-provided manual Rally 69BM1 Cars price history,2026-07-30T00:00:00Z,OpenAI Codex,exact,Manually transcribed Rally observation; validated against 2000 authoritative Cars master shares outstanding.,,quarterly,164000.0,chart_observation_marked_exact
rally-69bm1,2020-09-30,2020-10-06T00:00:00Z,84.0,168000.0,chart_observation,manual_research,User-provided manual Rally 69BM1 Cars price history,2026-07-30T00:00:00Z,OpenAI Codex,exact,Manually transcribed Rally observation; validated against 2000 authoritative Cars master shares outstanding.,,quarterly,168000.0,chart_observation_marked_exact
rally-69bm1,2020-12-31,2021-01-19T00:00:00Z,84.0,168000.0,chart_observation,manual_research,User-provided manual Rally 69BM1 Cars price history,2026-07-30T00:00:00Z,OpenAI Codex,exact,Manually transcribed Rally observation; validated against 2000 authoritative Cars master shares outstanding.,,quarterly,168000.0,chart_observation_marked_exact
rally-69bm1,2021-03-31,2021-03-25T00:00:00Z,84.0,168000.0,chart_observation,manual_research,User-provided manual Rally 69BM1 Cars price history,2026-07-30T00:00:00Z,OpenAI Codex,exact,Manually transcribed Rally observation; validated against 2000 authoritative Cars master shares outstanding.,,quarterly,168000.0,chart_observation_marked_exact
rally-69bm1,2021-06-30,2021-06-15T00:00:00Z,86.0,172000.0,chart_observation,manual_research,User-provided manual Rally 69BM1 Cars price history,2026-07-30T00:00:00Z,OpenAI Codex,exact,Manually transcribed Rally observation; validated against 2000 authoritative Cars master shares outstanding.,,quarterly,172000.0,chart_observation_marked_exact
rally-69bm1,2021-09-30,2021-09-23T00:00:00Z,84.0,168000.0,chart_observation,manual_research,User-provided manual Rally 69BM1 Cars price history,2026-07-30T00:00:00Z,OpenAI Codex,exact,Manually transcribed Rally observation; validated against 2000 authoritative Cars master shares outstanding.,,quarterly,168000.0,chart_observation_marked_exact
rally-69bm1,2022-09-30,2022-09-12T00:00:00Z,81.0,162000.0,chart_observation,manual_research,User-provided manual Rally 69BM1 Cars price history,2026-07-30T00:00:00Z,OpenAI Codex,exact,Manually transcribed Rally observation; validated against 2000 authoritative Cars master shares outstanding.,,quarterly,162000.0,chart_observation_marked_exact
rally-69bm1,2022-12-31,2022-12-27T00:00:00Z,40.1,80200.0,chart_observation,manual_research,User-provided manual Rally 69BM1 Cars price history,2026-07-30T00:00:00Z,OpenAI Codex,exact,Manually transcribed Rally observation; validated against 2000 authoritative Cars master shares outstanding.,,quarterly,80200.0,chart_observation_marked_exact
rally-69bm1,2023-03-31,2023-03-31T00:00:00Z,67.0,134000.0,chart_observation,manual_research,User-provided manual Rally 69BM1 Cars price history,2026-07-30T00:00:00Z,OpenAI Codex,exact,Manually transcribed Rally observation; validated against 2000 authoritative Cars master shares outstanding.,,quarterly,134000.0,chart_observation_marked_exact
rally-69bm1,2023-09-30,2023-09-22T00:00:00Z,64.95,129900.0,chart_observation,manual_research,User-provided manual Rally 69BM1 Cars price history,2026-07-30T00:00:00Z,OpenAI Codex,exact,Manually transcribed Rally observation; validated against 2000 authoritative Cars master shares outstanding.,,quarterly,129900.0,chart_observation_marked_exact
rally-69bm1,2023-12-31,2023-12-27T00:00:00Z,52.0,104000.0,chart_observation,manual_research,User-provided manual Rally 69BM1 Cars price history,2026-07-30T00:00:00Z,OpenAI Codex,exact,Manually transcribed Rally observation; validated against 2000 authoritative Cars master shares outstanding.,,quarterly,104000.0,chart_observation_marked_exact
rally-69bm1,2024-03-31,2024-03-22T00:00:00Z,68.0,136000.0,chart_observation,manual_research,User-provided manual Rally 69BM1 Cars price history,2026-07-30T00:00:00Z,OpenAI Codex,exact,Manually transcribed Rally observation; validated against 2000 authoritative Cars master shares outstanding.,,quarterly,136000.0,chart_observation_marked_exact
rally-69bm1,2024-06-30,2024-06-27T00:00:00Z,59.05,118100.0,chart_observation,manual_research,User-provided manual Rally 69BM1 Cars price history,2026-07-30T00:00:00Z,OpenAI Codex,exact,Manually transcribed Rally observation; validated against 2000 authoritative Cars master shares outstanding.,,quarterly,118100.0,chart_observation_marked_exact
rally-69bm1,2024-09-30,2024-09-23T00:00:00Z,59.05,118100.0,chart_observation,manual_research,User-provided manual Rally 69BM1 Cars price history,2026-07-30T00:00:00Z,OpenAI Codex,exact,Manually transcribed Rally observation; validated against 2000 authoritative Cars master shares outstanding.,,quarterly,118100.0,chart_observation_marked_exact
rally-69bm1,2024-12-31,2024-12-27T00:00:00Z,66.0,132000.0,chart_observation,manual_research,User-provided manual Rally 69BM1 Cars price history,2026-07-30T00:00:00Z,OpenAI Codex,exact,Manually transcribed Rally observation; validated against 2000 authoritative Cars master shares outstanding.,,quarterly,132000.0,chart_observation_marked_exact
rally-69bm1,2025-03-31,2025-03-24T00:00:00Z,65.0,130000.0,chart_observation,manual_research,User-provided manual Rally 69BM1 Cars price history,2026-07-30T00:00:00Z,OpenAI Codex,exact,Manually transcribed Rally observation; validated against 2000 authoritative Cars master shares outstanding.,,quarterly,130000.0,chart_observation_marked_exact
rally-69bm1,2025-06-30,2025-06-30T00:00:00Z,63.05,126100.0,chart_observation,manual_research,User-provided manual Rally 69BM1 Cars price history,2026-07-30T00:00:00Z,OpenAI Codex,exact,Manually transcribed Rally observation; validated against 2000 authoritative Cars master shares outstanding.,,quarterly,126100.0,chart_observation_marked_exact
rally-69bm1,2025-12-31,2025-12-29T00:00:00Z,48.0,96000.0,chart_observation,manual_research,User-provided manual Rally 69BM1 Cars price history,2026-07-30T00:00:00Z,OpenAI Codex,exact,Manually transcribed Rally observation; validated against 2000 authoritative Cars master shares outstanding.,,quarterly,96000.0,chart_observation_marked_exact
rally-69bm1,2026-03-31,2026-03-26T00:00:00Z,48.0,96000.0,chart_observation,manual_research,User-provided manual Rally 69BM1 Cars price history,2026-07-30T00:00:00Z,OpenAI Codex,exact,Manually transcribed Rally observation; validated against 2000 authoritative Cars master shares outstanding.,,quarterly,96000.0,chart_observation_marked_exact
rally-69bm1,2026-06-30,2026-06-30T00:00:00Z,50.0,100000.0,chart_observation,manual_research,User-provided manual Rally 69BM1 Cars price history,2026-07-30T00:00:00Z,OpenAI Codex,exact,Manually transcribed Rally observation; validated against 2000 authoritative Cars master shares outstanding.,,quarterly,100000.0,chart_observation_marked_exact
rally-82av1,2021-12-31,2021-12-01T00:00:00Z,20.0,297500.0,offering_price,manual_research,User-provided manual Rally 82AV1 Cars price history,2026-07-30T00:00:00Z,OpenAI Codex,exact,Manually transcribed Rally observation; validated against 14875 authoritative Cars master shares outstanding. Offering price and initial market cap reconcile to the authoritative Cars master.,,quarterly,297500.0,offering_price_excluded_from_secondary_returns
rally-82av1,2022-06-30,2022-06-21T00:00:00Z,10.5,156187.5,chart_observation,manual_research,User-provided manual Rally 82AV1 Cars price history,2026-07-30T00:00:00Z,OpenAI Codex,exact,Manually transcribed Rally observation; validated against 14875 authoritative Cars master shares outstanding.,,quarterly,156187.5,chart_observation_marked_exact
rally-82av1,2022-09-30,2022-09-30T00:00:00Z,11.1,165112.5,chart_observation,manual_research,User-provided manual Rally 82AV1 Cars price history,2026-07-30T00:00:00Z,OpenAI Codex,exact,Manually transcribed Rally observation; validated against 14875 authoritative Cars master shares outstanding.,,quarterly,165112.5,chart_observation_marked_exact
rally-82av1,2022-12-31,2022-12-27T00:00:00Z,8.0,119000.0,chart_observation,manual_research,User-provided manual Rally 82AV1 Cars price history,2026-07-30T00:00:00Z,OpenAI Codex,exact,Manually transcribed Rally observation; validated against 14875 authoritative Cars master shares outstanding.,,quarterly,119000.0,chart_observation_marked_exact
rally-82av1,2023-03-31,2023-03-28T00:00:00Z,12.9,191887.5,chart_observation,manual_research,User-provided manual Rally 82AV1 Cars price history,2026-07-30T00:00:00Z,OpenAI Codex,exact,Manually transcribed Rally observation; validated against 14875 authoritative Cars master shares outstanding.,,quarterly,191887.5,chart_observation_marked_exact
rally-82av1,2023-06-30,2023-06-28T00:00:00Z,11.4,169575.0,chart_observation,manual_research,User-provided manual Rally 82AV1 Cars price history,2026-07-30T00:00:00Z,OpenAI Codex,exact,Manually transcribed Rally observation; validated against 14875 authoritative Cars master shares outstanding.,,quarterly,169575.0,chart_observation_marked_exact
rally-82av1,2023-09-30,2023-09-28T00:00:00Z,10.0,148750.0,chart_observation,manual_research,User-provided manual Rally 82AV1 Cars price history,2026-07-30T00:00:00Z,OpenAI Codex,exact,Manually transcribed Rally observation; validated against 14875 authoritative Cars master shares outstanding.,,quarterly,148750.0,chart_observation_marked_exact
rally-82av1,2023-12-31,2023-12-29T00:00:00Z,10.75,159906.25,chart_observation,manual_research,User-provided manual Rally 82AV1 Cars price history,2026-07-30T00:00:00Z,OpenAI Codex,exact,Manually transcribed Rally observation; validated against 14875 authoritative Cars master shares outstanding.,,quarterly,159906.25,chart_observation_marked_exact
rally-82av1,2024-03-31,2024-03-26T00:00:00Z,13.75,204531.25,chart_observation,manual_research,User-provided manual Rally 82AV1 Cars price history,2026-07-30T00:00:00Z,OpenAI Codex,exact,Manually transcribed Rally observation; validated against 14875 authoritative Cars master shares outstanding.,,quarterly,204531.25,chart_observation_marked_exact
rally-82av1,2024-06-30,2024-06-26T00:00:00Z,13.45,200068.75,chart_observation,manual_research,User-provided manual Rally 82AV1 Cars price history,2026-07-30T00:00:00Z,OpenAI Codex,exact,Manually transcribed Rally observation; validated against 14875 authoritative Cars master shares outstanding.,,quarterly,200068.75,chart_observation_marked_exact
rally-82av1,2024-09-30,2024-09-26T00:00:00Z,12.7,188912.5,chart_observation,manual_research,User-provided manual Rally 82AV1 Cars price history,2026-07-30T00:00:00Z,OpenAI Codex,exact,Manually transcribed Rally observation; validated against 14875 authoritative Cars master shares outstanding.,,quarterly,188912.5,chart_observation_marked_exact
rally-82av1,2024-12-31,2024-12-27T00:00:00Z,12.25,182218.75,chart_observation,manual_research,User-provided manual Rally 82AV1 Cars price history,2026-07-30T00:00:00Z,OpenAI Codex,exact,Manually transcribed Rally observation; validated against 14875 authoritative Cars master shares outstanding.,,quarterly,182218.75,chart_observation_marked_exact
rally-82av1,2025-03-31,2025-03-28T00:00:00Z,12.2,181475.0,chart_observation,manual_research,User-provided manual Rally 82AV1 Cars price history,2026-07-30T00:00:00Z,OpenAI Codex,exact,Manually transcribed Rally observation; validated against 14875 authoritative Cars master shares outstanding.,,quarterly,181475.0,chart_observation_marked_exact
rally-82av1,2025-06-30,2025-06-30T00:00:00Z,12.4,184450.0,chart_observation,manual_research,User-provided manual Rally 82AV1 Cars price history,2026-07-30T00:00:00Z,OpenAI Codex,exact,Manually transcribed Rally observation; validated against 14875 authoritative Cars master shares outstanding.,,quarterly,184450.0,chart_observation_marked_exact
rally-82av1,2025-09-30,2025-09-25T00:00:00Z,10.5,156187.5,chart_observation,manual_research,User-provided manual Rally 82AV1 Cars price history,2026-07-30T00:00:00Z,OpenAI Codex,exact,Manually transcribed Rally observation; validated against 14875 authoritative Cars master shares outstanding.,,quarterly,156187.5,chart_observation_marked_exact
rally-82av1,2025-12-31,2025-12-26T00:00:00Z,12.25,182218.75,chart_observation,manual_research,User-provided manual Rally 82AV1 Cars price history,2026-07-30T00:00:00Z,OpenAI Codex,exact,Manually transcribed Rally observation; validated against 14875 authoritative Cars master shares outstanding.,,quarterly,182218.75,chart_observation_marked_exact
rally-82av1,2026-03-31,2026-03-27T00:00:00Z,11.8,175525.0,chart_observation,manual_research,User-provided manual Rally 82AV1 Cars price history,2026-07-30T00:00:00Z,OpenAI Codex,exact,Manually transcribed Rally observation; validated against 14875 authoritative Cars master shares outstanding.,,quarterly,175525.0,chart_observation_marked_exact
rally-82av1,2026-06-30,2026-06-29T00:00:00Z,11.0,163625.0,chart_observation,manual_research,User-provided manual Rally 82AV1 Cars price history,2026-07-30T00:00:00Z,OpenAI Codex,exact,Manually transcribed Rally observation; validated against 14875 authoritative Cars master shares outstanding.,,quarterly,163625.0,chart_observation_marked_exact
rally-92cc1,2019-09-30,2019-09-27T00:00:00Z,26.25,52500.0,offering_price,manual_research,User-provided manual Rally 92CC1 Cars price history,2026-07-30T00:00:00Z,OpenAI Codex,exact,Manually transcribed Rally observation; validated against 2000 authoritative Cars master shares outstanding. Offering price and initial market cap reconcile to the authoritative Cars master.,,quarterly,52500.0,offering_price_excluded_from_secondary_returns
rally-92cc1,2019-12-31,2019-12-01T00:00:00Z,27.0,54000.0,chart_observation,manual_research,User-provided manual Rally 92CC1 Cars price history,2026-07-30T00:00:00Z,OpenAI Codex,exact,Manually transcribed Rally observation; validated against 2000 authoritative Cars master shares outstanding.,,quarterly,54000.0,chart_observation_marked_exact
rally-92cc1,2020-03-31,2020-04-21T00:00:00Z,26.0,52000.0,chart_observation,manual_research,User-provided manual Rally 92CC1 Cars price history,2026-07-30T00:00:00Z,OpenAI Codex,exact,Manually transcribed Rally observation; validated against 2000 authoritative Cars master shares outstanding.,,quarterly,52000.0,chart_observation_marked_exact
rally-92cc1,2020-06-30,2020-08-04T00:00:00Z,20.0,40000.0,chart_observation,manual_research,User-provided manual Rally 92CC1 Cars price history,2026-07-30T00:00:00Z,OpenAI Codex,exact,Manually transcribed Rally observation; validated against 2000 authoritative Cars master shares outstanding.,,quarterly,40000.0,chart_observation_marked_exact
rally-92cc1,2020-09-30,2020-11-10T00:00:00Z,17.5,35000.0,chart_observation,manual_research,User-provided manual Rally 92CC1 Cars price history,2026-07-30T00:00:00Z,OpenAI Codex,exact,Manually transcribed Rally observation; validated against 2000 authoritative Cars master shares outstanding.,,quarterly,35000.0,chart_observation_marked_exact
rally-92cc1,2020-12-31,2021-02-04T00:00:00Z,19.0,38000.0,chart_observation,manual_research,User-provided manual Rally 92CC1 Cars price history,2026-07-30T00:00:00Z,OpenAI Codex,exact,Manually transcribed Rally observation; validated against 2000 authoritative Cars master shares outstanding.,,quarterly,38000.0,chart_observation_marked_exact
rally-92cc1,2021-03-31,2021-04-08T00:00:00Z,18.5,37000.0,chart_observation,manual_research,User-provided manual Rally 92CC1 Cars price history,2026-07-30T00:00:00Z,OpenAI Codex,exact,Manually transcribed Rally observation; validated against 2000 authoritative Cars master shares outstanding.,,quarterly,37000.0,chart_observation_marked_exact
rally-92cc1,2021-06-30,2021-07-15T00:00:00Z,30.0,60000.0,chart_observation,manual_research,User-provided manual Rally 92CC1 Cars price history,2026-07-30T00:00:00Z,OpenAI Codex,exact,Manually transcribed Rally observation; validated against 2000 authoritative Cars master shares outstanding.,,quarterly,60000.0,chart_observation_marked_exact
rally-92cc1,2021-09-30,2021-11-02T00:00:00Z,32.6,65200.0,chart_observation,manual_research,User-provided manual Rally 92CC1 Cars price history,2026-07-30T00:00:00Z,OpenAI Codex,exact,Manually transcribed Rally observation; validated against 2000 authoritative Cars master shares outstanding.,,quarterly,65200.0,chart_observation_marked_exact
rally-92cc1,2022-03-21,2022-03-21T00:00:00Z,29.25,58500.0,chart_observation,manual_research,User-provided manual Rally 92CC1 Cars price history,2026-07-30T00:00:00Z,OpenAI Codex,exact,Same-quarter observation retained as non-quarterly research evidence; the closest-to-quarter-end observation is the canonical quarterly representative. Manually transcribed Rally observation; validated against 2000 authoritative Cars master shares outstanding.,,weekly,58500.0,chart_observation_marked_exact
rally-92cc1,2022-03-31,2022-03-25T00:00:00Z,20.0,40000.0,chart_observation,manual_research,User-provided manual Rally 92CC1 Cars price history,2026-07-30T00:00:00Z,OpenAI Codex,exact,Manually transcribed Rally observation; validated against 2000 authoritative Cars master shares outstanding.,,quarterly,40000.0,chart_observation_marked_exact
rally-92cc1,2022-06-30,2022-06-24T00:00:00Z,20.55,41100.0,chart_observation,manual_research,User-provided manual Rally 92CC1 Cars price history,2026-07-30T00:00:00Z,OpenAI Codex,exact,Manually transcribed Rally observation; validated against 2000 authoritative Cars master shares outstanding.,,quarterly,41100.0,chart_observation_marked_exact
rally-92cc1,2022-09-30,2022-09-30T00:00:00Z,21.0,42000.0,chart_observation,manual_research,User-provided manual Rally 92CC1 Cars price history,2026-07-30T00:00:00Z,OpenAI Codex,exact,Manually transcribed Rally observation; validated against 2000 authoritative Cars master shares outstanding.,,quarterly,42000.0,chart_observation_marked_exact
rally-92cc1,2022-12-31,2022-12-30T00:00:00Z,17.5,35000.0,chart_observation,manual_research,User-provided manual Rally 92CC1 Cars price history,2026-07-30T00:00:00Z,OpenAI Codex,exact,Manually transcribed Rally observation; validated against 2000 authoritative Cars master shares outstanding.,,quarterly,35000.0,chart_observation_marked_exact
rally-92cc1,2023-03-31,2023-03-24T00:00:00Z,21.75,43500.0,chart_observation,manual_research,User-provided manual Rally 92CC1 Cars price history,2026-07-30T00:00:00Z,OpenAI Codex,exact,Manually transcribed Rally observation; validated against 2000 authoritative Cars master shares outstanding.,,quarterly,43500.0,chart_observation_marked_exact
rally-92cc1,2023-06-30,2023-06-23T00:00:00Z,21.5,43000.0,chart_observation,manual_research,User-provided manual Rally 92CC1 Cars price history,2026-07-30T00:00:00Z,OpenAI Codex,exact,Manually transcribed Rally observation; validated against 2000 authoritative Cars master shares outstanding.,,quarterly,43000.0,chart_observation_marked_exact
rally-92cc1,2023-09-30,2023-09-22T00:00:00Z,19.0,38000.0,chart_observation,manual_research,User-provided manual Rally 92CC1 Cars price history,2026-07-30T00:00:00Z,OpenAI Codex,exact,Manually transcribed Rally observation; validated against 2000 authoritative Cars master shares outstanding.,,quarterly,38000.0,chart_observation_marked_exact
rally-92cc1,2023-12-31,2023-12-29T00:00:00Z,19.45,38900.0,chart_observation,manual_research,User-provided manual Rally 92CC1 Cars price history,2026-07-30T00:00:00Z,OpenAI Codex,exact,Manually transcribed Rally observation; validated against 2000 authoritative Cars master shares outstanding.,,quarterly,38900.0,chart_observation_marked_exact
rally-92cc1,2024-03-31,2024-04-01T00:00:00Z,31.0,62000.0,chart_observation,manual_research,User-provided manual Rally 92CC1 Cars price history,2026-07-30T00:00:00Z,OpenAI Codex,exact,Manually transcribed Rally observation; validated against 2000 authoritative Cars master shares outstanding.,,quarterly,62000.0,chart_observation_marked_exact
rally-92cc1,2024-06-21,2024-06-21T00:00:00Z,22.5,45000.0,chart_observation,manual_research,User-provided manual Rally 92CC1 Cars price history,2026-07-30T00:00:00Z,OpenAI Codex,exact,Same-quarter observation retained as non-quarterly research evidence; the closest-to-quarter-end observation is the canonical quarterly representative. Manually transcribed Rally observation; validated against 2000 authoritative Cars master shares outstanding.,,weekly,45000.0,chart_observation_marked_exact
rally-92cc1,2024-06-30,2024-07-01T00:00:00Z,22.5,45000.0,chart_observation,manual_research,User-provided manual Rally 92CC1 Cars price history,2026-07-30T00:00:00Z,OpenAI Codex,exact,Manually transcribed Rally observation; validated against 2000 authoritative Cars master shares outstanding.,,quarterly,45000.0,chart_observation_marked_exact
rally-92cc1,2024-09-30,2024-09-30T00:00:00Z,18.0,36000.0,chart_observation,manual_research,User-provided manual Rally 92CC1 Cars price history,2026-07-30T00:00:00Z,OpenAI Codex,exact,Manually transcribed Rally observation; validated against 2000 authoritative Cars master shares outstanding.,,quarterly,36000.0,chart_observation_marked_exact
rally-92cc1,2024-12-31,2024-12-30T00:00:00Z,22.55,45100.0,chart_observation,manual_research,User-provided manual Rally 92CC1 Cars price history,2026-07-30T00:00:00Z,OpenAI Codex,exact,Manually transcribed Rally observation; validated against 2000 authoritative Cars master shares outstanding.,,quarterly,45100.0,chart_observation_marked_exact
rally-92cc1,2025-03-31,2025-03-31T00:00:00Z,23.5,47000.0,chart_observation,manual_research,User-provided manual Rally 92CC1 Cars price history,2026-07-30T00:00:00Z,OpenAI Codex,exact,Manually transcribed Rally observation; validated against 2000 authoritative Cars master shares outstanding.,,quarterly,47000.0,chart_observation_marked_exact
rally-92cc1,2025-06-30,2025-06-30T00:00:00Z,23.5,47000.0,chart_observation,manual_research,User-provided manual Rally 92CC1 Cars price history,2026-07-30T00:00:00Z,OpenAI Codex,exact,Manually transcribed Rally observation; validated against 2000 authoritative Cars master shares outstanding.,,quarterly,47000.0,chart_observation_marked_exact
rally-92cc1,2025-09-30,2025-09-29T00:00:00Z,25.0,50000.0,chart_observation,manual_research,User-provided manual Rally 92CC1 Cars price history,2026-07-30T00:00:00Z,OpenAI Codex,exact,Manually transcribed Rally observation; validated against 2000 authoritative Cars master shares outstanding.,,quarterly,50000.0,chart_observation_marked_exact
rally-92cc1,2025-12-31,2025-12-29T00:00:00Z,29.0,58000.0,chart_observation,manual_research,User-provided manual Rally 92CC1 Cars price history,2026-07-30T00:00:00Z,OpenAI Codex,exact,Manually transcribed Rally observation; validated against 2000 authoritative Cars master shares outstanding.,,quarterly,58000.0,chart_observation_marked_exact
rally-92cc1,2026-03-31,2026-03-30T00:00:00Z,37.0,74000.0,chart_observation,manual_research,User-provided manual Rally 92CC1 Cars price history,2026-07-30T00:00:00Z,OpenAI Codex,exact,Manually transcribed Rally observation; validated against 2000 authoritative Cars master shares outstanding.,,quarterly,74000.0,chart_observation_marked_exact
rally-92cc1,2026-06-30,2026-06-29T00:00:00Z,40.0,80000.0,chart_observation,manual_research,User-provided manual Rally 92CC1 Cars price history,2026-07-30T00:00:00Z,OpenAI Codex,exact,Manually transcribed Rally observation; validated against 2000 authoritative Cars master shares outstanding.,,quarterly,80000.0,chart_observation_marked_exact
rally-92ld1,2018-12-31,2018-12-07T00:00:00Z,55.0,165000.0,offering_price,manual_research,User-provided manual Rally 92LD1 Cars price history,2026-07-30T00:00:00Z,OpenAI Codex,exact,Manually transcribed Rally observation; validated against 3000 authoritative Cars master shares outstanding. Offering price and initial market cap reconcile to the authoritative Cars master.,,quarterly,165000.0,offering_price_excluded_from_secondary_returns
rally-92ld1,2019-03-31,2019-04-04T00:00:00Z,55.5,166500.0,chart_observation,manual_research,User-provided manual Rally 92LD1 Cars price history,2026-07-30T00:00:00Z,OpenAI Codex,exact,Manually transcribed Rally observation; validated against 3000 authoritative Cars master shares outstanding.,,quarterly,166500.0,chart_observation_marked_exact
rally-92ld1,2019-06-30,2019-08-13T00:00:00Z,55.5,166500.0,chart_observation,manual_research,User-provided manual Rally 92LD1 Cars price history,2026-07-30T00:00:00Z,OpenAI Codex,exact,Manually transcribed Rally observation; validated against 3000 authoritative Cars master shares outstanding.,,quarterly,166500.0,chart_observation_marked_exact
rally-92ld1,2019-09-30,2019-10-24T00:00:00Z,60.0,180000.0,chart_observation,manual_research,User-provided manual Rally 92LD1 Cars price history,2026-07-30T00:00:00Z,OpenAI Codex,exact,Manually transcribed Rally observation; validated against 3000 authoritative Cars master shares outstanding.,,quarterly,180000.0,chart_observation_marked_exact
rally-92ld1,2019-12-31,2020-01-28T00:00:00Z,60.0,180000.0,chart_observation,manual_research,User-provided manual Rally 92LD1 Cars price history,2026-07-30T00:00:00Z,OpenAI Codex,exact,Manually transcribed Rally observation; validated against 3000 authoritative Cars master shares outstanding.,,quarterly,180000.0,chart_observation_marked_exact
rally-92ld1,2020-03-31,2020-05-12T00:00:00Z,60.0,180000.0,chart_observation,manual_research,User-provided manual Rally 92LD1 Cars price history,2026-07-30T00:00:00Z,OpenAI Codex,exact,Manually transcribed Rally observation; validated against 3000 authoritative Cars master shares outstanding.,,quarterly,180000.0,chart_observation_marked_exact
rally-92ld1,2020-09-30,2020-09-01T00:00:00Z,60.0,180000.0,chart_observation,manual_research,User-provided manual Rally 92LD1 Cars price history,2026-07-30T00:00:00Z,OpenAI Codex,exact,Manually transcribed Rally observation; validated against 3000 authoritative Cars master shares outstanding.,,quarterly,180000.0,chart_observation_marked_exact
rally-92ld1,2020-12-31,2020-12-01T00:00:00Z,61.0,183000.0,chart_observation,manual_research,User-provided manual Rally 92LD1 Cars price history,2026-07-30T00:00:00Z,OpenAI Codex,exact,Manually transcribed Rally observation; validated against 3000 authoritative Cars master shares outstanding.,,quarterly,183000.0,chart_observation_marked_exact
rally-92ld1,2021-02-16,2021-02-16T00:00:00Z,50.0,150000.0,chart_observation,manual_research,User-provided manual Rally 92LD1 Cars price history,2026-07-30T00:00:00Z,OpenAI Codex,exact,Same-quarter observation retained as non-quarterly research evidence; the closest-to-quarter-end observation is the canonical quarterly representative. Manually transcribed Rally observation; validated against 3000 authoritative Cars master shares outstanding.,,weekly,150000.0,chart_observation_marked_exact
rally-92ld1,2021-03-31,2021-05-12T00:00:00Z,44.0,132000.0,chart_observation,manual_research,User-provided manual Rally 92LD1 Cars price history,2026-07-30T00:00:00Z,OpenAI Codex,exact,Manually transcribed Rally observation; validated against 3000 authoritative Cars master shares outstanding.,,quarterly,132000.0,chart_observation_marked_exact
rally-92ld1,2021-06-30,2021-08-09T00:00:00Z,50.0,150000.0,chart_observation,manual_research,User-provided manual Rally 92LD1 Cars price history,2026-07-30T00:00:00Z,OpenAI Codex,exact,Manually transcribed Rally observation; validated against 3000 authoritative Cars master shares outstanding.,,quarterly,150000.0,chart_observation_marked_exact
rally-92ld1,2022-03-31,2022-03-28T00:00:00Z,49.0,147000.0,chart_observation,manual_research,User-provided manual Rally 92LD1 Cars price history,2026-07-30T00:00:00Z,OpenAI Codex,exact,Manually transcribed Rally observation; validated against 3000 authoritative Cars master shares outstanding.,,quarterly,147000.0,chart_observation_marked_exact
rally-92ld1,2022-06-30,2022-06-27T00:00:00Z,42.95,128850.0,chart_observation,manual_research,User-provided manual Rally 92LD1 Cars price history,2026-07-30T00:00:00Z,OpenAI Codex,exact,Manually transcribed Rally observation; validated against 3000 authoritative Cars master shares outstanding.,,quarterly,128850.0,chart_observation_marked_exact
rally-92ld1,2022-09-30,2022-09-28T00:00:00Z,42.95,128850.0,chart_observation,manual_research,User-provided manual Rally 92LD1 Cars price history,2026-07-30T00:00:00Z,OpenAI Codex,exact,Manually transcribed Rally observation; validated against 3000 authoritative Cars master shares outstanding.,,quarterly,128850.0,chart_observation_marked_exact
rally-92ld1,2022-12-31,2022-12-30T00:00:00Z,30.05,90150.0,chart_observation,manual_research,User-provided manual Rally 92LD1 Cars price history,2026-07-30T00:00:00Z,OpenAI Codex,exact,Manually transcribed Rally observation; validated against 3000 authoritative Cars master shares outstanding.,,quarterly,90150.0,chart_observation_marked_exact
rally-92ld1,2023-03-31,2023-03-24T00:00:00Z,33.0,99000.0,chart_observation,manual_research,User-provided manual Rally 92LD1 Cars price history,2026-07-30T00:00:00Z,OpenAI Codex,exact,Manually transcribed Rally observation; validated against 3000 authoritative Cars master shares outstanding.,,quarterly,99000.0,chart_observation_marked_exact
rally-92ld1,2023-06-30,2023-06-27T00:00:00Z,35.0,105000.0,chart_observation,manual_research,User-provided manual Rally 92LD1 Cars price history,2026-07-30T00:00:00Z,OpenAI Codex,exact,Manually transcribed Rally observation; validated against 3000 authoritative Cars master shares outstanding.,,quarterly,105000.0,chart_observation_marked_exact
rally-92ld1,2023-09-30,2023-09-28T00:00:00Z,36.5,109500.0,chart_observation,manual_research,User-provided manual Rally 92LD1 Cars price history,2026-07-30T00:00:00Z,OpenAI Codex,exact,Manually transcribed Rally observation; validated against 3000 authoritative Cars master shares outstanding.,,quarterly,109500.0,chart_observation_marked_exact
rally-92ld1,2023-12-31,2023-12-29T00:00:00Z,36.25,108750.0,chart_observation,manual_research,User-provided manual Rally 92LD1 Cars price history,2026-07-30T00:00:00Z,OpenAI Codex,exact,Manually transcribed Rally observation; validated against 3000 authoritative Cars master shares outstanding.,,quarterly,108750.0,chart_observation_marked_exact
rally-92ld1,2024-03-31,2024-03-25T00:00:00Z,55.0,165000.0,chart_observation,manual_research,User-provided manual Rally 92LD1 Cars price history,2026-07-30T00:00:00Z,OpenAI Codex,exact,Manually transcribed Rally observation; validated against 3000 authoritative Cars master shares outstanding.,,quarterly,165000.0,chart_observation_marked_exact
rally-92ld1,2024-06-30,2024-06-26T00:00:00Z,31.5,94500.0,chart_observation,manual_research,User-provided manual Rally 92LD1 Cars price history,2026-07-30T00:00:00Z,OpenAI Codex,exact,Manually transcribed Rally observation; validated against 3000 authoritative Cars master shares outstanding.,,quarterly,94500.0,chart_observation_marked_exact
rally-92ld1,2024-09-30,2024-09-27T00:00:00Z,45.0,135000.0,chart_observation,manual_research,User-provided manual Rally 92LD1 Cars price history,2026-07-30T00:00:00Z,OpenAI Codex,exact,Manually transcribed Rally observation; validated against 3000 authoritative Cars master shares outstanding.,,quarterly,135000.0,chart_observation_marked_exact
rally-92ld1,2024-12-31,2024-12-30T00:00:00Z,43.95,131850.0,chart_observation,manual_research,User-provided manual Rally 92LD1 Cars price history,2026-07-30T00:00:00Z,OpenAI Codex,exact,Manually transcribed Rally observation; validated against 3000 authoritative Cars master shares outstanding.,,quarterly,131850.0,chart_observation_marked_exact
rally-92ld1,2025-03-31,2025-03-24T00:00:00Z,44.0,132000.0,chart_observation,manual_research,User-provided manual Rally 92LD1 Cars price history,2026-07-30T00:00:00Z,OpenAI Codex,exact,Manually transcribed Rally observation; validated against 3000 authoritative Cars master shares outstanding.,,quarterly,132000.0,chart_observation_marked_exact
rally-92ld1,2025-06-30,2025-06-25T00:00:00Z,45.0,135000.0,chart_observation,manual_research,User-provided manual Rally 92LD1 Cars price history,2026-07-30T00:00:00Z,OpenAI Codex,exact,Manually transcribed Rally observation; validated against 3000 authoritative Cars master shares outstanding.,,quarterly,135000.0,chart_observation_marked_exact
rally-92ld1,2025-09-30,2025-09-26T00:00:00Z,40.0,120000.0,chart_observation,manual_research,User-provided manual Rally 92LD1 Cars price history,2026-07-30T00:00:00Z,OpenAI Codex,exact,Manually transcribed Rally observation; validated against 3000 authoritative Cars master shares outstanding.,,quarterly,120000.0,chart_observation_marked_exact
rally-92ld1,2025-12-31,2025-12-29T00:00:00Z,43.4,130200.0,chart_observation,manual_research,User-provided manual Rally 92LD1 Cars price history,2026-07-30T00:00:00Z,OpenAI Codex,exact,Manually transcribed Rally observation; validated against 3000 authoritative Cars master shares outstanding.,,quarterly,130200.0,chart_observation_marked_exact
rally-92ld1,2026-03-31,2026-03-24T00:00:00Z,46.9,140700.0,chart_observation,manual_research,User-provided manual Rally 92LD1 Cars price history,2026-07-30T00:00:00Z,OpenAI Codex,exact,Manually transcribed Rally observation; validated against 3000 authoritative Cars master shares outstanding.,,quarterly,140700.0,chart_observation_marked_exact
rally-92ld1,2026-06-30,2026-06-25T00:00:00Z,42.5,127500.0,chart_observation,manual_research,User-provided manual Rally 92LD1 Cars price history,2026-07-30T00:00:00Z,OpenAI Codex,exact,Manually transcribed Rally observation; validated against 3000 authoritative Cars master shares outstanding.,,quarterly,127500.0,chart_observation_marked_exact
rally-61je1,2019-03-31,2019-04-19T00:00:00Z,82.0,246000.0,offering_price,manual_research,User-provided manual Rally 61JE1 Cars price history,2026-07-31T00:00:00Z,OpenAI Codex,exact,Manually transcribed Rally observation; validated against 3000 authoritative Cars master shares outstanding. Offering price and initial market cap reconcile to the authoritative Cars master.,,quarterly,246000.0,offering_price_excluded_from_secondary_returns
rally-61je1,2019-09-30,2019-10-10T00:00:00Z,90.0,270000.0,chart_observation,manual_research,User-provided manual Rally 61JE1 Cars price history,2026-07-31T00:00:00Z,OpenAI Codex,exact,Manually transcribed Rally observation; validated against 3000 authoritative Cars master shares outstanding.,,quarterly,270000.0,chart_observation_marked_exact
rally-61je1,2019-12-31,2020-01-21T00:00:00Z,89.0,267000.0,chart_observation,manual_research,User-provided manual Rally 61JE1 Cars price history,2026-07-31T00:00:00Z,OpenAI Codex,exact,Manually transcribed Rally observation; validated against 3000 authoritative Cars master shares outstanding.,,quarterly,267000.0,chart_observation_marked_exact
rally-61je1,2020-03-31,2020-03-17T00:00:00Z,89.0,267000.0,chart_observation,manual_research,User-provided manual Rally 61JE1 Cars price history,2026-07-31T00:00:00Z,OpenAI Codex,exact,Manually transcribed Rally observation; validated against 3000 authoritative Cars master shares outstanding.,,quarterly,267000.0,chart_observation_marked_exact
rally-61je1,2020-06-30,2020-07-07T00:00:00Z,95.0,285000.0,chart_observation,manual_research,User-provided manual Rally 61JE1 Cars price history,2026-07-31T00:00:00Z,OpenAI Codex,exact,Manually transcribed Rally observation; validated against 3000 authoritative Cars master shares outstanding.,,quarterly,285000.0,chart_observation_marked_exact
rally-61je1,2020-09-30,2020-10-13T00:00:00Z,95.0,285000.0,chart_observation,manual_research,User-provided manual Rally 61JE1 Cars price history,2026-07-31T00:00:00Z,OpenAI Codex,exact,Manually transcribed Rally observation; validated against 3000 authoritative Cars master shares outstanding.,,quarterly,285000.0,chart_observation_marked_exact
rally-61je1,2020-12-31,2021-01-28T00:00:00Z,94.0,282000.0,chart_observation,manual_research,User-provided manual Rally 61JE1 Cars price history,2026-07-31T00:00:00Z,OpenAI Codex,exact,Manually transcribed Rally observation; validated against 3000 authoritative Cars master shares outstanding.,,quarterly,282000.0,chart_observation_marked_exact
rally-61je1,2021-03-31,2021-04-06T00:00:00Z,85.0,255000.0,chart_observation,manual_research,User-provided manual Rally 61JE1 Cars price history,2026-07-31T00:00:00Z,OpenAI Codex,exact,Manually transcribed Rally observation; validated against 3000 authoritative Cars master shares outstanding.,,quarterly,255000.0,chart_observation_marked_exact
rally-61je1,2021-06-30,2021-07-01T00:00:00Z,82.0,246000.0,chart_observation,manual_research,User-provided manual Rally 61JE1 Cars price history,2026-07-31T00:00:00Z,OpenAI Codex,exact,Manually transcribed Rally observation; validated against 3000 authoritative Cars master shares outstanding.,,quarterly,246000.0,chart_observation_marked_exact
rally-61je1,2021-09-30,2021-10-12T00:00:00Z,81.5,244500.0,chart_observation,manual_research,User-provided manual Rally 61JE1 Cars price history,2026-07-31T00:00:00Z,OpenAI Codex,exact,Manually transcribed Rally observation; validated against 3000 authoritative Cars master shares outstanding.,,quarterly,244500.0,chart_observation_marked_exact
rally-61je1,2022-03-31,2022-03-29T00:00:00Z,70.0,210000.0,chart_observation,manual_research,User-provided manual Rally 61JE1 Cars price history,2026-07-31T00:00:00Z,OpenAI Codex,exact,Manually transcribed Rally observation; validated against 3000 authoritative Cars master shares outstanding.,,quarterly,210000.0,chart_observation_marked_exact
rally-61je1,2022-06-30,2022-06-27T00:00:00Z,67.0,201000.0,chart_observation,manual_research,User-provided manual Rally 61JE1 Cars price history,2026-07-31T00:00:00Z,OpenAI Codex,exact,Manually transcribed Rally observation; validated against 3000 authoritative Cars master shares outstanding.,,quarterly,201000.0,chart_observation_marked_exact
rally-61je1,2022-09-30,2022-09-30T00:00:00Z,67.0,201000.0,chart_observation,manual_research,User-provided manual Rally 61JE1 Cars price history,2026-07-31T00:00:00Z,OpenAI Codex,exact,Manually transcribed Rally observation; validated against 3000 authoritative Cars master shares outstanding.,,quarterly,201000.0,chart_observation_marked_exact
rally-61je1,2022-12-31,2022-12-29T00:00:00Z,62.5,187500.0,chart_observation,manual_research,User-provided manual Rally 61JE1 Cars price history,2026-07-31T00:00:00Z,OpenAI Codex,exact,Manually transcribed Rally observation; validated against 3000 authoritative Cars master shares outstanding.,,quarterly,187500.0,chart_observation_marked_exact
rally-61je1,2023-03-31,2023-03-28T00:00:00Z,68.45,205350.0,chart_observation,manual_research,User-provided manual Rally 61JE1 Cars price history,2026-07-31T00:00:00Z,OpenAI Codex,exact,Manually transcribed Rally observation; validated against 3000 authoritative Cars master shares outstanding.,,quarterly,205350.0,chart_observation_marked_exact
rally-61je1,2023-06-30,2023-06-26T00:00:00Z,69.0,207000.0,chart_observation,manual_research,User-provided manual Rally 61JE1 Cars price history,2026-07-31T00:00:00Z,OpenAI Codex,exact,Manually transcribed Rally observation; validated against 3000 authoritative Cars master shares outstanding.,,quarterly,207000.0,chart_observation_marked_exact
rally-61je1,2023-09-30,2023-09-29T00:00:00Z,69.7,209100.0,chart_observation,manual_research,User-provided manual Rally 61JE1 Cars price history,2026-07-31T00:00:00Z,OpenAI Codex,exact,Manually transcribed Rally observation; validated against 3000 authoritative Cars master shares outstanding.,,quarterly,209100.0,chart_observation_marked_exact
rally-61je1,2023-12-31,2023-12-28T00:00:00Z,69.7,209100.0,chart_observation,manual_research,User-provided manual Rally 61JE1 Cars price history,2026-07-31T00:00:00Z,OpenAI Codex,exact,Manually transcribed Rally observation; validated against 3000 authoritative Cars master shares outstanding.,,quarterly,209100.0,chart_observation_marked_exact
rally-61je1,2024-03-31,2024-03-26T00:00:00Z,73.0,219000.0,chart_observation,manual_research,User-provided manual Rally 61JE1 Cars price history,2026-07-31T00:00:00Z,OpenAI Codex,exact,Manually transcribed Rally observation; validated against 3000 authoritative Cars master shares outstanding.,,quarterly,219000.0,chart_observation_marked_exact
rally-61je1,2024-06-30,2024-06-24T00:00:00Z,32.67,98010.0,chart_observation,manual_research,User-provided manual Rally 61JE1 Cars price history,2026-07-31T00:00:00Z,OpenAI Codex,exact,Manually transcribed Rally observation; validated against 3000 authoritative Cars master shares outstanding.,,quarterly,98010.0,chart_observation_marked_exact
rally-61je1,2024-09-30,2024-09-27T00:00:00Z,55.0,165000.0,chart_observation,manual_research,User-provided manual Rally 61JE1 Cars price history,2026-07-31T00:00:00Z,OpenAI Codex,exact,Manually transcribed Rally observation; validated against 3000 authoritative Cars master shares outstanding.,,quarterly,165000.0,chart_observation_marked_exact
rally-61je1,2024-12-31,2024-12-26T00:00:00Z,60.0,180000.0,chart_observation,manual_research,User-provided manual Rally 61JE1 Cars price history,2026-07-31T00:00:00Z,OpenAI Codex,exact,Manually transcribed Rally observation; validated against 3000 authoritative Cars master shares outstanding.,,quarterly,180000.0,chart_observation_marked_exact
rally-61je1,2025-03-31,2025-03-25T00:00:00Z,57.5,172500.0,chart_observation,manual_research,User-provided manual Rally 61JE1 Cars price history,2026-07-31T00:00:00Z,OpenAI Codex,exact,Manually transcribed Rally observation; validated against 3000 authoritative Cars master shares outstanding.,,quarterly,172500.0,chart_observation_marked_exact
rally-61je1,2025-06-30,2025-06-30T00:00:00Z,56.0,168000.0,chart_observation,manual_research,User-provided manual Rally 61JE1 Cars price history,2026-07-31T00:00:00Z,OpenAI Codex,exact,Manually transcribed Rally observation; validated against 3000 authoritative Cars master shares outstanding.,,quarterly,168000.0,chart_observation_marked_exact
rally-61je1,2025-09-30,2025-09-26T00:00:00Z,49.0,147000.0,chart_observation,manual_research,User-provided manual Rally 61JE1 Cars price history,2026-07-31T00:00:00Z,OpenAI Codex,exact,Manually transcribed Rally observation; validated against 3000 authoritative Cars master shares outstanding.,,quarterly,147000.0,chart_observation_marked_exact
rally-61je1,2025-12-31,2025-12-24T00:00:00Z,45.0,135000.0,chart_observation,manual_research,User-provided manual Rally 61JE1 Cars price history,2026-07-31T00:00:00Z,OpenAI Codex,exact,Manually transcribed Rally observation; validated against 3000 authoritative Cars master shares outstanding.,,quarterly,135000.0,chart_observation_marked_exact
rally-61je1,2026-03-31,2026-03-24T00:00:00Z,53.6,160800.0,chart_observation,manual_research,User-provided manual Rally 61JE1 Cars price history,2026-07-31T00:00:00Z,OpenAI Codex,exact,Manually transcribed Rally observation; validated against 3000 authoritative Cars master shares outstanding.,,quarterly,160800.0,chart_observation_marked_exact
rally-61je1,2026-06-30,2026-06-29T00:00:00Z,57.5,172500.0,chart_observation,manual_research,User-provided manual Rally 61JE1 Cars price history,2026-07-31T00:00:00Z,OpenAI Codex,exact,Manually transcribed Rally observation; validated against 3000 authoritative Cars master shares outstanding.,,quarterly,172500.0,chart_observation_marked_exact
rally-61mg1,2019-09-30,2019-09-20T00:00:00Z,68.0,340000.0,offering_price,manual_research,User-provided manual Rally 61MG1 Cars price history,2026-07-31T00:00:00Z,OpenAI Codex,exact,Manually transcribed Rally observation; validated against 5000 authoritative Cars master shares outstanding. Offering price and initial market cap reconcile to the authoritative Cars master.,,quarterly,340000.0,offering_price_excluded_from_secondary_returns
rally-61mg1,2019-12-31,2020-01-21T00:00:00Z,68.0,340000.0,chart_observation,manual_research,User-provided manual Rally 61MG1 Cars price history,2026-07-31T00:00:00Z,OpenAI Codex,exact,Manually transcribed Rally observation; validated against 5000 authoritative Cars master shares outstanding.,,quarterly,340000.0,chart_observation_marked_exact
rally-61mg1,2020-03-31,2020-05-05T00:00:00Z,64.6,323000.0,chart_observation,manual_research,User-provided manual Rally 61MG1 Cars price history,2026-07-31T00:00:00Z,OpenAI Codex,exact,Manually transcribed Rally observation; validated against 5000 authoritative Cars master shares outstanding.,,quarterly,323000.0,chart_observation_marked_exact
rally-61mg1,2020-09-30,2020-08-18T00:00:00Z,64.6,323000.0,chart_observation,manual_research,User-provided manual Rally 61MG1 Cars price history,2026-07-31T00:00:00Z,OpenAI Codex,exact,Manually transcribed Rally observation; validated against 5000 authoritative Cars master shares outstanding.,,quarterly,323000.0,chart_observation_marked_exact
rally-61mg1,2020-11-17,2020-11-17T00:00:00Z,64.0,320000.0,chart_observation,manual_research,User-provided manual Rally 61MG1 Cars price history,2026-07-31T00:00:00Z,OpenAI Codex,exact,Same-quarter observation retained as non-quarterly research evidence; the closest-to-quarter-end observation is the canonical quarterly representative. Manually transcribed Rally observation; validated against 5000 authoritative Cars master shares outstanding.,,weekly,320000.0,chart_observation_marked_exact
rally-61mg1,2020-12-31,2021-02-09T00:00:00Z,55.5,277500.0,chart_observation,manual_research,User-provided manual Rally 61MG1 Cars price history,2026-07-31T00:00:00Z,OpenAI Codex,exact,Manually transcribed Rally observation; validated against 5000 authoritative Cars master shares outstanding.,,quarterly,277500.0,chart_observation_marked_exact
rally-61mg1,2021-06-30,2021-05-27T00:00:00Z,50.95,254750.0,chart_observation,manual_research,User-provided manual Rally 61MG1 Cars price history,2026-07-31T00:00:00Z,OpenAI Codex,exact,Manually transcribed Rally observation; validated against 5000 authoritative Cars master shares outstanding.,,quarterly,254750.0,chart_observation_marked_exact
rally-61mg1,2021-09-30,2021-08-31T00:00:00Z,50.0,250000.0,chart_observation,manual_research,User-provided manual Rally 61MG1 Cars price history,2026-07-31T00:00:00Z,OpenAI Codex,exact,Manually transcribed Rally observation; validated against 5000 authoritative Cars master shares outstanding.,,quarterly,250000.0,chart_observation_marked_exact
rally-61mg1,2022-03-31,2022-04-04T00:00:00Z,45.0,225000.0,chart_observation,manual_research,User-provided manual Rally 61MG1 Cars price history,2026-07-31T00:00:00Z,OpenAI Codex,exact,Manually transcribed Rally observation; validated against 5000 authoritative Cars master shares outstanding.,,quarterly,225000.0,chart_observation_marked_exact
rally-61mg1,2022-06-30,2022-06-29T00:00:00Z,39.0,195000.0,chart_observation,manual_research,User-provided manual Rally 61MG1 Cars price history,2026-07-31T00:00:00Z,OpenAI Codex,exact,Manually transcribed Rally observation; validated against 5000 authoritative Cars master shares outstanding.,,quarterly,195000.0,chart_observation_marked_exact
rally-61mg1,2022-09-30,2022-09-29T00:00:00Z,38.5,192500.0,chart_observation,manual_research,User-provided manual Rally 61MG1 Cars price history,2026-07-31T00:00:00Z,OpenAI Codex,exact,Manually transcribed Rally observation; validated against 5000 authoritative Cars master shares outstanding.,,quarterly,192500.0,chart_observation_marked_exact
rally-61mg1,2022-12-31,2022-12-29T00:00:00Z,35.95,179750.0,chart_observation,manual_research,User-provided manual Rally 61MG1 Cars price history,2026-07-31T00:00:00Z,OpenAI Codex,exact,Manually transcribed Rally observation; validated against 5000 authoritative Cars master shares outstanding.,,quarterly,179750.0,chart_observation_marked_exact
rally-61mg1,2023-03-31,2023-03-30T00:00:00Z,32.0,160000.0,chart_observation,manual_research,User-provided manual Rally 61MG1 Cars price history,2026-07-31T00:00:00Z,OpenAI Codex,exact,Manually transcribed Rally observation; validated against 5000 authoritative Cars master shares outstanding.,,quarterly,160000.0,chart_observation_marked_exact
rally-61mg1,2023-06-30,2023-06-30T00:00:00Z,32.9,164500.0,chart_observation,manual_research,User-provided manual Rally 61MG1 Cars price history,2026-07-31T00:00:00Z,OpenAI Codex,exact,Manually transcribed Rally observation; validated against 5000 authoritative Cars master shares outstanding.,,quarterly,164500.0,chart_observation_marked_exact
rally-61mg1,2023-09-30,2023-09-29T00:00:00Z,27.0,135000.0,chart_observation,manual_research,User-provided manual Rally 61MG1 Cars price history,2026-07-31T00:00:00Z,OpenAI Codex,exact,Manually transcribed Rally observation; validated against 5000 authoritative Cars master shares outstanding.,,quarterly,135000.0,chart_observation_marked_exact
rally-61mg1,2023-12-31,2023-12-29T00:00:00Z,26.5,132500.0,chart_observation,manual_research,User-provided manual Rally 61MG1 Cars price history,2026-07-31T00:00:00Z,OpenAI Codex,exact,Manually transcribed Rally observation; validated against 5000 authoritative Cars master shares outstanding.,,quarterly,132500.0,chart_observation_marked_exact
rally-61mg1,2024-03-31,2024-03-28T00:00:00Z,40.0,200000.0,chart_observation,manual_research,User-provided manual Rally 61MG1 Cars price history,2026-07-31T00:00:00Z,OpenAI Codex,exact,Manually transcribed Rally observation; validated against 5000 authoritative Cars master shares outstanding.,,quarterly,200000.0,chart_observation_marked_exact
rally-61mg1,2024-06-30,2024-06-28T00:00:00Z,39.0,195000.0,chart_observation,manual_research,User-provided manual Rally 61MG1 Cars price history,2026-07-31T00:00:00Z,OpenAI Codex,exact,Manually transcribed Rally observation; validated against 5000 authoritative Cars master shares outstanding.,,quarterly,195000.0,chart_observation_marked_exact
rally-61mg1,2024-09-30,2024-09-30T00:00:00Z,39.85,199250.0,chart_observation,manual_research,User-provided manual Rally 61MG1 Cars price history,2026-07-31T00:00:00Z,OpenAI Codex,exact,Manually transcribed Rally observation; validated against 5000 authoritative Cars master shares outstanding.,,quarterly,199250.0,chart_observation_marked_exact
rally-61mg1,2024-12-31,2024-12-30T00:00:00Z,40.1,200500.0,chart_observation,manual_research,User-provided manual Rally 61MG1 Cars price history,2026-07-31T00:00:00Z,OpenAI Codex,exact,Manually transcribed Rally observation; validated against 5000 authoritative Cars master shares outstanding.,,quarterly,200500.0,chart_observation_marked_exact
rally-61mg1,2025-03-31,2025-03-31T00:00:00Z,42.5,212500.0,chart_observation,manual_research,User-provided manual Rally 61MG1 Cars price history,2026-07-31T00:00:00Z,OpenAI Codex,exact,Manually transcribed Rally observation; validated against 5000 authoritative Cars master shares outstanding.,,quarterly,212500.0,chart_observation_marked_exact
rally-61mg1,2025-06-30,2025-06-30T00:00:00Z,42.5,212500.0,chart_observation,manual_research,User-provided manual Rally 61MG1 Cars price history,2026-07-31T00:00:00Z,OpenAI Codex,exact,Manually transcribed Rally observation; validated against 5000 authoritative Cars master shares outstanding.,,quarterly,212500.0,chart_observation_marked_exact
rally-61mg1,2025-09-30,2025-09-29T00:00:00Z,42.35,211750.0,chart_observation,manual_research,User-provided manual Rally 61MG1 Cars price history,2026-07-31T00:00:00Z,OpenAI Codex,exact,Manually transcribed Rally observation; validated against 5000 authoritative Cars master shares outstanding.,,quarterly,211750.0,chart_observation_marked_exact
rally-61mg1,2025-12-31,2025-12-30T00:00:00Z,44.0,220000.0,chart_observation,manual_research,User-provided manual Rally 61MG1 Cars price history,2026-07-31T00:00:00Z,OpenAI Codex,exact,Manually transcribed Rally observation; validated against 5000 authoritative Cars master shares outstanding.,,quarterly,220000.0,chart_observation_marked_exact
rally-61mg1,2026-03-31,2026-03-24T00:00:00Z,40.0,200000.0,chart_observation,manual_research,User-provided manual Rally 61MG1 Cars price history,2026-07-31T00:00:00Z,OpenAI Codex,exact,Manually transcribed Rally observation; validated against 5000 authoritative Cars master shares outstanding.,,quarterly,200000.0,chart_observation_marked_exact
rally-61mg1,2026-06-30,2026-06-23T00:00:00Z,43.0,215000.0,chart_observation,manual_research,User-provided manual Rally 61MG1 Cars price history,2026-07-31T00:00:00Z,OpenAI Codex,exact,Manually transcribed Rally observation; validated against 5000 authoritative Cars master shares outstanding.,,quarterly,215000.0,chart_observation_marked_exact
rally-72mc1,2019-03-31,2019-04-25T00:00:00Z,62.25,124500.0,chart_observation,manual_research,User-provided manual Rally 72MC1 Cars price history,2026-07-31T00:00:00Z,OpenAI Codex,exact,Manually transcribed Rally observation; validated against 2000 authoritative Cars master shares outstanding.,,quarterly,124500.0,chart_observation_marked_exact
rally-72mc1,2019-08-22,2019-08-22T00:00:00Z,62.2,124400.0,chart_observation,manual_research,User-provided manual Rally 72MC1 Cars price history,2026-07-31T00:00:00Z,OpenAI Codex,exact,Same-quarter observation retained as non-quarterly research evidence; the closest-to-quarter-end observation is the canonical quarterly representative. Manually transcribed Rally observation; validated against 2000 authoritative Cars master shares outstanding.,,weekly,124400.0,chart_observation_marked_exact
rally-72mc1,2019-09-30,2019-11-05T00:00:00Z,62.2,124400.0,chart_observation,manual_research,User-provided manual Rally 72MC1 Cars price history,2026-07-31T00:00:00Z,OpenAI Codex,exact,Manually transcribed Rally observation; validated against 2000 authoritative Cars master shares outstanding.,,quarterly,124400.0,chart_observation_marked_exact
rally-72mc1,2020-03-31,2020-02-25T00:00:00Z,62.0,124000.0,chart_observation,manual_research,User-provided manual Rally 72MC1 Cars price history,2026-07-31T00:00:00Z,OpenAI Codex,exact,Manually transcribed Rally observation; validated against 2000 authoritative Cars master shares outstanding.,,quarterly,124000.0,chart_observation_marked_exact
rally-72mc1,2020-06-30,2020-06-02T00:00:00Z,60.0,120000.0,chart_observation,manual_research,User-provided manual Rally 72MC1 Cars price history,2026-07-31T00:00:00Z,OpenAI Codex,exact,Manually transcribed Rally observation; validated against 2000 authoritative Cars master shares outstanding.,,quarterly,120000.0,chart_observation_marked_exact
rally-72mc1,2020-09-30,2020-09-15T00:00:00Z,50.0,100000.0,chart_observation,manual_research,User-provided manual Rally 72MC1 Cars price history,2026-07-31T00:00:00Z,OpenAI Codex,exact,Manually transcribed Rally observation; validated against 2000 authoritative Cars master shares outstanding.,,quarterly,100000.0,chart_observation_marked_exact
rally-72mc1,2020-12-31,2020-12-08T00:00:00Z,50.0,100000.0,chart_observation,manual_research,User-provided manual Rally 72MC1 Cars price history,2026-07-31T00:00:00Z,OpenAI Codex,exact,Manually transcribed Rally observation; validated against 2000 authoritative Cars master shares outstanding.,,quarterly,100000.0,chart_observation_marked_exact
rally-72mc1,2021-03-31,2021-02-23T00:00:00Z,37.5,75000.0,chart_observation,manual_research,User-provided manual Rally 72MC1 Cars price history,2026-07-31T00:00:00Z,OpenAI Codex,exact,Manually transcribed Rally observation; validated against 2000 authoritative Cars master shares outstanding.,,quarterly,75000.0,chart_observation_marked_exact
rally-72mc1,2021-06-30,2021-05-18T00:00:00Z,30.0,60000.0,chart_observation,manual_research,User-provided manual Rally 72MC1 Cars price history,2026-07-31T00:00:00Z,OpenAI Codex,exact,Manually transcribed Rally observation; validated against 2000 authoritative Cars master shares outstanding.,,quarterly,60000.0,chart_observation_marked_exact
rally-72mc1,2021-08-13,2021-08-13T00:00:00Z,40.0,80000.0,chart_observation,manual_research,User-provided manual Rally 72MC1 Cars price history,2026-07-31T00:00:00Z,OpenAI Codex,exact,Same-quarter observation retained as non-quarterly research evidence; the closest-to-quarter-end observation is the canonical quarterly representative. Manually transcribed Rally observation; validated against 2000 authoritative Cars master shares outstanding.,,weekly,80000.0,chart_observation_marked_exact
rally-72mc1,2022-03-31,2022-04-11T00:00:00Z,43.0,86000.0,chart_observation,manual_research,User-provided manual Rally 72MC1 Cars price history,2026-07-31T00:00:00Z,OpenAI Codex,exact,Manually transcribed Rally observation; validated against 2000 authoritative Cars master shares outstanding.,,quarterly,86000.0,chart_observation_marked_exact
rally-72mc1,2022-06-30,2022-06-22T00:00:00Z,35.0,70000.0,chart_observation,manual_research,User-provided manual Rally 72MC1 Cars price history,2026-07-31T00:00:00Z,OpenAI Codex,exact,Manually transcribed Rally observation; validated against 2000 authoritative Cars master shares outstanding.,,quarterly,70000.0,chart_observation_marked_exact
rally-72mc1,2022-09-30,2022-09-30T00:00:00Z,39.0,78000.0,chart_observation,manual_research,User-provided manual Rally 72MC1 Cars price history,2026-07-31T00:00:00Z,OpenAI Codex,exact,Manually transcribed Rally observation; validated against 2000 authoritative Cars master shares outstanding.,,quarterly,78000.0,chart_observation_marked_exact
rally-72mc1,2022-12-31,2022-12-23T00:00:00Z,36.5,73000.0,chart_observation,manual_research,User-provided manual Rally 72MC1 Cars price history,2026-07-31T00:00:00Z,OpenAI Codex,exact,Manually transcribed Rally observation; validated against 2000 authoritative Cars master shares outstanding.,,quarterly,73000.0,chart_observation_marked_exact
rally-72mc1,2023-03-31,2023-03-27T00:00:00Z,34.0,68000.0,chart_observation,manual_research,User-provided manual Rally 72MC1 Cars price history,2026-07-31T00:00:00Z,OpenAI Codex,exact,Manually transcribed Rally observation; validated against 2000 authoritative Cars master shares outstanding.,,quarterly,68000.0,chart_observation_marked_exact
rally-72mc1,2023-06-30,2023-06-28T00:00:00Z,37.4,74800.0,chart_observation,manual_research,User-provided manual Rally 72MC1 Cars price history,2026-07-31T00:00:00Z,OpenAI Codex,exact,Manually transcribed Rally observation; validated against 2000 authoritative Cars master shares outstanding.,,quarterly,74800.0,chart_observation_marked_exact
rally-72mc1,2023-09-30,2023-09-29T00:00:00Z,30.5,61000.0,chart_observation,manual_research,User-provided manual Rally 72MC1 Cars price history,2026-07-31T00:00:00Z,OpenAI Codex,exact,Manually transcribed Rally observation; validated against 2000 authoritative Cars master shares outstanding.,,quarterly,61000.0,chart_observation_marked_exact
rally-72mc1,2023-12-31,2023-12-29T00:00:00Z,25.5,51000.0,chart_observation,manual_research,User-provided manual Rally 72MC1 Cars price history,2026-07-31T00:00:00Z,OpenAI Codex,exact,Manually transcribed Rally observation; validated against 2000 authoritative Cars master shares outstanding.,,quarterly,51000.0,chart_observation_marked_exact
rally-72mc1,2024-03-31,2024-03-25T00:00:00Z,35.0,70000.0,chart_observation,manual_research,User-provided manual Rally 72MC1 Cars price history,2026-07-31T00:00:00Z,OpenAI Codex,exact,Manually transcribed Rally observation; validated against 2000 authoritative Cars master shares outstanding.,,quarterly,70000.0,chart_observation_marked_exact
rally-72mc1,2024-06-30,2024-06-24T00:00:00Z,33.0,66000.0,chart_observation,manual_research,User-provided manual Rally 72MC1 Cars price history,2026-07-31T00:00:00Z,OpenAI Codex,exact,Manually transcribed Rally observation; validated against 2000 authoritative Cars master shares outstanding.,,quarterly,66000.0,chart_observation_marked_exact
rally-72mc1,2024-09-30,2024-09-25T00:00:00Z,32.0,64000.0,chart_observation,manual_research,User-provided manual Rally 72MC1 Cars price history,2026-07-31T00:00:00Z,OpenAI Codex,exact,Manually transcribed Rally observation; validated against 2000 authoritative Cars master shares outstanding.,,quarterly,64000.0,chart_observation_marked_exact
rally-72mc1,2024-12-31,2024-12-27T00:00:00Z,34.95,69900.0,chart_observation,manual_research,User-provided manual Rally 72MC1 Cars price history,2026-07-31T00:00:00Z,OpenAI Codex,exact,Manually transcribed Rally observation; validated against 2000 authoritative Cars master shares outstanding.,,quarterly,69900.0,chart_observation_marked_exact
rally-72mc1,2025-03-31,2025-03-28T00:00:00Z,30.2,60400.0,chart_observation,manual_research,User-provided manual Rally 72MC1 Cars price history,2026-07-31T00:00:00Z,OpenAI Codex,exact,Manually transcribed Rally observation; validated against 2000 authoritative Cars master shares outstanding.,,quarterly,60400.0,chart_observation_marked_exact
rally-72mc1,2025-06-30,2025-06-30T00:00:00Z,37.0,74000.0,chart_observation,manual_research,User-provided manual Rally 72MC1 Cars price history,2026-07-31T00:00:00Z,OpenAI Codex,exact,Manually transcribed Rally observation; validated against 2000 authoritative Cars master shares outstanding.,,quarterly,74000.0,chart_observation_marked_exact
rally-72mc1,2025-09-30,2025-09-22T00:00:00Z,35.3,70600.0,chart_observation,manual_research,User-provided manual Rally 72MC1 Cars price history,2026-07-31T00:00:00Z,OpenAI Codex,exact,Manually transcribed Rally observation; validated against 2000 authoritative Cars master shares outstanding.,,quarterly,70600.0,chart_observation_marked_exact
rally-72mc1,2025-12-31,2025-12-24T00:00:00Z,37.75,75500.0,chart_observation,manual_research,User-provided manual Rally 72MC1 Cars price history,2026-07-31T00:00:00Z,OpenAI Codex,exact,Manually transcribed Rally observation; validated against 2000 authoritative Cars master shares outstanding.,,quarterly,75500.0,chart_observation_marked_exact
rally-72mc1,2026-03-31,2026-03-27T00:00:00Z,43.0,86000.0,chart_observation,manual_research,User-provided manual Rally 72MC1 Cars price history,2026-07-31T00:00:00Z,OpenAI Codex,exact,Manually transcribed Rally observation; validated against 2000 authoritative Cars master shares outstanding.,,quarterly,86000.0,chart_observation_marked_exact
rally-72mc1,2026-06-30,2026-06-26T00:00:00Z,35.75,71500.0,chart_observation,manual_research,User-provided manual Rally 72MC1 Cars price history,2026-07-31T00:00:00Z,OpenAI Codex,exact,Manually transcribed Rally observation; validated against 2000 authoritative Cars master shares outstanding.,,quarterly,71500.0,chart_observation_marked_exact
rally-75ra1,2019-06-30,2019-07-16T00:00:00Z,30.0,90000.0,chart_observation,manual_research,User-provided manual Rally 75RA1 Cars price history,2026-07-31T00:00:00Z,OpenAI Codex,exact,Manually transcribed Rally observation; validated against 3000 authoritative Cars master shares outstanding.,,quarterly,90000.0,chart_observation_marked_exact
rally-75ra1,2019-12-31,2019-12-17T00:00:00Z,30.5,91500.0,chart_observation,manual_research,User-provided manual Rally 75RA1 Cars price history,2026-07-31T00:00:00Z,OpenAI Codex,exact,Manually transcribed Rally observation; validated against 3000 authoritative Cars master shares outstanding.,,quarterly,91500.0,chart_observation_marked_exact
rally-75ra1,2020-03-31,2020-03-31T00:00:00Z,30.75,92250.0,chart_observation,manual_research,User-provided manual Rally 75RA1 Cars price history,2026-07-31T00:00:00Z,OpenAI Codex,exact,Manually transcribed Rally observation; validated against 3000 authoritative Cars master shares outstanding.,,quarterly,92250.0,chart_observation_marked_exact
rally-75ra1,2020-06-30,2020-07-14T00:00:00Z,30.0,90000.0,chart_observation,manual_research,User-provided manual Rally 75RA1 Cars price history,2026-07-31T00:00:00Z,OpenAI Codex,exact,Manually transcribed Rally observation; validated against 3000 authoritative Cars master shares outstanding.,,quarterly,90000.0,chart_observation_marked_exact
rally-75ra1,2020-12-13,2020-12-13T00:00:00Z,29.0,87000.0,chart_observation,manual_research,User-provided manual Rally 75RA1 Cars price history,2026-07-31T00:00:00Z,OpenAI Codex,exact,Same-quarter observation retained as non-quarterly research evidence; the closest-to-quarter-end observation is the canonical quarterly representative. Manually transcribed Rally observation; validated against 3000 authoritative Cars master shares outstanding.,,weekly,87000.0,chart_observation_marked_exact
rally-75ra1,2020-12-31,2021-01-12T00:00:00Z,29.0,87000.0,chart_observation,manual_research,User-provided manual Rally 75RA1 Cars price history,2026-07-31T00:00:00Z,OpenAI Codex,exact,Manually transcribed Rally observation; validated against 3000 authoritative Cars master shares outstanding.,,quarterly,87000.0,chart_observation_marked_exact
rally-75ra1,2021-03-31,2021-03-18T00:00:00Z,25.05,75150.0,chart_observation,manual_research,User-provided manual Rally 75RA1 Cars price history,2026-07-31T00:00:00Z,OpenAI Codex,exact,Manually transcribed Rally observation; validated against 3000 authoritative Cars master shares outstanding.,,quarterly,75150.0,chart_observation_marked_exact
rally-75ra1,2021-06-30,2021-06-09T00:00:00Z,35.0,105000.0,chart_observation,manual_research,User-provided manual Rally 75RA1 Cars price history,2026-07-31T00:00:00Z,OpenAI Codex,exact,Manually transcribed Rally observation; validated against 3000 authoritative Cars master shares outstanding.,,quarterly,105000.0,chart_observation_marked_exact
rally-75ra1,2022-03-31,2022-03-07T00:00:00Z,35.0,105000.0,chart_observation,manual_research,User-provided manual Rally 75RA1 Cars price history,2026-07-31T00:00:00Z,OpenAI Codex,exact,Manually transcribed Rally observation; validated against 3000 authoritative Cars master shares outstanding.,,quarterly,105000.0,chart_observation_marked_exact
rally-75ra1,2022-06-30,2022-06-23T00:00:00Z,22.5,67500.0,chart_observation,manual_research,User-provided manual Rally 75RA1 Cars price history,2026-07-31T00:00:00Z,OpenAI Codex,exact,Manually transcribed Rally observation; validated against 3000 authoritative Cars master shares outstanding.,,quarterly,67500.0,chart_observation_marked_exact
rally-75ra1,2022-09-30,2022-09-28T00:00:00Z,26.0,78000.0,chart_observation,manual_research,User-provided manual Rally 75RA1 Cars price history,2026-07-31T00:00:00Z,OpenAI Codex,exact,Manually transcribed Rally observation; validated against 3000 authoritative Cars master shares outstanding.,,quarterly,78000.0,chart_observation_marked_exact
rally-75ra1,2022-12-31,2022-12-27T00:00:00Z,25.0,75000.0,chart_observation,manual_research,User-provided manual Rally 75RA1 Cars price history,2026-07-31T00:00:00Z,OpenAI Codex,exact,Manually transcribed Rally observation; validated against 3000 authoritative Cars master shares outstanding.,,quarterly,75000.0,chart_observation_marked_exact
rally-75ra1,2023-03-31,2023-03-27T00:00:00Z,27.25,81750.0,chart_observation,manual_research,User-provided manual Rally 75RA1 Cars price history,2026-07-31T00:00:00Z,OpenAI Codex,exact,Manually transcribed Rally observation; validated against 3000 authoritative Cars master shares outstanding.,,quarterly,81750.0,chart_observation_marked_exact
rally-75ra1,2023-06-30,2023-06-23T00:00:00Z,24.5,73500.0,chart_observation,manual_research,User-provided manual Rally 75RA1 Cars price history,2026-07-31T00:00:00Z,OpenAI Codex,exact,Manually transcribed Rally observation; validated against 3000 authoritative Cars master shares outstanding.,,quarterly,73500.0,chart_observation_marked_exact
rally-75ra1,2023-09-30,2023-09-29T00:00:00Z,23.0,69000.0,chart_observation,manual_research,User-provided manual Rally 75RA1 Cars price history,2026-07-31T00:00:00Z,OpenAI Codex,exact,Manually transcribed Rally observation; validated against 3000 authoritative Cars master shares outstanding.,,quarterly,69000.0,chart_observation_marked_exact
rally-75ra1,2023-12-31,2023-12-29T00:00:00Z,18.0,54000.0,chart_observation,manual_research,User-provided manual Rally 75RA1 Cars price history,2026-07-31T00:00:00Z,OpenAI Codex,exact,Manually transcribed Rally observation; validated against 3000 authoritative Cars master shares outstanding.,,quarterly,54000.0,chart_observation_marked_exact
rally-75ra1,2024-03-31,2024-03-27T00:00:00Z,27.25,81750.0,chart_observation,manual_research,User-provided manual Rally 75RA1 Cars price history,2026-07-31T00:00:00Z,OpenAI Codex,exact,Manually transcribed Rally observation; validated against 3000 authoritative Cars master shares outstanding.,,quarterly,81750.0,chart_observation_marked_exact
rally-75ra1,2024-06-30,2024-06-25T00:00:00Z,22.0,66000.0,chart_observation,manual_research,User-provided manual Rally 75RA1 Cars price history,2026-07-31T00:00:00Z,OpenAI Codex,exact,Manually transcribed Rally observation; validated against 3000 authoritative Cars master shares outstanding.,,quarterly,66000.0,chart_observation_marked_exact
rally-75ra1,2024-09-30,2024-09-23T00:00:00Z,22.5,67500.0,chart_observation,manual_research,User-provided manual Rally 75RA1 Cars price history,2026-07-31T00:00:00Z,OpenAI Codex,exact,Manually transcribed Rally observation; validated against 3000 authoritative Cars master shares outstanding.,,quarterly,67500.0,chart_observation_marked_exact
rally-75ra1,2024-12-31,2024-12-30T00:00:00Z,26.0,78000.0,chart_observation,manual_research,User-provided manual Rally 75RA1 Cars price history,2026-07-31T00:00:00Z,OpenAI Codex,exact,Manually transcribed Rally observation; validated against 3000 authoritative Cars master shares outstanding.,,quarterly,78000.0,chart_observation_marked_exact
rally-75ra1,2025-03-31,2025-03-28T00:00:00Z,26.0,78000.0,chart_observation,manual_research,User-provided manual Rally 75RA1 Cars price history,2026-07-31T00:00:00Z,OpenAI Codex,exact,Manually transcribed Rally observation; validated against 3000 authoritative Cars master shares outstanding.,,quarterly,78000.0,chart_observation_marked_exact
rally-75ra1,2025-06-30,2025-06-27T00:00:00Z,23.95,71850.0,chart_observation,manual_research,User-provided manual Rally 75RA1 Cars price history,2026-07-31T00:00:00Z,OpenAI Codex,exact,Manually transcribed Rally observation; validated against 3000 authoritative Cars master shares outstanding.,,quarterly,71850.0,chart_observation_marked_exact
rally-75ra1,2025-09-30,2025-09-24T00:00:00Z,25.25,75750.0,chart_observation,manual_research,User-provided manual Rally 75RA1 Cars price history,2026-07-31T00:00:00Z,OpenAI Codex,exact,Manually transcribed Rally observation; validated against 3000 authoritative Cars master shares outstanding.,,quarterly,75750.0,chart_observation_marked_exact
rally-75ra1,2025-12-31,2025-12-31T00:00:00Z,24.0,72000.0,chart_observation,manual_research,User-provided manual Rally 75RA1 Cars price history,2026-07-31T00:00:00Z,OpenAI Codex,exact,Manually transcribed Rally observation; validated against 3000 authoritative Cars master shares outstanding.,,quarterly,72000.0,chart_observation_marked_exact
rally-75ra1,2026-03-31,2026-03-31T00:00:00Z,23.0,69000.0,chart_observation,manual_research,User-provided manual Rally 75RA1 Cars price history,2026-07-31T00:00:00Z,OpenAI Codex,exact,Manually transcribed Rally observation; validated against 3000 authoritative Cars master shares outstanding.,,quarterly,69000.0,chart_observation_marked_exact
rally-75ra1,2026-06-30,2026-06-29T00:00:00Z,24.05,72150.0,chart_observation,manual_research,User-provided manual Rally 75RA1 Cars price history,2026-07-31T00:00:00Z,OpenAI Codex,exact,Manually transcribed Rally observation; validated against 3000 authoritative Cars master shares outstanding.,,quarterly,72150.0,chart_observation_marked_exact
rally-77le1,2016-09-30,2016-11-01T00:00:00Z,38.85,77700.0,offering_price,manual_research,User-provided manual Rally 77LE1 Cars price history,2026-07-31T00:00:00Z,OpenAI Codex,exact,Manually transcribed Rally observation; validated against 2000 authoritative Cars master shares outstanding. Offering price and initial market cap reconcile to the authoritative Cars master.,,quarterly,77700.0,offering_price_excluded_from_secondary_returns
rally-77le1,2018-06-30,2018-07-18T00:00:00Z,40.5,81000.0,chart_observation,manual_research,User-provided manual Rally 77LE1 Cars price history,2026-07-31T00:00:00Z,OpenAI Codex,exact,Manually transcribed Rally observation; validated against 2000 authoritative Cars master shares outstanding.,,quarterly,81000.0,chart_observation_marked_exact
rally-77le1,2018-12-31,2018-12-06T00:00:00Z,43.5,87000.0,chart_observation,manual_research,User-provided manual Rally 77LE1 Cars price history,2026-07-31T00:00:00Z,OpenAI Codex,exact,Manually transcribed Rally observation; validated against 2000 authoritative Cars master shares outstanding.,,quarterly,87000.0,chart_observation_marked_exact
rally-77le1,2019-02-13,2019-02-13T00:00:00Z,44.0,88000.0,chart_observation,manual_research,User-provided manual Rally 77LE1 Cars price history,2026-07-31T00:00:00Z,OpenAI Codex,exact,Same-quarter observation retained as non-quarterly research evidence; the closest-to-quarter-end observation is the canonical quarterly representative. Manually transcribed Rally observation; validated against 2000 authoritative Cars master shares outstanding.,,weekly,88000.0,chart_observation_marked_exact
rally-77le1,2019-06-30,2019-06-13T00:00:00Z,46.55,93100.0,chart_observation,manual_research,User-provided manual Rally 77LE1 Cars price history,2026-07-31T00:00:00Z,OpenAI Codex,exact,Manually transcribed Rally observation; validated against 2000 authoritative Cars master shares outstanding.,,quarterly,93100.0,chart_observation_marked_exact
rally-77le1,2019-08-20,2019-08-20T00:00:00Z,52.8,105600.0,chart_observation,manual_research,User-provided manual Rally 77LE1 Cars price history,2026-07-31T00:00:00Z,OpenAI Codex,exact,Same-quarter observation retained as non-quarterly research evidence; the closest-to-quarter-end observation is the canonical quarterly representative. Manually transcribed Rally observation; validated against 2000 authoritative Cars master shares outstanding.,,weekly,105600.0,chart_observation_marked_exact
rally-77le1,2019-09-30,2019-10-24T00:00:00Z,58.55,117100.0,chart_observation,manual_research,User-provided manual Rally 77LE1 Cars price history,2026-07-31T00:00:00Z,OpenAI Codex,exact,Manually transcribed Rally observation; validated against 2000 authoritative Cars master shares outstanding.,,quarterly,117100.0,chart_observation_marked_exact
rally-77le1,2019-12-31,2020-01-14T00:00:00Z,59.0,118000.0,chart_observation,manual_research,User-provided manual Rally 77LE1 Cars price history,2026-07-31T00:00:00Z,OpenAI Codex,exact,Manually transcribed Rally observation; validated against 2000 authoritative Cars master shares outstanding.,,quarterly,118000.0,chart_observation_marked_exact
rally-77le1,2020-03-31,2020-04-14T00:00:00Z,59.1,118200.0,chart_observation,manual_research,User-provided manual Rally 77LE1 Cars price history,2026-07-31T00:00:00Z,OpenAI Codex,exact,Manually transcribed Rally observation; validated against 2000 authoritative Cars master shares outstanding.,,quarterly,118200.0,chart_observation_marked_exact
rally-77le1,2020-06-30,2020-07-28T00:00:00Z,59.2,118400.0,chart_observation,manual_research,User-provided manual Rally 77LE1 Cars price history,2026-07-31T00:00:00Z,OpenAI Codex,exact,Manually transcribed Rally observation; validated against 2000 authoritative Cars master shares outstanding.,,quarterly,118400.0,chart_observation_marked_exact
rally-77le1,2020-09-30,2020-10-27T00:00:00Z,65.95,131900.0,chart_observation,manual_research,User-provided manual Rally 77LE1 Cars price history,2026-07-31T00:00:00Z,OpenAI Codex,exact,Manually transcribed Rally observation; validated against 2000 authoritative Cars master shares outstanding.,,quarterly,131900.0,chart_observation_marked_exact
rally-77le1,2020-12-31,2021-02-04T00:00:00Z,65.0,130000.0,chart_observation,manual_research,User-provided manual Rally 77LE1 Cars price history,2026-07-31T00:00:00Z,OpenAI Codex,exact,Manually transcribed Rally observation; validated against 2000 authoritative Cars master shares outstanding.,,quarterly,130000.0,chart_observation_marked_exact
rally-77le1,2021-03-31,2021-04-08T00:00:00Z,65.0,130000.0,chart_observation,manual_research,User-provided manual Rally 77LE1 Cars price history,2026-07-31T00:00:00Z,OpenAI Codex,exact,Manually transcribed Rally observation; validated against 2000 authoritative Cars master shares outstanding.,,quarterly,130000.0,chart_observation_marked_exact
rally-77le1,2021-06-30,2021-07-07T00:00:00Z,65.1,130200.0,chart_observation,manual_research,User-provided manual Rally 77LE1 Cars price history,2026-07-31T00:00:00Z,OpenAI Codex,exact,Manually transcribed Rally observation; validated against 2000 authoritative Cars master shares outstanding.,,quarterly,130200.0,chart_observation_marked_exact
rally-77le1,2021-09-30,2021-10-20T00:00:00Z,60.0,120000.0,chart_observation,manual_research,User-provided manual Rally 77LE1 Cars price history,2026-07-31T00:00:00Z,OpenAI Codex,exact,Manually transcribed Rally observation; validated against 2000 authoritative Cars master shares outstanding.,,quarterly,120000.0,chart_observation_marked_exact
rally-77le1,2022-02-28,2022-02-28T00:00:00Z,66.0,132000.0,chart_observation,manual_research,User-provided manual Rally 77LE1 Cars price history,2026-07-31T00:00:00Z,OpenAI Codex,exact,Same-quarter observation retained as non-quarterly research evidence; the closest-to-quarter-end observation is the canonical quarterly representative. Manually transcribed Rally observation; validated against 2000 authoritative Cars master shares outstanding.,,weekly,132000.0,chart_observation_marked_exact
rally-77le1,2022-03-31,2022-03-24T00:00:00Z,65.75,131500.0,chart_observation,manual_research,User-provided manual Rally 77LE1 Cars price history,2026-07-31T00:00:00Z,OpenAI Codex,exact,Manually transcribed Rally observation; validated against 2000 authoritative Cars master shares outstanding.,,quarterly,131500.0,chart_observation_marked_exact
rally-77le1,2022-06-30,2022-06-29T00:00:00Z,50.0,100000.0,chart_observation,manual_research,User-provided manual Rally 77LE1 Cars price history,2026-07-31T00:00:00Z,OpenAI Codex,exact,Manually transcribed Rally observation; validated against 2000 authoritative Cars master shares outstanding.,,quarterly,100000.0,chart_observation_marked_exact
rally-77le1,2022-09-30,2022-09-23T00:00:00Z,45.0,90000.0,chart_observation,manual_research,User-provided manual Rally 77LE1 Cars price history,2026-07-31T00:00:00Z,OpenAI Codex,exact,Manually transcribed Rally observation; validated against 2000 authoritative Cars master shares outstanding.,,quarterly,90000.0,chart_observation_marked_exact
rally-77le1,2022-12-31,2022-12-30T00:00:00Z,32.0,64000.0,chart_observation,manual_research,User-provided manual Rally 77LE1 Cars price history,2026-07-31T00:00:00Z,OpenAI Codex,exact,Manually transcribed Rally observation; validated against 2000 authoritative Cars master shares outstanding.,,quarterly,64000.0,chart_observation_marked_exact
rally-77le1,2023-03-31,2023-03-27T00:00:00Z,34.0,68000.0,chart_observation,manual_research,User-provided manual Rally 77LE1 Cars price history,2026-07-31T00:00:00Z,OpenAI Codex,exact,Manually transcribed Rally observation; validated against 2000 authoritative Cars master shares outstanding.,,quarterly,68000.0,chart_observation_marked_exact
rally-77le1,2023-06-30,2023-06-21T00:00:00Z,33.95,67900.0,chart_observation,manual_research,User-provided manual Rally 77LE1 Cars price history,2026-07-31T00:00:00Z,OpenAI Codex,exact,Manually transcribed Rally observation; validated against 2000 authoritative Cars master shares outstanding.,,quarterly,67900.0,chart_observation_marked_exact
rally-77le1,2023-09-30,2023-09-26T00:00:00Z,32.5,65000.0,chart_observation,manual_research,User-provided manual Rally 77LE1 Cars price history,2026-07-31T00:00:00Z,OpenAI Codex,exact,Manually transcribed Rally observation; validated against 2000 authoritative Cars master shares outstanding.,,quarterly,65000.0,chart_observation_marked_exact
rally-77le1,2023-12-31,2023-12-29T00:00:00Z,23.25,46500.0,chart_observation,manual_research,User-provided manual Rally 77LE1 Cars price history,2026-07-31T00:00:00Z,OpenAI Codex,exact,Manually transcribed Rally observation; validated against 2000 authoritative Cars master shares outstanding.,,quarterly,46500.0,chart_observation_marked_exact
rally-77le1,2024-03-31,2024-03-28T00:00:00Z,32.5,65000.0,chart_observation,manual_research,User-provided manual Rally 77LE1 Cars price history,2026-07-31T00:00:00Z,OpenAI Codex,exact,Manually transcribed Rally observation; validated against 2000 authoritative Cars master shares outstanding.,,quarterly,65000.0,chart_observation_marked_exact
rally-77le1,2024-06-30,2024-06-24T00:00:00Z,34.0,68000.0,chart_observation,manual_research,User-provided manual Rally 77LE1 Cars price history,2026-07-31T00:00:00Z,OpenAI Codex,exact,Manually transcribed Rally observation; validated against 2000 authoritative Cars master shares outstanding.,,quarterly,68000.0,chart_observation_marked_exact
rally-77le1,2024-09-30,2024-09-27T00:00:00Z,39.1,78200.0,chart_observation,manual_research,User-provided manual Rally 77LE1 Cars price history,2026-07-31T00:00:00Z,OpenAI Codex,exact,Manually transcribed Rally observation; validated against 2000 authoritative Cars master shares outstanding.,,quarterly,78200.0,chart_observation_marked_exact
rally-77le1,2024-12-31,2024-12-24T00:00:00Z,40.05,80100.0,chart_observation,manual_research,User-provided manual Rally 77LE1 Cars price history,2026-07-31T00:00:00Z,OpenAI Codex,exact,Manually transcribed Rally observation; validated against 2000 authoritative Cars master shares outstanding.,,quarterly,80100.0,chart_observation_marked_exact
rally-77le1,2025-03-31,2025-03-31T00:00:00Z,49.9,99800.0,chart_observation,manual_research,User-provided manual Rally 77LE1 Cars price history,2026-07-31T00:00:00Z,OpenAI Codex,exact,Manually transcribed Rally observation; validated against 2000 authoritative Cars master shares outstanding.,,quarterly,99800.0,chart_observation_marked_exact
rally-77le1,2025-06-30,2025-06-26T00:00:00Z,49.85,99700.0,chart_observation,manual_research,User-provided manual Rally 77LE1 Cars price history,2026-07-31T00:00:00Z,OpenAI Codex,exact,Manually transcribed Rally observation; validated against 2000 authoritative Cars master shares outstanding.,,quarterly,99700.0,chart_observation_marked_exact
rally-77le1,2025-09-30,2025-10-01T00:00:00Z,49.85,99700.0,chart_observation,manual_research,User-provided manual Rally 77LE1 Cars price history,2026-07-31T00:00:00Z,OpenAI Codex,exact,Manually transcribed Rally observation; validated against 2000 authoritative Cars master shares outstanding.,,quarterly,99700.0,chart_observation_marked_exact
rally-77le1,2025-12-31,2025-12-26T00:00:00Z,40.1,80200.0,chart_observation,manual_research,User-provided manual Rally 77LE1 Cars price history,2026-07-31T00:00:00Z,OpenAI Codex,exact,Manually transcribed Rally observation; validated against 2000 authoritative Cars master shares outstanding.,,quarterly,80200.0,chart_observation_marked_exact
rally-77le1,2026-03-31,2026-03-23T00:00:00Z,40.1,80200.0,chart_observation,manual_research,User-provided manual Rally 77LE1 Cars price history,2026-07-31T00:00:00Z,OpenAI Codex,exact,Manually transcribed Rally observation; validated against 2000 authoritative Cars master shares outstanding.,,quarterly,80200.0,chart_observation_marked_exact
rally-77le1,2026-06-30,2026-06-29T00:00:00Z,40.1,80200.0,chart_observation,manual_research,User-provided manual Rally 77LE1 Cars price history,2026-07-31T00:00:00Z,OpenAI Codex,exact,Manually transcribed Rally observation; validated against 2000 authoritative Cars master shares outstanding.,,quarterly,80200.0,chart_observation_marked_exact
rally-11bm1,2018-12-31,2019-01-08T00:00:00Z,42.0,84000.0,offering_price,manual_research,User-provided manual Rally 11BM1 Cars price history,2026-07-31T00:00:00Z,OpenAI Codex,exact,Manually transcribed Rally observation; validated against 2000 authoritative Cars master shares outstanding. Offering price and initial market cap reconcile to the authoritative Cars master.,,quarterly,84000.0,offering_price_excluded_from_secondary_returns
rally-11bm1,2019-06-30,2019-06-06T00:00:00Z,42.0,84000.0,chart_observation,manual_research,User-provided manual Rally 11BM1 Cars price history,2026-07-31T00:00:00Z,OpenAI Codex,exact,Manually transcribed Rally observation; validated against 2000 authoritative Cars master shares outstanding.,,quarterly,84000.0,chart_observation_marked_exact
rally-11bm1,2019-09-30,2019-09-17T00:00:00Z,42.2,84400.0,chart_observation,manual_research,User-provided manual Rally 11BM1 Cars price history,2026-07-31T00:00:00Z,OpenAI Codex,exact,Manually transcribed Rally observation; validated against 2000 authoritative Cars master shares outstanding.,,quarterly,84400.0,chart_observation_marked_exact
rally-11bm1,2019-12-31,2019-12-03T00:00:00Z,42.5,85000.0,chart_observation,manual_research,User-provided manual Rally 11BM1 Cars price history,2026-07-31T00:00:00Z,OpenAI Codex,exact,Manually transcribed Rally observation; validated against 2000 authoritative Cars master shares outstanding.,,quarterly,85000.0,chart_observation_marked_exact
rally-11bm1,2020-03-31,2020-03-10T00:00:00Z,43.75,87500.0,chart_observation,manual_research,User-provided manual Rally 11BM1 Cars price history,2026-07-31T00:00:00Z,OpenAI Codex,exact,Manually transcribed Rally observation; validated against 2000 authoritative Cars master shares outstanding.,,quarterly,87500.0,chart_observation_marked_exact
rally-11bm1,2020-06-30,2020-06-23T00:00:00Z,43.75,87500.0,chart_observation,manual_research,User-provided manual Rally 11BM1 Cars price history,2026-07-31T00:00:00Z,OpenAI Codex,exact,Manually transcribed Rally observation; validated against 2000 authoritative Cars master shares outstanding.,,quarterly,87500.0,chart_observation_marked_exact
rally-11bm1,2020-09-30,2020-09-29T00:00:00Z,43.75,87500.0,chart_observation,manual_research,User-provided manual Rally 11BM1 Cars price history,2026-07-31T00:00:00Z,OpenAI Codex,exact,Manually transcribed Rally observation; validated against 2000 authoritative Cars master shares outstanding.,,quarterly,87500.0,chart_observation_marked_exact
rally-11bm1,2020-12-31,2021-01-05T00:00:00Z,48.75,97500.0,chart_observation,manual_research,User-provided manual Rally 11BM1 Cars price history,2026-07-31T00:00:00Z,OpenAI Codex,exact,Manually transcribed Rally observation; validated against 2000 authoritative Cars master shares outstanding.,,quarterly,97500.0,chart_observation_marked_exact
rally-11bm1,2021-03-31,2021-03-11T00:00:00Z,45.4,90800.0,chart_observation,manual_research,User-provided manual Rally 11BM1 Cars price history,2026-07-31T00:00:00Z,OpenAI Codex,exact,Manually transcribed Rally observation; validated against 2000 authoritative Cars master shares outstanding.,,quarterly,90800.0,chart_observation_marked_exact
rally-11bm1,2021-06-30,2021-05-25T00:00:00Z,32.55,65100.0,chart_observation,manual_research,User-provided manual Rally 11BM1 Cars price history,2026-07-31T00:00:00Z,OpenAI Codex,exact,Manually transcribed Rally observation; validated against 2000 authoritative Cars master shares outstanding.,,quarterly,65100.0,chart_observation_marked_exact
rally-11bm1,2021-09-30,2021-08-25T00:00:00Z,38.0,76000.0,chart_observation,manual_research,User-provided manual Rally 11BM1 Cars price history,2026-07-31T00:00:00Z,OpenAI Codex,exact,Manually transcribed Rally observation; validated against 2000 authoritative Cars master shares outstanding.,,quarterly,76000.0,chart_observation_marked_exact
rally-11bm1,2022-06-30,2022-06-28T00:00:00Z,27.0,54000.0,chart_observation,manual_research,User-provided manual Rally 11BM1 Cars price history,2026-07-31T00:00:00Z,OpenAI Codex,exact,Manually transcribed Rally observation; validated against 2000 authoritative Cars master shares outstanding.,,quarterly,54000.0,chart_observation_marked_exact
rally-11bm1,2022-09-30,2022-09-29T00:00:00Z,30.5,61000.0,chart_observation,manual_research,User-provided manual Rally 11BM1 Cars price history,2026-07-31T00:00:00Z,OpenAI Codex,exact,Manually transcribed Rally observation; validated against 2000 authoritative Cars master shares outstanding.,,quarterly,61000.0,chart_observation_marked_exact
rally-11bm1,2022-12-31,2022-12-30T00:00:00Z,30.0,60000.0,chart_observation,manual_research,User-provided manual Rally 11BM1 Cars price history,2026-07-31T00:00:00Z,OpenAI Codex,exact,Manually transcribed Rally observation; validated against 2000 authoritative Cars master shares outstanding.,,quarterly,60000.0,chart_observation_marked_exact
rally-11bm1,2023-03-31,2023-03-31T00:00:00Z,31.0,62000.0,chart_observation,manual_research,User-provided manual Rally 11BM1 Cars price history,2026-07-31T00:00:00Z,OpenAI Codex,exact,Manually transcribed Rally observation; validated against 2000 authoritative Cars master shares outstanding.,,quarterly,62000.0,chart_observation_marked_exact
rally-11bm1,2023-06-30,2023-06-23T00:00:00Z,33.29,66580.0,chart_observation,manual_research,User-provided manual Rally 11BM1 Cars price history,2026-07-31T00:00:00Z,OpenAI Codex,exact,Manually transcribed Rally observation; validated against 2000 authoritative Cars master shares outstanding.,,quarterly,66580.0,chart_observation_marked_exact
rally-11bm1,2023-09-30,2023-09-25T00:00:00Z,37.5,75000.0,chart_observation,manual_research,User-provided manual Rally 11BM1 Cars price history,2026-07-31T00:00:00Z,OpenAI Codex,exact,Manually transcribed Rally observation; validated against 2000 authoritative Cars master shares outstanding.,,quarterly,75000.0,chart_observation_marked_exact
rally-11bm1,2023-12-31,2023-12-26T00:00:00Z,27.1,54200.0,chart_observation,manual_research,User-provided manual Rally 11BM1 Cars price history,2026-07-31T00:00:00Z,OpenAI Codex,exact,Manually transcribed Rally observation; validated against 2000 authoritative Cars master shares outstanding.,,quarterly,54200.0,chart_observation_marked_exact
rally-11bm1,2024-03-31,2024-03-27T00:00:00Z,40.0,80000.0,chart_observation,manual_research,User-provided manual Rally 11BM1 Cars price history,2026-07-31T00:00:00Z,OpenAI Codex,exact,Manually transcribed Rally observation; validated against 2000 authoritative Cars master shares outstanding.,,quarterly,80000.0,chart_observation_marked_exact
rally-11bm1,2024-06-30,2024-06-27T00:00:00Z,45.0,90000.0,chart_observation,manual_research,User-provided manual Rally 11BM1 Cars price history,2026-07-31T00:00:00Z,OpenAI Codex,exact,Manually transcribed Rally observation; validated against 2000 authoritative Cars master shares outstanding.,,quarterly,90000.0,chart_observation_marked_exact
rally-11bm1,2024-09-30,2024-09-27T00:00:00Z,37.5,75000.0,chart_observation,manual_research,User-provided manual Rally 11BM1 Cars price history,2026-07-31T00:00:00Z,OpenAI Codex,exact,Manually transcribed Rally observation; validated against 2000 authoritative Cars master shares outstanding.,,quarterly,75000.0,chart_observation_marked_exact
rally-11bm1,2024-12-31,2024-12-30T00:00:00Z,42.05,84100.0,chart_observation,manual_research,User-provided manual Rally 11BM1 Cars price history,2026-07-31T00:00:00Z,OpenAI Codex,exact,Manually transcribed Rally observation; validated against 2000 authoritative Cars master shares outstanding.,,quarterly,84100.0,chart_observation_marked_exact
rally-11bm1,2025-03-31,2025-03-31T00:00:00Z,50.4,100800.0,chart_observation,manual_research,User-provided manual Rally 11BM1 Cars price history,2026-07-31T00:00:00Z,OpenAI Codex,exact,Manually transcribed Rally observation; validated against 2000 authoritative Cars master shares outstanding.,,quarterly,100800.0,chart_observation_marked_exact
rally-11bm1,2025-06-30,2025-06-23T00:00:00Z,49.45,98900.0,chart_observation,manual_research,User-provided manual Rally 11BM1 Cars price history,2026-07-31T00:00:00Z,OpenAI Codex,exact,Manually transcribed Rally observation; validated against 2000 authoritative Cars master shares outstanding.,,quarterly,98900.0,chart_observation_marked_exact
rally-11bm1,2025-09-30,2025-09-23T00:00:00Z,36.2,72400.0,chart_observation,manual_research,User-provided manual Rally 11BM1 Cars price history,2026-07-31T00:00:00Z,OpenAI Codex,exact,Manually transcribed Rally observation; validated against 2000 authoritative Cars master shares outstanding.,,quarterly,72400.0,chart_observation_marked_exact
rally-11bm1,2025-12-31,2025-12-24T00:00:00Z,40.05,80100.0,chart_observation,manual_research,User-provided manual Rally 11BM1 Cars price history,2026-07-31T00:00:00Z,OpenAI Codex,exact,Manually transcribed Rally observation; validated against 2000 authoritative Cars master shares outstanding.,,quarterly,80100.0,chart_observation_marked_exact
rally-11bm1,2026-03-31,2026-03-27T00:00:00Z,41.5,83000.0,chart_observation,manual_research,User-provided manual Rally 11BM1 Cars price history,2026-07-31T00:00:00Z,OpenAI Codex,exact,Manually transcribed Rally observation; validated against 2000 authoritative Cars master shares outstanding.,,quarterly,83000.0,chart_observation_marked_exact
rally-11bm1,2026-06-30,2026-06-26T00:00:00Z,42.4,84800.0,chart_observation,manual_research,User-provided manual Rally 11BM1 Cars price history,2026-07-31T00:00:00Z,OpenAI Codex,exact,Manually transcribed Rally observation; validated against 2000 authoritative Cars master shares outstanding.,,quarterly,84800.0,chart_observation_marked_exact
rally-94fs1,2019-09-30,2019-09-12T00:00:00Z,72.5,145000.0,offering_price,manual_research,User-provided manual Rally 94FS1 Cars price history,2026-07-31T00:00:00Z,OpenAI Codex,exact,Manually transcribed Rally observation; validated against 2000 authoritative Cars master shares outstanding. Offering price and initial market cap reconcile to the authoritative Cars master.,,quarterly,145000.0,offering_price_excluded_from_secondary_returns
rally-94fs1,2019-12-31,2020-01-28T00:00:00Z,72.45,144900.0,chart_observation,manual_research,User-provided manual Rally 94FS1 Cars price history,2026-07-31T00:00:00Z,OpenAI Codex,exact,Manually transcribed Rally observation; validated against 2000 authoritative Cars master shares outstanding.,,quarterly,144900.0,chart_observation_marked_exact
rally-94fs1,2020-03-31,2020-04-28T00:00:00Z,72.0,144000.0,chart_observation,manual_research,User-provided manual Rally 94FS1 Cars price history,2026-07-31T00:00:00Z,OpenAI Codex,exact,Manually transcribed Rally observation; validated against 2000 authoritative Cars master shares outstanding.,,quarterly,144000.0,chart_observation_marked_exact
rally-94fs1,2020-06-30,2020-08-11T00:00:00Z,70.0,140000.0,chart_observation,manual_research,User-provided manual Rally 94FS1 Cars price history,2026-07-31T00:00:00Z,OpenAI Codex,exact,Manually transcribed Rally observation; validated against 2000 authoritative Cars master shares outstanding.,,quarterly,140000.0,chart_observation_marked_exact
rally-94fs1,2020-09-30,2020-11-10T00:00:00Z,69.0,138000.0,chart_observation,manual_research,User-provided manual Rally 94FS1 Cars price history,2026-07-31T00:00:00Z,OpenAI Codex,exact,Manually transcribed Rally observation; validated against 2000 authoritative Cars master shares outstanding.,,quarterly,138000.0,chart_observation_marked_exact
rally-94fs1,2020-12-31,2021-02-11T00:00:00Z,64.25,128500.0,chart_observation,manual_research,User-provided manual Rally 94FS1 Cars price history,2026-07-31T00:00:00Z,OpenAI Codex,exact,Manually transcribed Rally observation; validated against 2000 authoritative Cars master shares outstanding.,,quarterly,128500.0,chart_observation_marked_exact
rally-94fs1,2021-03-31,2021-04-22T00:00:00Z,63.0,126000.0,chart_observation,manual_research,User-provided manual Rally 94FS1 Cars price history,2026-07-31T00:00:00Z,OpenAI Codex,exact,Manually transcribed Rally observation; validated against 2000 authoritative Cars master shares outstanding.,,quarterly,126000.0,chart_observation_marked_exact
rally-94fs1,2021-06-30,2021-07-23T00:00:00Z,85.0,170000.0,chart_observation,manual_research,User-provided manual Rally 94FS1 Cars price history,2026-07-31T00:00:00Z,OpenAI Codex,exact,Manually transcribed Rally observation; validated against 2000 authoritative Cars master shares outstanding.,,quarterly,170000.0,chart_observation_marked_exact
rally-94fs1,2022-03-31,2022-03-21T00:00:00Z,85.0,170000.0,chart_observation,manual_research,User-provided manual Rally 94FS1 Cars price history,2026-07-31T00:00:00Z,OpenAI Codex,exact,Manually transcribed Rally observation; validated against 2000 authoritative Cars master shares outstanding.,,quarterly,170000.0,chart_observation_marked_exact
rally-94fs1,2022-06-30,2022-06-29T00:00:00Z,48.0,96000.0,chart_observation,manual_research,User-provided manual Rally 94FS1 Cars price history,2026-07-31T00:00:00Z,OpenAI Codex,exact,Manually transcribed Rally observation; validated against 2000 authoritative Cars master shares outstanding.,,quarterly,96000.0,chart_observation_marked_exact
rally-94fs1,2022-09-30,2022-09-29T00:00:00Z,52.5,105000.0,chart_observation,manual_research,User-provided manual Rally 94FS1 Cars price history,2026-07-31T00:00:00Z,OpenAI Codex,exact,Manually transcribed Rally observation; validated against 2000 authoritative Cars master shares outstanding.,,quarterly,105000.0,chart_observation_marked_exact
rally-94fs1,2022-12-31,2022-12-29T00:00:00Z,57.0,114000.0,chart_observation,manual_research,User-provided manual Rally 94FS1 Cars price history,2026-07-31T00:00:00Z,OpenAI Codex,exact,Manually transcribed Rally observation; validated against 2000 authoritative Cars master shares outstanding.,,quarterly,114000.0,chart_observation_marked_exact
rally-94fs1,2023-03-31,2023-03-30T00:00:00Z,60.0,120000.0,chart_observation,manual_research,User-provided manual Rally 94FS1 Cars price history,2026-07-31T00:00:00Z,OpenAI Codex,exact,Manually transcribed Rally observation; validated against 2000 authoritative Cars master shares outstanding.,,quarterly,120000.0,chart_observation_marked_exact
rally-94fs1,2023-06-30,2023-06-30T00:00:00Z,50.55,101100.0,chart_observation,manual_research,User-provided manual Rally 94FS1 Cars price history,2026-07-31T00:00:00Z,OpenAI Codex,exact,Manually transcribed Rally observation; validated against 2000 authoritative Cars master shares outstanding.,,quarterly,101100.0,chart_observation_marked_exact
rally-94fs1,2023-09-30,2023-09-29T00:00:00Z,49.6,99200.0,chart_observation,manual_research,User-provided manual Rally 94FS1 Cars price history,2026-07-31T00:00:00Z,OpenAI Codex,exact,Manually transcribed Rally observation; validated against 2000 authoritative Cars master shares outstanding.,,quarterly,99200.0,chart_observation_marked_exact
rally-94fs1,2023-12-31,2023-12-29T00:00:00Z,49.0,98000.0,chart_observation,manual_research,User-provided manual Rally 94FS1 Cars price history,2026-07-31T00:00:00Z,OpenAI Codex,exact,Manually transcribed Rally observation; validated against 2000 authoritative Cars master shares outstanding.,,quarterly,98000.0,chart_observation_marked_exact
rally-94fs1,2024-03-31,2024-03-22T00:00:00Z,58.0,116000.0,chart_observation,manual_research,User-provided manual Rally 94FS1 Cars price history,2026-07-31T00:00:00Z,OpenAI Codex,exact,Manually transcribed Rally observation; validated against 2000 authoritative Cars master shares outstanding.,,quarterly,116000.0,chart_observation_marked_exact
rally-94fs1,2024-06-30,2024-06-21T00:00:00Z,59.7,119400.0,chart_observation,manual_research,User-provided manual Rally 94FS1 Cars price history,2026-07-31T00:00:00Z,OpenAI Codex,exact,Manually transcribed Rally observation; validated against 2000 authoritative Cars master shares outstanding.,,quarterly,119400.0,chart_observation_marked_exact
rally-94fs1,2024-09-30,2024-09-30T00:00:00Z,60.0,120000.0,chart_observation,manual_research,User-provided manual Rally 94FS1 Cars price history,2026-07-31T00:00:00Z,OpenAI Codex,exact,Manually transcribed Rally observation; validated against 2000 authoritative Cars master shares outstanding.,,quarterly,120000.0,chart_observation_marked_exact
rally-94fs1,2024-12-31,2024-12-30T00:00:00Z,56.0,112000.0,chart_observation,manual_research,User-provided manual Rally 94FS1 Cars price history,2026-07-31T00:00:00Z,OpenAI Codex,exact,Manually transcribed Rally observation; validated against 2000 authoritative Cars master shares outstanding.,,quarterly,112000.0,chart_observation_marked_exact
rally-94fs1,2025-03-31,2025-03-31T00:00:00Z,57.0,114000.0,chart_observation,manual_research,User-provided manual Rally 94FS1 Cars price history,2026-07-31T00:00:00Z,OpenAI Codex,exact,Manually transcribed Rally observation; validated against 2000 authoritative Cars master shares outstanding.,,quarterly,114000.0,chart_observation_marked_exact
rally-94fs1,2025-06-30,2025-06-30T00:00:00Z,57.0,114000.0,chart_observation,manual_research,User-provided manual Rally 94FS1 Cars price history,2026-07-31T00:00:00Z,OpenAI Codex,exact,Manually transcribed Rally observation; validated against 2000 authoritative Cars master shares outstanding.,,quarterly,114000.0,chart_observation_marked_exact
rally-94fs1,2025-09-30,2025-09-30T00:00:00Z,56.0,112000.0,chart_observation,manual_research,User-provided manual Rally 94FS1 Cars price history,2026-07-31T00:00:00Z,OpenAI Codex,exact,Manually transcribed Rally observation; validated against 2000 authoritative Cars master shares outstanding.,,quarterly,112000.0,chart_observation_marked_exact
rally-94fs1,2025-12-31,2025-12-30T00:00:00Z,57.0,114000.0,chart_observation,manual_research,User-provided manual Rally 94FS1 Cars price history,2026-07-31T00:00:00Z,OpenAI Codex,exact,Manually transcribed Rally observation; validated against 2000 authoritative Cars master shares outstanding.,,quarterly,114000.0,chart_observation_marked_exact
rally-94fs1,2026-03-31,2026-03-24T00:00:00Z,57.5,115000.0,chart_observation,manual_research,User-provided manual Rally 94FS1 Cars price history,2026-07-31T00:00:00Z,OpenAI Codex,exact,Manually transcribed Rally observation; validated against 2000 authoritative Cars master shares outstanding.,,quarterly,115000.0,chart_observation_marked_exact
rally-94fs1,2026-06-30,2026-06-24T00:00:00Z,58.0,116000.0,chart_observation,manual_research,User-provided manual Rally 94FS1 Cars price history,2026-07-31T00:00:00Z,OpenAI Codex,exact,Manually transcribed Rally observation; validated against 2000 authoritative Cars master shares outstanding.,,quarterly,116000.0,chart_observation_marked_exact
rally-99ss1,2019-09-30,2019-09-04T00:00:00Z,137.5,137500.0,offering_price,manual_research,User-provided manual Rally 99SS1 Cars price history,2026-07-31T00:00:00Z,OpenAI Codex,exact,Manually transcribed Rally observation; validated against 1000 authoritative Cars master shares outstanding. Offering price and initial market cap reconcile to the authoritative Cars master.,,quarterly,137500.0,offering_price_excluded_from_secondary_returns
rally-99ss1,2019-12-31,2020-01-07T00:00:00Z,139.95,139950.0,chart_observation,manual_research,User-provided manual Rally 99SS1 Cars price history,2026-07-31T00:00:00Z,OpenAI Codex,exact,Manually transcribed Rally observation; validated against 1000 authoritative Cars master shares outstanding.,,quarterly,139950.0,chart_observation_marked_exact
rally-99ss1,2020-03-31,2020-04-14T00:00:00Z,141.0,141000.0,chart_observation,manual_research,User-provided manual Rally 99SS1 Cars price history,2026-07-31T00:00:00Z,OpenAI Codex,exact,Manually transcribed Rally observation; validated against 1000 authoritative Cars master shares outstanding.,,quarterly,141000.0,chart_observation_marked_exact
rally-99ss1,2020-06-30,2020-07-21T00:00:00Z,141.0,141000.0,chart_observation,manual_research,User-provided manual Rally 99SS1 Cars price history,2026-07-31T00:00:00Z,OpenAI Codex,exact,Manually transcribed Rally observation; validated against 1000 authoritative Cars master shares outstanding.,,quarterly,141000.0,chart_observation_marked_exact
rally-99ss1,2020-09-30,2020-10-20T00:00:00Z,141.5,141500.0,chart_observation,manual_research,User-provided manual Rally 99SS1 Cars price history,2026-07-31T00:00:00Z,OpenAI Codex,exact,Manually transcribed Rally observation; validated against 1000 authoritative Cars master shares outstanding.,,quarterly,141500.0,chart_observation_marked_exact
rally-99ss1,2020-12-31,2021-02-02T00:00:00Z,141.5,141500.0,chart_observation,manual_research,User-provided manual Rally 99SS1 Cars price history,2026-07-31T00:00:00Z,OpenAI Codex,exact,Manually transcribed Rally observation; validated against 1000 authoritative Cars master shares outstanding.,,quarterly,141500.0,chart_observation_marked_exact
rally-99ss1,2021-03-31,2021-04-01T00:00:00Z,141.5,141500.0,chart_observation,manual_research,User-provided manual Rally 99SS1 Cars price history,2026-07-31T00:00:00Z,OpenAI Codex,exact,Manually transcribed Rally observation; validated against 1000 authoritative Cars master shares outstanding.,,quarterly,141500.0,chart_observation_marked_exact
rally-99ss1,2021-06-30,2021-06-17T00:00:00Z,141.5,141500.0,chart_observation,manual_research,User-provided manual Rally 99SS1 Cars price history,2026-07-31T00:00:00Z,OpenAI Codex,exact,Manually transcribed Rally observation; validated against 1000 authoritative Cars master shares outstanding.,,quarterly,141500.0,chart_observation_marked_exact
rally-99ss1,2021-09-30,2021-09-28T00:00:00Z,141.5,141500.0,chart_observation,manual_research,User-provided manual Rally 99SS1 Cars price history,2026-07-31T00:00:00Z,OpenAI Codex,exact,Manually transcribed Rally observation; validated against 1000 authoritative Cars master shares outstanding.,,quarterly,141500.0,chart_observation_marked_exact
rally-99ss1,2022-03-31,2022-02-28T00:00:00Z,138.0,138000.0,chart_observation,manual_research,User-provided manual Rally 99SS1 Cars price history,2026-07-31T00:00:00Z,OpenAI Codex,exact,Manually transcribed Rally observation; validated against 1000 authoritative Cars master shares outstanding.,,quarterly,138000.0,chart_observation_marked_exact
rally-99ss1,2022-06-30,2022-06-24T00:00:00Z,135.0,135000.0,chart_observation,manual_research,User-provided manual Rally 99SS1 Cars price history,2026-07-31T00:00:00Z,OpenAI Codex,exact,Manually transcribed Rally observation; validated against 1000 authoritative Cars master shares outstanding.,,quarterly,135000.0,chart_observation_marked_exact
rally-99ss1,2022-09-30,2022-09-23T00:00:00Z,115.0,115000.0,chart_observation,manual_research,User-provided manual Rally 99SS1 Cars price history,2026-07-31T00:00:00Z,OpenAI Codex,exact,Manually transcribed Rally observation; validated against 1000 authoritative Cars master shares outstanding.,,quarterly,115000.0,chart_observation_marked_exact
rally-99ss1,2022-12-31,2022-12-23T00:00:00Z,120.0,120000.0,chart_observation,manual_research,User-provided manual Rally 99SS1 Cars price history,2026-07-31T00:00:00Z,OpenAI Codex,exact,Manually transcribed Rally observation; validated against 1000 authoritative Cars master shares outstanding.,,quarterly,120000.0,chart_observation_marked_exact
rally-99ss1,2023-03-31,2023-03-27T00:00:00Z,126.0,126000.0,chart_observation,manual_research,User-provided manual Rally 99SS1 Cars price history,2026-07-31T00:00:00Z,OpenAI Codex,exact,Manually transcribed Rally observation; validated against 1000 authoritative Cars master shares outstanding.,,quarterly,126000.0,chart_observation_marked_exact
rally-99ss1,2023-06-30,2023-06-26T00:00:00Z,119.0,119000.0,chart_observation,manual_research,User-provided manual Rally 99SS1 Cars price history,2026-07-31T00:00:00Z,OpenAI Codex,exact,Manually transcribed Rally observation; validated against 1000 authoritative Cars master shares outstanding.,,quarterly,119000.0,chart_observation_marked_exact
rally-99ss1,2023-09-30,2023-09-26T00:00:00Z,114.0,114000.0,chart_observation,manual_research,User-provided manual Rally 99SS1 Cars price history,2026-07-31T00:00:00Z,OpenAI Codex,exact,Manually transcribed Rally observation; validated against 1000 authoritative Cars master shares outstanding.,,quarterly,114000.0,chart_observation_marked_exact
rally-99ss1,2023-12-31,2023-12-27T00:00:00Z,100.0,100000.0,chart_observation,manual_research,User-provided manual Rally 99SS1 Cars price history,2026-07-31T00:00:00Z,OpenAI Codex,exact,Manually transcribed Rally observation; validated against 1000 authoritative Cars master shares outstanding.,,quarterly,100000.0,chart_observation_marked_exact
rally-99ss1,2024-03-31,2024-03-27T00:00:00Z,133.0,133000.0,chart_observation,manual_research,User-provided manual Rally 99SS1 Cars price history,2026-07-31T00:00:00Z,OpenAI Codex,exact,Manually transcribed Rally observation; validated against 1000 authoritative Cars master shares outstanding.,,quarterly,133000.0,chart_observation_marked_exact
rally-99ss1,2024-06-30,2024-06-27T00:00:00Z,155.0,155000.0,chart_observation,manual_research,User-provided manual Rally 99SS1 Cars price history,2026-07-31T00:00:00Z,OpenAI Codex,exact,Manually transcribed Rally observation; validated against 1000 authoritative Cars master shares outstanding.,,quarterly,155000.0,chart_observation_marked_exact
rally-99ss1,2024-09-30,2024-09-27T00:00:00Z,131.0,131000.0,chart_observation,manual_research,User-provided manual Rally 99SS1 Cars price history,2026-07-31T00:00:00Z,OpenAI Codex,exact,Manually transcribed Rally observation; validated against 1000 authoritative Cars master shares outstanding.,,quarterly,131000.0,chart_observation_marked_exact
rally-99ss1,2024-12-31,2024-12-27T00:00:00Z,172.0,172000.0,chart_observation,manual_research,User-provided manual Rally 99SS1 Cars price history,2026-07-31T00:00:00Z,OpenAI Codex,exact,Manually transcribed Rally observation; validated against 1000 authoritative Cars master shares outstanding.,,quarterly,172000.0,chart_observation_marked_exact
rally-99ss1,2025-03-31,2025-03-28T00:00:00Z,170.5,170500.0,chart_observation,manual_research,User-provided manual Rally 99SS1 Cars price history,2026-07-31T00:00:00Z,OpenAI Codex,exact,Manually transcribed Rally observation; validated against 1000 authoritative Cars master shares outstanding.,,quarterly,170500.0,chart_observation_marked_exact
rally-99ss1,2025-06-30,2025-06-30T00:00:00Z,170.5,170500.0,chart_observation,manual_research,User-provided manual Rally 99SS1 Cars price history,2026-07-31T00:00:00Z,OpenAI Codex,exact,Manually transcribed Rally observation; validated against 1000 authoritative Cars master shares outstanding.,,quarterly,170500.0,chart_observation_marked_exact
rally-99ss1,2025-09-30,2025-09-29T00:00:00Z,150.0,150000.0,chart_observation,manual_research,User-provided manual Rally 99SS1 Cars price history,2026-07-31T00:00:00Z,OpenAI Codex,exact,Manually transcribed Rally observation; validated against 1000 authoritative Cars master shares outstanding.,,quarterly,150000.0,chart_observation_marked_exact
rally-99ss1,2025-12-31,2025-12-30T00:00:00Z,149.15,149150.0,chart_observation,manual_research,User-provided manual Rally 99SS1 Cars price history,2026-07-31T00:00:00Z,OpenAI Codex,exact,Manually transcribed Rally observation; validated against 1000 authoritative Cars master shares outstanding.,,quarterly,149150.0,chart_observation_marked_exact
rally-99ss1,2026-03-31,2026-03-24T00:00:00Z,165.4,165400.0,chart_observation,manual_research,User-provided manual Rally 99SS1 Cars price history,2026-07-31T00:00:00Z,OpenAI Codex,exact,Manually transcribed Rally observation; validated against 1000 authoritative Cars master shares outstanding.,,quarterly,165400.0,chart_observation_marked_exact
rally-99ss1,2026-06-30,2026-06-23T00:00:00Z,165.0,165000.0,chart_observation,manual_research,User-provided manual Rally 99SS1 Cars price history,2026-07-31T00:00:00Z,OpenAI Codex,exact,Manually transcribed Rally observation; validated against 1000 authoritative Cars master shares outstanding.,,quarterly,165000.0,chart_observation_marked_exact
rally-91mv1,2018-12-31,2018-11-28T00:00:00Z,19.0,38000.0,offering_price,manual_research,User-provided manual Rally 91MV1 Cars price history,2026-07-31T00:00:00Z,OpenAI Codex,exact,Manually transcribed Rally observation; validated against 2000 authoritative Cars master shares outstanding. Offering price and initial market cap reconcile to the authoritative Cars master.,,quarterly,38000.0,offering_price_excluded_from_secondary_returns
rally-91mv1,2019-03-31,2019-03-21T00:00:00Z,19.0,38000.0,chart_observation,manual_research,User-provided manual Rally 91MV1 Cars price history,2026-07-31T00:00:00Z,OpenAI Codex,exact,Manually transcribed Rally observation; validated against 2000 authoritative Cars master shares outstanding.,,quarterly,38000.0,chart_observation_marked_exact
rally-91mv1,2019-05-02,2019-05-02T00:00:00Z,18.95,37900.0,chart_observation,manual_research,User-provided manual Rally 91MV1 Cars price history,2026-07-31T00:00:00Z,OpenAI Codex,exact,Same-quarter observation retained as non-quarterly research evidence; the closest-to-quarter-end observation is the canonical quarterly representative. Manually transcribed Rally observation; validated against 2000 authoritative Cars master shares outstanding.,,weekly,37900.0,chart_observation_marked_exact
rally-91mv1,2019-06-30,2019-08-13T00:00:00Z,18.95,37900.0,chart_observation,manual_research,User-provided manual Rally 91MV1 Cars price history,2026-07-31T00:00:00Z,OpenAI Codex,exact,Manually transcribed Rally observation; validated against 2000 authoritative Cars master shares outstanding.,,quarterly,37900.0,chart_observation_marked_exact
rally-91mv1,2019-12-31,2019-12-15T00:00:00Z,18.0,36000.0,chart_observation,manual_research,User-provided manual Rally 91MV1 Cars price history,2026-07-31T00:00:00Z,OpenAI Codex,exact,Manually transcribed Rally observation; validated against 2000 authoritative Cars master shares outstanding.,,quarterly,36000.0,chart_observation_marked_exact
rally-91mv1,2020-03-31,2020-04-07T00:00:00Z,18.1,36200.0,chart_observation,manual_research,User-provided manual Rally 91MV1 Cars price history,2026-07-31T00:00:00Z,OpenAI Codex,exact,Manually transcribed Rally observation; validated against 2000 authoritative Cars master shares outstanding.,,quarterly,36200.0,chart_observation_marked_exact
rally-91mv1,2020-06-30,2020-07-21T00:00:00Z,18.1,36200.0,chart_observation,manual_research,User-provided manual Rally 91MV1 Cars price history,2026-07-31T00:00:00Z,OpenAI Codex,exact,Manually transcribed Rally observation; validated against 2000 authoritative Cars master shares outstanding.,,quarterly,36200.0,chart_observation_marked_exact
rally-91mv1,2020-12-31,2021-01-26T00:00:00Z,17.75,35500.0,chart_observation,manual_research,User-provided manual Rally 91MV1 Cars price history,2026-07-31T00:00:00Z,OpenAI Codex,exact,Manually transcribed Rally observation; validated against 2000 authoritative Cars master shares outstanding.,,quarterly,35500.0,chart_observation_marked_exact
rally-91mv1,2021-03-31,2021-04-06T00:00:00Z,20.0,40000.0,chart_observation,manual_research,User-provided manual Rally 91MV1 Cars price history,2026-07-31T00:00:00Z,OpenAI Codex,exact,Manually transcribed Rally observation; validated against 2000 authoritative Cars master shares outstanding.,,quarterly,40000.0,chart_observation_marked_exact
rally-91mv1,2021-06-30,2021-06-29T00:00:00Z,25.0,50000.0,chart_observation,manual_research,User-provided manual Rally 91MV1 Cars price history,2026-07-31T00:00:00Z,OpenAI Codex,exact,Manually transcribed Rally observation; validated against 2000 authoritative Cars master shares outstanding.,,quarterly,50000.0,chart_observation_marked_exact
rally-91mv1,2021-09-30,2021-10-07T00:00:00Z,25.1,50200.0,chart_observation,manual_research,User-provided manual Rally 91MV1 Cars price history,2026-07-31T00:00:00Z,OpenAI Codex,exact,Manually transcribed Rally observation; validated against 2000 authoritative Cars master shares outstanding.,,quarterly,50200.0,chart_observation_marked_exact
rally-91mv1,2022-03-31,2022-04-11T00:00:00Z,24.1,48200.0,chart_observation,manual_research,User-provided manual Rally 91MV1 Cars price history,2026-07-31T00:00:00Z,OpenAI Codex,exact,Manually transcribed Rally observation; validated against 2000 authoritative Cars master shares outstanding.,,quarterly,48200.0,chart_observation_marked_exact
rally-91mv1,2022-06-30,2022-06-28T00:00:00Z,16.0,32000.0,chart_observation,manual_research,User-provided manual Rally 91MV1 Cars price history,2026-07-31T00:00:00Z,OpenAI Codex,exact,Manually transcribed Rally observation; validated against 2000 authoritative Cars master shares outstanding.,,quarterly,32000.0,chart_observation_marked_exact
rally-91mv1,2022-09-30,2022-09-30T00:00:00Z,16.0,32000.0,chart_observation,manual_research,User-provided manual Rally 91MV1 Cars price history,2026-07-31T00:00:00Z,OpenAI Codex,exact,Manually transcribed Rally observation; validated against 2000 authoritative Cars master shares outstanding.,,quarterly,32000.0,chart_observation_marked_exact
rally-91mv1,2022-12-31,2022-12-23T00:00:00Z,21.9,43800.0,chart_observation,manual_research,User-provided manual Rally 91MV1 Cars price history,2026-07-31T00:00:00Z,OpenAI Codex,exact,Manually transcribed Rally observation; validated against 2000 authoritative Cars master shares outstanding.,,quarterly,43800.0,chart_observation_marked_exact
rally-91mv1,2023-03-31,2023-03-27T00:00:00Z,21.0,42000.0,chart_observation,manual_research,User-provided manual Rally 91MV1 Cars price history,2026-07-31T00:00:00Z,OpenAI Codex,exact,Manually transcribed Rally observation; validated against 2000 authoritative Cars master shares outstanding.,,quarterly,42000.0,chart_observation_marked_exact
rally-91mv1,2023-06-30,2023-06-29T00:00:00Z,16.05,32100.0,chart_observation,manual_research,User-provided manual Rally 91MV1 Cars price history,2026-07-31T00:00:00Z,OpenAI Codex,exact,Manually transcribed Rally observation; validated against 2000 authoritative Cars master shares outstanding.,,quarterly,32100.0,chart_observation_marked_exact
rally-91mv1,2023-09-30,2023-09-29T00:00:00Z,12.0,24000.0,chart_observation,manual_research,User-provided manual Rally 91MV1 Cars price history,2026-07-31T00:00:00Z,OpenAI Codex,exact,Manually transcribed Rally observation; validated against 2000 authoritative Cars master shares outstanding.,,quarterly,24000.0,chart_observation_marked_exact
rally-91mv1,2023-12-31,2023-12-29T00:00:00Z,10.3,20600.0,chart_observation,manual_research,User-provided manual Rally 91MV1 Cars price history,2026-07-31T00:00:00Z,OpenAI Codex,exact,Manually transcribed Rally observation; validated against 2000 authoritative Cars master shares outstanding.,,quarterly,20600.0,chart_observation_marked_exact
rally-91mv1,2024-03-31,2024-03-27T00:00:00Z,16.3,32600.0,chart_observation,manual_research,User-provided manual Rally 91MV1 Cars price history,2026-07-31T00:00:00Z,OpenAI Codex,exact,Manually transcribed Rally observation; validated against 2000 authoritative Cars master shares outstanding.,,quarterly,32600.0,chart_observation_marked_exact
rally-91mv1,2024-06-30,2024-06-28T00:00:00Z,14.6,29200.0,chart_observation,manual_research,User-provided manual Rally 91MV1 Cars price history,2026-07-31T00:00:00Z,OpenAI Codex,exact,Manually transcribed Rally observation; validated against 2000 authoritative Cars master shares outstanding.,,quarterly,29200.0,chart_observation_marked_exact
rally-91mv1,2024-09-30,2024-09-30T00:00:00Z,15.9,31800.0,chart_observation,manual_research,User-provided manual Rally 91MV1 Cars price history,2026-07-31T00:00:00Z,OpenAI Codex,exact,Manually transcribed Rally observation; validated against 2000 authoritative Cars master shares outstanding.,,quarterly,31800.0,chart_observation_marked_exact
rally-91mv1,2024-12-31,2024-12-31T00:00:00Z,17.2,34400.0,chart_observation,manual_research,User-provided manual Rally 91MV1 Cars price history,2026-07-31T00:00:00Z,OpenAI Codex,exact,Manually transcribed Rally observation; validated against 2000 authoritative Cars master shares outstanding.,,quarterly,34400.0,chart_observation_marked_exact
rally-91mv1,2025-03-31,2025-03-27T00:00:00Z,15.9,31800.0,chart_observation,manual_research,User-provided manual Rally 91MV1 Cars price history,2026-07-31T00:00:00Z,OpenAI Codex,exact,Manually transcribed Rally observation; validated against 2000 authoritative Cars master shares outstanding.,,quarterly,31800.0,chart_observation_marked_exact
rally-91mv1,2025-06-30,2025-06-27T00:00:00Z,18.1,36200.0,chart_observation,manual_research,User-provided manual Rally 91MV1 Cars price history,2026-07-31T00:00:00Z,OpenAI Codex,exact,Manually transcribed Rally observation; validated against 2000 authoritative Cars master shares outstanding.,,quarterly,36200.0,chart_observation_marked_exact
rally-91mv1,2025-09-30,2025-09-30T00:00:00Z,15.9,31800.0,chart_observation,manual_research,User-provided manual Rally 91MV1 Cars price history,2026-07-31T00:00:00Z,OpenAI Codex,exact,Manually transcribed Rally observation; validated against 2000 authoritative Cars master shares outstanding.,,quarterly,31800.0,chart_observation_marked_exact
rally-91mv1,2025-12-31,2025-12-24T00:00:00Z,18.55,37100.0,chart_observation,manual_research,User-provided manual Rally 91MV1 Cars price history,2026-07-31T00:00:00Z,OpenAI Codex,exact,Manually transcribed Rally observation; validated against 2000 authoritative Cars master shares outstanding.,,quarterly,37100.0,chart_observation_marked_exact
rally-91mv1,2026-03-31,2026-03-27T00:00:00Z,16.0,32000.0,chart_observation,manual_research,User-provided manual Rally 91MV1 Cars price history,2026-07-31T00:00:00Z,OpenAI Codex,exact,Manually transcribed Rally observation; validated against 2000 authoritative Cars master shares outstanding.,,quarterly,32000.0,chart_observation_marked_exact
rally-91mv1,2026-06-30,2026-06-29T00:00:00Z,18.0,36000.0,chart_observation,manual_research,User-provided manual Rally 91MV1 Cars price history,2026-07-31T00:00:00Z,OpenAI Codex,exact,Manually transcribed Rally observation; validated against 2000 authoritative Cars master shares outstanding.,,quarterly,36000.0,chart_observation_marked_exact
rally-94dv1,2019-03-31,2019-04-04T00:00:00Z,29.75,59500.0,chart_observation,manual_research,User-provided manual Rally 94DV1 Cars price history,2026-07-31T00:00:00Z,OpenAI Codex,exact,Manually transcribed Rally observation; validated against 2000 authoritative Cars master shares outstanding.,,quarterly,59500.0,chart_observation_marked_exact
rally-94dv1,2019-06-30,2019-07-11T00:00:00Z,31.15,62300.0,chart_observation,manual_research,User-provided manual Rally 94DV1 Cars price history,2026-07-31T00:00:00Z,OpenAI Codex,exact,Manually transcribed Rally observation; validated against 2000 authoritative Cars master shares outstanding.,,quarterly,62300.0,chart_observation_marked_exact
rally-94dv1,2019-09-30,2019-09-17T00:00:00Z,31.65,63300.0,chart_observation,manual_research,User-provided manual Rally 94DV1 Cars price history,2026-07-31T00:00:00Z,OpenAI Codex,exact,Manually transcribed Rally observation; validated against 2000 authoritative Cars master shares outstanding.,,quarterly,63300.0,chart_observation_marked_exact
rally-94dv1,2019-12-31,2019-12-17T00:00:00Z,31.45,62900.0,chart_observation,manual_research,User-provided manual Rally 94DV1 Cars price history,2026-07-31T00:00:00Z,OpenAI Codex,exact,Manually transcribed Rally observation; validated against 2000 authoritative Cars master shares outstanding.,,quarterly,62900.0,chart_observation_marked_exact
rally-94dv1,2020-03-31,2020-03-24T00:00:00Z,30.5,61000.0,chart_observation,manual_research,User-provided manual Rally 94DV1 Cars price history,2026-07-31T00:00:00Z,OpenAI Codex,exact,Manually transcribed Rally observation; validated against 2000 authoritative Cars master shares outstanding.,,quarterly,61000.0,chart_observation_marked_exact
rally-94dv1,2020-06-30,2020-07-07T00:00:00Z,32.5,65000.0,chart_observation,manual_research,User-provided manual Rally 94DV1 Cars price history,2026-07-31T00:00:00Z,OpenAI Codex,exact,Manually transcribed Rally observation; validated against 2000 authoritative Cars master shares outstanding.,,quarterly,65000.0,chart_observation_marked_exact
rally-94dv1,2020-09-30,2020-10-06T00:00:00Z,32.5,65000.0,chart_observation,manual_research,User-provided manual Rally 94DV1 Cars price history,2026-07-31T00:00:00Z,OpenAI Codex,exact,Manually transcribed Rally observation; validated against 2000 authoritative Cars master shares outstanding.,,quarterly,65000.0,chart_observation_marked_exact
rally-94dv1,2020-12-31,2021-01-05T00:00:00Z,34.5,69000.0,chart_observation,manual_research,User-provided manual Rally 94DV1 Cars price history,2026-07-31T00:00:00Z,OpenAI Codex,exact,Manually transcribed Rally observation; validated against 2000 authoritative Cars master shares outstanding.,,quarterly,69000.0,chart_observation_marked_exact
rally-94dv1,2021-03-31,2021-03-11T00:00:00Z,32.65,65300.0,chart_observation,manual_research,User-provided manual Rally 94DV1 Cars price history,2026-07-31T00:00:00Z,OpenAI Codex,exact,Manually transcribed Rally observation; validated against 2000 authoritative Cars master shares outstanding.,,quarterly,65300.0,chart_observation_marked_exact
rally-94dv1,2021-06-30,2021-05-26T00:00:00Z,31.5,63000.0,chart_observation,manual_research,User-provided manual Rally 94DV1 Cars price history,2026-07-31T00:00:00Z,OpenAI Codex,exact,Manually transcribed Rally observation; validated against 2000 authoritative Cars master shares outstanding.,,quarterly,63000.0,chart_observation_marked_exact
rally-94dv1,2021-09-30,2021-08-27T00:00:00Z,33.3,66600.0,chart_observation,manual_research,User-provided manual Rally 94DV1 Cars price history,2026-07-31T00:00:00Z,OpenAI Codex,exact,Manually transcribed Rally observation; validated against 2000 authoritative Cars master shares outstanding.,,quarterly,66600.0,chart_observation_marked_exact
rally-94dv1,2022-03-31,2022-03-07T00:00:00Z,33.0,66000.0,chart_observation,manual_research,User-provided manual Rally 94DV1 Cars price history,2026-07-31T00:00:00Z,OpenAI Codex,exact,Manually transcribed Rally observation; validated against 2000 authoritative Cars master shares outstanding.,,quarterly,66000.0,chart_observation_marked_exact
rally-94dv1,2022-06-30,2022-06-27T00:00:00Z,29.5,59000.0,chart_observation,manual_research,User-provided manual Rally 94DV1 Cars price history,2026-07-31T00:00:00Z,OpenAI Codex,exact,Manually transcribed Rally observation; validated against 2000 authoritative Cars master shares outstanding.,,quarterly,59000.0,chart_observation_marked_exact
rally-94dv1,2022-09-30,2022-09-28T00:00:00Z,27.75,55500.0,chart_observation,manual_research,User-provided manual Rally 94DV1 Cars price history,2026-07-31T00:00:00Z,OpenAI Codex,exact,Manually transcribed Rally observation; validated against 2000 authoritative Cars master shares outstanding.,,quarterly,55500.0,chart_observation_marked_exact
rally-94dv1,2022-12-31,2022-12-30T00:00:00Z,28.6,57200.0,chart_observation,manual_research,User-provided manual Rally 94DV1 Cars price history,2026-07-31T00:00:00Z,OpenAI Codex,exact,Manually transcribed Rally observation; validated against 2000 authoritative Cars master shares outstanding.,,quarterly,57200.0,chart_observation_marked_exact
rally-94dv1,2023-03-31,2023-03-24T00:00:00Z,22.05,44100.0,chart_observation,manual_research,User-provided manual Rally 94DV1 Cars price history,2026-07-31T00:00:00Z,OpenAI Codex,exact,Manually transcribed Rally observation; validated against 2000 authoritative Cars master shares outstanding.,,quarterly,44100.0,chart_observation_marked_exact
rally-94dv1,2023-06-30,2023-06-26T00:00:00Z,28.0,56000.0,chart_observation,manual_research,User-provided manual Rally 94DV1 Cars price history,2026-07-31T00:00:00Z,OpenAI Codex,exact,Manually transcribed Rally observation; validated against 2000 authoritative Cars master shares outstanding.,,quarterly,56000.0,chart_observation_marked_exact
rally-94dv1,2023-09-30,2023-09-26T00:00:00Z,21.3,42600.0,chart_observation,manual_research,User-provided manual Rally 94DV1 Cars price history,2026-07-31T00:00:00Z,OpenAI Codex,exact,Manually transcribed Rally observation; validated against 2000 authoritative Cars master shares outstanding.,,quarterly,42600.0,chart_observation_marked_exact
rally-94dv1,2023-12-31,2023-12-28T00:00:00Z,21.45,42900.0,chart_observation,manual_research,User-provided manual Rally 94DV1 Cars price history,2026-07-31T00:00:00Z,OpenAI Codex,exact,Manually transcribed Rally observation; validated against 2000 authoritative Cars master shares outstanding.,,quarterly,42900.0,chart_observation_marked_exact
rally-94dv1,2024-03-31,2024-03-22T00:00:00Z,27.0,54000.0,chart_observation,manual_research,User-provided manual Rally 94DV1 Cars price history,2026-07-31T00:00:00Z,OpenAI Codex,exact,Manually transcribed Rally observation; validated against 2000 authoritative Cars master shares outstanding.,,quarterly,54000.0,chart_observation_marked_exact
rally-94dv1,2024-06-30,2024-06-24T00:00:00Z,28.0,56000.0,chart_observation,manual_research,User-provided manual Rally 94DV1 Cars price history,2026-07-31T00:00:00Z,OpenAI Codex,exact,Manually transcribed Rally observation; validated against 2000 authoritative Cars master shares outstanding.,,quarterly,56000.0,chart_observation_marked_exact
rally-94dv1,2024-09-30,2024-09-24T00:00:00Z,26.0,52000.0,chart_observation,manual_research,User-provided manual Rally 94DV1 Cars price history,2026-07-31T00:00:00Z,OpenAI Codex,exact,Manually transcribed Rally observation; validated against 2000 authoritative Cars master shares outstanding.,,quarterly,52000.0,chart_observation_marked_exact
rally-94dv1,2024-12-31,2024-12-26T00:00:00Z,27.1,54200.0,chart_observation,manual_research,User-provided manual Rally 94DV1 Cars price history,2026-07-31T00:00:00Z,OpenAI Codex,exact,Manually transcribed Rally observation; validated against 2000 authoritative Cars master shares outstanding.,,quarterly,54200.0,chart_observation_marked_exact
rally-94dv1,2025-03-31,2025-03-28T00:00:00Z,25.95,51900.0,chart_observation,manual_research,User-provided manual Rally 94DV1 Cars price history,2026-07-31T00:00:00Z,OpenAI Codex,exact,Manually transcribed Rally observation; validated against 2000 authoritative Cars master shares outstanding.,,quarterly,51900.0,chart_observation_marked_exact
rally-94dv1,2025-06-30,2025-06-30T00:00:00Z,25.95,51900.0,chart_observation,manual_research,User-provided manual Rally 94DV1 Cars price history,2026-07-31T00:00:00Z,OpenAI Codex,exact,Manually transcribed Rally observation; validated against 2000 authoritative Cars master shares outstanding.,,quarterly,51900.0,chart_observation_marked_exact
rally-94dv1,2025-09-30,2025-09-23T00:00:00Z,25.0,50000.0,chart_observation,manual_research,User-provided manual Rally 94DV1 Cars price history,2026-07-31T00:00:00Z,OpenAI Codex,exact,Manually transcribed Rally observation; validated against 2000 authoritative Cars master shares outstanding.,,quarterly,50000.0,chart_observation_marked_exact
rally-94dv1,2025-12-31,2025-12-24T00:00:00Z,30.0,60000.0,chart_observation,manual_research,User-provided manual Rally 94DV1 Cars price history,2026-07-31T00:00:00Z,OpenAI Codex,exact,Manually transcribed Rally observation; validated against 2000 authoritative Cars master shares outstanding.,,quarterly,60000.0,chart_observation_marked_exact
rally-94dv1,2026-03-31,2026-03-27T00:00:00Z,31.5,63000.0,chart_observation,manual_research,User-provided manual Rally 94DV1 Cars price history,2026-07-31T00:00:00Z,OpenAI Codex,exact,Manually transcribed Rally observation; validated against 2000 authoritative Cars master shares outstanding.,,quarterly,63000.0,chart_observation_marked_exact
rally-94dv1,2026-06-30,2026-06-29T00:00:00Z,30.0,60000.0,chart_observation,manual_research,User-provided manual Rally 94DV1 Cars price history,2026-07-31T00:00:00Z,OpenAI Codex,exact,Manually transcribed Rally observation; validated against 2000 authoritative Cars master shares outstanding.,,quarterly,60000.0,chart_observation_marked_exact
rally-super21,2020-06-30,2020-05-07T00:00:00Z,1.0,8500.0,offering_price,manual_research,User-provided manual Rally SUPER21 Comics price history,2026-08-02T00:00:00Z,OpenAI Codex,exact,Manually transcribed Rally observation; validated against 8500 authoritative Comics registry shares outstanding. Offering price and initial market cap reconcile to the authoritative Comics registry.,,quarterly,8500.0,offering_price_excluded_from_secondary_returns
rally-super21,2020-12-31,2020-10-06T00:00:00Z,1.55,13175.0,chart_observation,manual_research,User-provided manual Rally SUPER21 Comics price history,2026-08-02T00:00:00Z,OpenAI Codex,exact,Manually transcribed Rally observation; validated against 8500 authoritative Comics registry shares outstanding.,,quarterly,13175.0,chart_observation_marked_exact
rally-super21,2021-01-05,2021-01-05T00:00:00Z,4.05,34425.0,chart_observation,manual_research,User-provided manual Rally SUPER21 Comics price history,2026-08-02T00:00:00Z,OpenAI Codex,exact,"Earlier same-quarter observation retained as non-quarterly research evidence; the later, closer-to-quarter-end observation is the canonical quarterly representative. Manually transcribed Rally observation; validated against 8500 authoritative Comics registry shares outstanding.",,weekly,34425.0,chart_observation_marked_exact
rally-super21,2021-03-31,2021-03-11T00:00:00Z,3.2,27200.0,chart_observation,manual_research,User-provided manual Rally SUPER21 Comics price history,2026-08-02T00:00:00Z,OpenAI Codex,exact,Manually transcribed Rally observation; validated against 8500 authoritative Comics registry shares outstanding.,,quarterly,27200.0,chart_observation_marked_exact
rally-super21,2021-06-30,2021-05-17T00:00:00Z,2.3,19550.0,chart_observation,manual_research,User-provided manual Rally SUPER21 Comics price history,2026-08-02T00:00:00Z,OpenAI Codex,exact,Manually transcribed Rally observation; validated against 8500 authoritative Comics registry shares outstanding.,,quarterly,19550.0,chart_observation_marked_exact
rally-super21,2021-09-30,2021-09-24T00:00:00Z,4.35,36975.0,chart_observation,manual_research,User-provided manual Rally SUPER21 Comics price history,2026-08-02T00:00:00Z,OpenAI Codex,exact,Manually transcribed Rally observation; validated against 8500 authoritative Comics registry shares outstanding.,,quarterly,36975.0,chart_observation_marked_exact
rally-super21,2022-03-31,2022-01-10T00:00:00Z,4.0,34000.0,chart_observation,manual_research,User-provided manual Rally SUPER21 Comics price history,2026-08-02T00:00:00Z,OpenAI Codex,exact,Manually transcribed Rally observation; validated against 8500 authoritative Comics registry shares outstanding.,,quarterly,34000.0,chart_observation_marked_exact
rally-super21,2022-03-31,2022-03-30T00:00:00Z,2.25,19125.0,chart_observation,manual_research,User-provided manual Rally SUPER21 Comics price history,2026-08-02T00:00:00Z,OpenAI Codex,exact,Manually transcribed Rally observation; validated against 8500 authoritative Comics registry shares outstanding.,,quarterly,19125.0,chart_observation_marked_exact
rally-super21,2022-06-30,2022-06-28T00:00:00Z,1.45,12325.0,chart_observation,manual_research,User-provided manual Rally SUPER21 Comics price history,2026-08-02T00:00:00Z,OpenAI Codex,exact,Manually transcribed Rally observation; validated against 8500 authoritative Comics registry shares outstanding.,,quarterly,12325.0,chart_observation_marked_exact
rally-super21,2022-09-30,2022-09-26T00:00:00Z,2.4,20400.0,chart_observation,manual_research,User-provided manual Rally SUPER21 Comics price history,2026-08-02T00:00:00Z,OpenAI Codex,exact,Manually transcribed Rally observation; validated against 8500 authoritative Comics registry shares outstanding.,,quarterly,20400.0,chart_observation_marked_exact
rally-super21,2022-12-31,2022-12-30T00:00:00Z,2.5,21250.0,chart_observation,manual_research,User-provided manual Rally SUPER21 Comics price history,2026-08-02T00:00:00Z,OpenAI Codex,exact,Manually transcribed Rally observation; validated against 8500 authoritative Comics registry shares outstanding.,,quarterly,21250.0,chart_observation_marked_exact
rally-super21,2023-03-31,2023-03-31T00:00:00Z,2.5,21250.0,chart_observation,manual_research,User-provided manual Rally SUPER21 Comics price history,2026-08-02T00:00:00Z,OpenAI Codex,exact,Manually transcribed Rally observation; validated against 8500 authoritative Comics registry shares outstanding.,,quarterly,21250.0,chart_observation_marked_exact
rally-super21,2023-06-30,2023-06-29T00:00:00Z,2.15,18275.0,chart_observation,manual_research,User-provided manual Rally SUPER21 Comics price history,2026-08-02T00:00:00Z,OpenAI Codex,exact,Manually transcribed Rally observation; validated against 8500 authoritative Comics registry shares outstanding.,,quarterly,18275.0,chart_observation_marked_exact
rally-super21,2023-09-30,2023-09-27T00:00:00Z,1.9,16150.0,chart_observation,manual_research,User-provided manual Rally SUPER21 Comics price history,2026-08-02T00:00:00Z,OpenAI Codex,exact,Manually transcribed Rally observation; validated against 8500 authoritative Comics registry shares outstanding.,,quarterly,16150.0,chart_observation_marked_exact
rally-super21,2023-12-31,2023-12-29T00:00:00Z,2.25,19125.0,chart_observation,manual_research,User-provided manual Rally SUPER21 Comics price history,2026-08-02T00:00:00Z,OpenAI Codex,exact,Manually transcribed Rally observation; validated against 8500 authoritative Comics registry shares outstanding.,,quarterly,19125.0,chart_observation_marked_exact
rally-super21,2024-03-31,2024-03-25T00:00:00Z,2.15,18275.0,chart_observation,manual_research,User-provided manual Rally SUPER21 Comics price history,2026-08-02T00:00:00Z,OpenAI Codex,exact,Manually transcribed Rally observation; validated against 8500 authoritative Comics registry shares outstanding.,,quarterly,18275.0,chart_observation_marked_exact
rally-super21,2024-06-30,2024-06-24T00:00:00Z,2.35,19975.0,chart_observation,manual_research,User-provided manual Rally SUPER21 Comics price history,2026-08-02T00:00:00Z,OpenAI Codex,exact,Manually transcribed Rally observation; validated against 8500 authoritative Comics registry shares outstanding.,,quarterly,19975.0,chart_observation_marked_exact
rally-super21,2024-09-30,2024-09-27T00:00:00Z,2.55,21675.0,chart_observation,manual_research,User-provided manual Rally SUPER21 Comics price history,2026-08-02T00:00:00Z,OpenAI Codex,exact,Manually transcribed Rally observation; validated against 8500 authoritative Comics registry shares outstanding.,,quarterly,21675.0,chart_observation_marked_exact
rally-super21,2024-12-31,2024-12-27T00:00:00Z,2.7,22950.0,chart_observation,manual_research,User-provided manual Rally SUPER21 Comics price history,2026-08-02T00:00:00Z,OpenAI Codex,exact,Manually transcribed Rally observation; validated against 8500 authoritative Comics registry shares outstanding.,,quarterly,22950.0,chart_observation_marked_exact
rally-super21,2025-03-31,2025-03-27T00:00:00Z,2.75,23375.0,chart_observation,manual_research,User-provided manual Rally SUPER21 Comics price history,2026-08-02T00:00:00Z,OpenAI Codex,exact,Manually transcribed Rally observation; validated against 8500 authoritative Comics registry shares outstanding.,,quarterly,23375.0,chart_observation_marked_exact
rally-super21,2025-06-30,2025-06-25T00:00:00Z,2.7,22950.0,chart_observation,manual_research,User-provided manual Rally SUPER21 Comics price history,2026-08-02T00:00:00Z,OpenAI Codex,exact,Manually transcribed Rally observation; validated against 8500 authoritative Comics registry shares outstanding.,,quarterly,22950.0,chart_observation_marked_exact
rally-super21,2025-09-30,2025-09-30T00:00:00Z,1.9,16150.0,chart_observation,manual_research,User-provided manual Rally SUPER21 Comics price history,2026-08-02T00:00:00Z,OpenAI Codex,exact,Manually transcribed Rally observation; validated against 8500 authoritative Comics registry shares outstanding.,,quarterly,16150.0,chart_observation_marked_exact
rally-super21,2025-12-31,2025-12-29T00:00:00Z,1.5,12750.0,chart_observation,manual_research,User-provided manual Rally SUPER21 Comics price history,2026-08-02T00:00:00Z,OpenAI Codex,exact,Manually transcribed Rally observation; validated against 8500 authoritative Comics registry shares outstanding.,,quarterly,12750.0,chart_observation_marked_exact
rally-super21,2026-03-31,2026-03-27T00:00:00Z,2.1,17850.0,chart_observation,manual_research,User-provided manual Rally SUPER21 Comics price history,2026-08-02T00:00:00Z,OpenAI Codex,exact,Manually transcribed Rally observation; validated against 8500 authoritative Comics registry shares outstanding.,,quarterly,17850.0,chart_observation_marked_exact
rally-super21,2026-06-30,2026-06-26T00:00:00Z,1.95,16575.0,chart_observation,manual_research,User-provided manual Rally SUPER21 Comics price history,2026-08-02T00:00:00Z,OpenAI Codex,exact,Manually transcribed Rally observation; validated against 8500 authoritative Comics registry shares outstanding.,,quarterly,16575.0,chart_observation_marked_exact
rally-batman3,2020-06-30,2020-06-09T00:00:00Z,80.0,80000.0,chart_observation,manual_research,User-provided manual Rally BATMAN3 Comics price history,2026-08-02T00:00:00Z,OpenAI Codex,exact,Manually transcribed Rally observation; validated against 1000 authoritative Comics registry shares outstanding.,,quarterly,80000.0,chart_observation_marked_exact
rally-batman3,2020-09-30,2020-09-22T00:00:00Z,82.25,82250.0,chart_observation,manual_research,User-provided manual Rally BATMAN3 Comics price history,2026-08-02T00:00:00Z,OpenAI Codex,exact,Manually transcribed Rally observation; validated against 1000 authoritative Comics registry shares outstanding.,,quarterly,82250.0,chart_observation_marked_exact
rally-batman3,2021-01-05,2021-01-05T00:00:00Z,82.25,82250.0,chart_observation,manual_research,User-provided manual Rally BATMAN3 Comics price history,2026-08-02T00:00:00Z,OpenAI Codex,exact,"Earlier same-quarter observation retained as non-quarterly research evidence; the later, closer-to-quarter-end observation is the canonical quarterly representative. Manually transcribed Rally observation; validated against 1000 authoritative Comics registry shares outstanding.",,weekly,82250.0,chart_observation_marked_exact
rally-batman3,2021-03-31,2021-03-11T00:00:00Z,82.25,82250.0,chart_observation,manual_research,User-provided manual Rally BATMAN3 Comics price history,2026-08-02T00:00:00Z,OpenAI Codex,exact,Manually transcribed Rally observation; validated against 1000 authoritative Comics registry shares outstanding.,,quarterly,82250.0,chart_observation_marked_exact
rally-batman3,2021-06-30,2021-04-27T00:00:00Z,82.25,82250.0,chart_observation,manual_research,User-provided manual Rally BATMAN3 Comics price history,2026-08-02T00:00:00Z,OpenAI Codex,exact,Manually transcribed Rally observation; validated against 1000 authoritative Comics registry shares outstanding.,,quarterly,82250.0,chart_observation_marked_exact
rally-batman3,2021-09-30,2021-09-09T00:00:00Z,137.1,137100.0,chart_observation,manual_research,User-provided manual Rally BATMAN3 Comics price history,2026-08-02T00:00:00Z,OpenAI Codex,exact,Manually transcribed Rally observation; validated against 1000 authoritative Comics registry shares outstanding.,,quarterly,137100.0,chart_observation_marked_exact
rally-batman3,2022-03-31,2022-01-10T00:00:00Z,140.0,140000.0,chart_observation,manual_research,User-provided manual Rally BATMAN3 Comics price history,2026-08-02T00:00:00Z,OpenAI Codex,exact,Manually transcribed Rally observation; validated against 1000 authoritative Comics registry shares outstanding.,,quarterly,140000.0,chart_observation_marked_exact
rally-batman3,2022-03-31,2022-03-30T00:00:00Z,170.0,170000.0,chart_observation,manual_research,User-provided manual Rally BATMAN3 Comics price history,2026-08-02T00:00:00Z,OpenAI Codex,exact,Manually transcribed Rally observation; validated against 1000 authoritative Comics registry shares outstanding.,,quarterly,170000.0,chart_observation_marked_exact
rally-batman3,2022-06-30,2022-06-24T00:00:00Z,143.95,143950.0,chart_observation,manual_research,User-provided manual Rally BATMAN3 Comics price history,2026-08-02T00:00:00Z,OpenAI Codex,exact,Manually transcribed Rally observation; validated against 1000 authoritative Comics registry shares outstanding.,,quarterly,143950.0,chart_observation_marked_exact
rally-batman3,2022-09-30,2022-09-30T00:00:00Z,145.0,145000.0,chart_observation,manual_research,User-provided manual Rally BATMAN3 Comics price history,2026-08-02T00:00:00Z,OpenAI Codex,exact,Manually transcribed Rally observation; validated against 1000 authoritative Comics registry shares outstanding.,,quarterly,145000.0,chart_observation_marked_exact
rally-batman3,2022-12-31,2022-12-27T00:00:00Z,135.15,135150.0,chart_observation,manual_research,User-provided manual Rally BATMAN3 Comics price history,2026-08-02T00:00:00Z,OpenAI Codex,exact,Manually transcribed Rally observation; validated against 1000 authoritative Comics registry shares outstanding.,,quarterly,135150.0,chart_observation_marked_exact
rally-batman3,2023-03-31,2023-03-28T00:00:00Z,129.0,129000.0,chart_observation,manual_research,User-provided manual Rally BATMAN3 Comics price history,2026-08-02T00:00:00Z,OpenAI Codex,exact,Manually transcribed Rally observation; validated against 1000 authoritative Comics registry shares outstanding.,,quarterly,129000.0,chart_observation_marked_exact
rally-batman3,2023-06-30,2023-06-29T00:00:00Z,120.0,120000.0,chart_observation,manual_research,User-provided manual Rally BATMAN3 Comics price history,2026-08-02T00:00:00Z,OpenAI Codex,exact,Manually transcribed Rally observation; validated against 1000 authoritative Comics registry shares outstanding.,,quarterly,120000.0,chart_observation_marked_exact
rally-batman3,2023-09-30,2023-09-29T00:00:00Z,125.25,125250.0,chart_observation,manual_research,User-provided manual Rally BATMAN3 Comics price history,2026-08-02T00:00:00Z,OpenAI Codex,exact,Manually transcribed Rally observation; validated against 1000 authoritative Comics registry shares outstanding.,,quarterly,125250.0,chart_observation_marked_exact
rally-batman3,2023-12-31,2023-12-29T00:00:00Z,115.0,115000.0,chart_observation,manual_research,User-provided manual Rally BATMAN3 Comics price history,2026-08-02T00:00:00Z,OpenAI Codex,exact,Manually transcribed Rally observation; validated against 1000 authoritative Comics registry shares outstanding.,,quarterly,115000.0,chart_observation_marked_exact
rally-batman3,2024-03-31,2024-03-25T00:00:00Z,134.0,134000.0,chart_observation,manual_research,User-provided manual Rally BATMAN3 Comics price history,2026-08-02T00:00:00Z,OpenAI Codex,exact,Manually transcribed Rally observation; validated against 1000 authoritative Comics registry shares outstanding.,,quarterly,134000.0,chart_observation_marked_exact
rally-batman3,2024-06-30,2024-06-26T00:00:00Z,119.0,119000.0,chart_observation,manual_research,User-provided manual Rally BATMAN3 Comics price history,2026-08-02T00:00:00Z,OpenAI Codex,exact,Manually transcribed Rally observation; validated against 1000 authoritative Comics registry shares outstanding.,,quarterly,119000.0,chart_observation_marked_exact
rally-batman3,2024-09-30,2024-09-26T00:00:00Z,110.0,110000.0,chart_observation,manual_research,User-provided manual Rally BATMAN3 Comics price history,2026-08-02T00:00:00Z,OpenAI Codex,exact,Manually transcribed Rally observation; validated against 1000 authoritative Comics registry shares outstanding.,,quarterly,110000.0,chart_observation_marked_exact
rally-batman3,2024-12-31,2024-12-27T00:00:00Z,116.95,116950.0,chart_observation,manual_research,User-provided manual Rally BATMAN3 Comics price history,2026-08-02T00:00:00Z,OpenAI Codex,exact,Manually transcribed Rally observation; validated against 1000 authoritative Comics registry shares outstanding.,,quarterly,116950.0,chart_observation_marked_exact
rally-batman3,2025-03-31,2025-03-31T00:00:00Z,107.95,107950.0,chart_observation,manual_research,User-provided manual Rally BATMAN3 Comics price history,2026-08-02T00:00:00Z,OpenAI Codex,exact,Manually transcribed Rally observation; validated against 1000 authoritative Comics registry shares outstanding.,,quarterly,107950.0,chart_observation_marked_exact
rally-batman3,2025-06-30,2025-06-24T00:00:00Z,100.0,100000.0,chart_observation,manual_research,User-provided manual Rally BATMAN3 Comics price history,2026-08-02T00:00:00Z,OpenAI Codex,exact,Manually transcribed Rally observation; validated against 1000 authoritative Comics registry shares outstanding.,,quarterly,100000.0,chart_observation_marked_exact
rally-batman3,2025-09-30,2025-09-24T00:00:00Z,108.0,108000.0,chart_observation,manual_research,User-provided manual Rally BATMAN3 Comics price history,2026-08-02T00:00:00Z,OpenAI Codex,exact,Manually transcribed Rally observation; validated against 1000 authoritative Comics registry shares outstanding.,,quarterly,108000.0,chart_observation_marked_exact
rally-batman3,2025-12-31,2025-12-26T00:00:00Z,80.0,80000.0,chart_observation,manual_research,User-provided manual Rally BATMAN3 Comics price history,2026-08-02T00:00:00Z,OpenAI Codex,exact,Manually transcribed Rally observation; validated against 1000 authoritative Comics registry shares outstanding.,,quarterly,80000.0,chart_observation_marked_exact
rally-batman3,2026-03-31,2026-03-27T00:00:00Z,83.5,83500.0,chart_observation,manual_research,User-provided manual Rally BATMAN3 Comics price history,2026-08-02T00:00:00Z,OpenAI Codex,exact,Manually transcribed Rally observation; validated against 1000 authoritative Comics registry shares outstanding.,,quarterly,83500.0,chart_observation_marked_exact
rally-batman3,2026-06-30,2026-06-29T00:00:00Z,85.0,85000.0,chart_observation,manual_research,User-provided manual Rally BATMAN3 Comics price history,2026-08-02T00:00:00Z,OpenAI Codex,exact,Manually transcribed Rally observation; validated against 1000 authoritative Comics registry shares outstanding.,,quarterly,85000.0,chart_observation_marked_exact
rally-starwars1,2020-12-31,2020-11-03T00:00:00Z,1.7,20400.0,chart_observation,manual_research,User-provided manual Rally STARWARS1 Comics price history,2026-08-02T00:00:00Z,OpenAI Codex,exact,Manually transcribed Rally observation; validated against 12000 authoritative Comics registry shares outstanding.,,quarterly,20400.0,chart_observation_marked_exact
rally-starwars1,2021-03-31,2021-01-28T00:00:00Z,2.55,30600.0,chart_observation,manual_research,User-provided manual Rally STARWARS1 Comics price history,2026-08-02T00:00:00Z,OpenAI Codex,exact,Manually transcribed Rally observation; validated against 12000 authoritative Comics registry shares outstanding.,,quarterly,30600.0,chart_observation_marked_exact
rally-starwars1,2021-06-30,2021-04-27T00:00:00Z,2.5,30000.0,chart_observation,manual_research,User-provided manual Rally STARWARS1 Comics price history,2026-08-02T00:00:00Z,OpenAI Codex,exact,Manually transcribed Rally observation; validated against 12000 authoritative Comics registry shares outstanding.,,quarterly,30000.0,chart_observation_marked_exact
rally-starwars1,2021-09-30,2021-08-12T00:00:00Z,5.0,60000.0,chart_observation,manual_research,User-provided manual Rally STARWARS1 Comics price history,2026-08-02T00:00:00Z,OpenAI Codex,exact,Manually transcribed Rally observation; validated against 12000 authoritative Comics registry shares outstanding.,,quarterly,60000.0,chart_observation_marked_exact
rally-starwars1,2021-12-31,2021-12-13T00:00:00Z,3.0,36000.0,chart_observation,manual_research,User-provided manual Rally STARWARS1 Comics price history,2026-08-02T00:00:00Z,OpenAI Codex,exact,Manually transcribed Rally observation; validated against 12000 authoritative Comics registry shares outstanding.,,quarterly,36000.0,chart_observation_marked_exact
rally-starwars1,2022-03-31,2022-03-28T00:00:00Z,6.25,75000.0,chart_observation,manual_research,User-provided manual Rally STARWARS1 Comics price history,2026-08-02T00:00:00Z,OpenAI Codex,exact,Manually transcribed Rally observation; validated against 12000 authoritative Comics registry shares outstanding.,,quarterly,75000.0,chart_observation_marked_exact
rally-starwars1,2022-06-30,2022-06-30T00:00:00Z,4.8,57600.0,chart_observation,manual_research,User-provided manual Rally STARWARS1 Comics price history,2026-08-02T00:00:00Z,OpenAI Codex,exact,Manually transcribed Rally observation; validated against 12000 authoritative Comics registry shares outstanding.,,quarterly,57600.0,chart_observation_marked_exact
rally-starwars1,2022-09-30,2022-09-26T00:00:00Z,5.0,60000.0,chart_observation,manual_research,User-provided manual Rally STARWARS1 Comics price history,2026-08-02T00:00:00Z,OpenAI Codex,exact,Manually transcribed Rally observation; validated against 12000 authoritative Comics registry shares outstanding.,,quarterly,60000.0,chart_observation_marked_exact
rally-starwars1,2022-12-31,2022-12-29T00:00:00Z,3.5,42000.0,chart_observation,manual_research,User-provided manual Rally STARWARS1 Comics price history,2026-08-02T00:00:00Z,OpenAI Codex,exact,Manually transcribed Rally observation; validated against 12000 authoritative Comics registry shares outstanding.,,quarterly,42000.0,chart_observation_marked_exact
rally-starwars1,2023-03-31,2023-03-27T00:00:00Z,4.0,48000.0,chart_observation,manual_research,User-provided manual Rally STARWARS1 Comics price history,2026-08-02T00:00:00Z,OpenAI Codex,exact,Manually transcribed Rally observation; validated against 12000 authoritative Comics registry shares outstanding.,,quarterly,48000.0,chart_observation_marked_exact
rally-starwars1,2023-06-30,2023-06-30T00:00:00Z,3.5,42000.0,chart_observation,manual_research,User-provided manual Rally STARWARS1 Comics price history,2026-08-02T00:00:00Z,OpenAI Codex,exact,Manually transcribed Rally observation; validated against 12000 authoritative Comics registry shares outstanding.,,quarterly,42000.0,chart_observation_marked_exact
rally-starwars1,2023-09-30,2023-09-25T00:00:00Z,3.4,40800.0,chart_observation,manual_research,User-provided manual Rally STARWARS1 Comics price history,2026-08-02T00:00:00Z,OpenAI Codex,exact,Manually transcribed Rally observation; validated against 12000 authoritative Comics registry shares outstanding.,,quarterly,40800.0,chart_observation_marked_exact
rally-starwars1,2023-12-31,2023-12-29T00:00:00Z,2.6,31200.0,chart_observation,manual_research,User-provided manual Rally STARWARS1 Comics price history,2026-08-02T00:00:00Z,OpenAI Codex,exact,Manually transcribed Rally observation; validated against 12000 authoritative Comics registry shares outstanding.,,quarterly,31200.0,chart_observation_marked_exact
rally-starwars1,2024-03-31,2024-03-26T00:00:00Z,2.65,31800.0,chart_observation,manual_research,User-provided manual Rally STARWARS1 Comics price history,2026-08-02T00:00:00Z,OpenAI Codex,exact,Manually transcribed Rally observation; validated against 12000 authoritative Comics registry shares outstanding.,,quarterly,31800.0,chart_observation_marked_exact
rally-starwars1,2024-06-30,2024-06-28T00:00:00Z,2.1,25200.0,chart_observation,manual_research,User-provided manual Rally STARWARS1 Comics price history,2026-08-02T00:00:00Z,OpenAI Codex,exact,Manually transcribed Rally observation; validated against 12000 authoritative Comics registry shares outstanding.,,quarterly,25200.0,chart_observation_marked_exact
rally-starwars1,2024-09-30,2024-09-24T00:00:00Z,2.05,24600.0,chart_observation,manual_research,User-provided manual Rally STARWARS1 Comics price history,2026-08-02T00:00:00Z,OpenAI Codex,exact,Manually transcribed Rally observation; validated against 12000 authoritative Comics registry shares outstanding.,,quarterly,24600.0,chart_observation_marked_exact
rally-starwars1,2024-12-31,2024-12-27T00:00:00Z,2.2,26400.000000000004,chart_observation,manual_research,User-provided manual Rally STARWARS1 Comics price history,2026-08-02T00:00:00Z,OpenAI Codex,exact,Manually transcribed Rally observation; validated against 12000 authoritative Comics registry shares outstanding.,,quarterly,26400.000000000004,chart_observation_marked_exact
rally-starwars1,2025-03-31,2025-03-25T00:00:00Z,2.0,24000.0,chart_observation,manual_research,User-provided manual Rally STARWARS1 Comics price history,2026-08-02T00:00:00Z,OpenAI Codex,exact,Manually transcribed Rally observation; validated against 12000 authoritative Comics registry shares outstanding.,,quarterly,24000.0,chart_observation_marked_exact
rally-starwars1,2025-06-30,2025-06-27T00:00:00Z,1.95,23400.0,chart_observation,manual_research,User-provided manual Rally STARWARS1 Comics price history,2026-08-02T00:00:00Z,OpenAI Codex,exact,Manually transcribed Rally observation; validated against 12000 authoritative Comics registry shares outstanding.,,quarterly,23400.0,chart_observation_marked_exact
rally-starwars1,2025-09-30,2025-09-30T00:00:00Z,2.0,24000.0,chart_observation,manual_research,User-provided manual Rally STARWARS1 Comics price history,2026-08-02T00:00:00Z,OpenAI Codex,exact,Manually transcribed Rally observation; validated against 12000 authoritative Comics registry shares outstanding.,,quarterly,24000.0,chart_observation_marked_exact
rally-starwars1,2025-12-31,2025-12-26T00:00:00Z,2.0,24000.0,chart_observation,manual_research,User-provided manual Rally STARWARS1 Comics price history,2026-08-02T00:00:00Z,OpenAI Codex,exact,Manually transcribed Rally observation; validated against 12000 authoritative Comics registry shares outstanding.,,quarterly,24000.0,chart_observation_marked_exact
rally-starwars1,2026-03-31,2026-03-31T00:00:00Z,2.0,24000.0,chart_observation,manual_research,User-provided manual Rally STARWARS1 Comics price history,2026-08-02T00:00:00Z,OpenAI Codex,exact,Manually transcribed Rally observation; validated against 12000 authoritative Comics registry shares outstanding.,,quarterly,24000.0,chart_observation_marked_exact
rally-starwars1,2026-06-30,2026-06-26T00:00:00Z,2.15,25800.0,chart_observation,manual_research,User-provided manual Rally STARWARS1 Comics price history,2026-08-02T00:00:00Z,OpenAI Codex,exact,Manually transcribed Rally observation; validated against 12000 authoritative Comics registry shares outstanding.,,quarterly,25800.0,chart_observation_marked_exact
rally-avengers57,2021-06-30,2021-04-20T00:00:00Z,0.8,16000.0,chart_observation,manual_research,User-provided manual Rally AVENGERS57 Comics price history,2026-08-02T00:00:00Z,OpenAI Codex,exact,Manually transcribed Rally observation; validated against 20000 authoritative Comics registry shares outstanding.,,quarterly,16000.0,chart_observation_marked_exact
rally-avengers57,2021-09-30,2021-07-19T00:00:00Z,1.5,30000.0,chart_observation,manual_research,User-provided manual Rally AVENGERS57 Comics price history,2026-08-02T00:00:00Z,OpenAI Codex,exact,Manually transcribed Rally observation; validated against 20000 authoritative Comics registry shares outstanding.,,quarterly,30000.0,chart_observation_marked_exact
rally-avengers57,2021-11-19,2021-11-19T00:00:00Z,1.75,35000.0,chart_observation,manual_research,User-provided manual Rally AVENGERS57 Comics price history,2026-08-02T00:00:00Z,OpenAI Codex,exact,"Earlier same-quarter observation retained as non-quarterly research evidence; the later, closer-to-quarter-end observation is the canonical quarterly representative. Manually transcribed Rally observation; validated against 20000 authoritative Comics registry shares outstanding.",,weekly,35000.0,chart_observation_marked_exact
rally-avengers57,2021-12-31,2021-12-27T00:00:00Z,1.5,30000.0,chart_observation,manual_research,User-provided manual Rally AVENGERS57 Comics price history,2026-08-02T00:00:00Z,OpenAI Codex,exact,Manually transcribed Rally observation; validated against 20000 authoritative Comics registry shares outstanding.,,quarterly,30000.0,chart_observation_marked_exact
rally-avengers57,2022-03-31,2022-03-31T00:00:00Z,1.65,33000.0,chart_observation,manual_research,User-provided manual Rally AVENGERS57 Comics price history,2026-08-02T00:00:00Z,OpenAI Codex,exact,Manually transcribed Rally observation; validated against 20000 authoritative Comics registry shares outstanding.,,quarterly,33000.0,chart_observation_marked_exact
rally-avengers57,2022-06-30,2022-06-27T00:00:00Z,1.5,30000.0,chart_observation,manual_research,User-provided manual Rally AVENGERS57 Comics price history,2026-08-02T00:00:00Z,OpenAI Codex,exact,Manually transcribed Rally observation; validated against 20000 authoritative Comics registry shares outstanding.,,quarterly,30000.0,chart_observation_marked_exact
rally-avengers57,2022-09-30,2022-09-29T00:00:00Z,1.8,36000.0,chart_observation,manual_research,User-provided manual Rally AVENGERS57 Comics price history,2026-08-02T00:00:00Z,OpenAI Codex,exact,Manually transcribed Rally observation; validated against 20000 authoritative Comics registry shares outstanding.,,quarterly,36000.0,chart_observation_marked_exact
rally-avengers57,2022-12-31,2022-12-27T00:00:00Z,1.8,36000.0,chart_observation,manual_research,User-provided manual Rally AVENGERS57 Comics price history,2026-08-02T00:00:00Z,OpenAI Codex,exact,Manually transcribed Rally observation; validated against 20000 authoritative Comics registry shares outstanding.,,quarterly,36000.0,chart_observation_marked_exact
rally-avengers57,2023-03-31,2023-03-30T00:00:00Z,1.75,35000.0,chart_observation,manual_research,User-provided manual Rally AVENGERS57 Comics price history,2026-08-02T00:00:00Z,OpenAI Codex,exact,Manually transcribed Rally observation; validated against 20000 authoritative Comics registry shares outstanding.,,quarterly,35000.0,chart_observation_marked_exact
rally-avengers57,2023-06-30,2023-06-26T00:00:00Z,1.65,33000.0,chart_observation,manual_research,User-provided manual Rally AVENGERS57 Comics price history,2026-08-02T00:00:00Z,OpenAI Codex,exact,Manually transcribed Rally observation; validated against 20000 authoritative Comics registry shares outstanding.,,quarterly,33000.0,chart_observation_marked_exact
rally-avengers57,2023-09-30,2023-09-28T00:00:00Z,1.3,26000.0,chart_observation,manual_research,User-provided manual Rally AVENGERS57 Comics price history,2026-08-02T00:00:00Z,OpenAI Codex,exact,Manually transcribed Rally observation; validated against 20000 authoritative Comics registry shares outstanding.,,quarterly,26000.0,chart_observation_marked_exact
rally-avengers57,2023-12-31,2023-12-29T00:00:00Z,1.45,29000.0,chart_observation,manual_research,User-provided manual Rally AVENGERS57 Comics price history,2026-08-02T00:00:00Z,OpenAI Codex,exact,Manually transcribed Rally observation; validated against 20000 authoritative Comics registry shares outstanding.,,quarterly,29000.0,chart_observation_marked_exact
rally-avengers57,2024-03-31,2024-03-28T00:00:00Z,1.25,25000.0,chart_observation,manual_research,User-provided manual Rally AVENGERS57 Comics price history,2026-08-02T00:00:00Z,OpenAI Codex,exact,Manually transcribed Rally observation; validated against 20000 authoritative Comics registry shares outstanding.,,quarterly,25000.0,chart_observation_marked_exact
rally-avengers57,2024-06-30,2024-06-24T00:00:00Z,1.25,25000.0,chart_observation,manual_research,User-provided manual Rally AVENGERS57 Comics price history,2026-08-02T00:00:00Z,OpenAI Codex,exact,Manually transcribed Rally observation; validated against 20000 authoritative Comics registry shares outstanding.,,quarterly,25000.0,chart_observation_marked_exact
rally-avengers57,2024-09-30,2024-09-27T00:00:00Z,1.3,26000.0,chart_observation,manual_research,User-provided manual Rally AVENGERS57 Comics price history,2026-08-02T00:00:00Z,OpenAI Codex,exact,Manually transcribed Rally observation; validated against 20000 authoritative Comics registry shares outstanding.,,quarterly,26000.0,chart_observation_marked_exact
rally-avengers57,2024-12-31,2024-12-30T00:00:00Z,1.1,22000.0,chart_observation,manual_research,User-provided manual Rally AVENGERS57 Comics price history,2026-08-02T00:00:00Z,OpenAI Codex,exact,Manually transcribed Rally observation; validated against 20000 authoritative Comics registry shares outstanding.,,quarterly,22000.0,chart_observation_marked_exact
rally-avengers57,2025-03-31,2025-03-28T00:00:00Z,0.9,18000.0,chart_observation,manual_research,User-provided manual Rally AVENGERS57 Comics price history,2026-08-02T00:00:00Z,OpenAI Codex,exact,Manually transcribed Rally observation; validated against 20000 authoritative Comics registry shares outstanding.,,quarterly,18000.0,chart_observation_marked_exact
rally-avengers57,2025-06-30,2025-06-30T00:00:00Z,0.9,18000.0,chart_observation,manual_research,User-provided manual Rally AVENGERS57 Comics price history,2026-08-02T00:00:00Z,OpenAI Codex,exact,Manually transcribed Rally observation; validated against 20000 authoritative Comics registry shares outstanding.,,quarterly,18000.0,chart_observation_marked_exact
rally-avengers57,2025-09-30,2025-09-26T00:00:00Z,1.25,25000.0,chart_observation,manual_research,User-provided manual Rally AVENGERS57 Comics price history,2026-08-02T00:00:00Z,OpenAI Codex,exact,Manually transcribed Rally observation; validated against 20000 authoritative Comics registry shares outstanding.,,quarterly,25000.0,chart_observation_marked_exact
rally-avengers57,2025-12-31,2025-12-29T00:00:00Z,1.05,21000.0,chart_observation,manual_research,User-provided manual Rally AVENGERS57 Comics price history,2026-08-02T00:00:00Z,OpenAI Codex,exact,Manually transcribed Rally observation; validated against 20000 authoritative Comics registry shares outstanding.,,quarterly,21000.0,chart_observation_marked_exact
rally-avengers57,2026-03-31,2026-03-27T00:00:00Z,0.95,19000.0,chart_observation,manual_research,User-provided manual Rally AVENGERS57 Comics price history,2026-08-02T00:00:00Z,OpenAI Codex,exact,Manually transcribed Rally observation; validated against 20000 authoritative Comics registry shares outstanding.,,quarterly,19000.0,chart_observation_marked_exact
rally-avengers57,2026-06-30,2026-06-30T00:00:00Z,0.9,18000.0,chart_observation,manual_research,User-provided manual Rally AVENGERS57 Comics price history,2026-08-02T00:00:00Z,OpenAI Codex,exact,Manually transcribed Rally observation; validated against 20000 authoritative Comics registry shares outstanding.,,quarterly,18000.0,chart_observation_marked_exact
rally-fan45,2021-09-30,2021-07-06T00:00:00Z,6.55,65500.0,chart_observation,manual_research,User-provided manual Rally FAN45 Comics price history,2026-08-02T00:00:00Z,OpenAI Codex,exact,Manually transcribed Rally observation; validated against 10000 authoritative Comics registry shares outstanding.,,quarterly,65500.0,chart_observation_marked_exact
rally-fan45,2021-10-19,2021-10-19T00:00:00Z,8.5,85000.0,chart_observation,manual_research,User-provided manual Rally FAN45 Comics price history,2026-08-02T00:00:00Z,OpenAI Codex,exact,"Earlier same-quarter observation retained as non-quarterly research evidence; the later, closer-to-quarter-end observation is the canonical quarterly representative. Manually transcribed Rally observation; validated against 10000 authoritative Comics registry shares outstanding.",,weekly,85000.0,chart_observation_marked_exact
rally-fan45,2021-12-31,2021-12-29T00:00:00Z,9.15,91500.0,chart_observation,manual_research,User-provided manual Rally FAN45 Comics price history,2026-08-02T00:00:00Z,OpenAI Codex,exact,Manually transcribed Rally observation; validated against 10000 authoritative Comics registry shares outstanding.,,quarterly,91500.0,chart_observation_marked_exact
rally-fan45,2022-03-31,2022-03-29T00:00:00Z,16.0,160000.0,chart_observation,manual_research,User-provided manual Rally FAN45 Comics price history,2026-08-02T00:00:00Z,OpenAI Codex,exact,Manually transcribed Rally observation; validated against 10000 authoritative Comics registry shares outstanding.,,quarterly,160000.0,chart_observation_marked_exact
rally-fan45,2022-06-30,2022-06-27T00:00:00Z,9.0,90000.0,chart_observation,manual_research,User-provided manual Rally FAN45 Comics price history,2026-08-02T00:00:00Z,OpenAI Codex,exact,Manually transcribed Rally observation; validated against 10000 authoritative Comics registry shares outstanding.,,quarterly,90000.0,chart_observation_marked_exact
rally-fan45,2022-09-30,2022-09-30T00:00:00Z,11.95,119500.0,chart_observation,manual_research,User-provided manual Rally FAN45 Comics price history,2026-08-02T00:00:00Z,OpenAI Codex,exact,Manually transcribed Rally observation; validated against 10000 authoritative Comics registry shares outstanding.,,quarterly,119500.0,chart_observation_marked_exact
rally-fan45,2022-12-31,2022-12-30T00:00:00Z,11.45,114500.0,chart_observation,manual_research,User-provided manual Rally FAN45 Comics price history,2026-08-02T00:00:00Z,OpenAI Codex,exact,Manually transcribed Rally observation; validated against 10000 authoritative Comics registry shares outstanding.,,quarterly,114500.0,chart_observation_marked_exact
rally-fan45,2023-03-31,2023-03-30T00:00:00Z,13.5,135000.0,chart_observation,manual_research,User-provided manual Rally FAN45 Comics price history,2026-08-02T00:00:00Z,OpenAI Codex,exact,Manually transcribed Rally observation; validated against 10000 authoritative Comics registry shares outstanding.,,quarterly,135000.0,chart_observation_marked_exact
rally-fan45,2023-06-30,2023-06-28T00:00:00Z,12.2,122000.0,chart_observation,manual_research,User-provided manual Rally FAN45 Comics price history,2026-08-02T00:00:00Z,OpenAI Codex,exact,Manually transcribed Rally observation; validated against 10000 authoritative Comics registry shares outstanding.,,quarterly,122000.0,chart_observation_marked_exact
rally-fan45,2023-09-30,2023-09-26T00:00:00Z,9.0,90000.0,chart_observation,manual_research,User-provided manual Rally FAN45 Comics price history,2026-08-02T00:00:00Z,OpenAI Codex,exact,Manually transcribed Rally observation; validated against 10000 authoritative Comics registry shares outstanding.,,quarterly,90000.0,chart_observation_marked_exact
rally-fan45,2023-12-31,2023-12-29T00:00:00Z,9.3,93000.0,chart_observation,manual_research,User-provided manual Rally FAN45 Comics price history,2026-08-02T00:00:00Z,OpenAI Codex,exact,Manually transcribed Rally observation; validated against 10000 authoritative Comics registry shares outstanding.,,quarterly,93000.0,chart_observation_marked_exact
rally-fan45,2024-03-31,2024-03-25T00:00:00Z,9.75,97500.0,chart_observation,manual_research,User-provided manual Rally FAN45 Comics price history,2026-08-02T00:00:00Z,OpenAI Codex,exact,Manually transcribed Rally observation; validated against 10000 authoritative Comics registry shares outstanding.,,quarterly,97500.0,chart_observation_marked_exact
rally-fan45,2024-06-30,2024-06-28T00:00:00Z,9.35,93500.0,chart_observation,manual_research,User-provided manual Rally FAN45 Comics price history,2026-08-02T00:00:00Z,OpenAI Codex,exact,Manually transcribed Rally observation; validated against 10000 authoritative Comics registry shares outstanding.,,quarterly,93500.0,chart_observation_marked_exact
rally-fan45,2024-09-30,2024-09-27T00:00:00Z,9.5,95000.0,chart_observation,manual_research,User-provided manual Rally FAN45 Comics price history,2026-08-02T00:00:00Z,OpenAI Codex,exact,Manually transcribed Rally observation; validated against 10000 authoritative Comics registry shares outstanding.,,quarterly,95000.0,chart_observation_marked_exact
rally-fan45,2024-12-31,2024-12-31T00:00:00Z,8.9,89000.0,chart_observation,manual_research,User-provided manual Rally FAN45 Comics price history,2026-08-02T00:00:00Z,OpenAI Codex,exact,Manually transcribed Rally observation; validated against 10000 authoritative Comics registry shares outstanding.,,quarterly,89000.0,chart_observation_marked_exact
rally-fan45,2025-03-31,2025-03-26T00:00:00Z,10.75,107500.0,chart_observation,manual_research,User-provided manual Rally FAN45 Comics price history,2026-08-02T00:00:00Z,OpenAI Codex,exact,Manually transcribed Rally observation; validated against 10000 authoritative Comics registry shares outstanding.,,quarterly,107500.0,chart_observation_marked_exact
rally-fan45,2025-06-30,2025-06-30T00:00:00Z,9.0,90000.0,chart_observation,manual_research,User-provided manual Rally FAN45 Comics price history,2026-08-02T00:00:00Z,OpenAI Codex,exact,Manually transcribed Rally observation; validated against 10000 authoritative Comics registry shares outstanding.,,quarterly,90000.0,chart_observation_marked_exact
rally-fan45,2025-09-30,2025-09-29T00:00:00Z,8.75,87500.0,chart_observation,manual_research,User-provided manual Rally FAN45 Comics price history,2026-08-02T00:00:00Z,OpenAI Codex,exact,Manually transcribed Rally observation; validated against 10000 authoritative Comics registry shares outstanding.,,quarterly,87500.0,chart_observation_marked_exact
rally-fan45,2025-12-31,2025-12-26T00:00:00Z,8.3,83000.0,chart_observation,manual_research,User-provided manual Rally FAN45 Comics price history,2026-08-02T00:00:00Z,OpenAI Codex,exact,Manually transcribed Rally observation; validated against 10000 authoritative Comics registry shares outstanding.,,quarterly,83000.0,chart_observation_marked_exact
rally-fan45,2026-03-31,2026-03-27T00:00:00Z,7.8,78000.0,chart_observation,manual_research,User-provided manual Rally FAN45 Comics price history,2026-08-02T00:00:00Z,OpenAI Codex,exact,Manually transcribed Rally observation; validated against 10000 authoritative Comics registry shares outstanding.,,quarterly,78000.0,chart_observation_marked_exact
rally-fan45,2026-06-30,2026-06-25T00:00:00Z,7.7,77000.0,chart_observation,manual_research,User-provided manual Rally FAN45 Comics price history,2026-08-02T00:00:00Z,OpenAI Codex,exact,Manually transcribed Rally observation; validated against 10000 authoritative Comics registry shares outstanding.,,quarterly,77000.0,chart_observation_marked_exact
rally-batman181,2022-03-31,2022-03-30T00:00:00Z,11.0,55000.0,chart_observation,manual_research,User-provided manual Rally BATMAN181 Comics price history,2026-08-03T00:00:00Z,OpenAI Codex,exact,Manually transcribed Rally observation; validated against 5000 authoritative Comics registry shares outstanding.,,quarterly,55000.0,chart_observation_marked_exact
rally-batman181,2022-06-30,2022-06-27T00:00:00Z,6.05,30250.0,chart_observation,manual_research,User-provided manual Rally BATMAN181 Comics price history,2026-08-03T00:00:00Z,OpenAI Codex,exact,Manually transcribed Rally observation; validated against 5000 authoritative Comics registry shares outstanding.,,quarterly,30250.0,chart_observation_marked_exact
rally-batman181,2022-09-30,2022-09-28T00:00:00Z,5.5,27500.0,chart_observation,manual_research,User-provided manual Rally BATMAN181 Comics price history,2026-08-03T00:00:00Z,OpenAI Codex,exact,Manually transcribed Rally observation; validated against 5000 authoritative Comics registry shares outstanding.,,quarterly,27500.0,chart_observation_marked_exact
rally-batman181,2022-12-31,2022-12-30T00:00:00Z,8.0,40000.0,chart_observation,manual_research,User-provided manual Rally BATMAN181 Comics price history,2026-08-03T00:00:00Z,OpenAI Codex,exact,Manually transcribed Rally observation; validated against 5000 authoritative Comics registry shares outstanding.,,quarterly,40000.0,chart_observation_marked_exact
rally-batman181,2023-03-31,2023-03-28T00:00:00Z,8.95,44750.0,chart_observation,manual_research,User-provided manual Rally BATMAN181 Comics price history,2026-08-03T00:00:00Z,OpenAI Codex,exact,Manually transcribed Rally observation; validated against 5000 authoritative Comics registry shares outstanding.,,quarterly,44750.0,chart_observation_marked_exact
rally-batman181,2023-06-30,2023-06-29T00:00:00Z,6.0,30000.0,chart_observation,manual_research,User-provided manual Rally BATMAN181 Comics price history,2026-08-03T00:00:00Z,OpenAI Codex,exact,Manually transcribed Rally observation; validated against 5000 authoritative Comics registry shares outstanding.,,quarterly,30000.0,chart_observation_marked_exact
rally-batman181,2023-09-30,2023-09-26T00:00:00Z,8.95,44750.0,chart_observation,manual_research,User-provided manual Rally BATMAN181 Comics price history,2026-08-03T00:00:00Z,OpenAI Codex,exact,Manually transcribed Rally observation; validated against 5000 authoritative Comics registry shares outstanding.,,quarterly,44750.0,chart_observation_marked_exact
rally-batman181,2023-12-31,2023-12-28T00:00:00Z,6.0,30000.0,chart_observation,manual_research,User-provided manual Rally BATMAN181 Comics price history,2026-08-03T00:00:00Z,OpenAI Codex,exact,Manually transcribed Rally observation; validated against 5000 authoritative Comics registry shares outstanding.,,quarterly,30000.0,chart_observation_marked_exact
rally-batman181,2024-03-31,2024-03-25T00:00:00Z,7.35,36750.0,chart_observation,manual_research,User-provided manual Rally BATMAN181 Comics price history,2026-08-03T00:00:00Z,OpenAI Codex,exact,Manually transcribed Rally observation; validated against 5000 authoritative Comics registry shares outstanding.,,quarterly,36750.0,chart_observation_marked_exact
rally-batman181,2024-06-30,2024-06-26T00:00:00Z,8.4,42000.0,chart_observation,manual_research,User-provided manual Rally BATMAN181 Comics price history,2026-08-03T00:00:00Z,OpenAI Codex,exact,Manually transcribed Rally observation; validated against 5000 authoritative Comics registry shares outstanding.,,quarterly,42000.0,chart_observation_marked_exact
rally-batman181,2024-09-30,2024-09-27T00:00:00Z,7.5,37500.0,chart_observation,manual_research,User-provided manual Rally BATMAN181 Comics price history,2026-08-03T00:00:00Z,OpenAI Codex,exact,Manually transcribed Rally observation; validated against 5000 authoritative Comics registry shares outstanding.,,quarterly,37500.0,chart_observation_marked_exact
rally-batman181,2024-12-31,2024-12-30T00:00:00Z,7.5,37500.0,chart_observation,manual_research,User-provided manual Rally BATMAN181 Comics price history,2026-08-03T00:00:00Z,OpenAI Codex,exact,Manually transcribed Rally observation; validated against 5000 authoritative Comics registry shares outstanding.,,quarterly,37500.0,chart_observation_marked_exact
rally-batman181,2025-03-31,2025-03-28T00:00:00Z,6.65,33250.0,chart_observation,manual_research,User-provided manual Rally BATMAN181 Comics price history,2026-08-03T00:00:00Z,OpenAI Codex,exact,Manually transcribed Rally observation; validated against 5000 authoritative Comics registry shares outstanding.,,quarterly,33250.0,chart_observation_marked_exact
rally-batman181,2025-06-30,2025-06-25T00:00:00Z,7.0,35000.0,chart_observation,manual_research,User-provided manual Rally BATMAN181 Comics price history,2026-08-03T00:00:00Z,OpenAI Codex,exact,Manually transcribed Rally observation; validated against 5000 authoritative Comics registry shares outstanding.,,quarterly,35000.0,chart_observation_marked_exact
rally-batman181,2025-09-30,2025-09-26T00:00:00Z,6.65,33250.0,chart_observation,manual_research,User-provided manual Rally BATMAN181 Comics price history,2026-08-03T00:00:00Z,OpenAI Codex,exact,Manually transcribed Rally observation; validated against 5000 authoritative Comics registry shares outstanding.,,quarterly,33250.0,chart_observation_marked_exact
rally-batman181,2025-12-31,2025-12-29T00:00:00Z,5.0,25000.0,chart_observation,manual_research,User-provided manual Rally BATMAN181 Comics price history,2026-08-03T00:00:00Z,OpenAI Codex,exact,Manually transcribed Rally observation; validated against 5000 authoritative Comics registry shares outstanding.,,quarterly,25000.0,chart_observation_marked_exact
rally-batman181,2026-03-31,2026-03-26T00:00:00Z,6.9,34500.0,chart_observation,manual_research,User-provided manual Rally BATMAN181 Comics price history,2026-08-03T00:00:00Z,OpenAI Codex,exact,Manually transcribed Rally observation; validated against 5000 authoritative Comics registry shares outstanding.,,quarterly,34500.0,chart_observation_marked_exact
rally-batman181,2026-06-30,2026-06-29T00:00:00Z,5.6,28000.0,chart_observation,manual_research,User-provided manual Rally BATMAN181 Comics price history,2026-08-03T00:00:00Z,OpenAI Codex,exact,Manually transcribed Rally observation; validated against 5000 authoritative Comics registry shares outstanding.,,quarterly,28000.0,chart_observation_marked_exact
rally-batman2,2021-06-30,2021-05-10T00:00:00Z,10.0,85000.0,offering_price,manual_research,User-provided manual Rally BATMAN2 Comics price history,2026-08-03T00:00:00Z,OpenAI Codex,exact,Manually transcribed Rally observation; validated against 8500 authoritative Comics registry shares outstanding. Supplied dated observation reconciles to the authoritative offering price and initial market cap; no additional offering-day row was invented.,,quarterly,85000.0,offering_price_excluded_from_secondary_returns
rally-batman2,2021-12-31,2021-10-27T00:00:00Z,13.0,110500.0,chart_observation,manual_research,User-provided manual Rally BATMAN2 Comics price history,2026-08-03T00:00:00Z,OpenAI Codex,exact,"Earlier same-quarter observation retained as non-quarterly research evidence; the later, closer-to-quarter-end observation is the canonical quarterly representative. Manually transcribed Rally observation; validated against 8500 authoritative Comics registry shares outstanding.",,weekly,110500.0,chart_observation_marked_exact
rally-batman2,2021-12-31,2021-12-27T00:00:00Z,21.0,178500.0,chart_observation,manual_research,User-provided manual Rally BATMAN2 Comics price history,2026-08-03T00:00:00Z,OpenAI Codex,exact,Manually transcribed Rally observation; validated against 8500 authoritative Comics registry shares outstanding.,,quarterly,178500.0,chart_observation_marked_exact
rally-batman2,2022-03-31,2022-03-30T00:00:00Z,34.8,295800.0,chart_observation,manual_research,User-provided manual Rally BATMAN2 Comics price history,2026-08-03T00:00:00Z,OpenAI Codex,exact,Manually transcribed Rally observation; validated against 8500 authoritative Comics registry shares outstanding.,,quarterly,295800.0,chart_observation_marked_exact
rally-batman2,2022-06-30,2022-06-24T00:00:00Z,10.0,85000.0,chart_observation,manual_research,User-provided manual Rally BATMAN2 Comics price history,2026-08-03T00:00:00Z,OpenAI Codex,exact,Manually transcribed Rally observation; validated against 8500 authoritative Comics registry shares outstanding.,,quarterly,85000.0,chart_observation_marked_exact
rally-batman2,2022-09-30,2022-09-30T00:00:00Z,15.0,127500.0,chart_observation,manual_research,User-provided manual Rally BATMAN2 Comics price history,2026-08-03T00:00:00Z,OpenAI Codex,exact,Manually transcribed Rally observation; validated against 8500 authoritative Comics registry shares outstanding.,,quarterly,127500.0,chart_observation_marked_exact
rally-batman2,2022-12-31,2022-12-27T00:00:00Z,15.0,127500.0,chart_observation,manual_research,User-provided manual Rally BATMAN2 Comics price history,2026-08-03T00:00:00Z,OpenAI Codex,exact,Manually transcribed Rally observation; validated against 8500 authoritative Comics registry shares outstanding.,,quarterly,127500.0,chart_observation_marked_exact
rally-batman2,2023-03-31,2023-03-30T00:00:00Z,26.0,221000.0,chart_observation,manual_research,User-provided manual Rally BATMAN2 Comics price history,2026-08-03T00:00:00Z,OpenAI Codex,exact,Manually transcribed Rally observation; validated against 8500 authoritative Comics registry shares outstanding.,,quarterly,221000.0,chart_observation_marked_exact
rally-batman2,2023-06-30,2023-06-30T00:00:00Z,24.0,204000.0,chart_observation,manual_research,User-provided manual Rally BATMAN2 Comics price history,2026-08-03T00:00:00Z,OpenAI Codex,exact,Manually transcribed Rally observation; validated against 8500 authoritative Comics registry shares outstanding.,,quarterly,204000.0,chart_observation_marked_exact
rally-batman2,2023-09-30,2023-09-25T00:00:00Z,10.95,93075.0,chart_observation,manual_research,User-provided manual Rally BATMAN2 Comics price history,2026-08-03T00:00:00Z,OpenAI Codex,exact,Manually transcribed Rally observation; validated against 8500 authoritative Comics registry shares outstanding.,,quarterly,93075.0,chart_observation_marked_exact
rally-batman2,2023-12-31,2023-12-29T00:00:00Z,9.9,84150.0,chart_observation,manual_research,User-provided manual Rally BATMAN2 Comics price history,2026-08-03T00:00:00Z,OpenAI Codex,exact,Manually transcribed Rally observation; validated against 8500 authoritative Comics registry shares outstanding.,,quarterly,84150.0,chart_observation_marked_exact
rally-batman2,2024-03-31,2024-03-28T00:00:00Z,10.0,85000.0,chart_observation,manual_research,User-provided manual Rally BATMAN2 Comics price history,2026-08-03T00:00:00Z,OpenAI Codex,exact,Manually transcribed Rally observation; validated against 8500 authoritative Comics registry shares outstanding.,,quarterly,85000.0,chart_observation_marked_exact
rally-batman2,2024-06-30,2024-06-28T00:00:00Z,9.0,76500.0,chart_observation,manual_research,User-provided manual Rally BATMAN2 Comics price history,2026-08-03T00:00:00Z,OpenAI Codex,exact,Manually transcribed Rally observation; validated against 8500 authoritative Comics registry shares outstanding.,,quarterly,76500.0,chart_observation_marked_exact
rally-batman2,2024-09-30,2024-09-30T00:00:00Z,10.95,93075.0,chart_observation,manual_research,User-provided manual Rally BATMAN2 Comics price history,2026-08-03T00:00:00Z,OpenAI Codex,exact,Manually transcribed Rally observation; validated against 8500 authoritative Comics registry shares outstanding.,,quarterly,93075.0,chart_observation_marked_exact
rally-batman2,2024-12-31,2024-12-31T00:00:00Z,11.9,101150.0,chart_observation,manual_research,User-provided manual Rally BATMAN2 Comics price history,2026-08-03T00:00:00Z,OpenAI Codex,exact,Manually transcribed Rally observation; validated against 8500 authoritative Comics registry shares outstanding.,,quarterly,101150.0,chart_observation_marked_exact
rally-batman2,2025-03-31,2025-03-28T00:00:00Z,7.0,59500.0,chart_observation,manual_research,User-provided manual Rally BATMAN2 Comics price history,2026-08-03T00:00:00Z,OpenAI Codex,exact,Manually transcribed Rally observation; validated against 8500 authoritative Comics registry shares outstanding.,,quarterly,59500.0,chart_observation_marked_exact
rally-batman2,2025-06-30,2025-06-27T00:00:00Z,7.0,59500.0,chart_observation,manual_research,User-provided manual Rally BATMAN2 Comics price history,2026-08-03T00:00:00Z,OpenAI Codex,exact,Manually transcribed Rally observation; validated against 8500 authoritative Comics registry shares outstanding.,,quarterly,59500.0,chart_observation_marked_exact
rally-batman2,2025-09-30,2025-09-29T00:00:00Z,6.75,57375.0,chart_observation,manual_research,User-provided manual Rally BATMAN2 Comics price history,2026-08-03T00:00:00Z,OpenAI Codex,exact,Manually transcribed Rally observation; validated against 8500 authoritative Comics registry shares outstanding.,,quarterly,57375.0,chart_observation_marked_exact
rally-batman2,2025-12-31,2025-12-31T00:00:00Z,6.95,59075.0,chart_observation,manual_research,User-provided manual Rally BATMAN2 Comics price history,2026-08-03T00:00:00Z,OpenAI Codex,exact,Manually transcribed Rally observation; validated against 8500 authoritative Comics registry shares outstanding.,,quarterly,59075.0,chart_observation_marked_exact
rally-batman2,2026-03-31,2026-03-27T00:00:00Z,6.95,59075.0,chart_observation,manual_research,User-provided manual Rally BATMAN2 Comics price history,2026-08-03T00:00:00Z,OpenAI Codex,exact,Manually transcribed Rally observation; validated against 8500 authoritative Comics registry shares outstanding.,,quarterly,59075.0,chart_observation_marked_exact
rally-batman2,2026-06-30,2026-06-29T00:00:00Z,7.0,59500.0,chart_observation,manual_research,User-provided manual Rally BATMAN2 Comics price history,2026-08-03T00:00:00Z,OpenAI Codex,exact,Manually transcribed Rally observation; validated against 8500 authoritative Comics registry shares outstanding.,,quarterly,59500.0,chart_observation_marked_exact
rally-penguin,2022-03-31,2022-03-28T00:00:00Z,6.5,65000.0,chart_observation,manual_research,User-provided manual Rally PENGUIN Comics price history,2026-08-03T00:00:00Z,OpenAI Codex,exact,Manually transcribed Rally observation; validated against 10000 authoritative Comics registry shares outstanding.,,quarterly,65000.0,chart_observation_marked_exact
rally-penguin,2022-06-30,2022-06-29T00:00:00Z,4.05,40500.0,chart_observation,manual_research,User-provided manual Rally PENGUIN Comics price history,2026-08-03T00:00:00Z,OpenAI Codex,exact,Manually transcribed Rally observation; validated against 10000 authoritative Comics registry shares outstanding.,,quarterly,40500.0,chart_observation_marked_exact
rally-penguin,2022-09-30,2022-09-30T00:00:00Z,3.75,37500.0,chart_observation,manual_research,User-provided manual Rally PENGUIN Comics price history,2026-08-03T00:00:00Z,OpenAI Codex,exact,Manually transcribed Rally observation; validated against 10000 authoritative Comics registry shares outstanding.,,quarterly,37500.0,chart_observation_marked_exact
rally-penguin,2022-12-31,2022-12-29T00:00:00Z,3.75,37500.0,chart_observation,manual_research,User-provided manual Rally PENGUIN Comics price history,2026-08-03T00:00:00Z,OpenAI Codex,exact,Manually transcribed Rally observation; validated against 10000 authoritative Comics registry shares outstanding.,,quarterly,37500.0,chart_observation_marked_exact
rally-penguin,2023-03-31,2023-03-28T00:00:00Z,4.0,40000.0,chart_observation,manual_research,User-provided manual Rally PENGUIN Comics price history,2026-08-03T00:00:00Z,OpenAI Codex,exact,Manually transcribed Rally observation; validated against 10000 authoritative Comics registry shares outstanding.,,quarterly,40000.0,chart_observation_marked_exact
rally-penguin,2023-06-30,2023-06-30T00:00:00Z,3.55,35500.0,chart_observation,manual_research,User-provided manual Rally PENGUIN Comics price history,2026-08-03T00:00:00Z,OpenAI Codex,exact,Manually transcribed Rally observation; validated against 10000 authoritative Comics registry shares outstanding.,,quarterly,35500.0,chart_observation_marked_exact
rally-penguin,2023-09-30,2023-09-27T00:00:00Z,3.55,35500.0,chart_observation,manual_research,User-provided manual Rally PENGUIN Comics price history,2026-08-03T00:00:00Z,OpenAI Codex,exact,Manually transcribed Rally observation; validated against 10000 authoritative Comics registry shares outstanding.,,quarterly,35500.0,chart_observation_marked_exact
rally-penguin,2023-12-31,2023-12-29T00:00:00Z,3.0,30000.0,chart_observation,manual_research,User-provided manual Rally PENGUIN Comics price history,2026-08-03T00:00:00Z,OpenAI Codex,exact,Manually transcribed Rally observation; validated against 10000 authoritative Comics registry shares outstanding.,,quarterly,30000.0,chart_observation_marked_exact
rally-penguin,2024-03-31,2024-03-28T00:00:00Z,4.0,40000.0,chart_observation,manual_research,User-provided manual Rally PENGUIN Comics price history,2026-08-03T00:00:00Z,OpenAI Codex,exact,Manually transcribed Rally observation; validated against 10000 authoritative Comics registry shares outstanding.,,quarterly,40000.0,chart_observation_marked_exact
rally-penguin,2024-06-30,2024-06-25T00:00:00Z,4.5,45000.0,chart_observation,manual_research,User-provided manual Rally PENGUIN Comics price history,2026-08-03T00:00:00Z,OpenAI Codex,exact,Manually transcribed Rally observation; validated against 10000 authoritative Comics registry shares outstanding.,,quarterly,45000.0,chart_observation_marked_exact
rally-penguin,2024-09-30,2024-09-27T00:00:00Z,4.05,40500.0,chart_observation,manual_research,User-provided manual Rally PENGUIN Comics price history,2026-08-03T00:00:00Z,OpenAI Codex,exact,Manually transcribed Rally observation; validated against 10000 authoritative Comics registry shares outstanding.,,quarterly,40500.0,chart_observation_marked_exact
rally-penguin,2024-12-31,2024-12-30T00:00:00Z,4.5,45000.0,chart_observation,manual_research,User-provided manual Rally PENGUIN Comics price history,2026-08-03T00:00:00Z,OpenAI Codex,exact,Manually transcribed Rally observation; validated against 10000 authoritative Comics registry shares outstanding.,,quarterly,45000.0,chart_observation_marked_exact
rally-penguin,2025-03-31,2025-03-28T00:00:00Z,3.7,37000.0,chart_observation,manual_research,User-provided manual Rally PENGUIN Comics price history,2026-08-03T00:00:00Z,OpenAI Codex,exact,Manually transcribed Rally observation; validated against 10000 authoritative Comics registry shares outstanding.,,quarterly,37000.0,chart_observation_marked_exact
rally-penguin,2025-06-30,2025-06-26T00:00:00Z,2.0,20000.0,chart_observation,manual_research,User-provided manual Rally PENGUIN Comics price history,2026-08-03T00:00:00Z,OpenAI Codex,exact,Manually transcribed Rally observation; validated against 10000 authoritative Comics registry shares outstanding.,,quarterly,20000.0,chart_observation_marked_exact
rally-penguin,2025-09-30,2025-09-29T00:00:00Z,2.0,20000.0,chart_observation,manual_research,User-provided manual Rally PENGUIN Comics price history,2026-08-03T00:00:00Z,OpenAI Codex,exact,Manually transcribed Rally observation; validated against 10000 authoritative Comics registry shares outstanding.,,quarterly,20000.0,chart_observation_marked_exact
rally-penguin,2025-12-31,2025-12-31T00:00:00Z,2.2,22000.0,chart_observation,manual_research,User-provided manual Rally PENGUIN Comics price history,2026-08-03T00:00:00Z,OpenAI Codex,exact,Manually transcribed Rally observation; validated against 10000 authoritative Comics registry shares outstanding.,,quarterly,22000.0,chart_observation_marked_exact
rally-penguin,2026-03-31,2026-03-30T00:00:00Z,2.75,27500.0,chart_observation,manual_research,User-provided manual Rally PENGUIN Comics price history,2026-08-03T00:00:00Z,OpenAI Codex,exact,Manually transcribed Rally observation; validated against 10000 authoritative Comics registry shares outstanding.,,quarterly,27500.0,chart_observation_marked_exact
rally-penguin,2026-06-30,2026-06-26T00:00:00Z,2.75,27500.0,chart_observation,manual_research,User-provided manual Rally PENGUIN Comics price history,2026-08-03T00:00:00Z,OpenAI Codex,exact,Manually transcribed Rally observation; validated against 10000 authoritative Comics registry shares outstanding.,,quarterly,27500.0,chart_observation_marked_exact
rally-spider1,2020-06-30,2020-06-02T00:00:00Z,27.0,27000.0,chart_observation,manual_research,User-provided manual Rally SPIDER1 Comics price history,2026-08-03T00:00:00Z,OpenAI Codex,exact,Manually transcribed Rally observation; validated against 1000 authoritative Comics registry shares outstanding.,,quarterly,27000.0,chart_observation_marked_exact
rally-spider1,2020-09-30,2020-09-15T00:00:00Z,28.3,28300.0,chart_observation,manual_research,User-provided manual Rally SPIDER1 Comics price history,2026-08-03T00:00:00Z,OpenAI Codex,exact,Manually transcribed Rally observation; validated against 1000 authoritative Comics registry shares outstanding.,,quarterly,28300.0,chart_observation_marked_exact
rally-spider1,2020-12-31,2020-12-29T00:00:00Z,30.05,30050.0,chart_observation,manual_research,User-provided manual Rally SPIDER1 Comics price history,2026-08-03T00:00:00Z,OpenAI Codex,exact,Manually transcribed Rally observation; validated against 1000 authoritative Comics registry shares outstanding.,,quarterly,30050.0,chart_observation_marked_exact
rally-spider1,2021-03-31,2021-03-01T00:00:00Z,34.1,34100.0,chart_observation,manual_research,User-provided manual Rally SPIDER1 Comics price history,2026-08-03T00:00:00Z,OpenAI Codex,exact,Manually transcribed Rally observation; validated against 1000 authoritative Comics registry shares outstanding.,,quarterly,34100.0,chart_observation_marked_exact
rally-spider1,2021-06-30,2021-05-11T00:00:00Z,33.75,33750.0,chart_observation,manual_research,User-provided manual Rally SPIDER1 Comics price history,2026-08-03T00:00:00Z,OpenAI Codex,exact,Manually transcribed Rally observation; validated against 1000 authoritative Comics registry shares outstanding.,,quarterly,33750.0,chart_observation_marked_exact
rally-spider1,2021-09-30,2021-09-21T00:00:00Z,52.0,52000.0,chart_observation,manual_research,User-provided manual Rally SPIDER1 Comics price history,2026-08-03T00:00:00Z,OpenAI Codex,exact,Manually transcribed Rally observation; validated against 1000 authoritative Comics registry shares outstanding.,,quarterly,52000.0,chart_observation_marked_exact
rally-spider1,2022-03-31,2022-01-24T00:00:00Z,55.0,55000.0,chart_observation,manual_research,User-provided manual Rally SPIDER1 Comics price history,2026-08-03T00:00:00Z,OpenAI Codex,exact,"Earlier same-quarter observation retained as non-quarterly research evidence; the later, closer-to-quarter-end observation is the canonical quarterly representative. Manually transcribed Rally observation; validated against 1000 authoritative Comics registry shares outstanding.",,weekly,55000.0,chart_observation_marked_exact
rally-spider1,2022-03-31,2022-03-25T00:00:00Z,44.0,44000.0,chart_observation,manual_research,User-provided manual Rally SPIDER1 Comics price history,2026-08-03T00:00:00Z,OpenAI Codex,exact,Manually transcribed Rally observation; validated against 1000 authoritative Comics registry shares outstanding.,,quarterly,44000.0,chart_observation_marked_exact
rally-spider1,2022-06-30,2022-06-27T00:00:00Z,53.0,53000.0,chart_observation,manual_research,User-provided manual Rally SPIDER1 Comics price history,2026-08-03T00:00:00Z,OpenAI Codex,exact,Manually transcribed Rally observation; validated against 1000 authoritative Comics registry shares outstanding.,,quarterly,53000.0,chart_observation_marked_exact
rally-spider1,2022-09-30,2022-09-27T00:00:00Z,51.0,51000.0,chart_observation,manual_research,User-provided manual Rally SPIDER1 Comics price history,2026-08-03T00:00:00Z,OpenAI Codex,exact,Manually transcribed Rally observation; validated against 1000 authoritative Comics registry shares outstanding.,,quarterly,51000.0,chart_observation_marked_exact
rally-spider1,2022-12-31,2022-12-29T00:00:00Z,47.0,47000.0,chart_observation,manual_research,User-provided manual Rally SPIDER1 Comics price history,2026-08-03T00:00:00Z,OpenAI Codex,exact,Manually transcribed Rally observation; validated against 1000 authoritative Comics registry shares outstanding.,,quarterly,47000.0,chart_observation_marked_exact
rally-spider1,2023-03-31,2023-03-31T00:00:00Z,86.0,86000.0,chart_observation,manual_research,User-provided manual Rally SPIDER1 Comics price history,2026-08-03T00:00:00Z,OpenAI Codex,exact,Manually transcribed Rally observation; validated against 1000 authoritative Comics registry shares outstanding.,,quarterly,86000.0,chart_observation_marked_exact
rally-spider1,2023-06-30,2023-06-26T00:00:00Z,60.0,60000.0,chart_observation,manual_research,User-provided manual Rally SPIDER1 Comics price history,2026-08-03T00:00:00Z,OpenAI Codex,exact,Manually transcribed Rally observation; validated against 1000 authoritative Comics registry shares outstanding.,,quarterly,60000.0,chart_observation_marked_exact
rally-spider1,2023-09-30,2023-09-26T00:00:00Z,60.0,60000.0,chart_observation,manual_research,User-provided manual Rally SPIDER1 Comics price history,2026-08-03T00:00:00Z,OpenAI Codex,exact,Manually transcribed Rally observation; validated against 1000 authoritative Comics registry shares outstanding.,,quarterly,60000.0,chart_observation_marked_exact
rally-spider1,2023-12-31,2023-12-28T00:00:00Z,20.0,20000.0,chart_observation,manual_research,User-provided manual Rally SPIDER1 Comics price history,2026-08-03T00:00:00Z,OpenAI Codex,exact,Manually transcribed Rally observation; validated against 1000 authoritative Comics registry shares outstanding.,,quarterly,20000.0,chart_observation_marked_exact
rally-spider1,2024-03-31,2024-03-28T00:00:00Z,33.75,33750.0,chart_observation,manual_research,User-provided manual Rally SPIDER1 Comics price history,2026-08-03T00:00:00Z,OpenAI Codex,exact,Manually transcribed Rally observation; validated against 1000 authoritative Comics registry shares outstanding.,,quarterly,33750.0,chart_observation_marked_exact
rally-spider1,2024-06-30,2024-06-24T00:00:00Z,43.75,43750.0,chart_observation,manual_research,User-provided manual Rally SPIDER1 Comics price history,2026-08-03T00:00:00Z,OpenAI Codex,exact,Manually transcribed Rally observation; validated against 1000 authoritative Comics registry shares outstanding.,,quarterly,43750.0,chart_observation_marked_exact
rally-spider1,2024-09-30,2024-09-24T00:00:00Z,33.0,33000.0,chart_observation,manual_research,User-provided manual Rally SPIDER1 Comics price history,2026-08-03T00:00:00Z,OpenAI Codex,exact,Manually transcribed Rally observation; validated against 1000 authoritative Comics registry shares outstanding.,,quarterly,33000.0,chart_observation_marked_exact
rally-spider1,2024-12-31,2024-12-26T00:00:00Z,20.95,20950.0,chart_observation,manual_research,User-provided manual Rally SPIDER1 Comics price history,2026-08-03T00:00:00Z,OpenAI Codex,exact,Manually transcribed Rally observation; validated against 1000 authoritative Comics registry shares outstanding.,,quarterly,20950.0,chart_observation_marked_exact
rally-spider1,2025-03-31,2025-03-28T00:00:00Z,22.55,22550.0,chart_observation,manual_research,User-provided manual Rally SPIDER1 Comics price history,2026-08-03T00:00:00Z,OpenAI Codex,exact,Manually transcribed Rally observation; validated against 1000 authoritative Comics registry shares outstanding.,,quarterly,22550.0,chart_observation_marked_exact
rally-spider1,2025-06-30,2025-06-30T00:00:00Z,24.0,24000.0,chart_observation,manual_research,User-provided manual Rally SPIDER1 Comics price history,2026-08-03T00:00:00Z,OpenAI Codex,exact,Manually transcribed Rally observation; validated against 1000 authoritative Comics registry shares outstanding.,,quarterly,24000.0,chart_observation_marked_exact
rally-spider1,2025-09-30,2025-09-30T00:00:00Z,22.55,22550.0,chart_observation,manual_research,User-provided manual Rally SPIDER1 Comics price history,2026-08-03T00:00:00Z,OpenAI Codex,exact,Manually transcribed Rally observation; validated against 1000 authoritative Comics registry shares outstanding.,,quarterly,22550.0,chart_observation_marked_exact
rally-spider1,2025-12-31,2025-12-31T00:00:00Z,19.95,19950.0,chart_observation,manual_research,User-provided manual Rally SPIDER1 Comics price history,2026-08-03T00:00:00Z,OpenAI Codex,exact,Manually transcribed Rally observation; validated against 1000 authoritative Comics registry shares outstanding.,,quarterly,19950.0,chart_observation_marked_exact
rally-spider1,2026-03-31,2026-03-27T00:00:00Z,30.15,30150.0,chart_observation,manual_research,User-provided manual Rally SPIDER1 Comics price history,2026-08-03T00:00:00Z,OpenAI Codex,exact,Manually transcribed Rally observation; validated against 1000 authoritative Comics registry shares outstanding.,,quarterly,30150.0,chart_observation_marked_exact
rally-spider1,2026-06-30,2026-06-29T00:00:00Z,30.0,30000.0,chart_observation,manual_research,User-provided manual Rally SPIDER1 Comics price history,2026-08-03T00:00:00Z,OpenAI Codex,exact,Manually transcribed Rally observation; validated against 1000 authoritative Comics registry shares outstanding.,,quarterly,30000.0,chart_observation_marked_exact
rally-surfer4,2022-03-31,2022-03-25T00:00:00Z,7.5,75000.0,chart_observation,manual_research,User-provided manual Rally SURFER4 Comics price history,2026-08-03T00:00:00Z,OpenAI Codex,exact,Manually transcribed Rally observation; validated against 10000 authoritative Comics registry shares outstanding.,,quarterly,75000.0,chart_observation_marked_exact
rally-surfer4,2022-06-30,2022-06-29T00:00:00Z,4.5,45000.0,chart_observation,manual_research,User-provided manual Rally SURFER4 Comics price history,2026-08-03T00:00:00Z,OpenAI Codex,exact,Manually transcribed Rally observation; validated against 10000 authoritative Comics registry shares outstanding.,,quarterly,45000.0,chart_observation_marked_exact
rally-surfer4,2022-09-30,2022-09-30T00:00:00Z,5.25,52500.0,chart_observation,manual_research,User-provided manual Rally SURFER4 Comics price history,2026-08-03T00:00:00Z,OpenAI Codex,exact,Manually transcribed Rally observation; validated against 10000 authoritative Comics registry shares outstanding.,,quarterly,52500.0,chart_observation_marked_exact
rally-surfer4,2022-12-31,2022-12-30T00:00:00Z,5.5,55000.0,chart_observation,manual_research,User-provided manual Rally SURFER4 Comics price history,2026-08-03T00:00:00Z,OpenAI Codex,exact,Manually transcribed Rally observation; validated against 10000 authoritative Comics registry shares outstanding.,,quarterly,55000.0,chart_observation_marked_exact
rally-surfer4,2023-03-31,2023-03-29T00:00:00Z,6.25,62500.0,chart_observation,manual_research,User-provided manual Rally SURFER4 Comics price history,2026-08-03T00:00:00Z,OpenAI Codex,exact,Manually transcribed Rally observation; validated against 10000 authoritative Comics registry shares outstanding.,,quarterly,62500.0,chart_observation_marked_exact
rally-surfer4,2023-06-30,2023-06-30T00:00:00Z,6.0,60000.0,chart_observation,manual_research,User-provided manual Rally SURFER4 Comics price history,2026-08-03T00:00:00Z,OpenAI Codex,exact,Manually transcribed Rally observation; validated against 10000 authoritative Comics registry shares outstanding.,,quarterly,60000.0,chart_observation_marked_exact
rally-surfer4,2023-09-30,2023-09-29T00:00:00Z,5.0,50000.0,chart_observation,manual_research,User-provided manual Rally SURFER4 Comics price history,2026-08-03T00:00:00Z,OpenAI Codex,exact,Manually transcribed Rally observation; validated against 10000 authoritative Comics registry shares outstanding.,,quarterly,50000.0,chart_observation_marked_exact
rally-surfer4,2023-12-31,2023-12-29T00:00:00Z,5.0,50000.0,chart_observation,manual_research,User-provided manual Rally SURFER4 Comics price history,2026-08-03T00:00:00Z,OpenAI Codex,exact,Manually transcribed Rally observation; validated against 10000 authoritative Comics registry shares outstanding.,,quarterly,50000.0,chart_observation_marked_exact
rally-surfer4,2024-03-31,2024-03-25T00:00:00Z,6.6,66000.0,chart_observation,manual_research,User-provided manual Rally SURFER4 Comics price history,2026-08-03T00:00:00Z,OpenAI Codex,exact,Manually transcribed Rally observation; validated against 10000 authoritative Comics registry shares outstanding.,,quarterly,66000.0,chart_observation_marked_exact
rally-surfer4,2024-06-30,2024-06-28T00:00:00Z,6.6,66000.0,chart_observation,manual_research,User-provided manual Rally SURFER4 Comics price history,2026-08-03T00:00:00Z,OpenAI Codex,exact,Manually transcribed Rally observation; validated against 10000 authoritative Comics registry shares outstanding.,,quarterly,66000.0,chart_observation_marked_exact
rally-surfer4,2024-09-30,2024-09-30T00:00:00Z,6.05,60500.0,chart_observation,manual_research,User-provided manual Rally SURFER4 Comics price history,2026-08-03T00:00:00Z,OpenAI Codex,exact,Manually transcribed Rally observation; validated against 10000 authoritative Comics registry shares outstanding.,,quarterly,60500.0,chart_observation_marked_exact
rally-surfer4,2024-12-31,2024-12-27T00:00:00Z,4.55,45500.0,chart_observation,manual_research,User-provided manual Rally SURFER4 Comics price history,2026-08-03T00:00:00Z,OpenAI Codex,exact,Manually transcribed Rally observation; validated against 10000 authoritative Comics registry shares outstanding.,,quarterly,45500.0,chart_observation_marked_exact
rally-surfer4,2025-03-31,2025-03-28T00:00:00Z,5.0,50000.0,chart_observation,manual_research,User-provided manual Rally SURFER4 Comics price history,2026-08-03T00:00:00Z,OpenAI Codex,exact,Manually transcribed Rally observation; validated against 10000 authoritative Comics registry shares outstanding.,,quarterly,50000.0,chart_observation_marked_exact
rally-surfer4,2025-06-30,2025-06-30T00:00:00Z,4.8,48000.0,chart_observation,manual_research,User-provided manual Rally SURFER4 Comics price history,2026-08-03T00:00:00Z,OpenAI Codex,exact,Manually transcribed Rally observation; validated against 10000 authoritative Comics registry shares outstanding.,,quarterly,48000.0,chart_observation_marked_exact
rally-surfer4,2025-09-30,2025-09-26T00:00:00Z,4.8,48000.0,chart_observation,manual_research,User-provided manual Rally SURFER4 Comics price history,2026-08-03T00:00:00Z,OpenAI Codex,exact,Manually transcribed Rally observation; validated against 10000 authoritative Comics registry shares outstanding.,,quarterly,48000.0,chart_observation_marked_exact
rally-surfer4,2025-12-31,2025-12-31T00:00:00Z,2.9,29000.0,chart_observation,manual_research,User-provided manual Rally SURFER4 Comics price history,2026-08-03T00:00:00Z,OpenAI Codex,exact,Manually transcribed Rally observation; validated against 10000 authoritative Comics registry shares outstanding.,,quarterly,29000.0,chart_observation_marked_exact
rally-surfer4,2026-03-31,2026-03-25T00:00:00Z,4.65,46500.0,chart_observation,manual_research,User-provided manual Rally SURFER4 Comics price history,2026-08-03T00:00:00Z,OpenAI Codex,exact,Manually transcribed Rally observation; validated against 10000 authoritative Comics registry shares outstanding.,,quarterly,46500.0,chart_observation_marked_exact
rally-surfer4,2026-06-30,2026-06-26T00:00:00Z,3.5,35000.0,chart_observation,manual_research,User-provided manual Rally SURFER4 Comics price history,2026-08-03T00:00:00Z,OpenAI Codex,exact,Manually transcribed Rally observation; validated against 10000 authoritative Comics registry shares outstanding.,,quarterly,35000.0,chart_observation_marked_exact
rally-spider129,2021-09-30,2021-10-19T00:00:00Z,4.0,40000.0,chart_observation,manual_research,User-provided manual Rally SPIDER129 Comics price history,2026-08-03T00:00:00Z,OpenAI Codex,exact,Manually transcribed Rally observation; validated against 10000 authoritative Comics registry shares outstanding.,,quarterly,40000.0,chart_observation_marked_exact
rally-spider129,2022-03-31,2022-03-28T00:00:00Z,5.0,50000.0,chart_observation,manual_research,User-provided manual Rally SPIDER129 Comics price history,2026-08-03T00:00:00Z,OpenAI Codex,exact,Manually transcribed Rally observation; validated against 10000 authoritative Comics registry shares outstanding.,,quarterly,50000.0,chart_observation_marked_exact
rally-spider129,2022-06-30,2022-06-27T00:00:00Z,3.7,37000.0,chart_observation,manual_research,User-provided manual Rally SPIDER129 Comics price history,2026-08-03T00:00:00Z,OpenAI Codex,exact,Manually transcribed Rally observation; validated against 10000 authoritative Comics registry shares outstanding.,,quarterly,37000.0,chart_observation_marked_exact
rally-spider129,2022-09-30,2022-09-29T00:00:00Z,4.0,40000.0,chart_observation,manual_research,User-provided manual Rally SPIDER129 Comics price history,2026-08-03T00:00:00Z,OpenAI Codex,exact,Manually transcribed Rally observation; validated against 10000 authoritative Comics registry shares outstanding.,,quarterly,40000.0,chart_observation_marked_exact
rally-spider129,2022-12-31,2022-12-29T00:00:00Z,4.0,40000.0,chart_observation,manual_research,User-provided manual Rally SPIDER129 Comics price history,2026-08-03T00:00:00Z,OpenAI Codex,exact,Manually transcribed Rally observation; validated against 10000 authoritative Comics registry shares outstanding.,,quarterly,40000.0,chart_observation_marked_exact
rally-spider129,2023-03-31,2023-03-29T00:00:00Z,5.7,57000.0,chart_observation,manual_research,User-provided manual Rally SPIDER129 Comics price history,2026-08-03T00:00:00Z,OpenAI Codex,exact,Manually transcribed Rally observation; validated against 10000 authoritative Comics registry shares outstanding.,,quarterly,57000.0,chart_observation_marked_exact
rally-spider129,2023-06-30,2023-06-28T00:00:00Z,4.5,45000.0,chart_observation,manual_research,User-provided manual Rally SPIDER129 Comics price history,2026-08-03T00:00:00Z,OpenAI Codex,exact,Manually transcribed Rally observation; validated against 10000 authoritative Comics registry shares outstanding.,,quarterly,45000.0,chart_observation_marked_exact
rally-spider129,2023-09-30,2023-09-26T00:00:00Z,3.1,31000.0,chart_observation,manual_research,User-provided manual Rally SPIDER129 Comics price history,2026-08-03T00:00:00Z,OpenAI Codex,exact,Manually transcribed Rally observation; validated against 10000 authoritative Comics registry shares outstanding.,,quarterly,31000.0,chart_observation_marked_exact
rally-spider129,2023-12-31,2023-12-29T00:00:00Z,3.0,30000.0,chart_observation,manual_research,User-provided manual Rally SPIDER129 Comics price history,2026-08-03T00:00:00Z,OpenAI Codex,exact,Manually transcribed Rally observation; validated against 10000 authoritative Comics registry shares outstanding.,,quarterly,30000.0,chart_observation_marked_exact
rally-spider129,2024-03-31,2024-03-23T00:00:00Z,2.95,29500.0,chart_observation,manual_research,User-provided manual Rally SPIDER129 Comics price history,2026-08-03T00:00:00Z,OpenAI Codex,exact,Manually transcribed Rally observation; validated against 10000 authoritative Comics registry shares outstanding.,,quarterly,29500.0,chart_observation_marked_exact
rally-spider129,2024-06-30,2024-06-28T00:00:00Z,3.0,30000.0,chart_observation,manual_research,User-provided manual Rally SPIDER129 Comics price history,2026-08-03T00:00:00Z,OpenAI Codex,exact,Manually transcribed Rally observation; validated against 10000 authoritative Comics registry shares outstanding.,,quarterly,30000.0,chart_observation_marked_exact
rally-spider129,2024-09-30,2024-09-27T00:00:00Z,3.5,35000.0,chart_observation,manual_research,User-provided manual Rally SPIDER129 Comics price history,2026-08-03T00:00:00Z,OpenAI Codex,exact,Manually transcribed Rally observation; validated against 10000 authoritative Comics registry shares outstanding.,,quarterly,35000.0,chart_observation_marked_exact
rally-spider129,2024-12-31,2024-12-31T00:00:00Z,2.1,21000.0,chart_observation,manual_research,User-provided manual Rally SPIDER129 Comics price history,2026-08-03T00:00:00Z,OpenAI Codex,exact,Manually transcribed Rally observation; validated against 10000 authoritative Comics registry shares outstanding.,,quarterly,21000.0,chart_observation_marked_exact
rally-spider129,2025-03-31,2025-03-27T00:00:00Z,2.15,21500.0,chart_observation,manual_research,User-provided manual Rally SPIDER129 Comics price history,2026-08-03T00:00:00Z,OpenAI Codex,exact,Manually transcribed Rally observation; validated against 10000 authoritative Comics registry shares outstanding.,,quarterly,21500.0,chart_observation_marked_exact
rally-spider129,2025-06-30,2025-06-30T00:00:00Z,2.5,25000.0,chart_observation,manual_research,User-provided manual Rally SPIDER129 Comics price history,2026-08-03T00:00:00Z,OpenAI Codex,exact,Manually transcribed Rally observation; validated against 10000 authoritative Comics registry shares outstanding.,,quarterly,25000.0,chart_observation_marked_exact
rally-spider129,2025-09-30,2025-09-29T00:00:00Z,2.2,22000.0,chart_observation,manual_research,User-provided manual Rally SPIDER129 Comics price history,2026-08-03T00:00:00Z,OpenAI Codex,exact,Manually transcribed Rally observation; validated against 10000 authoritative Comics registry shares outstanding.,,quarterly,22000.0,chart_observation_marked_exact
rally-spider129,2025-12-31,2025-12-29T00:00:00Z,2.3,23000.0,chart_observation,manual_research,User-provided manual Rally SPIDER129 Comics price history,2026-08-03T00:00:00Z,OpenAI Codex,exact,Manually transcribed Rally observation; validated against 10000 authoritative Comics registry shares outstanding.,,quarterly,23000.0,chart_observation_marked_exact
rally-spider129,2026-03-31,2026-03-27T00:00:00Z,2.25,22500.0,chart_observation,manual_research,User-provided manual Rally SPIDER129 Comics price history,2026-08-03T00:00:00Z,OpenAI Codex,exact,Manually transcribed Rally observation; validated against 10000 authoritative Comics registry shares outstanding.,,quarterly,22500.0,chart_observation_marked_exact
rally-spider129,2026-06-30,2026-06-26T00:00:00Z,2.15,21500.0,chart_observation,manual_research,User-provided manual Rally SPIDER129 Comics price history,2026-08-03T00:00:00Z,OpenAI Codex,exact,Manually transcribed Rally observation; validated against 10000 authoritative Comics registry shares outstanding.,,quarterly,21500.0,chart_observation_marked_exact
rally-showcase4,2022-06-30,2022-06-27T00:00:00Z,4.5,49500.0,chart_observation,manual_research,User-provided manual Rally SHOWCASE4 Comics price history,2026-08-03T00:00:00Z,OpenAI Codex,exact,Manually transcribed Rally observation; validated against 11000 authoritative Comics registry shares outstanding.,,quarterly,49500.0,chart_observation_marked_exact
rally-showcase4,2022-09-30,2022-09-29T00:00:00Z,6.0,66000.0,chart_observation,manual_research,User-provided manual Rally SHOWCASE4 Comics price history,2026-08-03T00:00:00Z,OpenAI Codex,exact,Manually transcribed Rally observation; validated against 11000 authoritative Comics registry shares outstanding.,,quarterly,66000.0,chart_observation_marked_exact
rally-showcase4,2022-12-31,2022-12-29T00:00:00Z,5.6,61599.99999999999,chart_observation,manual_research,User-provided manual Rally SHOWCASE4 Comics price history,2026-08-03T00:00:00Z,OpenAI Codex,exact,Manually transcribed Rally observation; validated against 11000 authoritative Comics registry shares outstanding.,,quarterly,61599.99999999999,chart_observation_marked_exact
rally-showcase4,2023-03-31,2023-03-29T00:00:00Z,7.0,77000.0,chart_observation,manual_research,User-provided manual Rally SHOWCASE4 Comics price history,2026-08-03T00:00:00Z,OpenAI Codex,exact,Manually transcribed Rally observation; validated against 11000 authoritative Comics registry shares outstanding.,,quarterly,77000.0,chart_observation_marked_exact
rally-showcase4,2023-06-30,2023-06-27T00:00:00Z,5.5,60500.0,chart_observation,manual_research,User-provided manual Rally SHOWCASE4 Comics price history,2026-08-03T00:00:00Z,OpenAI Codex,exact,Manually transcribed Rally observation; validated against 11000 authoritative Comics registry shares outstanding.,,quarterly,60500.0,chart_observation_marked_exact
rally-showcase4,2023-09-30,2023-09-25T00:00:00Z,6.5,71500.0,chart_observation,manual_research,User-provided manual Rally SHOWCASE4 Comics price history,2026-08-03T00:00:00Z,OpenAI Codex,exact,Manually transcribed Rally observation; validated against 11000 authoritative Comics registry shares outstanding.,,quarterly,71500.0,chart_observation_marked_exact
rally-showcase4,2023-12-31,2023-12-26T00:00:00Z,5.5,60500.0,chart_observation,manual_research,User-provided manual Rally SHOWCASE4 Comics price history,2026-08-03T00:00:00Z,OpenAI Codex,exact,Manually transcribed Rally observation; validated against 11000 authoritative Comics registry shares outstanding.,,quarterly,60500.0,chart_observation_marked_exact
rally-showcase4,2024-03-31,2024-03-25T00:00:00Z,6.25,68750.0,chart_observation,manual_research,User-provided manual Rally SHOWCASE4 Comics price history,2026-08-03T00:00:00Z,OpenAI Codex,exact,Manually transcribed Rally observation; validated against 11000 authoritative Comics registry shares outstanding.,,quarterly,68750.0,chart_observation_marked_exact
rally-showcase4,2024-06-30,2024-06-27T00:00:00Z,6.2,68200.0,chart_observation,manual_research,User-provided manual Rally SHOWCASE4 Comics price history,2026-08-03T00:00:00Z,OpenAI Codex,exact,Manually transcribed Rally observation; validated against 11000 authoritative Comics registry shares outstanding.,,quarterly,68200.0,chart_observation_marked_exact
rally-showcase4,2024-09-30,2024-09-25T00:00:00Z,5.5,60500.0,chart_observation,manual_research,User-provided manual Rally SHOWCASE4 Comics price history,2026-08-03T00:00:00Z,OpenAI Codex,exact,Manually transcribed Rally observation; validated against 11000 authoritative Comics registry shares outstanding.,,quarterly,60500.0,chart_observation_marked_exact
rally-showcase4,2024-12-31,2024-12-30T00:00:00Z,5.0,55000.0,chart_observation,manual_research,User-provided manual Rally SHOWCASE4 Comics price history,2026-08-03T00:00:00Z,OpenAI Codex,exact,Manually transcribed Rally observation; validated against 11000 authoritative Comics registry shares outstanding.,,quarterly,55000.0,chart_observation_marked_exact
rally-showcase4,2025-03-31,2025-03-31T00:00:00Z,4.8,52800.0,chart_observation,manual_research,User-provided manual Rally SHOWCASE4 Comics price history,2026-08-03T00:00:00Z,OpenAI Codex,exact,Manually transcribed Rally observation; validated against 11000 authoritative Comics registry shares outstanding.,,quarterly,52800.0,chart_observation_marked_exact
rally-showcase4,2025-06-30,2025-06-27T00:00:00Z,4.75,52250.0,chart_observation,manual_research,User-provided manual Rally SHOWCASE4 Comics price history,2026-08-03T00:00:00Z,OpenAI Codex,exact,Manually transcribed Rally observation; validated against 11000 authoritative Comics registry shares outstanding.,,quarterly,52250.0,chart_observation_marked_exact
rally-showcase4,2025-09-30,2025-09-26T00:00:00Z,4.5,49500.0,chart_observation,manual_research,User-provided manual Rally SHOWCASE4 Comics price history,2026-08-03T00:00:00Z,OpenAI Codex,exact,Manually transcribed Rally observation; validated against 11000 authoritative Comics registry shares outstanding.,,quarterly,49500.0,chart_observation_marked_exact
rally-showcase4,2025-12-31,2025-12-30T00:00:00Z,4.0,44000.0,chart_observation,manual_research,User-provided manual Rally SHOWCASE4 Comics price history,2026-08-03T00:00:00Z,OpenAI Codex,exact,Manually transcribed Rally observation; validated against 11000 authoritative Comics registry shares outstanding.,,quarterly,44000.0,chart_observation_marked_exact
rally-showcase4,2026-03-31,2026-03-31T00:00:00Z,4.0,44000.0,chart_observation,manual_research,User-provided manual Rally SHOWCASE4 Comics price history,2026-08-03T00:00:00Z,OpenAI Codex,exact,Manually transcribed Rally observation; validated against 11000 authoritative Comics registry shares outstanding.,,quarterly,44000.0,chart_observation_marked_exact
rally-showcase4,2026-06-30,2026-06-29T00:00:00Z,4.35,47849.99999999999,chart_observation,manual_research,User-provided manual Rally SHOWCASE4 Comics price history,2026-08-03T00:00:00Z,OpenAI Codex,exact,Manually transcribed Rally observation; validated against 11000 authoritative Comics registry shares outstanding.,,quarterly,47849.99999999999,chart_observation_marked_exact
rally-hulk180,2022-03-31,2022-03-28T00:00:00Z,4.35,43500.0,chart_observation,manual_research,User-provided manual Rally HULK180 Comics price history,2026-08-03T00:00:00Z,OpenAI Codex,exact,Manually transcribed Rally observation; validated against 10000 authoritative Comics registry shares outstanding.,,quarterly,43500.0,chart_observation_marked_exact
rally-hulk180,2022-06-30,2022-06-28T00:00:00Z,3.85,38500.0,chart_observation,manual_research,User-provided manual Rally HULK180 Comics price history,2026-08-03T00:00:00Z,OpenAI Codex,exact,Manually transcribed Rally observation; validated against 10000 authoritative Comics registry shares outstanding.,,quarterly,38500.0,chart_observation_marked_exact
rally-hulk180,2022-09-30,2022-09-29T00:00:00Z,4.2,42000.0,chart_observation,manual_research,User-provided manual Rally HULK180 Comics price history,2026-08-03T00:00:00Z,OpenAI Codex,exact,Manually transcribed Rally observation; validated against 10000 authoritative Comics registry shares outstanding.,,quarterly,42000.0,chart_observation_marked_exact
rally-hulk180,2022-12-31,2022-12-30T00:00:00Z,3.2,32000.0,chart_observation,manual_research,User-provided manual Rally HULK180 Comics price history,2026-08-03T00:00:00Z,OpenAI Codex,exact,Manually transcribed Rally observation; validated against 10000 authoritative Comics registry shares outstanding.,,quarterly,32000.0,chart_observation_marked_exact
rally-hulk180,2023-03-31,2023-03-28T00:00:00Z,5.0,50000.0,chart_observation,manual_research,User-provided manual Rally HULK180 Comics price history,2026-08-03T00:00:00Z,OpenAI Codex,exact,Manually transcribed Rally observation; validated against 10000 authoritative Comics registry shares outstanding.,,quarterly,50000.0,chart_observation_marked_exact
rally-hulk180,2023-06-30,2023-06-28T00:00:00Z,4.3,43000.0,chart_observation,manual_research,User-provided manual Rally HULK180 Comics price history,2026-08-03T00:00:00Z,OpenAI Codex,exact,Manually transcribed Rally observation; validated against 10000 authoritative Comics registry shares outstanding.,,quarterly,43000.0,chart_observation_marked_exact
rally-hulk180,2023-09-30,2023-09-29T00:00:00Z,4.1,41000.0,chart_observation,manual_research,User-provided manual Rally HULK180 Comics price history,2026-08-03T00:00:00Z,OpenAI Codex,exact,Manually transcribed Rally observation; validated against 10000 authoritative Comics registry shares outstanding.,,quarterly,41000.0,chart_observation_marked_exact
rally-hulk180,2023-12-31,2023-12-29T00:00:00Z,2.8,28000.0,chart_observation,manual_research,User-provided manual Rally HULK180 Comics price history,2026-08-03T00:00:00Z,OpenAI Codex,exact,Manually transcribed Rally observation; validated against 10000 authoritative Comics registry shares outstanding.,,quarterly,28000.0,chart_observation_marked_exact
rally-hulk180,2024-03-31,2024-03-27T00:00:00Z,4.4,44000.0,chart_observation,manual_research,User-provided manual Rally HULK180 Comics price history,2026-08-03T00:00:00Z,OpenAI Codex,exact,Manually transcribed Rally observation; validated against 10000 authoritative Comics registry shares outstanding.,,quarterly,44000.0,chart_observation_marked_exact
rally-hulk180,2024-06-30,2024-06-28T00:00:00Z,3.0,30000.0,chart_observation,manual_research,User-provided manual Rally HULK180 Comics price history,2026-08-03T00:00:00Z,OpenAI Codex,exact,Manually transcribed Rally observation; validated against 10000 authoritative Comics registry shares outstanding.,,quarterly,30000.0,chart_observation_marked_exact
rally-hulk180,2024-09-30,2024-09-27T00:00:00Z,3.25,32500.0,chart_observation,manual_research,User-provided manual Rally HULK180 Comics price history,2026-08-03T00:00:00Z,OpenAI Codex,exact,Manually transcribed Rally observation; validated against 10000 authoritative Comics registry shares outstanding.,,quarterly,32500.0,chart_observation_marked_exact
rally-hulk180,2024-12-31,2024-12-30T00:00:00Z,2.45,24500.0,chart_observation,manual_research,User-provided manual Rally HULK180 Comics price history,2026-08-03T00:00:00Z,OpenAI Codex,exact,Manually transcribed Rally observation; validated against 10000 authoritative Comics registry shares outstanding.,,quarterly,24500.0,chart_observation_marked_exact
rally-hulk180,2025-03-31,2025-03-27T00:00:00Z,3.5,35000.0,chart_observation,manual_research,User-provided manual Rally HULK180 Comics price history,2026-08-03T00:00:00Z,OpenAI Codex,exact,Manually transcribed Rally observation; validated against 10000 authoritative Comics registry shares outstanding.,,quarterly,35000.0,chart_observation_marked_exact
rally-hulk180,2025-06-30,2025-06-27T00:00:00Z,2.55,25500.0,chart_observation,manual_research,User-provided manual Rally HULK180 Comics price history,2026-08-03T00:00:00Z,OpenAI Codex,exact,Manually transcribed Rally observation; validated against 10000 authoritative Comics registry shares outstanding.,,quarterly,25500.0,chart_observation_marked_exact
rally-hulk180,2025-09-30,2025-09-29T00:00:00Z,2.0,20000.0,chart_observation,manual_research,User-provided manual Rally HULK180 Comics price history,2026-08-03T00:00:00Z,OpenAI Codex,exact,Manually transcribed Rally observation; validated against 10000 authoritative Comics registry shares outstanding.,,quarterly,20000.0,chart_observation_marked_exact
rally-hulk180,2025-12-31,2025-12-30T00:00:00Z,1.85,18500.0,chart_observation,manual_research,User-provided manual Rally HULK180 Comics price history,2026-08-03T00:00:00Z,OpenAI Codex,exact,Manually transcribed Rally observation; validated against 10000 authoritative Comics registry shares outstanding.,,quarterly,18500.0,chart_observation_marked_exact
rally-hulk180,2026-03-31,2026-03-27T00:00:00Z,2.05,20500.0,chart_observation,manual_research,User-provided manual Rally HULK180 Comics price history,2026-08-03T00:00:00Z,OpenAI Codex,exact,Manually transcribed Rally observation; validated against 10000 authoritative Comics registry shares outstanding.,,quarterly,20500.0,chart_observation_marked_exact
rally-hulk180,2026-06-30,2026-06-29T00:00:00Z,2.05,20500.0,chart_observation,manual_research,User-provided manual Rally HULK180 Comics price history,2026-08-03T00:00:00Z,OpenAI Codex,exact,Manually transcribed Rally observation; validated against 10000 authoritative Comics registry shares outstanding.,,quarterly,20500.0,chart_observation_marked_exact
rally-59flash,2021-03-31,2021-05-04T00:00:00Z,5.0,50000.0,chart_observation,manual_research,User-provided manual Rally 59FLASH Comics price history,2026-08-03T00:00:00Z,OpenAI Codex,exact,Manually transcribed Rally observation; validated against 10000 authoritative Comics registry shares outstanding.,,quarterly,50000.0,chart_observation_marked_exact
rally-59flash,2021-09-30,2021-09-16T00:00:00Z,6.0,60000.0,chart_observation,manual_research,User-provided manual Rally 59FLASH Comics price history,2026-08-03T00:00:00Z,OpenAI Codex,exact,Manually transcribed Rally observation; validated against 10000 authoritative Comics registry shares outstanding.,,quarterly,60000.0,chart_observation_marked_exact
rally-59flash,2021-12-31,2021-12-30T00:00:00Z,6.25,62500.0,chart_observation,manual_research,User-provided manual Rally 59FLASH Comics price history,2026-08-03T00:00:00Z,OpenAI Codex,exact,Manually transcribed Rally observation; validated against 10000 authoritative Comics registry shares outstanding.,,quarterly,62500.0,chart_observation_marked_exact
rally-59flash,2022-03-31,2022-03-28T00:00:00Z,6.55,65500.0,chart_observation,manual_research,User-provided manual Rally 59FLASH Comics price history,2026-08-03T00:00:00Z,OpenAI Codex,exact,Manually transcribed Rally observation; validated against 10000 authoritative Comics registry shares outstanding.,,quarterly,65500.0,chart_observation_marked_exact
rally-59flash,2022-06-30,2022-06-27T00:00:00Z,4.25,42500.0,chart_observation,manual_research,User-provided manual Rally 59FLASH Comics price history,2026-08-03T00:00:00Z,OpenAI Codex,exact,Manually transcribed Rally observation; validated against 10000 authoritative Comics registry shares outstanding.,,quarterly,42500.0,chart_observation_marked_exact
rally-59flash,2022-09-30,2022-09-27T00:00:00Z,5.95,59500.0,chart_observation,manual_research,User-provided manual Rally 59FLASH Comics price history,2026-08-03T00:00:00Z,OpenAI Codex,exact,Manually transcribed Rally observation; validated against 10000 authoritative Comics registry shares outstanding.,,quarterly,59500.0,chart_observation_marked_exact
rally-59flash,2022-12-31,2022-12-29T00:00:00Z,4.0,40000.0,chart_observation,manual_research,User-provided manual Rally 59FLASH Comics price history,2026-08-03T00:00:00Z,OpenAI Codex,exact,Manually transcribed Rally observation; validated against 10000 authoritative Comics registry shares outstanding.,,quarterly,40000.0,chart_observation_marked_exact
rally-59flash,2023-03-31,2023-03-31T00:00:00Z,5.75,57500.0,chart_observation,manual_research,User-provided manual Rally 59FLASH Comics price history,2026-08-03T00:00:00Z,OpenAI Codex,exact,Manually transcribed Rally observation; validated against 10000 authoritative Comics registry shares outstanding.,,quarterly,57500.0,chart_observation_marked_exact
rally-59flash,2023-06-30,2023-06-26T00:00:00Z,5.0,50000.0,chart_observation,manual_research,User-provided manual Rally 59FLASH Comics price history,2026-08-03T00:00:00Z,OpenAI Codex,exact,Manually transcribed Rally observation; validated against 10000 authoritative Comics registry shares outstanding.,,quarterly,50000.0,chart_observation_marked_exact
rally-59flash,2023-09-30,2023-09-26T00:00:00Z,5.0,50000.0,chart_observation,manual_research,User-provided manual Rally 59FLASH Comics price history,2026-08-03T00:00:00Z,OpenAI Codex,exact,Manually transcribed Rally observation; validated against 10000 authoritative Comics registry shares outstanding.,,quarterly,50000.0,chart_observation_marked_exact
rally-59flash,2023-12-31,2023-12-28T00:00:00Z,3.5,35000.0,chart_observation,manual_research,User-provided manual Rally 59FLASH Comics price history,2026-08-03T00:00:00Z,OpenAI Codex,exact,Manually transcribed Rally observation; validated against 10000 authoritative Comics registry shares outstanding.,,quarterly,35000.0,chart_observation_marked_exact
rally-59flash,2024-03-31,2024-03-28T00:00:00Z,5.0,50000.0,chart_observation,manual_research,User-provided manual Rally 59FLASH Comics price history,2026-08-03T00:00:00Z,OpenAI Codex,exact,Manually transcribed Rally observation; validated against 10000 authoritative Comics registry shares outstanding.,,quarterly,50000.0,chart_observation_marked_exact
rally-59flash,2024-06-30,2024-06-24T00:00:00Z,4.9,49000.0,chart_observation,manual_research,User-provided manual Rally 59FLASH Comics price history,2026-08-03T00:00:00Z,OpenAI Codex,exact,Manually transcribed Rally observation; validated against 10000 authoritative Comics registry shares outstanding.,,quarterly,49000.0,chart_observation_marked_exact
rally-59flash,2024-09-30,2024-09-30T00:00:00Z,4.8,48000.0,chart_observation,manual_research,User-provided manual Rally 59FLASH Comics price history,2026-08-03T00:00:00Z,OpenAI Codex,exact,Manually transcribed Rally observation; validated against 10000 authoritative Comics registry shares outstanding.,,quarterly,48000.0,chart_observation_marked_exact
rally-59flash,2024-12-31,2024-12-26T00:00:00Z,4.8,48000.0,chart_observation,manual_research,User-provided manual Rally 59FLASH Comics price history,2026-08-03T00:00:00Z,OpenAI Codex,exact,Manually transcribed Rally observation; validated against 10000 authoritative Comics registry shares outstanding.,,quarterly,48000.0,chart_observation_marked_exact
rally-59flash,2025-03-31,2025-03-28T00:00:00Z,2.95,29500.0,chart_observation,manual_research,User-provided manual Rally 59FLASH Comics price history,2026-08-03T00:00:00Z,OpenAI Codex,exact,Manually transcribed Rally observation; validated against 10000 authoritative Comics registry shares outstanding.,,quarterly,29500.0,chart_observation_marked_exact
rally-59flash,2025-06-30,2025-06-27T00:00:00Z,2.95,29500.0,chart_observation,manual_research,User-provided manual Rally 59FLASH Comics price history,2026-08-03T00:00:00Z,OpenAI Codex,exact,Manually transcribed Rally observation; validated against 10000 authoritative Comics registry shares outstanding.,,quarterly,29500.0,chart_observation_marked_exact
rally-59flash,2025-09-30,2025-09-29T00:00:00Z,2.5,25000.0,chart_observation,manual_research,User-provided manual Rally 59FLASH Comics price history,2026-08-03T00:00:00Z,OpenAI Codex,exact,Manually transcribed Rally observation; validated against 10000 authoritative Comics registry shares outstanding.,,quarterly,25000.0,chart_observation_marked_exact
rally-59flash,2025-12-31,2025-12-30T00:00:00Z,4.8,48000.0,chart_observation,manual_research,User-provided manual Rally 59FLASH Comics price history,2026-08-03T00:00:00Z,OpenAI Codex,exact,Manually transcribed Rally observation; validated against 10000 authoritative Comics registry shares outstanding.,,quarterly,48000.0,chart_observation_marked_exact
rally-59flash,2026-03-31,2026-03-27T00:00:00Z,3.0,30000.0,chart_observation,manual_research,User-provided manual Rally 59FLASH Comics price history,2026-08-03T00:00:00Z,OpenAI Codex,exact,Manually transcribed Rally observation; validated against 10000 authoritative Comics registry shares outstanding.,,quarterly,30000.0,chart_observation_marked_exact
rally-59flash,2026-06-30,2026-06-26T00:00:00Z,4.75,47500.0,chart_observation,manual_research,User-provided manual Rally 59FLASH Comics price history,2026-08-03T00:00:00Z,OpenAI Codex,exact,Manually transcribed Rally observation; validated against 10000 authoritative Comics registry shares outstanding.,,quarterly,47500.0,chart_observation_marked_exact
rally-ac23,2021-06-30,2021-05-25T00:00:00Z,7.55,30200.0,chart_observation,manual_research,User-provided manual Rally AC23 Comics price history,2026-08-03T00:00:00Z,OpenAI Codex,exact,Manually transcribed Rally observation; validated against 4000 authoritative Comics registry shares outstanding.,,quarterly,30200.0,chart_observation_marked_exact
rally-ac23,2021-12-31,2022-01-18T00:00:00Z,7.0,28000.0,chart_observation,manual_research,User-provided manual Rally AC23 Comics price history,2026-08-03T00:00:00Z,OpenAI Codex,exact,Manually transcribed Rally observation; validated against 4000 authoritative Comics registry shares outstanding.,,quarterly,28000.0,chart_observation_marked_exact
rally-ac23,2022-03-31,2022-03-28T00:00:00Z,6.95,27800.0,chart_observation,manual_research,User-provided manual Rally AC23 Comics price history,2026-08-03T00:00:00Z,OpenAI Codex,exact,Manually transcribed Rally observation; validated against 4000 authoritative Comics registry shares outstanding.,,quarterly,27800.0,chart_observation_marked_exact
rally-ac23,2022-06-30,2022-06-27T00:00:00Z,5.55,22200.0,chart_observation,manual_research,User-provided manual Rally AC23 Comics price history,2026-08-03T00:00:00Z,OpenAI Codex,exact,Manually transcribed Rally observation; validated against 4000 authoritative Comics registry shares outstanding.,,quarterly,22200.0,chart_observation_marked_exact
rally-ac23,2022-09-30,2022-09-27T00:00:00Z,4.25,17000.0,chart_observation,manual_research,User-provided manual Rally AC23 Comics price history,2026-08-03T00:00:00Z,OpenAI Codex,exact,Manually transcribed Rally observation; validated against 4000 authoritative Comics registry shares outstanding.,,quarterly,17000.0,chart_observation_marked_exact
rally-ac23,2022-12-31,2022-12-29T00:00:00Z,6.5,26000.0,chart_observation,manual_research,User-provided manual Rally AC23 Comics price history,2026-08-03T00:00:00Z,OpenAI Codex,exact,Manually transcribed Rally observation; validated against 4000 authoritative Comics registry shares outstanding.,,quarterly,26000.0,chart_observation_marked_exact
rally-ac23,2023-03-31,2023-03-31T00:00:00Z,6.5,26000.0,chart_observation,manual_research,User-provided manual Rally AC23 Comics price history,2026-08-03T00:00:00Z,OpenAI Codex,exact,Manually transcribed Rally observation; validated against 4000 authoritative Comics registry shares outstanding.,,quarterly,26000.0,chart_observation_marked_exact
rally-ac23,2023-06-30,2023-06-30T00:00:00Z,5.6,22400.0,chart_observation,manual_research,User-provided manual Rally AC23 Comics price history,2026-08-03T00:00:00Z,OpenAI Codex,exact,Manually transcribed Rally observation; validated against 4000 authoritative Comics registry shares outstanding.,,quarterly,22400.0,chart_observation_marked_exact
rally-ac23,2023-09-30,2023-09-25T00:00:00Z,5.5,22000.0,chart_observation,manual_research,User-provided manual Rally AC23 Comics price history,2026-08-03T00:00:00Z,OpenAI Codex,exact,Manually transcribed Rally observation; validated against 4000 authoritative Comics registry shares outstanding.,,quarterly,22000.0,chart_observation_marked_exact
rally-ac23,2023-12-31,2023-12-29T00:00:00Z,5.95,23800.0,chart_observation,manual_research,User-provided manual Rally AC23 Comics price history,2026-08-03T00:00:00Z,OpenAI Codex,exact,Manually transcribed Rally observation; validated against 4000 authoritative Comics registry shares outstanding.,,quarterly,23800.0,chart_observation_marked_exact
rally-ac23,2024-03-31,2024-03-28T00:00:00Z,4.95,19800.0,chart_observation,manual_research,User-provided manual Rally AC23 Comics price history,2026-08-03T00:00:00Z,OpenAI Codex,exact,Manually transcribed Rally observation; validated against 4000 authoritative Comics registry shares outstanding.,,quarterly,19800.0,chart_observation_marked_exact
rally-ac23,2024-06-30,2024-06-28T00:00:00Z,5.5,22000.0,chart_observation,manual_research,User-provided manual Rally AC23 Comics price history,2026-08-03T00:00:00Z,OpenAI Codex,exact,Manually transcribed Rally observation; validated against 4000 authoritative Comics registry shares outstanding.,,quarterly,22000.0,chart_observation_marked_exact
rally-ac23,2024-09-30,2024-09-27T00:00:00Z,5.95,23800.0,chart_observation,manual_research,User-provided manual Rally AC23 Comics price history,2026-08-03T00:00:00Z,OpenAI Codex,exact,Manually transcribed Rally observation; validated against 4000 authoritative Comics registry shares outstanding.,,quarterly,23800.0,chart_observation_marked_exact
rally-ac23,2024-12-31,2024-12-30T00:00:00Z,5.0,20000.0,chart_observation,manual_research,User-provided manual Rally AC23 Comics price history,2026-08-03T00:00:00Z,OpenAI Codex,exact,Manually transcribed Rally observation; validated against 4000 authoritative Comics registry shares outstanding.,,quarterly,20000.0,chart_observation_marked_exact
rally-ac23,2025-03-31,2025-03-31T00:00:00Z,4.6,18400.0,chart_observation,manual_research,User-provided manual Rally AC23 Comics price history,2026-08-03T00:00:00Z,OpenAI Codex,exact,Manually transcribed Rally observation; validated against 4000 authoritative Comics registry shares outstanding.,,quarterly,18400.0,chart_observation_marked_exact
rally-ac23,2025-06-30,2025-06-26T00:00:00Z,4.25,17000.0,chart_observation,manual_research,User-provided manual Rally AC23 Comics price history,2026-08-03T00:00:00Z,OpenAI Codex,exact,Manually transcribed Rally observation; validated against 4000 authoritative Comics registry shares outstanding.,,quarterly,17000.0,chart_observation_marked_exact
rally-ac23,2025-09-30,2025-09-26T00:00:00Z,4.95,19800.0,chart_observation,manual_research,User-provided manual Rally AC23 Comics price history,2026-08-03T00:00:00Z,OpenAI Codex,exact,Manually transcribed Rally observation; validated against 4000 authoritative Comics registry shares outstanding.,,quarterly,19800.0,chart_observation_marked_exact
rally-ac23,2025-12-31,2025-12-26T00:00:00Z,4.2,16800.0,chart_observation,manual_research,User-provided manual Rally AC23 Comics price history,2026-08-03T00:00:00Z,OpenAI Codex,exact,Manually transcribed Rally observation; validated against 4000 authoritative Comics registry shares outstanding.,,quarterly,16800.0,chart_observation_marked_exact
rally-ac23,2026-03-31,2026-03-30T00:00:00Z,5.0,20000.0,chart_observation,manual_research,User-provided manual Rally AC23 Comics price history,2026-08-03T00:00:00Z,OpenAI Codex,exact,Manually transcribed Rally observation; validated against 4000 authoritative Comics registry shares outstanding.,,quarterly,20000.0,chart_observation_marked_exact
rally-ac23,2026-06-30,2026-06-29T00:00:00Z,5.0,20000.0,chart_observation,manual_research,User-provided manual Rally AC23 Comics price history,2026-08-03T00:00:00Z,OpenAI Codex,exact,Manually transcribed Rally observation; validated against 4000 authoritative Comics registry shares outstanding.,,quarterly,20000.0,chart_observation_marked_exact
rally-spider10,2020-12-31,2021-02-04T00:00:00Z,6.0,25200.0,chart_observation,manual_research,User-provided manual Rally SPIDER10 Comics price history,2026-08-03T00:00:00Z,OpenAI Codex,exact,Manually transcribed Rally observation; validated against 4200 authoritative Comics registry shares outstanding.,,quarterly,25200.0,chart_observation_marked_exact
rally-spider10,2021-03-31,2021-04-27T00:00:00Z,4.0,16800.0,chart_observation,manual_research,User-provided manual Rally SPIDER10 Comics price history,2026-08-03T00:00:00Z,OpenAI Codex,exact,Manually transcribed Rally observation; validated against 4200 authoritative Comics registry shares outstanding.,,quarterly,16800.0,chart_observation_marked_exact
rally-spider10,2021-09-30,2021-09-07T00:00:00Z,12.1,50820.0,chart_observation,manual_research,User-provided manual Rally SPIDER10 Comics price history,2026-08-03T00:00:00Z,OpenAI Codex,exact,Manually transcribed Rally observation; validated against 4200 authoritative Comics registry shares outstanding.,,quarterly,50820.0,chart_observation_marked_exact
rally-spider10,2021-12-31,2021-12-29T00:00:00Z,11.0,46200.0,chart_observation,manual_research,User-provided manual Rally SPIDER10 Comics price history,2026-08-03T00:00:00Z,OpenAI Codex,exact,Manually transcribed Rally observation; validated against 4200 authoritative Comics registry shares outstanding.,,quarterly,46200.0,chart_observation_marked_exact
rally-spider10,2022-03-31,2022-03-30T00:00:00Z,8.55,35910.0,chart_observation,manual_research,User-provided manual Rally SPIDER10 Comics price history,2026-08-03T00:00:00Z,OpenAI Codex,exact,Manually transcribed Rally observation; validated against 4200 authoritative Comics registry shares outstanding.,,quarterly,35910.0,chart_observation_marked_exact
rally-spider10,2022-06-30,2022-06-30T00:00:00Z,5.35,22470.0,chart_observation,manual_research,User-provided manual Rally SPIDER10 Comics price history,2026-08-03T00:00:00Z,OpenAI Codex,exact,Manually transcribed Rally observation; validated against 4200 authoritative Comics registry shares outstanding.,,quarterly,22470.0,chart_observation_marked_exact
rally-spider10,2022-09-30,2022-09-30T00:00:00Z,5.45,22890.0,chart_observation,manual_research,User-provided manual Rally SPIDER10 Comics price history,2026-08-03T00:00:00Z,OpenAI Codex,exact,Manually transcribed Rally observation; validated against 4200 authoritative Comics registry shares outstanding.,,quarterly,22890.0,chart_observation_marked_exact
rally-spider10,2022-12-31,2022-12-30T00:00:00Z,5.0,21000.0,chart_observation,manual_research,User-provided manual Rally SPIDER10 Comics price history,2026-08-03T00:00:00Z,OpenAI Codex,exact,Manually transcribed Rally observation; validated against 4200 authoritative Comics registry shares outstanding.,,quarterly,21000.0,chart_observation_marked_exact
rally-spider10,2023-03-31,2023-03-27T00:00:00Z,5.25,22050.0,chart_observation,manual_research,User-provided manual Rally SPIDER10 Comics price history,2026-08-03T00:00:00Z,OpenAI Codex,exact,Manually transcribed Rally observation; validated against 4200 authoritative Comics registry shares outstanding.,,quarterly,22050.0,chart_observation_marked_exact
rally-spider10,2023-06-30,2023-06-26T00:00:00Z,6.0,25200.0,chart_observation,manual_research,User-provided manual Rally SPIDER10 Comics price history,2026-08-03T00:00:00Z,OpenAI Codex,exact,Manually transcribed Rally observation; validated against 4200 authoritative Comics registry shares outstanding.,,quarterly,25200.0,chart_observation_marked_exact
rally-spider10,2023-09-30,2023-09-26T00:00:00Z,3.9,16380.0,chart_observation,manual_research,User-provided manual Rally SPIDER10 Comics price history,2026-08-03T00:00:00Z,OpenAI Codex,exact,Manually transcribed Rally observation; validated against 4200 authoritative Comics registry shares outstanding.,,quarterly,16380.0,chart_observation_marked_exact
rally-spider10,2023-12-31,2023-12-29T00:00:00Z,3.75,15750.0,chart_observation,manual_research,User-provided manual Rally SPIDER10 Comics price history,2026-08-03T00:00:00Z,OpenAI Codex,exact,Manually transcribed Rally observation; validated against 4200 authoritative Comics registry shares outstanding.,,quarterly,15750.0,chart_observation_marked_exact
rally-spider10,2024-03-31,2024-03-27T00:00:00Z,4.2,17640.0,chart_observation,manual_research,User-provided manual Rally SPIDER10 Comics price history,2026-08-03T00:00:00Z,OpenAI Codex,exact,Manually transcribed Rally observation; validated against 4200 authoritative Comics registry shares outstanding.,,quarterly,17640.0,chart_observation_marked_exact
rally-spider10,2024-06-30,2024-06-27T00:00:00Z,4.0,16800.0,chart_observation,manual_research,User-provided manual Rally SPIDER10 Comics price history,2026-08-03T00:00:00Z,OpenAI Codex,exact,Manually transcribed Rally observation; validated against 4200 authoritative Comics registry shares outstanding.,,quarterly,16800.0,chart_observation_marked_exact
rally-spider10,2024-09-30,2024-09-27T00:00:00Z,5.15,21630.0,chart_observation,manual_research,User-provided manual Rally SPIDER10 Comics price history,2026-08-03T00:00:00Z,OpenAI Codex,exact,Manually transcribed Rally observation; validated against 4200 authoritative Comics registry shares outstanding.,,quarterly,21630.0,chart_observation_marked_exact
rally-spider10,2024-12-31,2024-12-27T00:00:00Z,4.6,19320.0,chart_observation,manual_research,User-provided manual Rally SPIDER10 Comics price history,2026-08-03T00:00:00Z,OpenAI Codex,exact,Manually transcribed Rally observation; validated against 4200 authoritative Comics registry shares outstanding.,,quarterly,19320.0,chart_observation_marked_exact
rally-spider10,2025-03-31,2025-03-28T00:00:00Z,3.55,14910.0,chart_observation,manual_research,User-provided manual Rally SPIDER10 Comics price history,2026-08-03T00:00:00Z,OpenAI Codex,exact,Manually transcribed Rally observation; validated against 4200 authoritative Comics registry shares outstanding.,,quarterly,14910.0,chart_observation_marked_exact
rally-spider10,2025-06-30,2025-06-30T00:00:00Z,3.5,14700.0,chart_observation,manual_research,User-provided manual Rally SPIDER10 Comics price history,2026-08-03T00:00:00Z,OpenAI Codex,exact,Manually transcribed Rally observation; validated against 4200 authoritative Comics registry shares outstanding.,,quarterly,14700.0,chart_observation_marked_exact
rally-spider10,2025-09-30,2025-09-29T00:00:00Z,3.3,13860.0,chart_observation,manual_research,User-provided manual Rally SPIDER10 Comics price history,2026-08-03T00:00:00Z,OpenAI Codex,exact,Manually transcribed Rally observation; validated against 4200 authoritative Comics registry shares outstanding.,,quarterly,13860.0,chart_observation_marked_exact
rally-spider10,2025-12-31,2025-12-30T00:00:00Z,2.0,8400.0,chart_observation,manual_research,User-provided manual Rally SPIDER10 Comics price history,2026-08-03T00:00:00Z,OpenAI Codex,exact,Manually transcribed Rally observation; validated against 4200 authoritative Comics registry shares outstanding.,,quarterly,8400.0,chart_observation_marked_exact
rally-spider10,2026-03-31,2026-03-31T00:00:00Z,3.05,12810.0,chart_observation,manual_research,User-provided manual Rally SPIDER10 Comics price history,2026-08-03T00:00:00Z,OpenAI Codex,exact,Manually transcribed Rally observation; validated against 4200 authoritative Comics registry shares outstanding.,,quarterly,12810.0,chart_observation_marked_exact
rally-spider10,2026-06-30,2026-07-01T00:00:00Z,3.4,14280.0,chart_observation,manual_research,User-provided manual Rally SPIDER10 Comics price history,2026-08-03T00:00:00Z,OpenAI Codex,exact,Manually transcribed Rally observation; validated against 4200 authoritative Comics registry shares outstanding.,,quarterly,14280.0,chart_observation_marked_exact
rally-flash123,2021-09-30,2021-10-28T00:00:00Z,8.25,29906.25,chart_observation,manual_research,User-provided manual Rally FLASH123 Comics price history,2026-08-03T00:00:00Z,OpenAI Codex,exact,Manually transcribed Rally observation; validated against 3625 authoritative Comics registry shares outstanding.,,quarterly,29906.25,chart_observation_marked_exact
rally-flash123,2021-12-31,2022-01-10T00:00:00Z,8.2,29724.999999999996,chart_observation,manual_research,User-provided manual Rally FLASH123 Comics price history,2026-08-03T00:00:00Z,OpenAI Codex,exact,Manually transcribed Rally observation; validated against 3625 authoritative Comics registry shares outstanding.,,quarterly,29724.999999999996,chart_observation_marked_exact
rally-flash123,2022-03-31,2022-03-28T00:00:00Z,6.3,22837.5,chart_observation,manual_research,User-provided manual Rally FLASH123 Comics price history,2026-08-03T00:00:00Z,OpenAI Codex,exact,Manually transcribed Rally observation; validated against 3625 authoritative Comics registry shares outstanding.,,quarterly,22837.5,chart_observation_marked_exact
rally-flash123,2022-06-30,2022-06-27T00:00:00Z,7.0,25375.0,chart_observation,manual_research,User-provided manual Rally FLASH123 Comics price history,2026-08-03T00:00:00Z,OpenAI Codex,exact,Manually transcribed Rally observation; validated against 3625 authoritative Comics registry shares outstanding.,,quarterly,25375.0,chart_observation_marked_exact
rally-flash123,2022-09-30,2022-09-30T00:00:00Z,4.0,14500.0,chart_observation,manual_research,User-provided manual Rally FLASH123 Comics price history,2026-08-03T00:00:00Z,OpenAI Codex,exact,Manually transcribed Rally observation; validated against 3625 authoritative Comics registry shares outstanding.,,quarterly,14500.0,chart_observation_marked_exact
rally-flash123,2022-12-31,2022-12-27T00:00:00Z,6.5,23562.5,chart_observation,manual_research,User-provided manual Rally FLASH123 Comics price history,2026-08-03T00:00:00Z,OpenAI Codex,exact,Manually transcribed Rally observation; validated against 3625 authoritative Comics registry shares outstanding.,,quarterly,23562.5,chart_observation_marked_exact
rally-flash123,2023-03-31,2023-03-27T00:00:00Z,6.0,21750.0,chart_observation,manual_research,User-provided manual Rally FLASH123 Comics price history,2026-08-03T00:00:00Z,OpenAI Codex,exact,Manually transcribed Rally observation; validated against 3625 authoritative Comics registry shares outstanding.,,quarterly,21750.0,chart_observation_marked_exact
rally-flash123,2023-06-30,2023-06-26T00:00:00Z,6.5,23562.5,chart_observation,manual_research,User-provided manual Rally FLASH123 Comics price history,2026-08-03T00:00:00Z,OpenAI Codex,exact,Manually transcribed Rally observation; validated against 3625 authoritative Comics registry shares outstanding.,,quarterly,23562.5,chart_observation_marked_exact
rally-flash123,2023-09-30,2023-09-29T00:00:00Z,4.75,17218.75,chart_observation,manual_research,User-provided manual Rally FLASH123 Comics price history,2026-08-03T00:00:00Z,OpenAI Codex,exact,Manually transcribed Rally observation; validated against 3625 authoritative Comics registry shares outstanding.,,quarterly,17218.75,chart_observation_marked_exact
rally-flash123,2023-12-31,2023-12-29T00:00:00Z,4.9,17762.5,chart_observation,manual_research,User-provided manual Rally FLASH123 Comics price history,2026-08-03T00:00:00Z,OpenAI Codex,exact,Manually transcribed Rally observation; validated against 3625 authoritative Comics registry shares outstanding.,,quarterly,17762.5,chart_observation_marked_exact
rally-flash123,2024-03-31,2024-03-28T00:00:00Z,3.95,14318.75,chart_observation,manual_research,User-provided manual Rally FLASH123 Comics price history,2026-08-03T00:00:00Z,OpenAI Codex,exact,Manually transcribed Rally observation; validated against 3625 authoritative Comics registry shares outstanding.,,quarterly,14318.75,chart_observation_marked_exact
rally-flash123,2024-06-30,2024-06-28T00:00:00Z,4.0,14500.0,chart_observation,manual_research,User-provided manual Rally FLASH123 Comics price history,2026-08-03T00:00:00Z,OpenAI Codex,exact,Manually transcribed Rally observation; validated against 3625 authoritative Comics registry shares outstanding.,,quarterly,14500.0,chart_observation_marked_exact
rally-flash123,2024-09-30,2024-09-27T00:00:00Z,4.0,14500.0,chart_observation,manual_research,User-provided manual Rally FLASH123 Comics price history,2026-08-03T00:00:00Z,OpenAI Codex,exact,Manually transcribed Rally observation; validated against 3625 authoritative Comics registry shares outstanding.,,quarterly,14500.0,chart_observation_marked_exact
rally-flash123,2024-12-31,2024-12-26T00:00:00Z,3.65,13231.25,chart_observation,manual_research,User-provided manual Rally FLASH123 Comics price history,2026-08-03T00:00:00Z,OpenAI Codex,exact,"Earlier same-quarter observation retained as non-quarterly research evidence; the later, closer-to-quarter-end observation is the canonical quarterly representative. Manually transcribed Rally observation; validated against 3625 authoritative Comics registry shares outstanding.",,weekly,13231.25,chart_observation_marked_exact
rally-flash123,2024-12-31,2025-01-02T00:00:00Z,6.4,23200.0,chart_observation,manual_research,User-provided manual Rally FLASH123 Comics price history,2026-08-03T00:00:00Z,OpenAI Codex,exact,Manually transcribed Rally observation; validated against 3625 authoritative Comics registry shares outstanding.,,quarterly,23200.0,chart_observation_marked_exact
rally-flash123,2025-03-31,2025-03-27T00:00:00Z,4.2,15225.0,chart_observation,manual_research,User-provided manual Rally FLASH123 Comics price history,2026-08-03T00:00:00Z,OpenAI Codex,exact,Manually transcribed Rally observation; validated against 3625 authoritative Comics registry shares outstanding.,,quarterly,15225.0,chart_observation_marked_exact
rally-flash123,2025-06-30,2025-06-26T00:00:00Z,5.9,21387.5,chart_observation,manual_research,User-provided manual Rally FLASH123 Comics price history,2026-08-03T00:00:00Z,OpenAI Codex,exact,Manually transcribed Rally observation; validated against 3625 authoritative Comics registry shares outstanding.,,quarterly,21387.5,chart_observation_marked_exact
rally-flash123,2025-09-30,2025-09-25T00:00:00Z,4.5,16312.5,chart_observation,manual_research,User-provided manual Rally FLASH123 Comics price history,2026-08-03T00:00:00Z,OpenAI Codex,exact,Manually transcribed Rally observation; validated against 3625 authoritative Comics registry shares outstanding.,,quarterly,16312.5,chart_observation_marked_exact
rally-flash123,2025-12-31,2025-12-30T00:00:00Z,3.75,13593.75,chart_observation,manual_research,User-provided manual Rally FLASH123 Comics price history,2026-08-03T00:00:00Z,OpenAI Codex,exact,Manually transcribed Rally observation; validated against 3625 authoritative Comics registry shares outstanding.,,quarterly,13593.75,chart_observation_marked_exact
rally-flash123,2026-03-31,2026-03-25T00:00:00Z,3.75,13593.75,chart_observation,manual_research,User-provided manual Rally FLASH123 Comics price history,2026-08-03T00:00:00Z,OpenAI Codex,exact,Manually transcribed Rally observation; validated against 3625 authoritative Comics registry shares outstanding.,,quarterly,13593.75,chart_observation_marked_exact
rally-flash123,2026-06-30,2026-06-30T00:00:00Z,3.75,13593.75,chart_observation,manual_research,User-provided manual Rally FLASH123 Comics price history,2026-08-03T00:00:00Z,OpenAI Codex,exact,Manually transcribed Rally observation; validated against 3625 authoritative Comics registry shares outstanding.,,quarterly,13593.75,chart_observation_marked_exact
rally-xlxmen1,2021-12-31,2022-01-31T00:00:00Z,7.0,56000.0,chart_observation,manual_research,User-provided manual Rally XLXMEN1 Comics price history,2026-08-03T00:00:00Z,OpenAI Codex,exact,Manually transcribed Rally observation; validated against 8000 authoritative Comics registry shares outstanding.,,quarterly,56000.0,chart_observation_marked_exact
rally-xlxmen1,2022-03-31,2022-03-28T00:00:00Z,7.5,60000.0,chart_observation,manual_research,User-provided manual Rally XLXMEN1 Comics price history,2026-08-03T00:00:00Z,OpenAI Codex,exact,Manually transcribed Rally observation; validated against 8000 authoritative Comics registry shares outstanding.,,quarterly,60000.0,chart_observation_marked_exact
rally-xlxmen1,2022-06-30,2022-06-28T00:00:00Z,7.0,56000.0,chart_observation,manual_research,User-provided manual Rally XLXMEN1 Comics price history,2026-08-03T00:00:00Z,OpenAI Codex,exact,Manually transcribed Rally observation; validated against 8000 authoritative Comics registry shares outstanding.,,quarterly,56000.0,chart_observation_marked_exact
rally-xlxmen1,2022-09-30,2022-09-29T00:00:00Z,4.4,35200.0,chart_observation,manual_research,User-provided manual Rally XLXMEN1 Comics price history,2026-08-03T00:00:00Z,OpenAI Codex,exact,Manually transcribed Rally observation; validated against 8000 authoritative Comics registry shares outstanding.,,quarterly,35200.0,chart_observation_marked_exact
rally-xlxmen1,2022-12-31,2022-12-27T00:00:00Z,6.05,48400.0,chart_observation,manual_research,User-provided manual Rally XLXMEN1 Comics price history,2026-08-03T00:00:00Z,OpenAI Codex,exact,Manually transcribed Rally observation; validated against 8000 authoritative Comics registry shares outstanding.,,quarterly,48400.0,chart_observation_marked_exact
rally-xlxmen1,2023-03-31,2023-03-29T00:00:00Z,6.0,48000.0,chart_observation,manual_research,User-provided manual Rally XLXMEN1 Comics price history,2026-08-03T00:00:00Z,OpenAI Codex,exact,Manually transcribed Rally observation; validated against 8000 authoritative Comics registry shares outstanding.,,quarterly,48000.0,chart_observation_marked_exact
rally-xlxmen1,2023-06-30,2023-06-26T00:00:00Z,5.0,40000.0,chart_observation,manual_research,User-provided manual Rally XLXMEN1 Comics price history,2026-08-03T00:00:00Z,OpenAI Codex,exact,Manually transcribed Rally observation; validated against 8000 authoritative Comics registry shares outstanding.,,quarterly,40000.0,chart_observation_marked_exact
rally-xlxmen1,2023-09-30,2023-09-26T00:00:00Z,5.5,44000.0,chart_observation,manual_research,User-provided manual Rally XLXMEN1 Comics price history,2026-08-03T00:00:00Z,OpenAI Codex,exact,Manually transcribed Rally observation; validated against 8000 authoritative Comics registry shares outstanding.,,quarterly,44000.0,chart_observation_marked_exact
rally-xlxmen1,2023-12-31,2023-12-29T00:00:00Z,4.0,32000.0,chart_observation,manual_research,User-provided manual Rally XLXMEN1 Comics price history,2026-08-03T00:00:00Z,OpenAI Codex,exact,Manually transcribed Rally observation; validated against 8000 authoritative Comics registry shares outstanding.,,quarterly,32000.0,chart_observation_marked_exact
rally-xlxmen1,2024-03-31,2024-03-25T00:00:00Z,5.5,44000.0,chart_observation,manual_research,User-provided manual Rally XLXMEN1 Comics price history,2026-08-03T00:00:00Z,OpenAI Codex,exact,Manually transcribed Rally observation; validated against 8000 authoritative Comics registry shares outstanding.,,quarterly,44000.0,chart_observation_marked_exact
rally-xlxmen1,2024-06-30,2024-06-26T00:00:00Z,5.0,40000.0,chart_observation,manual_research,User-provided manual Rally XLXMEN1 Comics price history,2026-08-03T00:00:00Z,OpenAI Codex,exact,Manually transcribed Rally observation; validated against 8000 authoritative Comics registry shares outstanding.,,quarterly,40000.0,chart_observation_marked_exact
rally-xlxmen1,2024-09-30,2024-09-27T00:00:00Z,5.25,42000.0,chart_observation,manual_research,User-provided manual Rally XLXMEN1 Comics price history,2026-08-03T00:00:00Z,OpenAI Codex,exact,Manually transcribed Rally observation; validated against 8000 authoritative Comics registry shares outstanding.,,quarterly,42000.0,chart_observation_marked_exact
rally-xlxmen1,2024-12-31,2024-12-30T00:00:00Z,4.5,36000.0,chart_observation,manual_research,User-provided manual Rally XLXMEN1 Comics price history,2026-08-03T00:00:00Z,OpenAI Codex,exact,Manually transcribed Rally observation; validated against 8000 authoritative Comics registry shares outstanding.,,quarterly,36000.0,chart_observation_marked_exact
rally-xlxmen1,2025-03-31,2025-03-27T00:00:00Z,4.0,32000.0,chart_observation,manual_research,User-provided manual Rally XLXMEN1 Comics price history,2026-08-03T00:00:00Z,OpenAI Codex,exact,Manually transcribed Rally observation; validated against 8000 authoritative Comics registry shares outstanding.,,quarterly,32000.0,chart_observation_marked_exact
rally-xlxmen1,2025-06-30,2025-06-30T00:00:00Z,3.5,28000.0,chart_observation,manual_research,User-provided manual Rally XLXMEN1 Comics price history,2026-08-03T00:00:00Z,OpenAI Codex,exact,Manually transcribed Rally observation; validated against 8000 authoritative Comics registry shares outstanding.,,quarterly,28000.0,chart_observation_marked_exact
rally-xlxmen1,2025-09-30,2025-09-30T00:00:00Z,3.5,28000.0,chart_observation,manual_research,User-provided manual Rally XLXMEN1 Comics price history,2026-08-03T00:00:00Z,OpenAI Codex,exact,Manually transcribed Rally observation; validated against 8000 authoritative Comics registry shares outstanding.,,quarterly,28000.0,chart_observation_marked_exact
rally-xlxmen1,2025-12-31,2025-12-26T00:00:00Z,3.55,28400.0,chart_observation,manual_research,User-provided manual Rally XLXMEN1 Comics price history,2026-08-03T00:00:00Z,OpenAI Codex,exact,Manually transcribed Rally observation; validated against 8000 authoritative Comics registry shares outstanding.,,quarterly,28400.0,chart_observation_marked_exact
rally-xlxmen1,2026-03-31,2026-03-30T00:00:00Z,4.0,32000.0,chart_observation,manual_research,User-provided manual Rally XLXMEN1 Comics price history,2026-08-03T00:00:00Z,OpenAI Codex,exact,Manually transcribed Rally observation; validated against 8000 authoritative Comics registry shares outstanding.,,quarterly,32000.0,chart_observation_marked_exact
rally-xlxmen1,2026-06-30,2026-06-26T00:00:00Z,4.0,32000.0,chart_observation,manual_research,User-provided manual Rally XLXMEN1 Comics price history,2026-08-03T00:00:00Z,OpenAI Codex,exact,Manually transcribed Rally observation; validated against 8000 authoritative Comics registry shares outstanding.,,quarterly,32000.0,chart_observation_marked_exact
rally-batman6,2021-03-31,2021-04-27T00:00:00Z,12.55,25100.0,chart_observation,manual_research,User-provided manual Rally BATMAN6 Comics price history,2026-08-04T00:00:00Z,OpenAI Codex,exact,Manually transcribed Rally observation; validated against 2000 authoritative Comics registry shares outstanding.,,quarterly,25100.0,chart_observation_marked_exact
rally-batman6,2021-06-30,2021-08-05T00:00:00Z,14.5,29000.0,chart_observation,manual_research,User-provided manual Rally BATMAN6 Comics price history,2026-08-04T00:00:00Z,OpenAI Codex,exact,Manually transcribed Rally observation; validated against 2000 authoritative Comics registry shares outstanding.,,quarterly,29000.0,chart_observation_marked_exact
rally-batman6,2021-12-31,2022-01-03T00:00:00Z,27.0,54000.0,chart_observation,manual_research,User-provided manual Rally BATMAN6 Comics price history,2026-08-04T00:00:00Z,OpenAI Codex,exact,Manually transcribed Rally observation; validated against 2000 authoritative Comics registry shares outstanding.,,quarterly,54000.0,chart_observation_marked_exact
rally-batman6,2022-03-31,2022-03-31T00:00:00Z,37.0,74000.0,chart_observation,manual_research,User-provided manual Rally BATMAN6 Comics price history,2026-08-04T00:00:00Z,OpenAI Codex,exact,Manually transcribed Rally observation; validated against 2000 authoritative Comics registry shares outstanding.,,quarterly,74000.0,chart_observation_marked_exact
rally-batman6,2022-06-30,2022-06-29T00:00:00Z,16.0,32000.0,chart_observation,manual_research,User-provided manual Rally BATMAN6 Comics price history,2026-08-04T00:00:00Z,OpenAI Codex,exact,Manually transcribed Rally observation; validated against 2000 authoritative Comics registry shares outstanding.,,quarterly,32000.0,chart_observation_marked_exact
rally-batman6,2022-09-30,2022-09-27T00:00:00Z,15.0,30000.0,chart_observation,manual_research,User-provided manual Rally BATMAN6 Comics price history,2026-08-04T00:00:00Z,OpenAI Codex,exact,Manually transcribed Rally observation; validated against 2000 authoritative Comics registry shares outstanding.,,quarterly,30000.0,chart_observation_marked_exact
rally-batman6,2022-12-31,2022-12-27T00:00:00Z,15.0,30000.0,chart_observation,manual_research,User-provided manual Rally BATMAN6 Comics price history,2026-08-04T00:00:00Z,OpenAI Codex,exact,Manually transcribed Rally observation; validated against 2000 authoritative Comics registry shares outstanding.,,quarterly,30000.0,chart_observation_marked_exact
rally-batman6,2023-03-31,2023-03-27T00:00:00Z,14.0,28000.0,chart_observation,manual_research,User-provided manual Rally BATMAN6 Comics price history,2026-08-04T00:00:00Z,OpenAI Codex,exact,Manually transcribed Rally observation; validated against 2000 authoritative Comics registry shares outstanding.,,quarterly,28000.0,chart_observation_marked_exact
rally-batman6,2023-06-30,2023-06-30T00:00:00Z,14.0,28000.0,chart_observation,manual_research,User-provided manual Rally BATMAN6 Comics price history,2026-08-04T00:00:00Z,OpenAI Codex,exact,Manually transcribed Rally observation; validated against 2000 authoritative Comics registry shares outstanding.,,quarterly,28000.0,chart_observation_marked_exact
rally-batman6,2023-09-30,2023-09-28T00:00:00Z,11.05,22100.0,chart_observation,manual_research,User-provided manual Rally BATMAN6 Comics price history,2026-08-04T00:00:00Z,OpenAI Codex,exact,Manually transcribed Rally observation; validated against 2000 authoritative Comics registry shares outstanding.,,quarterly,22100.0,chart_observation_marked_exact
rally-batman6,2023-12-31,2023-12-29T00:00:00Z,10.5,21000.0,chart_observation,manual_research,User-provided manual Rally BATMAN6 Comics price history,2026-08-04T00:00:00Z,OpenAI Codex,exact,Manually transcribed Rally observation; validated against 2000 authoritative Comics registry shares outstanding.,,quarterly,21000.0,chart_observation_marked_exact
rally-batman6,2024-03-31,2024-03-26T00:00:00Z,10.0,20000.0,chart_observation,manual_research,User-provided manual Rally BATMAN6 Comics price history,2026-08-04T00:00:00Z,OpenAI Codex,exact,Manually transcribed Rally observation; validated against 2000 authoritative Comics registry shares outstanding.,,quarterly,20000.0,chart_observation_marked_exact
rally-batman6,2024-06-30,2024-06-24T00:00:00Z,10.5,21000.0,chart_observation,manual_research,User-provided manual Rally BATMAN6 Comics price history,2026-08-04T00:00:00Z,OpenAI Codex,exact,Manually transcribed Rally observation; validated against 2000 authoritative Comics registry shares outstanding.,,quarterly,21000.0,chart_observation_marked_exact
rally-batman6,2024-09-30,2024-09-27T00:00:00Z,8.15,16300.0,chart_observation,manual_research,User-provided manual Rally BATMAN6 Comics price history,2026-08-04T00:00:00Z,OpenAI Codex,exact,Manually transcribed Rally observation; validated against 2000 authoritative Comics registry shares outstanding.,,quarterly,16300.0,chart_observation_marked_exact
rally-batman6,2024-12-31,2024-12-27T00:00:00Z,7.2,14400.0,chart_observation,manual_research,User-provided manual Rally BATMAN6 Comics price history,2026-08-04T00:00:00Z,OpenAI Codex,exact,Manually transcribed Rally observation; validated against 2000 authoritative Comics registry shares outstanding.,,quarterly,14400.0,chart_observation_marked_exact
rally-batman6,2025-03-31,2025-03-27T00:00:00Z,8.0,16000.0,chart_observation,manual_research,User-provided manual Rally BATMAN6 Comics price history,2026-08-04T00:00:00Z,OpenAI Codex,exact,Manually transcribed Rally observation; validated against 2000 authoritative Comics registry shares outstanding.,,quarterly,16000.0,chart_observation_marked_exact
rally-batman6,2025-09-30,2025-09-29T00:00:00Z,9.0,18000.0,chart_observation,manual_research,User-provided manual Rally BATMAN6 Comics price history,2026-08-04T00:00:00Z,OpenAI Codex,exact,Manually transcribed Rally observation; validated against 2000 authoritative Comics registry shares outstanding.,,quarterly,18000.0,chart_observation_marked_exact
rally-batman6,2025-12-31,2025-12-29T00:00:00Z,8.0,16000.0,chart_observation,manual_research,User-provided manual Rally BATMAN6 Comics price history,2026-08-04T00:00:00Z,OpenAI Codex,exact,Manually transcribed Rally observation; validated against 2000 authoritative Comics registry shares outstanding.,,quarterly,16000.0,chart_observation_marked_exact
rally-batman6,2026-03-31,2026-03-27T00:00:00Z,9.25,18500.0,chart_observation,manual_research,User-provided manual Rally BATMAN6 Comics price history,2026-08-04T00:00:00Z,OpenAI Codex,exact,Manually transcribed Rally observation; validated against 2000 authoritative Comics registry shares outstanding.,,quarterly,18500.0,chart_observation_marked_exact
rally-batman6,2026-06-30,2026-06-25T00:00:00Z,8.7,17400.0,chart_observation,manual_research,User-provided manual Rally BATMAN6 Comics price history,2026-08-04T00:00:00Z,OpenAI Codex,exact,Manually transcribed Rally observation; validated against 2000 authoritative Comics registry shares outstanding.,,quarterly,17400.0,chart_observation_marked_exact
rally-captain3,2020-06-30,2020-07-24T00:00:00Z,37.0,37000.0,chart_observation,manual_research,User-provided manual Rally CAPTAIN3 Comics price history,2026-08-04T00:00:00Z,OpenAI Codex,exact,Manually transcribed Rally observation; validated against 1000 authoritative Comics registry shares outstanding.,,quarterly,37000.0,chart_observation_marked_exact
rally-captain3,2020-12-31,2020-11-17T00:00:00Z,42.0,42000.0,chart_observation,manual_research,User-provided manual Rally CAPTAIN3 Comics price history,2026-08-04T00:00:00Z,OpenAI Codex,exact,Earlier same-quarter observation retained as non-quarterly research evidence; the closer-to-quarter-end observation is the canonical quarterly representative. Manually transcribed Rally observation; validated against 1000 authoritative Comics registry shares outstanding.,,weekly,42000.0,chart_observation_marked_exact
rally-captain3,2020-12-31,2021-02-11T00:00:00Z,42.0,42000.0,chart_observation,manual_research,User-provided manual Rally CAPTAIN3 Comics price history,2026-08-04T00:00:00Z,OpenAI Codex,exact,Manually transcribed Rally observation; validated against 1000 authoritative Comics registry shares outstanding.,,quarterly,42000.0,chart_observation_marked_exact
rally-captain3,2021-03-31,2021-04-06T00:00:00Z,39.0,39000.0,chart_observation,manual_research,User-provided manual Rally CAPTAIN3 Comics price history,2026-08-04T00:00:00Z,OpenAI Codex,exact,Manually transcribed Rally observation; validated against 1000 authoritative Comics registry shares outstanding.,,quarterly,39000.0,chart_observation_marked_exact
rally-captain3,2021-06-30,2021-06-18T00:00:00Z,37.0,37000.0,chart_observation,manual_research,User-provided manual Rally CAPTAIN3 Comics price history,2026-08-04T00:00:00Z,OpenAI Codex,exact,Manually transcribed Rally observation; validated against 1000 authoritative Comics registry shares outstanding.,,quarterly,37000.0,chart_observation_marked_exact
rally-captain3,2021-12-31,2022-01-31T00:00:00Z,37.0,37000.0,chart_observation,manual_research,User-provided manual Rally CAPTAIN3 Comics price history,2026-08-04T00:00:00Z,OpenAI Codex,exact,Manually transcribed Rally observation; validated against 1000 authoritative Comics registry shares outstanding.,,quarterly,37000.0,chart_observation_marked_exact
rally-captain3,2022-03-31,2022-03-31T00:00:00Z,37.0,37000.0,chart_observation,manual_research,User-provided manual Rally CAPTAIN3 Comics price history,2026-08-04T00:00:00Z,OpenAI Codex,exact,Manually transcribed Rally observation; validated against 1000 authoritative Comics registry shares outstanding.,,quarterly,37000.0,chart_observation_marked_exact
rally-captain3,2022-06-30,2022-06-27T00:00:00Z,37.0,37000.0,chart_observation,manual_research,User-provided manual Rally CAPTAIN3 Comics price history,2026-08-04T00:00:00Z,OpenAI Codex,exact,Manually transcribed Rally observation; validated against 1000 authoritative Comics registry shares outstanding.,,quarterly,37000.0,chart_observation_marked_exact
rally-captain3,2022-09-30,2022-09-28T00:00:00Z,32.5,32500.0,chart_observation,manual_research,User-provided manual Rally CAPTAIN3 Comics price history,2026-08-04T00:00:00Z,OpenAI Codex,exact,Manually transcribed Rally observation; validated against 1000 authoritative Comics registry shares outstanding.,,quarterly,32500.0,chart_observation_marked_exact
rally-captain3,2022-12-31,2022-12-30T00:00:00Z,31.5,31500.0,chart_observation,manual_research,User-provided manual Rally CAPTAIN3 Comics price history,2026-08-04T00:00:00Z,OpenAI Codex,exact,Manually transcribed Rally observation; validated against 1000 authoritative Comics registry shares outstanding.,,quarterly,31500.0,chart_observation_marked_exact
rally-captain3,2023-03-31,2023-03-28T00:00:00Z,32.1,32100.0,chart_observation,manual_research,User-provided manual Rally CAPTAIN3 Comics price history,2026-08-04T00:00:00Z,OpenAI Codex,exact,Manually transcribed Rally observation; validated against 1000 authoritative Comics registry shares outstanding.,,quarterly,32100.0,chart_observation_marked_exact
rally-captain3,2023-06-30,2023-06-29T00:00:00Z,30.0,30000.0,chart_observation,manual_research,User-provided manual Rally CAPTAIN3 Comics price history,2026-08-04T00:00:00Z,OpenAI Codex,exact,Manually transcribed Rally observation; validated against 1000 authoritative Comics registry shares outstanding.,,quarterly,30000.0,chart_observation_marked_exact
rally-captain3,2023-09-30,2023-09-25T00:00:00Z,30.0,30000.0,chart_observation,manual_research,User-provided manual Rally CAPTAIN3 Comics price history,2026-08-04T00:00:00Z,OpenAI Codex,exact,Manually transcribed Rally observation; validated against 1000 authoritative Comics registry shares outstanding.,,quarterly,30000.0,chart_observation_marked_exact
rally-captain3,2023-12-31,2023-12-29T00:00:00Z,20.0,20000.0,chart_observation,manual_research,User-provided manual Rally CAPTAIN3 Comics price history,2026-08-04T00:00:00Z,OpenAI Codex,exact,Manually transcribed Rally observation; validated against 1000 authoritative Comics registry shares outstanding.,,quarterly,20000.0,chart_observation_marked_exact
rally-captain3,2024-03-31,2024-03-28T00:00:00Z,35.0,35000.0,chart_observation,manual_research,User-provided manual Rally CAPTAIN3 Comics price history,2026-08-04T00:00:00Z,OpenAI Codex,exact,Manually transcribed Rally observation; validated against 1000 authoritative Comics registry shares outstanding.,,quarterly,35000.0,chart_observation_marked_exact
rally-captain3,2024-06-30,2024-06-25T00:00:00Z,35.25,35250.0,chart_observation,manual_research,User-provided manual Rally CAPTAIN3 Comics price history,2026-08-04T00:00:00Z,OpenAI Codex,exact,Manually transcribed Rally observation; validated against 1000 authoritative Comics registry shares outstanding.,,quarterly,35250.0,chart_observation_marked_exact
rally-captain3,2024-09-30,2024-09-26T00:00:00Z,35.25,35250.0,chart_observation,manual_research,User-provided manual Rally CAPTAIN3 Comics price history,2026-08-04T00:00:00Z,OpenAI Codex,exact,Manually transcribed Rally observation; validated against 1000 authoritative Comics registry shares outstanding.,,quarterly,35250.0,chart_observation_marked_exact
rally-captain3,2024-12-31,2024-12-30T00:00:00Z,34.0,34000.0,chart_observation,manual_research,User-provided manual Rally CAPTAIN3 Comics price history,2026-08-04T00:00:00Z,OpenAI Codex,exact,Manually transcribed Rally observation; validated against 1000 authoritative Comics registry shares outstanding.,,quarterly,34000.0,chart_observation_marked_exact
rally-captain3,2025-03-31,2025-03-26T00:00:00Z,26.5,26500.0,chart_observation,manual_research,User-provided manual Rally CAPTAIN3 Comics price history,2026-08-04T00:00:00Z,OpenAI Codex,exact,Manually transcribed Rally observation; validated against 1000 authoritative Comics registry shares outstanding.,,quarterly,26500.0,chart_observation_marked_exact
rally-captain3,2025-06-30,2025-06-27T00:00:00Z,26.45,26450.0,chart_observation,manual_research,User-provided manual Rally CAPTAIN3 Comics price history,2026-08-04T00:00:00Z,OpenAI Codex,exact,Manually transcribed Rally observation; validated against 1000 authoritative Comics registry shares outstanding.,,quarterly,26450.0,chart_observation_marked_exact
rally-captain3,2025-09-30,2025-09-29T00:00:00Z,26.45,26450.0,chart_observation,manual_research,User-provided manual Rally CAPTAIN3 Comics price history,2026-08-04T00:00:00Z,OpenAI Codex,exact,Manually transcribed Rally observation; validated against 1000 authoritative Comics registry shares outstanding.,,quarterly,26450.0,chart_observation_marked_exact
rally-captain3,2025-12-31,2025-12-31T00:00:00Z,20.0,20000.0,chart_observation,manual_research,User-provided manual Rally CAPTAIN3 Comics price history,2026-08-04T00:00:00Z,OpenAI Codex,exact,Manually transcribed Rally observation; validated against 1000 authoritative Comics registry shares outstanding.,,quarterly,20000.0,chart_observation_marked_exact
rally-captain3,2026-03-31,2026-03-30T00:00:00Z,20.0,20000.0,chart_observation,manual_research,User-provided manual Rally CAPTAIN3 Comics price history,2026-08-04T00:00:00Z,OpenAI Codex,exact,Manually transcribed Rally observation; validated against 1000 authoritative Comics registry shares outstanding.,,quarterly,20000.0,chart_observation_marked_exact
rally-captain3,2026-06-30,2026-07-01T00:00:00Z,21.25,21250.0,chart_observation,manual_research,User-provided manual Rally CAPTAIN3 Comics price history,2026-08-04T00:00:00Z,OpenAI Codex,exact,Manually transcribed Rally observation; validated against 1000 authoritative Comics registry shares outstanding.,,quarterly,21250.0,chart_observation_marked_exact
rally-dracula10,2022-09-30,2022-11-07T00:00:00Z,6.0,24000.0,chart_observation,manual_research,User-provided manual Rally DRACULA10 Comics price history,2026-08-04T00:00:00Z,OpenAI Codex,exact,Manually transcribed Rally observation; validated against 4000 authoritative Comics registry shares outstanding.,,quarterly,24000.0,chart_observation_marked_exact
rally-dracula10,2022-12-31,2022-12-27T00:00:00Z,6.6,26400.0,chart_observation,manual_research,User-provided manual Rally DRACULA10 Comics price history,2026-08-04T00:00:00Z,OpenAI Codex,exact,Manually transcribed Rally observation; validated against 4000 authoritative Comics registry shares outstanding.,,quarterly,26400.0,chart_observation_marked_exact
rally-dracula10,2023-03-31,2023-03-29T00:00:00Z,5.75,23000.0,chart_observation,manual_research,User-provided manual Rally DRACULA10 Comics price history,2026-08-04T00:00:00Z,OpenAI Codex,exact,Manually transcribed Rally observation; validated against 4000 authoritative Comics registry shares outstanding.,,quarterly,23000.0,chart_observation_marked_exact
rally-dracula10,2023-06-30,2023-06-26T00:00:00Z,5.0,20000.0,chart_observation,manual_research,User-provided manual Rally DRACULA10 Comics price history,2026-08-04T00:00:00Z,OpenAI Codex,exact,Manually transcribed Rally observation; validated against 4000 authoritative Comics registry shares outstanding.,,quarterly,20000.0,chart_observation_marked_exact
rally-dracula10,2023-09-30,2023-09-26T00:00:00Z,6.5,26000.0,chart_observation,manual_research,User-provided manual Rally DRACULA10 Comics price history,2026-08-04T00:00:00Z,OpenAI Codex,exact,Manually transcribed Rally observation; validated against 4000 authoritative Comics registry shares outstanding.,,quarterly,26000.0,chart_observation_marked_exact
rally-dracula10,2023-12-31,2023-12-29T00:00:00Z,4.75,19000.0,chart_observation,manual_research,User-provided manual Rally DRACULA10 Comics price history,2026-08-04T00:00:00Z,OpenAI Codex,exact,Manually transcribed Rally observation; validated against 4000 authoritative Comics registry shares outstanding.,,quarterly,19000.0,chart_observation_marked_exact
rally-dracula10,2024-03-31,2024-03-28T00:00:00Z,4.5,18000.0,chart_observation,manual_research,User-provided manual Rally DRACULA10 Comics price history,2026-08-04T00:00:00Z,OpenAI Codex,exact,Manually transcribed Rally observation; validated against 4000 authoritative Comics registry shares outstanding.,,quarterly,18000.0,chart_observation_marked_exact
rally-dracula10,2024-06-30,2024-06-26T00:00:00Z,3.95,15800.0,chart_observation,manual_research,User-provided manual Rally DRACULA10 Comics price history,2026-08-04T00:00:00Z,OpenAI Codex,exact,Manually transcribed Rally observation; validated against 4000 authoritative Comics registry shares outstanding.,,quarterly,15800.0,chart_observation_marked_exact
rally-dracula10,2024-09-30,2024-09-27T00:00:00Z,4.4,17600.0,chart_observation,manual_research,User-provided manual Rally DRACULA10 Comics price history,2026-08-04T00:00:00Z,OpenAI Codex,exact,Manually transcribed Rally observation; validated against 4000 authoritative Comics registry shares outstanding.,,quarterly,17600.0,chart_observation_marked_exact
rally-dracula10,2024-12-31,2024-12-27T00:00:00Z,4.55,18200.0,chart_observation,manual_research,User-provided manual Rally DRACULA10 Comics price history,2026-08-04T00:00:00Z,OpenAI Codex,exact,Manually transcribed Rally observation; validated against 4000 authoritative Comics registry shares outstanding.,,quarterly,18200.0,chart_observation_marked_exact
rally-dracula10,2025-03-31,2025-03-31T00:00:00Z,3.75,15000.0,chart_observation,manual_research,User-provided manual Rally DRACULA10 Comics price history,2026-08-04T00:00:00Z,OpenAI Codex,exact,Manually transcribed Rally observation; validated against 4000 authoritative Comics registry shares outstanding.,,quarterly,15000.0,chart_observation_marked_exact
rally-dracula10,2025-06-30,2025-06-27T00:00:00Z,3.0,12000.0,chart_observation,manual_research,User-provided manual Rally DRACULA10 Comics price history,2026-08-04T00:00:00Z,OpenAI Codex,exact,Manually transcribed Rally observation; validated against 4000 authoritative Comics registry shares outstanding.,,quarterly,12000.0,chart_observation_marked_exact
rally-dracula10,2025-09-30,2025-09-29T00:00:00Z,2.3,9200.0,chart_observation,manual_research,User-provided manual Rally DRACULA10 Comics price history,2026-08-04T00:00:00Z,OpenAI Codex,exact,Manually transcribed Rally observation; validated against 4000 authoritative Comics registry shares outstanding.,,quarterly,9200.0,chart_observation_marked_exact
rally-dracula10,2025-12-31,2025-12-30T00:00:00Z,1.9,7600.0,chart_observation,manual_research,User-provided manual Rally DRACULA10 Comics price history,2026-08-04T00:00:00Z,OpenAI Codex,exact,Manually transcribed Rally observation; validated against 4000 authoritative Comics registry shares outstanding.,,quarterly,7600.0,chart_observation_marked_exact
rally-dracula10,2026-03-31,2026-03-27T00:00:00Z,2.0,8000.0,chart_observation,manual_research,User-provided manual Rally DRACULA10 Comics price history,2026-08-04T00:00:00Z,OpenAI Codex,exact,Manually transcribed Rally observation; validated against 4000 authoritative Comics registry shares outstanding.,,quarterly,8000.0,chart_observation_marked_exact
rally-dracula10,2026-06-30,2026-06-29T00:00:00Z,1.65,6600.0,chart_observation,manual_research,User-provided manual Rally DRACULA10 Comics price history,2026-08-04T00:00:00Z,OpenAI Codex,exact,Manually transcribed Rally observation; validated against 4000 authoritative Comics registry shares outstanding.,,quarterly,6600.0,chart_observation_marked_exact
rally-ghost1,2021-12-31,2022-02-07T00:00:00Z,10.0,20000.0,chart_observation,manual_research,User-provided manual Rally GHOST1 Comics price history,2026-08-04T00:00:00Z,OpenAI Codex,exact,Manually transcribed Rally observation; validated against 2000 authoritative Comics registry shares outstanding.,,quarterly,20000.0,chart_observation_marked_exact
rally-ghost1,2022-03-31,2022-03-31T00:00:00Z,14.75,29500.0,chart_observation,manual_research,User-provided manual Rally GHOST1 Comics price history,2026-08-04T00:00:00Z,OpenAI Codex,exact,Manually transcribed Rally observation; validated against 2000 authoritative Comics registry shares outstanding.,,quarterly,29500.0,chart_observation_marked_exact
rally-ghost1,2022-06-30,2022-06-30T00:00:00Z,6.35,12700.0,chart_observation,manual_research,User-provided manual Rally GHOST1 Comics price history,2026-08-04T00:00:00Z,OpenAI Codex,exact,Manually transcribed Rally observation; validated against 2000 authoritative Comics registry shares outstanding.,,quarterly,12700.0,chart_observation_marked_exact
rally-ghost1,2022-09-30,2022-09-29T00:00:00Z,12.95,25900.0,chart_observation,manual_research,User-provided manual Rally GHOST1 Comics price history,2026-08-04T00:00:00Z,OpenAI Codex,exact,Manually transcribed Rally observation; validated against 2000 authoritative Comics registry shares outstanding.,,quarterly,25900.0,chart_observation_marked_exact
rally-ghost1,2022-12-31,2022-12-29T00:00:00Z,9.0,18000.0,chart_observation,manual_research,User-provided manual Rally GHOST1 Comics price history,2026-08-04T00:00:00Z,OpenAI Codex,exact,Manually transcribed Rally observation; validated against 2000 authoritative Comics registry shares outstanding.,,quarterly,18000.0,chart_observation_marked_exact
rally-ghost1,2023-03-31,2023-03-30T00:00:00Z,11.5,23000.0,chart_observation,manual_research,User-provided manual Rally GHOST1 Comics price history,2026-08-04T00:00:00Z,OpenAI Codex,exact,Manually transcribed Rally observation; validated against 2000 authoritative Comics registry shares outstanding.,,quarterly,23000.0,chart_observation_marked_exact
rally-ghost1,2023-06-30,2023-06-29T00:00:00Z,8.0,16000.0,chart_observation,manual_research,User-provided manual Rally GHOST1 Comics price history,2026-08-04T00:00:00Z,OpenAI Codex,exact,Manually transcribed Rally observation; validated against 2000 authoritative Comics registry shares outstanding.,,quarterly,16000.0,chart_observation_marked_exact
rally-ghost1,2023-09-30,2023-09-28T00:00:00Z,10.0,20000.0,chart_observation,manual_research,User-provided manual Rally GHOST1 Comics price history,2026-08-04T00:00:00Z,OpenAI Codex,exact,Manually transcribed Rally observation; validated against 2000 authoritative Comics registry shares outstanding.,,quarterly,20000.0,chart_observation_marked_exact
rally-ghost1,2023-12-31,2023-12-28T00:00:00Z,10.3,20600.0,chart_observation,manual_research,User-provided manual Rally GHOST1 Comics price history,2026-08-04T00:00:00Z,OpenAI Codex,exact,Manually transcribed Rally observation; validated against 2000 authoritative Comics registry shares outstanding.,,quarterly,20600.0,chart_observation_marked_exact
rally-ghost1,2024-03-31,2024-03-28T00:00:00Z,10.0,20000.0,chart_observation,manual_research,User-provided manual Rally GHOST1 Comics price history,2026-08-04T00:00:00Z,OpenAI Codex,exact,Manually transcribed Rally observation; validated against 2000 authoritative Comics registry shares outstanding.,,quarterly,20000.0,chart_observation_marked_exact
rally-ghost1,2024-06-30,2024-06-28T00:00:00Z,7.5,15000.0,chart_observation,manual_research,User-provided manual Rally GHOST1 Comics price history,2026-08-04T00:00:00Z,OpenAI Codex,exact,Manually transcribed Rally observation; validated against 2000 authoritative Comics registry shares outstanding.,,quarterly,15000.0,chart_observation_marked_exact
rally-ghost1,2024-09-30,2024-09-27T00:00:00Z,6.55,13100.0,chart_observation,manual_research,User-provided manual Rally GHOST1 Comics price history,2026-08-04T00:00:00Z,OpenAI Codex,exact,Manually transcribed Rally observation; validated against 2000 authoritative Comics registry shares outstanding.,,quarterly,13100.0,chart_observation_marked_exact
rally-ghost1,2024-12-31,2024-12-27T00:00:00Z,6.65,13300.0,chart_observation,manual_research,User-provided manual Rally GHOST1 Comics price history,2026-08-04T00:00:00Z,OpenAI Codex,exact,Manually transcribed Rally observation; validated against 2000 authoritative Comics registry shares outstanding.,,quarterly,13300.0,chart_observation_marked_exact
rally-ghost1,2025-03-31,2025-03-28T00:00:00Z,6.6,13200.0,chart_observation,manual_research,User-provided manual Rally GHOST1 Comics price history,2026-08-04T00:00:00Z,OpenAI Codex,exact,Manually transcribed Rally observation; validated against 2000 authoritative Comics registry shares outstanding.,,quarterly,13200.0,chart_observation_marked_exact
rally-ghost1,2025-06-30,2025-06-27T00:00:00Z,5.55,11100.0,chart_observation,manual_research,User-provided manual Rally GHOST1 Comics price history,2026-08-04T00:00:00Z,OpenAI Codex,exact,Manually transcribed Rally observation; validated against 2000 authoritative Comics registry shares outstanding.,,quarterly,11100.0,chart_observation_marked_exact
rally-ghost1,2025-09-30,2025-09-26T00:00:00Z,5.45,10900.0,chart_observation,manual_research,User-provided manual Rally GHOST1 Comics price history,2026-08-04T00:00:00Z,OpenAI Codex,exact,Manually transcribed Rally observation; validated against 2000 authoritative Comics registry shares outstanding.,,quarterly,10900.0,chart_observation_marked_exact
rally-ghost1,2025-12-31,2025-12-31T00:00:00Z,5.9,11800.0,chart_observation,manual_research,User-provided manual Rally GHOST1 Comics price history,2026-08-04T00:00:00Z,OpenAI Codex,exact,Manually transcribed Rally observation; validated against 2000 authoritative Comics registry shares outstanding.,,quarterly,11800.0,chart_observation_marked_exact
rally-ghost1,2026-03-31,2026-03-27T00:00:00Z,5.5,11000.0,chart_observation,manual_research,User-provided manual Rally GHOST1 Comics price history,2026-08-04T00:00:00Z,OpenAI Codex,exact,Manually transcribed Rally observation; validated against 2000 authoritative Comics registry shares outstanding.,,quarterly,11000.0,chart_observation_marked_exact
rally-ghost1,2026-06-30,2026-06-26T00:00:00Z,5.0,10000.0,chart_observation,manual_research,User-provided manual Rally GHOST1 Comics price history,2026-08-04T00:00:00Z,OpenAI Codex,exact,Manually transcribed Rally observation; validated against 2000 authoritative Comics registry shares outstanding.,,quarterly,10000.0,chart_observation_marked_exact
rally-superman6,2022-06-30,2022-07-05T00:00:00Z,8.0,24000.0,chart_observation,manual_research,User-provided manual Rally SUPERMAN6 Comics price history,2026-08-04T00:00:00Z,OpenAI Codex,exact,Manually transcribed Rally observation; validated against 3000 authoritative Comics registry shares outstanding.,,quarterly,24000.0,chart_observation_marked_exact
rally-superman6,2022-12-31,2022-11-21T00:00:00Z,8.5,25500.0,chart_observation,manual_research,User-provided manual Rally SUPERMAN6 Comics price history,2026-08-04T00:00:00Z,OpenAI Codex,exact,Earlier same-quarter observation retained as non-quarterly research evidence; the closer-to-quarter-end observation is the canonical quarterly representative. Manually transcribed Rally observation; validated against 3000 authoritative Comics registry shares outstanding.,,weekly,25500.0,chart_observation_marked_exact
rally-superman6,2022-12-31,2022-12-28T00:00:00Z,6.0,18000.0,chart_observation,manual_research,User-provided manual Rally SUPERMAN6 Comics price history,2026-08-04T00:00:00Z,OpenAI Codex,exact,Manually transcribed Rally observation; validated against 3000 authoritative Comics registry shares outstanding.,,quarterly,18000.0,chart_observation_marked_exact
rally-superman6,2023-03-31,2023-03-29T00:00:00Z,7.5,22500.0,chart_observation,manual_research,User-provided manual Rally SUPERMAN6 Comics price history,2026-08-04T00:00:00Z,OpenAI Codex,exact,Manually transcribed Rally observation; validated against 3000 authoritative Comics registry shares outstanding.,,quarterly,22500.0,chart_observation_marked_exact
rally-superman6,2023-06-30,2023-06-28T00:00:00Z,7.3,21900.0,chart_observation,manual_research,User-provided manual Rally SUPERMAN6 Comics price history,2026-08-04T00:00:00Z,OpenAI Codex,exact,Manually transcribed Rally observation; validated against 3000 authoritative Comics registry shares outstanding.,,quarterly,21900.0,chart_observation_marked_exact
rally-superman6,2023-09-30,2023-09-26T00:00:00Z,7.35,22050.0,chart_observation,manual_research,User-provided manual Rally SUPERMAN6 Comics price history,2026-08-04T00:00:00Z,OpenAI Codex,exact,Manually transcribed Rally observation; validated against 3000 authoritative Comics registry shares outstanding.,,quarterly,22050.0,chart_observation_marked_exact
rally-superman6,2023-12-31,2023-12-29T00:00:00Z,5.75,17250.0,chart_observation,manual_research,User-provided manual Rally SUPERMAN6 Comics price history,2026-08-04T00:00:00Z,OpenAI Codex,exact,Manually transcribed Rally observation; validated against 3000 authoritative Comics registry shares outstanding.,,quarterly,17250.0,chart_observation_marked_exact
rally-superman6,2024-03-31,2024-03-28T00:00:00Z,6.9,20700.0,chart_observation,manual_research,User-provided manual Rally SUPERMAN6 Comics price history,2026-08-04T00:00:00Z,OpenAI Codex,exact,Manually transcribed Rally observation; validated against 3000 authoritative Comics registry shares outstanding.,,quarterly,20700.0,chart_observation_marked_exact
rally-superman6,2024-06-30,2024-06-28T00:00:00Z,5.5,16500.0,chart_observation,manual_research,User-provided manual Rally SUPERMAN6 Comics price history,2026-08-04T00:00:00Z,OpenAI Codex,exact,Manually transcribed Rally observation; validated against 3000 authoritative Comics registry shares outstanding.,,quarterly,16500.0,chart_observation_marked_exact
rally-superman6,2024-09-30,2024-09-27T00:00:00Z,7.0,21000.0,chart_observation,manual_research,User-provided manual Rally SUPERMAN6 Comics price history,2026-08-04T00:00:00Z,OpenAI Codex,exact,Manually transcribed Rally observation; validated against 3000 authoritative Comics registry shares outstanding.,,quarterly,21000.0,chart_observation_marked_exact
rally-superman6,2024-12-31,2024-12-31T00:00:00Z,7.0,21000.0,chart_observation,manual_research,User-provided manual Rally SUPERMAN6 Comics price history,2026-08-04T00:00:00Z,OpenAI Codex,exact,Manually transcribed Rally observation; validated against 3000 authoritative Comics registry shares outstanding.,,quarterly,21000.0,chart_observation_marked_exact
rally-superman6,2025-03-31,2025-03-27T00:00:00Z,4.5,13500.0,chart_observation,manual_research,User-provided manual Rally SUPERMAN6 Comics price history,2026-08-04T00:00:00Z,OpenAI Codex,exact,Manually transcribed Rally observation; validated against 3000 authoritative Comics registry shares outstanding.,,quarterly,13500.0,chart_observation_marked_exact
rally-superman6,2025-06-30,2025-06-30T00:00:00Z,5.5,16500.0,chart_observation,manual_research,User-provided manual Rally SUPERMAN6 Comics price history,2026-08-04T00:00:00Z,OpenAI Codex,exact,Manually transcribed Rally observation; validated against 3000 authoritative Comics registry shares outstanding.,,quarterly,16500.0,chart_observation_marked_exact
rally-superman6,2025-09-30,2025-09-29T00:00:00Z,7.7,23100.0,chart_observation,manual_research,User-provided manual Rally SUPERMAN6 Comics price history,2026-08-04T00:00:00Z,OpenAI Codex,exact,Manually transcribed Rally observation; validated against 3000 authoritative Comics registry shares outstanding.,,quarterly,23100.0,chart_observation_marked_exact
rally-superman6,2025-12-31,2025-12-29T00:00:00Z,7.5,22500.0,chart_observation,manual_research,User-provided manual Rally SUPERMAN6 Comics price history,2026-08-04T00:00:00Z,OpenAI Codex,exact,Manually transcribed Rally observation; validated against 3000 authoritative Comics registry shares outstanding.,,quarterly,22500.0,chart_observation_marked_exact
rally-superman6,2026-03-31,2026-03-30T00:00:00Z,7.45,22350.0,chart_observation,manual_research,User-provided manual Rally SUPERMAN6 Comics price history,2026-08-04T00:00:00Z,OpenAI Codex,exact,Manually transcribed Rally observation; validated against 3000 authoritative Comics registry shares outstanding.,,quarterly,22350.0,chart_observation_marked_exact
rally-superman6,2026-06-30,2026-06-29T00:00:00Z,7.45,22350.0,chart_observation,manual_research,User-provided manual Rally SUPERMAN6 Comics price history,2026-08-04T00:00:00Z,OpenAI Codex,exact,Manually transcribed Rally observation; validated against 3000 authoritative Comics registry shares outstanding.,,quarterly,22350.0,chart_observation_marked_exact
rally-xmen94,2021-09-30,2021-10-13T00:00:00Z,6.8,68000.0,chart_observation,manual_research,User-provided manual Rally XMEN94 Comics price history,2026-08-04T00:00:00Z,OpenAI Codex,exact,Manually transcribed Rally observation; validated against 10000 authoritative Comics registry shares outstanding.,,quarterly,68000.0,chart_observation_marked_exact
rally-xmen94,2021-12-31,2022-01-03T00:00:00Z,5.0,50000.0,chart_observation,manual_research,User-provided manual Rally XMEN94 Comics price history,2026-08-04T00:00:00Z,OpenAI Codex,exact,Manually transcribed Rally observation; validated against 10000 authoritative Comics registry shares outstanding.,,quarterly,50000.0,chart_observation_marked_exact
rally-xmen94,2022-03-31,2022-03-28T00:00:00Z,6.0,60000.0,chart_observation,manual_research,User-provided manual Rally XMEN94 Comics price history,2026-08-04T00:00:00Z,OpenAI Codex,exact,Manually transcribed Rally observation; validated against 10000 authoritative Comics registry shares outstanding.,,quarterly,60000.0,chart_observation_marked_exact
rally-xmen94,2022-06-30,2022-06-29T00:00:00Z,4.0,40000.0,chart_observation,manual_research,User-provided manual Rally XMEN94 Comics price history,2026-08-04T00:00:00Z,OpenAI Codex,exact,Manually transcribed Rally observation; validated against 10000 authoritative Comics registry shares outstanding.,,quarterly,40000.0,chart_observation_marked_exact
rally-xmen94,2022-09-30,2022-09-30T00:00:00Z,5.0,50000.0,chart_observation,manual_research,User-provided manual Rally XMEN94 Comics price history,2026-08-04T00:00:00Z,OpenAI Codex,exact,Manually transcribed Rally observation; validated against 10000 authoritative Comics registry shares outstanding.,,quarterly,50000.0,chart_observation_marked_exact
rally-xmen94,2022-12-31,2022-12-29T00:00:00Z,5.0,50000.0,chart_observation,manual_research,User-provided manual Rally XMEN94 Comics price history,2026-08-04T00:00:00Z,OpenAI Codex,exact,Manually transcribed Rally observation; validated against 10000 authoritative Comics registry shares outstanding.,,quarterly,50000.0,chart_observation_marked_exact
rally-xmen94,2023-03-31,2023-03-27T00:00:00Z,5.0,50000.0,chart_observation,manual_research,User-provided manual Rally XMEN94 Comics price history,2026-08-04T00:00:00Z,OpenAI Codex,exact,Manually transcribed Rally observation; validated against 10000 authoritative Comics registry shares outstanding.,,quarterly,50000.0,chart_observation_marked_exact
rally-xmen94,2023-06-30,2023-06-30T00:00:00Z,5.25,52500.0,chart_observation,manual_research,User-provided manual Rally XMEN94 Comics price history,2026-08-04T00:00:00Z,OpenAI Codex,exact,Manually transcribed Rally observation; validated against 10000 authoritative Comics registry shares outstanding.,,quarterly,52500.0,chart_observation_marked_exact
rally-xmen94,2023-09-30,2023-09-26T00:00:00Z,4.25,42500.0,chart_observation,manual_research,User-provided manual Rally XMEN94 Comics price history,2026-08-04T00:00:00Z,OpenAI Codex,exact,Manually transcribed Rally observation; validated against 10000 authoritative Comics registry shares outstanding.,,quarterly,42500.0,chart_observation_marked_exact
rally-xmen94,2023-12-31,2023-12-29T00:00:00Z,4.0,40000.0,chart_observation,manual_research,User-provided manual Rally XMEN94 Comics price history,2026-08-04T00:00:00Z,OpenAI Codex,exact,Manually transcribed Rally observation; validated against 10000 authoritative Comics registry shares outstanding.,,quarterly,40000.0,chart_observation_marked_exact
rally-xmen94,2024-03-31,2024-03-27T00:00:00Z,3.5,35000.0,chart_observation,manual_research,User-provided manual Rally XMEN94 Comics price history,2026-08-04T00:00:00Z,OpenAI Codex,exact,Manually transcribed Rally observation; validated against 10000 authoritative Comics registry shares outstanding.,,quarterly,35000.0,chart_observation_marked_exact
rally-xmen94,2024-06-30,2024-06-28T00:00:00Z,4.55,45500.0,chart_observation,manual_research,User-provided manual Rally XMEN94 Comics price history,2026-08-04T00:00:00Z,OpenAI Codex,exact,Manually transcribed Rally observation; validated against 10000 authoritative Comics registry shares outstanding.,,quarterly,45500.0,chart_observation_marked_exact
rally-xmen94,2024-09-30,2024-09-26T00:00:00Z,3.7,37000.0,chart_observation,manual_research,User-provided manual Rally XMEN94 Comics price history,2026-08-04T00:00:00Z,OpenAI Codex,exact,Manually transcribed Rally observation; validated against 10000 authoritative Comics registry shares outstanding.,,quarterly,37000.0,chart_observation_marked_exact
rally-xmen94,2024-12-31,2024-12-30T00:00:00Z,3.0,30000.0,chart_observation,manual_research,User-provided manual Rally XMEN94 Comics price history,2026-08-04T00:00:00Z,OpenAI Codex,exact,Manually transcribed Rally observation; validated against 10000 authoritative Comics registry shares outstanding.,,quarterly,30000.0,chart_observation_marked_exact
rally-xmen94,2025-03-31,2025-03-28T00:00:00Z,2.7,27000.0,chart_observation,manual_research,User-provided manual Rally XMEN94 Comics price history,2026-08-04T00:00:00Z,OpenAI Codex,exact,Manually transcribed Rally observation; validated against 10000 authoritative Comics registry shares outstanding.,,quarterly,27000.0,chart_observation_marked_exact
rally-xmen94,2025-06-30,2025-06-30T00:00:00Z,4.0,40000.0,chart_observation,manual_research,User-provided manual Rally XMEN94 Comics price history,2026-08-04T00:00:00Z,OpenAI Codex,exact,Manually transcribed Rally observation; validated against 10000 authoritative Comics registry shares outstanding.,,quarterly,40000.0,chart_observation_marked_exact
rally-xmen94,2025-09-30,2025-09-26T00:00:00Z,3.0,30000.0,chart_observation,manual_research,User-provided manual Rally XMEN94 Comics price history,2026-08-04T00:00:00Z,OpenAI Codex,exact,Manually transcribed Rally observation; validated against 10000 authoritative Comics registry shares outstanding.,,quarterly,30000.0,chart_observation_marked_exact
rally-xmen94,2025-12-31,2025-12-30T00:00:00Z,2.05,20500.0,chart_observation,manual_research,User-provided manual Rally XMEN94 Comics price history,2026-08-04T00:00:00Z,OpenAI Codex,exact,Manually transcribed Rally observation; validated against 10000 authoritative Comics registry shares outstanding.,,quarterly,20500.0,chart_observation_marked_exact
rally-xmen94,2026-03-31,2026-03-30T00:00:00Z,3.1,31000.0,chart_observation,manual_research,User-provided manual Rally XMEN94 Comics price history,2026-08-04T00:00:00Z,OpenAI Codex,exact,Manually transcribed Rally observation; validated against 10000 authoritative Comics registry shares outstanding.,,quarterly,31000.0,chart_observation_marked_exact
rally-xmen94,2026-06-30,2026-06-25T00:00:00Z,2.75,27500.0,chart_observation,manual_research,User-provided manual Rally XMEN94 Comics price history,2026-08-04T00:00:00Z,OpenAI Codex,exact,Manually transcribed Rally observation; validated against 10000 authoritative Comics registry shares outstanding.,,quarterly,27500.0,chart_observation_marked_exact
