story_id,period,period_start,period_end,as_of_date,mode,story_family,story_type,headline,thesis,primary_subject_type,primary_subject_id,primary_subject_name,category,content_score,data_quality_score,why_interesting,counterpoint,key_number
725da9fa5f1f,2018Q3,2018-07-01,2018-08-22,2018-08-22,contemporaneous,extreme_movers,gained,1955 Porsche 356 Speedster gained 0.0%,"1955 Porsche 356 Speedster gained 0.0% during 2018Q3, ranking in the top of 1 eligible assets.",asset,rally-55ps1,1955 Porsche 356 Speedster,cars,48.04,0.95,The measured result is unusual relative to the available point-in-time comparison set.,"The engine identifies coincidence and extremeness, not causation.",0.0%
be469b7ff231,2018Q3,2018-07-01,2018-08-22,2018-08-22,contemporaneous,liquidity_staleness,stale_mark,A 174-day-old price mark,"1955 Porsche 356 Speedster's latest usable mark was 174 days old at 2018Q3 end, limiting volatility and return interpretation.",asset,rally-55ps1,1955 Porsche 356 Speedster,cars,25.79,0.376,The measured result is unusual relative to the available point-in-time comparison set.,"The engine identifies coincidence and extremeness, not causation.",174
2c6deb3feb27,2018Q4,2018-10-01,2018-12-10,2018-12-10,contemporaneous,extreme_movers,gained,1977 Lotus Esprit S1 gained 7.4%,"1977 Lotus Esprit S1 gained 7.4% during 2018Q4, ranking in the top of 4 eligible assets.",asset,rally-77le1,1977 Lotus Esprit S1,cars,50.66,0.95,The measured result is unusual relative to the available point-in-time comparison set.,"The engine identifies coincidence and extremeness, not causation.",7.4%
655dcc8139b3,2018Q4,2018-10-01,2018-12-10,2018-12-10,contemporaneous,extreme_movers,gained,1969 Boss 302 Mustang gained 0.7%,"1969 Boss 302 Mustang gained 0.7% during 2018Q4, ranking in the top of 4 eligible assets.",asset,rally-69bm1,1969 Boss 302 Mustang,cars,31.58,0.95,The measured result is unusual relative to the available point-in-time comparison set.,"The engine identifies coincidence and extremeness, not causation.",0.7%
7d580af69f64,2018Q4,2018-10-01,2018-12-10,2018-12-10,contemporaneous,liquidity_staleness,stale_mark,A 110-day-old price mark,"1993 Jaguar XJ220's latest usable mark was 110 days old at 2018Q4 end, limiting volatility and return interpretation.",asset,rally-93xj1,1993 Jaguar XJ220,cars,25.09,0.606,The measured result is unusual relative to the available point-in-time comparison set.,"The engine identifies coincidence and extremeness, not causation.",110
5ba021d434ee,2018Q4,2018-10-01,2018-12-10,2018-12-10,contemporaneous,extreme_movers,gained,1993 Jaguar XJ220 gained 0.0%,"1993 Jaguar XJ220 gained 0.0% during 2018Q4, ranking in the top of 4 eligible assets.",asset,rally-93xj1,1993 Jaguar XJ220,cars,22.99,0.95,The measured result is unusual relative to the available point-in-time comparison set.,"The engine identifies coincidence and extremeness, not causation.",0.0%
d3166b6463b7,2018Q4,2018-10-01,2018-12-10,2018-12-10,contemporaneous,extreme_movers,gained,1983 Ferrari 512 BBi gained 0.0%,"1983 Ferrari 512 BBi gained 0.0% during 2018Q4, ranking in the top of 4 eligible assets.",asset,rally-83fb1,1983 Ferrari 512 BBi,cars,22.99,0.95,The measured result is unusual relative to the available point-in-time comparison set.,"The engine identifies coincidence and extremeness, not causation.",0.0%
4c0169887a37,2018Q4,2018-10-01,2018-12-10,2018-12-10,contemporaneous,benchmark_divergence,spy_divergence,1977 Lotus Esprit S1 diverged from SPY by +16.6%,"1977 Lotus Esprit S1 returned +7.4% while SPY returned -9.2%, a +16.6% spread in 2018Q4.",asset,rally-77le1,1977 Lotus Esprit S1,cars,21.8,0.72,The measured result is unusual relative to the available point-in-time comparison set.,"The engine identifies coincidence and extremeness, not causation.",7.4%
c01de39d4e38,2018Q4,2018-10-01,2018-12-10,2018-12-10,contemporaneous,benchmark_divergence,spy_divergence,1969 Boss 302 Mustang diverged from SPY by +9.8%,"1969 Boss 302 Mustang returned +0.7% while SPY returned -9.2%, a +9.8% spread in 2018Q4.",asset,rally-69bm1,1969 Boss 302 Mustang,cars,17.67,0.72,The measured result is unusual relative to the available point-in-time comparison set.,"The engine identifies coincidence and extremeness, not causation.",0.7%
44a48f7c9285,2018Q4,2018-10-01,2018-12-10,2018-12-10,contemporaneous,benchmark_divergence,spy_divergence,1983 Ferrari 512 BBi diverged from SPY by +9.2%,"1983 Ferrari 512 BBi returned +0.0% while SPY returned -9.2%, a +9.2% spread in 2018Q4.",asset,rally-83fb1,1983 Ferrari 512 BBi,cars,17.26,0.72,The measured result is unusual relative to the available point-in-time comparison set.,"The engine identifies coincidence and extremeness, not causation.",0.0%
ea53ccddbf29,2018Q4,2018-10-01,2018-12-10,2018-12-10,contemporaneous,category,category_return,Cars averaged +2.0%,Cars assets averaged a +2.0% return in 2018Q4 across 4 eligible assets.,category,category:cars,category:cars,cars,14.31,0.65,The measured result is unusual relative to the available point-in-time comparison set.,"The engine identifies coincidence and extremeness, not causation.",2.0%
99e64ede21b4,2018Q4,2018-10-01,2018-12-10,2018-12-10,contemporaneous,dispersion_breadth,market_breadth,Only 50% of eligible assets rose,50% of 4 eligible assets rose in 2018Q4; the mean return was +2.0% versus a +0.3% median.,market,rally-market,rally-market,,13.56,0.64,The measured result is unusual relative to the available point-in-time comparison set.,"The engine identifies coincidence and extremeness, not causation.",50.0%
ef370b74670b,2018Q4,2018-10-01,2018-12-10,2018-12-10,contemporaneous,drawdown_recovery,new_high,1955 Porsche 356 Speedster ended 2018Q4 0.0% at a dataset-period high.,1955 Porsche 356 Speedster ended 2018Q4 0.0% at a dataset-period high.,asset,rally-55ps1,1955 Porsche 356 Speedster,cars,11.27,0.6,The measured result is unusual relative to the available point-in-time comparison set.,"The engine identifies coincidence and extremeness, not causation.",0.0%
31e12200c2b3,2019Q1,2019-01-01,2019-03-21,2019-03-21,contemporaneous,extreme_movers,gained,1977 Lotus Esprit S1 gained 1.1%,"1977 Lotus Esprit S1 gained 1.1% during 2019Q1, ranking in the top of 7 eligible assets.",asset,rally-77le1,1977 Lotus Esprit S1,cars,48.45,0.95,The measured result is unusual relative to the available point-in-time comparison set.,"The engine identifies coincidence and extremeness, not causation.",1.1%
544bff5c4b79,2019Q1,2019-01-01,2019-03-21,2019-03-21,contemporaneous,extreme_movers,lost,1993 Jaguar XJ220 lost 0.1%,"1993 Jaguar XJ220 lost 0.1% during 2019Q1, ranking in the bottom of 7 eligible assets.",asset,rally-93xj1,1993 Jaguar XJ220,cars,38.52,0.95,The measured result is unusual relative to the available point-in-time comparison set.,"The engine identifies coincidence and extremeness, not causation.",-0.1%
208f2f87f640,2019Q1,2019-01-01,2019-03-21,2019-03-21,contemporaneous,liquidity_staleness,stale_mark,A 104-day-old price mark,"1992 Lancia Delta Martini 5's latest usable mark was 104 days old at 2019Q1 end, limiting volatility and return interpretation.",asset,rally-92ld1,1992 Lancia Delta Martini 5,cars,24.98,0.627,The measured result is unusual relative to the available point-in-time comparison set.,"The engine identifies coincidence and extremeness, not causation.",104
30e4f990c387,2019Q1,2019-01-01,2019-03-21,2019-03-21,contemporaneous,liquidity_staleness,stale_mark,A 72-day-old price mark,"2011 BMW 1M's latest usable mark was 72 days old at 2019Q1 end, limiting volatility and return interpretation.",asset,rally-11bm1,2011 BMW 1M,cars,24.37,0.742,The measured result is unusual relative to the available point-in-time comparison set.,"The engine identifies coincidence and extremeness, not causation.",72
7f98f66bcd08,2019Q1,2019-01-01,2019-03-21,2019-03-21,contemporaneous,liquidity_staleness,stale_mark,A 71-day-old price mark,"1969 Boss 302 Mustang's latest usable mark was 71 days old at 2019Q1 end, limiting volatility and return interpretation.",asset,rally-69bm1,1969 Boss 302 Mustang,cars,24.35,0.746,The measured result is unusual relative to the available point-in-time comparison set.,"The engine identifies coincidence and extremeness, not causation.",71
17f45e7cc2bf,2019Q1,2019-01-01,2019-03-21,2019-03-21,contemporaneous,benchmark_divergence,spy_divergence,1993 Jaguar XJ220 diverged from SPY by -14.5%,"1993 Jaguar XJ220 returned -0.1% while SPY returned +14.4%, a -14.5% spread in 2019Q1.",asset,rally-93xj1,1993 Jaguar XJ220,cars,20.52,0.72,The measured result is unusual relative to the available point-in-time comparison set.,"The engine identifies coincidence and extremeness, not causation.",-0.1%
379d52abf8ab,2019Q1,2019-01-01,2019-03-21,2019-03-21,contemporaneous,benchmark_divergence,spy_divergence,1969 Boss 302 Mustang diverged from SPY by -14.4%,"1969 Boss 302 Mustang returned +0.0% while SPY returned +14.4%, a -14.4% spread in 2019Q1.",asset,rally-69bm1,1969 Boss 302 Mustang,cars,20.49,0.72,The measured result is unusual relative to the available point-in-time comparison set.,"The engine identifies coincidence and extremeness, not causation.",0.0%
7eac3cba079c,2019Q1,2019-01-01,2019-03-21,2019-03-21,contemporaneous,benchmark_divergence,spy_divergence,1983 Ferrari 512 BBi diverged from SPY by -14.4%,"1983 Ferrari 512 BBi returned +0.0% while SPY returned +14.4%, a -14.4% spread in 2019Q1.",asset,rally-83fb1,1983 Ferrari 512 BBi,cars,20.49,0.72,The measured result is unusual relative to the available point-in-time comparison set.,"The engine identifies coincidence and extremeness, not causation.",0.0%
cb8a0392fa98,2019Q1,2019-01-01,2019-03-21,2019-03-21,contemporaneous,benchmark_divergence,spy_divergence,1955 Porsche 356 Speedster diverged from SPY by -14.4%,"1955 Porsche 356 Speedster returned +0.0% while SPY returned +14.4%, a -14.4% spread in 2019Q1.",asset,rally-55ps1,1955 Porsche 356 Speedster,cars,20.49,0.72,The measured result is unusual relative to the available point-in-time comparison set.,"The engine identifies coincidence and extremeness, not causation.",0.0%
3b9717fe43d7,2019Q1,2019-01-01,2019-03-21,2019-03-21,contemporaneous,extreme_movers,gained,1955 Porsche 356 Speedster gained 0.0%,"1955 Porsche 356 Speedster gained 0.0% during 2019Q1, ranking in the top of 7 eligible assets.",asset,rally-55ps1,1955 Porsche 356 Speedster,cars,19.41,0.95,The measured result is unusual relative to the available point-in-time comparison set.,"The engine identifies coincidence and extremeness, not causation.",0.0%
87f1db06a28f,2019Q1,2019-01-01,2019-03-21,2019-03-21,contemporaneous,extreme_movers,gained,1991 Mitsubishi 3000GT VR-4 gained 0.0%,"1991 Mitsubishi 3000GT VR-4 gained 0.0% during 2019Q1, ranking in the top of 7 eligible assets.",asset,rally-91mv1,1991 Mitsubishi 3000GT VR-4,cars,19.41,0.95,The measured result is unusual relative to the available point-in-time comparison set.,"The engine identifies coincidence and extremeness, not causation.",0.0%
e031bf9f6daa,2019Q1,2019-01-01,2019-03-21,2019-03-21,contemporaneous,extreme_movers,gained,1983 Ferrari 512 BBi gained 0.0%,"1983 Ferrari 512 BBi gained 0.0% during 2019Q1, ranking in the top of 7 eligible assets.",asset,rally-83fb1,1983 Ferrari 512 BBi,cars,19.41,0.95,The measured result is unusual relative to the available point-in-time comparison set.,"The engine identifies coincidence and extremeness, not causation.",0.0%
421510f80d35,2019Q1,2019-01-01,2019-03-21,2019-03-21,contemporaneous,category,category_return,Cars averaged +0.2%,Cars assets averaged a +0.2% return in 2019Q1 across 7 eligible assets.,category,category:cars,category:cars,cars,17.76,0.8,The measured result is unusual relative to the available point-in-time comparison set.,"The engine identifies coincidence and extremeness, not causation.",0.2%
b2f4c0d8f893,2019Q1,2019-01-01,2019-03-21,2019-03-21,contemporaneous,dispersion_breadth,market_breadth,Only 14% of eligible assets rose,14% of 7 eligible assets rose in 2019Q1; the mean return was +0.2% versus a +0.0% median.,market,rally-market,rally-market,,16.34,0.67,The measured result is unusual relative to the available point-in-time comparison set.,"The engine identifies coincidence and extremeness, not causation.",14.3%
5d045abbf544,2019Q1,2019-01-01,2019-03-21,2019-03-21,contemporaneous,drawdown_recovery,new_high,1977 Lotus Esprit S1 ended 2019Q1 0.0% at a dataset-period high.,1977 Lotus Esprit S1 ended 2019Q1 0.0% at a dataset-period high.,asset,rally-77le1,1977 Lotus Esprit S1,cars,12.52,0.65,The measured result is unusual relative to the available point-in-time comparison set.,"The engine identifies coincidence and extremeness, not causation.",0.0%
7290d4bb6977,2019Q2,2019-04-01,2019-06-20,2019-06-20,contemporaneous,extreme_movers,gained,1969 Boss 302 Mustang gained 16.7%,"1969 Boss 302 Mustang gained 16.7% during 2019Q2, ranking in the top of 9 eligible assets.",asset,rally-69bm1,1969 Boss 302 Mustang,cars,53.94,0.95,The measured result is unusual relative to the available point-in-time comparison set.,"The engine identifies coincidence and extremeness, not causation.",16.7%
9986bcd60309,2019Q2,2019-04-01,2019-06-20,2019-06-20,contemporaneous,extreme_movers,gained,1977 Lotus Esprit S1 gained 5.8%,"1977 Lotus Esprit S1 gained 5.8% during 2019Q2, ranking in the top of 9 eligible assets.",asset,rally-77le1,1977 Lotus Esprit S1,cars,42.67,0.95,The measured result is unusual relative to the available point-in-time comparison set.,"The engine identifies coincidence and extremeness, not causation.",5.8%
6bc44a28fc19,2019Q2,2019-04-01,2019-06-20,2019-06-20,contemporaneous,extreme_movers,lost,1993 Jaguar XJ220 lost 4.0%,"1993 Jaguar XJ220 lost 4.0% during 2019Q2, ranking in the bottom of 9 eligible assets.",asset,rally-93xj1,1993 Jaguar XJ220,cars,42.03,0.95,The measured result is unusual relative to the available point-in-time comparison set.,"The engine identifies coincidence and extremeness, not causation.",-4.0%
2ad9e8b04046,2019Q2,2019-04-01,2019-06-20,2019-06-20,contemporaneous,extreme_movers,gained,1992 Lancia Delta Martini 5 gained 0.9%,"1992 Lancia Delta Martini 5 gained 0.9% during 2019Q2, ranking in the top of 9 eligible assets.",asset,rally-92ld1,1992 Lancia Delta Martini 5,cars,33.52,0.95,The measured result is unusual relative to the available point-in-time comparison set.,"The engine identifies coincidence and extremeness, not causation.",0.9%
4f99dcd79b79,2019Q2,2019-04-01,2019-06-20,2019-06-20,contemporaneous,extreme_movers,lost,1991 Mitsubishi 3000GT VR-4 lost 0.3%,"1991 Mitsubishi 3000GT VR-4 lost 0.3% during 2019Q2, ranking in the bottom of 9 eligible assets.",asset,rally-91mv1,1991 Mitsubishi 3000GT VR-4,cars,33.29,0.95,The measured result is unusual relative to the available point-in-time comparison set.,"The engine identifies coincidence and extremeness, not causation.",-0.3%
a9b8c89734ce,2019Q2,2019-04-01,2019-06-20,2019-06-20,contemporaneous,liquidity_staleness,stale_mark,A 111-day-old price mark,"1963 Chevrolet Corvette Split Window's latest usable mark was 111 days old at 2019Q2 end, limiting volatility and return interpretation.",asset,rally-63cc1,1963 Chevrolet Corvette Split Window,cars,25.1,0.602,The measured result is unusual relative to the available point-in-time comparison set.,"The engine identifies coincidence and extremeness, not causation.",111
be82c9234076,2019Q2,2019-04-01,2019-06-20,2019-06-20,contemporaneous,liquidity_staleness,stale_mark,A 80-day-old price mark,"1965 Alfa Romeo Giulia SS's latest usable mark was 80 days old at 2019Q2 end, limiting volatility and return interpretation.",asset,rally-65ag1,1965 Alfa Romeo Giulia SS,cars,24.53,0.713,The measured result is unusual relative to the available point-in-time comparison set.,"The engine identifies coincidence and extremeness, not causation.",80
88f8b59c4351,2019Q2,2019-04-01,2019-06-20,2019-06-20,contemporaneous,liquidity_staleness,stale_mark,A 77-day-old price mark,"1992 Lancia Delta Martini 5's latest usable mark was 77 days old at 2019Q2 end, limiting volatility and return interpretation.",asset,rally-92ld1,1992 Lancia Delta Martini 5,cars,24.47,0.724,The measured result is unusual relative to the available point-in-time comparison set.,"The engine identifies coincidence and extremeness, not causation.",77
ae6a93bc52e5,2019Q2,2019-04-01,2019-06-20,2019-06-20,contemporaneous,liquidity_staleness,stale_mark,A 77-day-old price mark,"1969 Boss 302 Mustang's latest usable mark was 77 days old at 2019Q2 end, limiting volatility and return interpretation.",asset,rally-69bm1,1969 Boss 302 Mustang,cars,24.47,0.724,The measured result is unusual relative to the available point-in-time comparison set.,"The engine identifies coincidence and extremeness, not causation.",77
2c2eb71c051c,2019Q2,2019-04-01,2019-06-20,2019-06-20,contemporaneous,category,category_return,Cars averaged +2.1%,Cars assets averaged a +2.1% return in 2019Q2 across 9 eligible assets.,category,category:cars,category:cars,cars,22.07,0.9,The measured result is unusual relative to the available point-in-time comparison set.,"The engine identifies coincidence and extremeness, not causation.",2.1%
541d3b85b27b,2019Q2,2019-04-01,2019-06-20,2019-06-20,contemporaneous,dispersion_breadth,market_breadth,Only 33% of eligible assets rose,33% of 9 eligible assets rose in 2019Q2; the mean return was +2.1% versus a +0.0% median.,market,rally-market,rally-market,,18.04,0.69,The measured result is unusual relative to the available point-in-time comparison set.,"The engine identifies coincidence and extremeness, not causation.",33.3%
eab8bba872a6,2019Q2,2019-04-01,2019-06-20,2019-06-20,contemporaneous,benchmark_divergence,spy_divergence,1993 Jaguar XJ220 diverged from SPY by -8.7%,"1993 Jaguar XJ220 returned -4.0% while SPY returned +4.7%, a -8.7% spread in 2019Q2.",asset,rally-93xj1,1993 Jaguar XJ220,cars,16.99,0.72,The measured result is unusual relative to the available point-in-time comparison set.,"The engine identifies coincidence and extremeness, not causation.",-4.0%
8b23663aed0e,2019Q2,2019-04-01,2019-06-20,2019-06-20,contemporaneous,benchmark_divergence,spy_divergence,1991 Mitsubishi 3000GT VR-4 diverged from SPY by -5.0%,"1991 Mitsubishi 3000GT VR-4 returned -0.3% while SPY returned +4.7%, a -5.0% spread in 2019Q2.",asset,rally-91mv1,1991 Mitsubishi 3000GT VR-4,cars,14.7,0.72,The measured result is unusual relative to the available point-in-time comparison set.,"The engine identifies coincidence and extremeness, not causation.",-0.3%
5460e8680eff,2019Q2,2019-04-01,2019-06-20,2019-06-20,contemporaneous,benchmark_divergence,spy_divergence,2011 BMW 1M diverged from SPY by -4.7%,"2011 BMW 1M returned +0.0% while SPY returned +4.7%, a -4.7% spread in 2019Q2.",asset,rally-11bm1,2011 BMW 1M,cars,14.54,0.72,The measured result is unusual relative to the available point-in-time comparison set.,"The engine identifies coincidence and extremeness, not causation.",0.0%
01bae6d17496,2019Q2,2019-04-01,2019-06-20,2019-06-20,contemporaneous,drawdown_recovery,new_high,1977 Lotus Esprit S1 ended 2019Q2 0.0% at a dataset-period high.,1977 Lotus Esprit S1 ended 2019Q2 0.0% at a dataset-period high.,asset,rally-77le1,1977 Lotus Esprit S1,cars,13.81,0.7,The measured result is unusual relative to the available point-in-time comparison set.,"The engine identifies coincidence and extremeness, not causation.",0.0%
e4ef4d6d1e49,2019Q2,2019-04-01,2019-06-20,2019-06-20,contemporaneous,drawdown_recovery,new_high,1955 Porsche 356 Speedster ended 2019Q2 0.0% at a dataset-period high.,1955 Porsche 356 Speedster ended 2019Q2 0.0% at a dataset-period high.,asset,rally-55ps1,1955 Porsche 356 Speedster,cars,13.81,0.7,The measured result is unusual relative to the available point-in-time comparison set.,"The engine identifies coincidence and extremeness, not causation.",0.0%
1225f41129d3,2019Q2,2019-04-01,2019-06-20,2019-06-20,contemporaneous,drawdown_recovery,new_high,1983 Ferrari 512 BBi ended 2019Q2 0.0% at a dataset-period high.,1983 Ferrari 512 BBi ended 2019Q2 0.0% at a dataset-period high.,asset,rally-83fb1,1983 Ferrari 512 BBi,cars,12.52,0.65,The measured result is unusual relative to the available point-in-time comparison set.,"The engine identifies coincidence and extremeness, not causation.",0.0%
1ebbea342cde,2019Q3,2019-07-01,2019-09-27,2019-09-27,contemporaneous,extreme_movers,gained,1965 Alfa Romeo Giulia SS gained 15.4%,"1965 Alfa Romeo Giulia SS gained 15.4% during 2019Q3, ranking in the top of 14 eligible assets.",asset,rally-65ag1,1965 Alfa Romeo Giulia SS,cars,53.49,0.95,The measured result is unusual relative to the available point-in-time comparison set.,"The engine identifies coincidence and extremeness, not causation.",15.4%
7d0218cdcfc8,2019Q3,2019-07-01,2019-09-27,2019-09-27,contemporaneous,extreme_movers,gained,1977 Lotus Esprit S1 gained 13.4%,"1977 Lotus Esprit S1 gained 13.4% during 2019Q3, ranking in the top of 14 eligible assets.",asset,rally-77le1,1977 Lotus Esprit S1,cars,48.02,0.95,The measured result is unusual relative to the available point-in-time comparison set.,"The engine identifies coincidence and extremeness, not causation.",13.4%
4ea5c33f1950,2019Q3,2019-07-01,2019-09-27,2019-09-27,contemporaneous,extreme_movers,lost,1993 Jaguar XJ220 lost 10.5%,"1993 Jaguar XJ220 lost 10.5% during 2019Q3, ranking in the bottom of 14 eligible assets.",asset,rally-93xj1,1993 Jaguar XJ220,cars,47.0,0.95,The measured result is unusual relative to the available point-in-time comparison set.,"The engine identifies coincidence and extremeness, not causation.",-10.5%
6b40f0efb6db,2019Q3,2019-07-01,2019-09-27,2019-09-27,contemporaneous,extreme_movers,gained,1963 Chevrolet Corvette Split Window gained 7.4%,"1963 Chevrolet Corvette Split Window gained 7.4% during 2019Q3, ranking in the top of 14 eligible assets.",asset,rally-63cc1,1963 Chevrolet Corvette Split Window,cars,41.11,0.95,The measured result is unusual relative to the available point-in-time comparison set.,"The engine identifies coincidence and extremeness, not causation.",7.4%
7209d5a828bf,2019Q3,2019-07-01,2019-09-27,2019-09-27,contemporaneous,extreme_movers,lost,1972 Mazda Cosmo Sport lost 0.1%,"1972 Mazda Cosmo Sport lost 0.1% during 2019Q3, ranking in the bottom of 14 eligible assets.",asset,rally-72mc1,1972 Mazda Cosmo Sport,cars,38.53,0.95,The measured result is unusual relative to the available point-in-time comparison set.,"The engine identifies coincidence and extremeness, not causation.",-0.1%
7bfdfdb34593,2019Q3,2019-07-01,2019-09-27,2019-09-27,contemporaneous,liquidity_staleness,stale_mark,A 161-day-old price mark,"1961 Jaguar E-Type's latest usable mark was 161 days old at 2019Q3 end, limiting volatility and return interpretation.",asset,rally-61je1,1961 Jaguar E-Type,cars,25.71,0.423,The measured result is unusual relative to the available point-in-time comparison set.,"The engine identifies coincidence and extremeness, not causation.",161
5ccfd0bf8d98,2019Q3,2019-07-01,2019-09-27,2019-09-27,contemporaneous,category,category_return,Cars averaged +2.6%,Cars assets averaged a +2.6% return in 2019Q3 across 14 eligible assets.,category,category:cars,category:cars,cars,24.95,1.0,The measured result is unusual relative to the available point-in-time comparison set.,"The engine identifies coincidence and extremeness, not causation.",2.6%
2caa6aedf3d7,2019Q3,2019-07-01,2019-09-27,2019-09-27,contemporaneous,liquidity_staleness,stale_mark,A 80-day-old price mark,"1969 Boss 302 Mustang's latest usable mark was 80 days old at 2019Q3 end, limiting volatility and return interpretation.",asset,rally-69bm1,1969 Boss 302 Mustang,cars,24.53,0.713,The measured result is unusual relative to the available point-in-time comparison set.,"The engine identifies coincidence and extremeness, not causation.",80
9ef7fe04daa0,2019Q3,2019-07-01,2019-09-27,2019-09-27,contemporaneous,liquidity_staleness,stale_mark,A 78-day-old price mark,"1963 Chevrolet Corvette Split Window's latest usable mark was 78 days old at 2019Q3 end, limiting volatility and return interpretation.",asset,rally-63cc1,1963 Chevrolet Corvette Split Window,cars,24.49,0.72,The measured result is unusual relative to the available point-in-time comparison set.,"The engine identifies coincidence and extremeness, not causation.",78
c92ad891afa4,2019Q3,2019-07-01,2019-09-27,2019-09-27,contemporaneous,liquidity_staleness,stale_mark,A 73-day-old price mark,"1975 Renault Alpine A110's latest usable mark was 73 days old at 2019Q3 end, limiting volatility and return interpretation.",asset,rally-75ra1,1975 Renault Alpine A110,cars,24.38,0.738,The measured result is unusual relative to the available point-in-time comparison set.,"The engine identifies coincidence and extremeness, not causation.",73
fc74346a9652,2019Q3,2019-07-01,2019-09-27,2019-09-27,contemporaneous,cross_asset_contrast,category_pair,A 25.9% split inside cars,"Within cars, 1965 Alfa Romeo Giulia SS beat 1993 Jaguar XJ220 by 25.9% in 2019Q3.",asset,rally-65ag1,1965 Alfa Romeo Giulia SS,cars,23.34,0.65,The measured result is unusual relative to the available point-in-time comparison set.,"The engine identifies coincidence and extremeness, not causation.",25.9%
3900e81b1358,2019Q3,2019-07-01,2019-09-27,2019-09-27,contemporaneous,benchmark_divergence,spy_divergence,1977 Lotus Esprit S1 diverged from SPY by +12.1%,"1977 Lotus Esprit S1 returned +13.4% while SPY returned +1.3%, a +12.1% spread in 2019Q3.",asset,rally-77le1,1977 Lotus Esprit S1,cars,19.08,0.72,The measured result is unusual relative to the available point-in-time comparison set.,"The engine identifies coincidence and extremeness, not causation.",13.4%
64d5cffaddb8,2019Q3,2019-07-01,2019-09-27,2019-09-27,contemporaneous,benchmark_divergence,spy_divergence,1993 Jaguar XJ220 diverged from SPY by -11.8%,"1993 Jaguar XJ220 returned -10.5% while SPY returned +1.3%, a -11.8% spread in 2019Q3.",asset,rally-93xj1,1993 Jaguar XJ220,cars,18.88,0.72,The measured result is unusual relative to the available point-in-time comparison set.,"The engine identifies coincidence and extremeness, not causation.",-10.5%
385441e6802a,2019Q3,2019-07-01,2019-09-27,2019-09-27,contemporaneous,dispersion_breadth,market_breadth,Only 64% of eligible assets rose,64% of 14 eligible assets rose in 2019Q3; the mean return was +2.6% versus a +0.4% median.,market,rally-market,rally-market,,18.68,0.74,The measured result is unusual relative to the available point-in-time comparison set.,"The engine identifies coincidence and extremeness, not causation.",64.3%
5c9d656f61c1,2019Q3,2019-07-01,2019-09-27,2019-09-27,contemporaneous,drawdown_recovery,new_high,1955 Porsche 356 Speedster ended 2019Q3 0.0% at a dataset-period high.,1955 Porsche 356 Speedster ended 2019Q3 0.0% at a dataset-period high.,asset,rally-55ps1,1955 Porsche 356 Speedster,cars,15.15,0.75,The measured result is unusual relative to the available point-in-time comparison set.,"The engine identifies coincidence and extremeness, not causation.",0.0%
9e24c66103bb,2019Q3,2019-07-01,2019-09-27,2019-09-27,contemporaneous,drawdown_recovery,new_high,1969 Boss 302 Mustang ended 2019Q3 0.0% at a dataset-period high.,1969 Boss 302 Mustang ended 2019Q3 0.0% at a dataset-period high.,asset,rally-69bm1,1969 Boss 302 Mustang,cars,15.15,0.75,The measured result is unusual relative to the available point-in-time comparison set.,"The engine identifies coincidence and extremeness, not causation.",0.0%
1b3c12def00a,2019Q3,2019-07-01,2019-09-27,2019-09-27,contemporaneous,drawdown_recovery,new_high,1983 Ferrari 512 BBi ended 2019Q3 0.0% at a dataset-period high.,1983 Ferrari 512 BBi ended 2019Q3 0.0% at a dataset-period high.,asset,rally-83fb1,1983 Ferrari 512 BBi,cars,13.81,0.7,The measured result is unusual relative to the available point-in-time comparison set.,"The engine identifies coincidence and extremeness, not causation.",0.0%
b2fb469cc9ed,2019Q3,2019-07-01,2019-09-27,2019-09-27,contemporaneous,drawdown_recovery,new_high,1992 Lancia Delta Martini 5 ended 2019Q3 0.0% at a dataset-period high.,1992 Lancia Delta Martini 5 ended 2019Q3 0.0% at a dataset-period high.,asset,rally-92ld1,1992 Lancia Delta Martini 5,cars,11.27,0.6,The measured result is unusual relative to the available point-in-time comparison set.,"The engine identifies coincidence and extremeness, not causation.",0.0%
c666456b174b,2019Q3,2019-07-01,2019-09-27,2019-09-27,contemporaneous,drawdown_recovery,new_high,2011 BMW 1M ended 2019Q3 0.0% at a dataset-period high.,2011 BMW 1M ended 2019Q3 0.0% at a dataset-period high.,asset,rally-11bm1,2011 BMW 1M,cars,11.27,0.6,The measured result is unusual relative to the available point-in-time comparison set.,"The engine identifies coincidence and extremeness, not causation.",0.0%
69222938667d,2019Q4,2019-10-01,2019-12-31,2019-12-31,contemporaneous,extreme_movers,gained,1965 Mustang Fastback gained 14.9%,"1965 Mustang Fastback gained 14.9% during 2019Q4, ranking in the top of 19 eligible assets.",asset,rally-65fm1,1965 Mustang Fastback,cars,53.3,0.95,The measured result is unusual relative to the available point-in-time comparison set.,"The engine identifies coincidence and extremeness, not causation.",14.9%
1221a2a74349,2019Q4,2019-10-01,2019-12-31,2019-12-31,contemporaneous,extreme_movers,lost,1993 Jaguar XJ220 lost 18.8%,"1993 Jaguar XJ220 lost 18.8% during 2019Q4, ranking in the bottom of 19 eligible assets.",asset,rally-93xj1,1993 Jaguar XJ220,cars,51.19,0.95,The measured result is unusual relative to the available point-in-time comparison set.,"The engine identifies coincidence and extremeness, not causation.",-18.8%
0210d76a96a6,2019Q4,2019-10-01,2019-12-31,2019-12-31,contemporaneous,extreme_movers,gained,1977 Lotus Esprit S1 gained 10.9%,"1977 Lotus Esprit S1 gained 10.9% during 2019Q4, ranking in the top of 19 eligible assets.",asset,rally-77le1,1977 Lotus Esprit S1,cars,48.38,0.95,The measured result is unusual relative to the available point-in-time comparison set.,"The engine identifies coincidence and extremeness, not causation.",10.9%
5c26f2fe1752,2019Q4,2019-10-01,2019-12-31,2019-12-31,contemporaneous,extreme_movers,gained,1961 Jaguar E-Type gained 9.8%,"1961 Jaguar E-Type gained 9.8% during 2019Q4, ranking in the top of 19 eligible assets.",asset,rally-61je1,1961 Jaguar E-Type,cars,44.46,0.95,The measured result is unusual relative to the available point-in-time comparison set.,"The engine identifies coincidence and extremeness, not causation.",9.8%
2d60efd35db6,2019Q4,2019-10-01,2019-12-31,2019-12-31,contemporaneous,extreme_movers,lost,1991 Mitsubishi 3000GT VR-4 lost 5.0%,"1991 Mitsubishi 3000GT VR-4 lost 5.0% during 2019Q4, ranking in the bottom of 19 eligible assets.",asset,rally-91mv1,1991 Mitsubishi 3000GT VR-4,cars,42.78,0.95,The measured result is unusual relative to the available point-in-time comparison set.,"The engine identifies coincidence and extremeness, not causation.",-5.0%
c0fb6189edcb,2019Q4,2019-10-01,2019-12-31,2019-12-31,contemporaneous,drawdown_recovery,deep_drawdown,1993 Jaguar XJ220 ended 2019Q4 30.3% below its prior peak.,1993 Jaguar XJ220 ended 2019Q4 30.3% below its prior peak.,asset,rally-93xj1,1993 Jaguar XJ220,cars,30.09,0.7,The measured result is unusual relative to the available point-in-time comparison set.,"The engine identifies coincidence and extremeness, not causation.",-30.3%
09c2f40660d6,2019Q4,2019-10-01,2019-12-31,2019-12-31,contemporaneous,cross_asset_contrast,category_pair,A 33.7% split inside cars,"Within cars, 1965 Mustang Fastback beat 1993 Jaguar XJ220 by 33.7% in 2019Q4.",asset,rally-65fm1,1965 Mustang Fastback,cars,27.2,0.65,The measured result is unusual relative to the available point-in-time comparison set.,"The engine identifies coincidence and extremeness, not causation.",33.7%
60181fefb0ba,2019Q4,2019-10-01,2019-12-31,2019-12-31,contemporaneous,liquidity_staleness,stale_mark,A 173-day-old price mark,"1963 Chevrolet Corvette Split Window's latest usable mark was 173 days old at 2019Q4 end, limiting volatility and return interpretation.",asset,rally-63cc1,1963 Chevrolet Corvette Split Window,cars,25.79,0.38,The measured result is unusual relative to the available point-in-time comparison set.,"The engine identifies coincidence and extremeness, not causation.",173
c348d85109c4,2019Q4,2019-10-01,2019-12-31,2019-12-31,contemporaneous,liquidity_staleness,stale_mark,A 118-day-old price mark,"1999 Shelby Series 1's latest usable mark was 118 days old at 2019Q4 end, limiting volatility and return interpretation.",asset,rally-99ss1,1999 Shelby Series 1,cars,25.21,0.577,The measured result is unusual relative to the available point-in-time comparison set.,"The engine identifies coincidence and extremeness, not causation.",118
d0ae4c90c328,2019Q4,2019-10-01,2019-12-31,2019-12-31,contemporaneous,liquidity_staleness,stale_mark,A 110-day-old price mark,"1994 Ferrari 348 Spider's latest usable mark was 110 days old at 2019Q4 end, limiting volatility and return interpretation.",asset,rally-94fs1,1994 Ferrari 348 Spider,cars,25.09,0.606,The measured result is unusual relative to the available point-in-time comparison set.,"The engine identifies coincidence and extremeness, not causation.",110
512f5f578b1f,2019Q4,2019-10-01,2019-12-31,2019-12-31,contemporaneous,liquidity_staleness,stale_mark,A 102-day-old price mark,"1961 Maserati 3500 GT's latest usable mark was 102 days old at 2019Q4 end, limiting volatility and return interpretation.",asset,rally-61mg1,1961 Maserati 3500 GT,cars,24.95,0.634,The measured result is unusual relative to the available point-in-time comparison set.,"The engine identifies coincidence and extremeness, not causation.",102
e5a92baee669,2019Q4,2019-10-01,2019-12-31,2019-12-31,contemporaneous,category,category_return,Cars averaged +1.4%,Cars assets averaged a +1.4% return in 2019Q4 across 19 eligible assets.,category,category:cars,category:cars,cars,24.23,1.0,The measured result is unusual relative to the available point-in-time comparison set.,"The engine identifies coincidence and extremeness, not causation.",1.4%
2aa9c7e55146,2019Q4,2019-10-01,2019-12-31,2019-12-31,contemporaneous,benchmark_divergence,spy_divergence,1991 Mitsubishi 3000GT VR-4 diverged from SPY by -14.0%,"1991 Mitsubishi 3000GT VR-4 returned -5.0% while SPY returned +9.0%, a -14.0% spread in 2019Q4.",asset,rally-91mv1,1991 Mitsubishi 3000GT VR-4,cars,20.22,0.72,The measured result is unusual relative to the available point-in-time comparison set.,"The engine identifies coincidence and extremeness, not causation.",-5.0%
b4866308b552,2019Q4,2019-10-01,2019-12-31,2019-12-31,contemporaneous,benchmark_divergence,spy_divergence,1994 Dodge Viper RT/10 diverged from SPY by -9.6%,"1994 Dodge Viper RT/10 returned -0.6% while SPY returned +9.0%, a -9.6% spread in 2019Q4.",asset,rally-94dv1,1994 Dodge Viper RT/10,cars,17.54,0.72,The measured result is unusual relative to the available point-in-time comparison set.,"The engine identifies coincidence and extremeness, not causation.",-0.6%
339985ae5be3,2019Q4,2019-10-01,2019-12-31,2019-12-31,contemporaneous,benchmark_divergence,spy_divergence,1955 Porsche 356 Speedster diverged from SPY by -9.4%,"1955 Porsche 356 Speedster returned -0.4% while SPY returned +9.0%, a -9.4% spread in 2019Q4.",asset,rally-55ps1,1955 Porsche 356 Speedster,cars,17.4,0.72,The measured result is unusual relative to the available point-in-time comparison set.,"The engine identifies coincidence and extremeness, not causation.",-0.4%
6287b8f199c7,2019Q4,2019-10-01,2019-12-31,2019-12-31,contemporaneous,dispersion_breadth,market_breadth,Only 47% of eligible assets rose,47% of 19 eligible assets rose in 2019Q4; the mean return was +1.4% versus a +0.0% median.,market,rally-market,rally-market,,17.24,0.79,The measured result is unusual relative to the available point-in-time comparison set.,"The engine identifies coincidence and extremeness, not causation.",47.4%
7e69f6782fdd,2019Q4,2019-10-01,2019-12-31,2019-12-31,contemporaneous,drawdown_recovery,new_high,1969 Boss 302 Mustang ended 2019Q4 0.0% at a dataset-period high.,1969 Boss 302 Mustang ended 2019Q4 0.0% at a dataset-period high.,asset,rally-69bm1,1969 Boss 302 Mustang,cars,16.52,0.8,The measured result is unusual relative to the available point-in-time comparison set.,"The engine identifies coincidence and extremeness, not causation.",0.0%
e70fcd3a8b5d,2019Q4,2019-10-01,2019-12-31,2019-12-31,contemporaneous,drawdown_recovery,new_high,1977 Lotus Esprit S1 ended 2019Q4 0.0% at a dataset-period high.,1977 Lotus Esprit S1 ended 2019Q4 0.0% at a dataset-period high.,asset,rally-77le1,1977 Lotus Esprit S1,cars,16.52,0.8,The measured result is unusual relative to the available point-in-time comparison set.,"The engine identifies coincidence and extremeness, not causation.",0.0%
25648098791c,2019Q4,2019-10-01,2019-12-31,2019-12-31,contemporaneous,drawdown_recovery,new_high,1983 Ferrari 512 BBi ended 2019Q4 0.0% at a dataset-period high.,1983 Ferrari 512 BBi ended 2019Q4 0.0% at a dataset-period high.,asset,rally-83fb1,1983 Ferrari 512 BBi,cars,15.15,0.75,The measured result is unusual relative to the available point-in-time comparison set.,"The engine identifies coincidence and extremeness, not causation.",0.0%
1c2950d7604a,2019Q4,2019-10-01,2019-12-31,2019-12-31,contemporaneous,drawdown_recovery,new_high,2011 BMW 1M ended 2019Q4 0.0% at a dataset-period high.,2011 BMW 1M ended 2019Q4 0.0% at a dataset-period high.,asset,rally-11bm1,2011 BMW 1M,cars,12.52,0.65,The measured result is unusual relative to the available point-in-time comparison set.,"The engine identifies coincidence and extremeness, not causation.",0.0%
d8029b00f712,2020Q1,2020-01-01,2020-03-31,2020-03-31,contemporaneous,extreme_movers,gained,Rolex GMT-Master II Pepsi Jubilee gained 12.4%,"Rolex GMT-Master II Pepsi Jubilee gained 12.4% during 2020Q1, ranking in the top of 26 eligible assets.",asset,rally-rlexpepsi,Rolex GMT-Master II Pepsi Jubilee,watches,52.42,0.95,The measured result is unusual relative to the available point-in-time comparison set.,"The engine identifies coincidence and extremeness, not causation.",12.4%
17c23d6a9d93,2020Q1,2020-01-01,2020-03-31,2020-03-31,contemporaneous,extreme_movers,lost,1993 Jaguar XJ220 lost 14.5%,"1993 Jaguar XJ220 lost 14.5% during 2020Q1, ranking in the bottom of 26 eligible assets.",asset,rally-93xj1,1993 Jaguar XJ220,cars,50.6,0.95,The measured result is unusual relative to the available point-in-time comparison set.,"The engine identifies coincidence and extremeness, not causation.",-14.5%
297bfdc2e949,2020Q1,2020-01-01,2020-03-31,2020-03-31,contemporaneous,extreme_movers,gained,1969 Boss 302 Mustang gained 11.0%,"1969 Boss 302 Mustang gained 11.0% during 2020Q1, ranking in the top of 26 eligible assets.",asset,rally-69bm1,1969 Boss 302 Mustang,cars,49.35,0.95,The measured result is unusual relative to the available point-in-time comparison set.,"The engine identifies coincidence and extremeness, not causation.",11.0%
7221b8b03d17,2020Q1,2020-01-01,2020-03-31,2020-03-31,contemporaneous,extreme_movers,lost,1994 Dodge Viper RT/10 lost 3.0%,"1994 Dodge Viper RT/10 lost 3.0% during 2020Q1, ranking in the bottom of 26 eligible assets.",asset,rally-94dv1,1994 Dodge Viper RT/10,cars,43.97,0.95,The measured result is unusual relative to the available point-in-time comparison set.,"The engine identifies coincidence and extremeness, not causation.",-3.0%
2d1e1071f4d5,2020Q1,2020-01-01,2020-03-31,2020-03-31,contemporaneous,extreme_movers,gained,2011 BMW 1M gained 2.9%,"2011 BMW 1M gained 2.9% during 2020Q1, ranking in the top of 26 eligible assets.",asset,rally-11bm1,2011 BMW 1M,cars,43.95,0.95,The measured result is unusual relative to the available point-in-time comparison set.,"The engine identifies coincidence and extremeness, not causation.",2.9%
cd5d9d5ffc4f,2020Q1,2020-01-01,2020-03-31,2020-03-31,contemporaneous,drawdown_recovery,deep_drawdown,1993 Jaguar XJ220 ended 2020Q1 40.4% below its prior peak.,1993 Jaguar XJ220 ended 2020Q1 40.4% below its prior peak.,asset,rally-93xj1,1993 Jaguar XJ220,cars,37.27,0.75,The measured result is unusual relative to the available point-in-time comparison set.,"The engine identifies coincidence and extremeness, not causation.",-40.4%
ae76b31a848e,2020Q1,2020-01-01,2020-03-31,2020-03-31,contemporaneous,benchmark_divergence,spy_divergence,Rolex GMT-Master II Pepsi Jubilee diverged from SPY by +31.8%,"Rolex GMT-Master II Pepsi Jubilee returned +12.4% while SPY returned -19.4%, a +31.8% spread in 2020Q1.",asset,rally-rlexpepsi,Rolex GMT-Master II Pepsi Jubilee,watches,31.15,0.72,The measured result is unusual relative to the available point-in-time comparison set.,"The engine identifies coincidence and extremeness, not causation.",12.4%
5bd1d484130c,2020Q1,2020-01-01,2020-03-31,2020-03-31,contemporaneous,benchmark_divergence,spy_divergence,1969 Boss 302 Mustang diverged from SPY by +30.4%,"1969 Boss 302 Mustang returned +11.0% while SPY returned -19.4%, a +30.4% spread in 2020Q1.",asset,rally-69bm1,1969 Boss 302 Mustang,cars,30.28,0.72,The measured result is unusual relative to the available point-in-time comparison set.,"The engine identifies coincidence and extremeness, not causation.",11.0%
34c3ec4525fc,2020Q1,2020-01-01,2020-03-31,2020-03-31,contemporaneous,liquidity_staleness,stale_mark,A 151-day-old price mark,"Hermès 25cm Blue Lizard Birkin's latest usable mark was 151 days old at 2020Q1 end, limiting volatility and return interpretation.",asset,rally-birkinblu,Hermès 25cm Blue Lizard Birkin,handbags,25.62,0.459,The measured result is unusual relative to the available point-in-time comparison set.,"The engine identifies coincidence and extremeness, not causation.",151
9a9079215402,2020Q1,2020-01-01,2020-03-31,2020-03-31,contemporaneous,liquidity_staleness,stale_mark,A 151-day-old price mark,"Charles Dickens - A Tale of Two Cities (First Edition)'s latest usable mark was 151 days old at 2020Q1 end, limiting volatility and return interpretation.",asset,rally-twocities,Charles Dickens - A Tale of Two Cities (First Edition),books,25.62,0.459,The measured result is unusual relative to the available point-in-time comparison set.,"The engine identifies coincidence and extremeness, not causation.",151
ab5f1da5a6e9,2020Q1,2020-01-01,2020-03-31,2020-03-31,contemporaneous,liquidity_staleness,stale_mark,A 151-day-old price mark,"1970 Rolex Watch's latest usable mark was 151 days old at 2020Q1 end, limiting volatility and return interpretation.",asset,rally-7orlex,1970 Rolex Watch,watches,25.62,0.459,The measured result is unusual relative to the available point-in-time comparison set.,"The engine identifies coincidence and extremeness, not causation.",151
bbdf066544c5,2020Q1,2020-01-01,2020-03-31,2020-03-31,contemporaneous,liquidity_staleness,stale_mark,A 151-day-old price mark,"Rolex Submariner Smurf's latest usable mark was 151 days old at 2020Q1 end, limiting volatility and return interpretation.",asset,rally-smurf,Rolex Submariner Smurf,watches,25.62,0.459,The measured result is unusual relative to the available point-in-time comparison set.,"The engine identifies coincidence and extremeness, not causation.",151
058b944b8b59,2020Q1,2020-01-01,2020-03-31,2020-03-31,contemporaneous,benchmark_divergence,spy_divergence,2011 BMW 1M diverged from SPY by +22.4%,"2011 BMW 1M returned +2.9% while SPY returned -19.4%, a +22.4% spread in 2020Q1.",asset,rally-11bm1,2011 BMW 1M,cars,25.37,0.72,The measured result is unusual relative to the available point-in-time comparison set.,"The engine identifies coincidence and extremeness, not causation.",2.9%
95c73840050a,2020Q1,2020-01-01,2020-03-31,2020-03-31,contemporaneous,benchmark_divergence,spy_divergence,1965 Mustang Fastback diverged from SPY by +21.6%,"1965 Mustang Fastback returned +2.1% while SPY returned -19.4%, a +21.6% spread in 2020Q1.",asset,rally-65fm1,1965 Mustang Fastback,cars,24.86,0.72,The measured result is unusual relative to the available point-in-time comparison set.,"The engine identifies coincidence and extremeness, not causation.",2.1%
559a0e9155c4,2020Q1,2020-01-01,2020-03-31,2020-03-31,contemporaneous,category,category_return,Cars averaged -0.1%,Cars assets averaged a -0.1% return in 2020Q1 across 19 eligible assets.,category,category:cars,category:cars,cars,23.44,1.0,The measured result is unusual relative to the available point-in-time comparison set.,"The engine identifies coincidence and extremeness, not causation.",-0.1%
9685d088daaa,2020Q1,2020-01-01,2020-03-31,2020-03-31,contemporaneous,dispersion_breadth,market_breadth,Only 35% of eligible assets rose,35% of 26 eligible assets rose in 2020Q1; the mean return was +0.4% versus a +0.0% median.,market,rally-market,rally-market,,18.31,0.86,The measured result is unusual relative to the available point-in-time comparison set.,"The engine identifies coincidence and extremeness, not causation.",34.6%
03287def80d1,2020Q1,2020-01-01,2020-03-31,2020-03-31,contemporaneous,drawdown_recovery,new_high,1955 Porsche 356 Speedster ended 2020Q1 0.0% at a dataset-period high.,1955 Porsche 356 Speedster ended 2020Q1 0.0% at a dataset-period high.,asset,rally-55ps1,1955 Porsche 356 Speedster,cars,17.94,0.85,The measured result is unusual relative to the available point-in-time comparison set.,"The engine identifies coincidence and extremeness, not causation.",0.0%
4f17dd717795,2020Q1,2020-01-01,2020-03-31,2020-03-31,contemporaneous,drawdown_recovery,new_high,1977 Lotus Esprit S1 ended 2020Q1 0.0% at a dataset-period high.,1977 Lotus Esprit S1 ended 2020Q1 0.0% at a dataset-period high.,asset,rally-77le1,1977 Lotus Esprit S1,cars,17.94,0.85,The measured result is unusual relative to the available point-in-time comparison set.,"The engine identifies coincidence and extremeness, not causation.",0.0%
670451f166d7,2020Q1,2020-01-01,2020-03-31,2020-03-31,contemporaneous,category,category_return,Watches averaged +3.1%,Watches assets averaged a +3.1% return in 2020Q1 across 4 eligible assets.,category,category:watches,category:watches,watches,14.88,0.65,The measured result is unusual relative to the available point-in-time comparison set.,"The engine identifies coincidence and extremeness, not causation.",3.1%
76d3e85f4b93,2020Q1,2020-01-01,2020-03-31,2020-03-31,contemporaneous,drawdown_recovery,new_high,1992 Lancia Delta Martini 5 ended 2020Q1 0.0% at a dataset-period high.,1992 Lancia Delta Martini 5 ended 2020Q1 0.0% at a dataset-period high.,asset,rally-92ld1,1992 Lancia Delta Martini 5,cars,13.81,0.7,The measured result is unusual relative to the available point-in-time comparison set.,"The engine identifies coincidence and extremeness, not causation.",0.0%
df5da70bf6ae,2020Q2,2020-04-01,2020-06-30,2020-06-30,contemporaneous,extreme_movers,gained,Rolex GMT-Master II Pepsi Jubilee gained 35.0%,"Rolex GMT-Master II Pepsi Jubilee gained 35.0% during 2020Q2, ranking in the top of 29 eligible assets.",asset,rally-rlexpepsi,Rolex GMT-Master II Pepsi Jubilee,watches,60.42,0.95,The measured result is unusual relative to the available point-in-time comparison set.,"The engine identifies coincidence and extremeness, not causation.",35.0%
7e9bea693ca7,2020Q2,2020-04-01,2020-06-30,2020-06-30,contemporaneous,extreme_movers,gained,Allen Ginsberg - Howl and Other Poems (Inscribed First Edition) gained 34.2%,"Allen Ginsberg - Howl and Other Poems (Inscribed First Edition) gained 34.2% during 2020Q2, ranking in the top of 29 eligible assets.",asset,rally-aghowl,Allen Ginsberg - Howl and Other Poems (Inscribed First Edition),books,57.84,0.95,The measured result is unusual relative to the available point-in-time comparison set.,"The engine identifies coincidence and extremeness, not causation.",34.2%
d94835f4e8ae,2020Q2,2020-04-01,2020-06-30,2020-06-30,contemporaneous,extreme_movers,gained,Theodore Roosevelt - African Game Trails (Signed First Edition) gained 28.2%,"Theodore Roosevelt - African Game Trails (Signed First Edition) gained 28.2% during 2020Q2, ranking in the top of 29 eligible assets.",asset,rally-roosevelt,Theodore Roosevelt - African Game Trails (Signed First Edition),books,53.41,0.95,The measured result is unusual relative to the available point-in-time comparison set.,"The engine identifies coincidence and extremeness, not causation.",28.2%
49fb18f5d57a,2020Q2,2020-04-01,2020-06-30,2020-06-30,contemporaneous,extreme_movers,lost,1993 Jaguar XJ220 lost 11.9%,"1993 Jaguar XJ220 lost 11.9% during 2020Q2, ranking in the bottom of 29 eligible assets.",asset,rally-93xj1,1993 Jaguar XJ220,cars,49.94,0.95,The measured result is unusual relative to the available point-in-time comparison set.,"The engine identifies coincidence and extremeness, not causation.",-11.9%
2439f6b271f3,2020Q2,2020-04-01,2020-06-30,2020-06-30,contemporaneous,extreme_movers,gained,James Joyce - Ulysses (Matisse Signed) gained 19.6%,"James Joyce - Ulysses (Matisse Signed) gained 19.6% during 2020Q2, ranking in the top of 29 eligible assets.",asset,rally-ulysses,James Joyce - Ulysses (Matisse Signed),books,48.07,0.95,The measured result is unusual relative to the available point-in-time comparison set.,"The engine identifies coincidence and extremeness, not causation.",19.6%
9fd64542f165,2020Q2,2020-04-01,2020-06-30,2020-06-30,contemporaneous,drawdown_recovery,deep_drawdown,1993 Jaguar XJ220 ended 2020Q2 47.5% below its prior peak.,1993 Jaguar XJ220 ended 2020Q2 47.5% below its prior peak.,asset,rally-93xj1,1993 Jaguar XJ220,cars,43.01,0.8,The measured result is unusual relative to the available point-in-time comparison set.,"The engine identifies coincidence and extremeness, not causation.",-47.5%
d5eb9ef61532,2020Q2,2020-04-01,2020-06-30,2020-06-30,contemporaneous,cross_asset_contrast,category_pair,A 36.3% split inside watches,"Within watches, Rolex GMT-Master II Pepsi Jubilee beat Audemars Piguet Royal Oak by 36.3% in 2020Q2.",asset,rally-rlexpepsi,Rolex GMT-Master II Pepsi Jubilee,watches,28.51,0.65,The measured result is unusual relative to the available point-in-time comparison set.,"The engine identifies coincidence and extremeness, not causation.",36.3%
97526bc589f5,2020Q2,2020-04-01,2020-06-30,2020-06-30,contemporaneous,benchmark_divergence,spy_divergence,1983 Ferrari 512 BBi diverged from SPY by -25.8%,"1983 Ferrari 512 BBi returned -5.7% while SPY returned +20.2%, a -25.8% spread in 2020Q2.",asset,rally-83fb1,1983 Ferrari 512 BBi,cars,27.47,0.72,The measured result is unusual relative to the available point-in-time comparison set.,"The engine identifies coincidence and extremeness, not causation.",-5.7%
730cc76064c6,2020Q2,2020-04-01,2020-06-30,2020-06-30,contemporaneous,benchmark_divergence,spy_divergence,1961 Maserati 3500 GT diverged from SPY by -25.2%,"1961 Maserati 3500 GT returned -5.0% while SPY returned +20.2%, a -25.2% spread in 2020Q2.",asset,rally-61mg1,1961 Maserati 3500 GT,cars,27.07,0.72,The measured result is unusual relative to the available point-in-time comparison set.,"The engine identifies coincidence and extremeness, not causation.",-5.0%
ddbb7a6186a4,2020Q2,2020-04-01,2020-06-30,2020-06-30,contemporaneous,benchmark_divergence,spy_divergence,1992 Chevrolet Corvette ZR-1 diverged from SPY by -23.9%,"1992 Chevrolet Corvette ZR-1 returned -3.7% while SPY returned +20.2%, a -23.9% spread in 2020Q2.",asset,rally-92cc1,1992 Chevrolet Corvette ZR-1,cars,26.27,0.72,The measured result is unusual relative to the available point-in-time comparison set.,"The engine identifies coincidence and extremeness, not causation.",-3.7%
939f2048608e,2020Q2,2020-04-01,2020-06-30,2020-06-30,contemporaneous,cross_asset_contrast,category_pair,A 30.7% split inside books,"Within books, Allen Ginsberg - Howl and Other Poems (Inscribed First Edition) beat Robert Frost - A Boy's Will (First Edition) by 30.7% in 2020Q2.",asset,rally-aghowl,Allen Ginsberg - Howl and Other Poems (Inscribed First Edition),books,25.72,0.65,The measured result is unusual relative to the available point-in-time comparison set.,"The engine identifies coincidence and extremeness, not causation.",30.7%
4d44a4a9bec2,2020Q2,2020-04-01,2020-06-30,2020-06-30,contemporaneous,category,category_return,Books averaged +20.5%,Books assets averaged a +20.5% return in 2020Q2 across 5 eligible assets.,category,category:books,category:books,books,25.71,0.7,The measured result is unusual relative to the available point-in-time comparison set.,"The engine identifies coincidence and extremeness, not causation.",20.5%
a082781ea7b8,2020Q2,2020-04-01,2020-06-30,2020-06-30,contemporaneous,liquidity_staleness,stale_mark,A 105-day-old price mark,"1961 Jaguar E-Type's latest usable mark was 105 days old at 2020Q2 end, limiting volatility and return interpretation.",asset,rally-61je1,1961 Jaguar E-Type,cars,25.01,0.624,The measured result is unusual relative to the available point-in-time comparison set.,"The engine identifies coincidence and extremeness, not causation.",105
0adc8ba2c208,2020Q2,2020-04-01,2020-06-30,2020-06-30,contemporaneous,liquidity_staleness,stale_mark,A 98-day-old price mark,"1994 Dodge Viper RT/10's latest usable mark was 98 days old at 2020Q2 end, limiting volatility and return interpretation.",asset,rally-94dv1,1994 Dodge Viper RT/10,cars,24.89,0.649,The measured result is unusual relative to the available point-in-time comparison set.,"The engine identifies coincidence and extremeness, not causation.",98
92d0d7f29dac,2020Q2,2020-04-01,2020-06-30,2020-06-30,contemporaneous,liquidity_staleness,stale_mark,A 91-day-old price mark,"1975 Renault Alpine A110's latest usable mark was 91 days old at 2020Q2 end, limiting volatility and return interpretation.",asset,rally-75ra1,1975 Renault Alpine A110,cars,24.76,0.674,The measured result is unusual relative to the available point-in-time comparison set.,"The engine identifies coincidence and extremeness, not causation.",91
d025869afe53,2020Q2,2020-04-01,2020-06-30,2020-06-30,contemporaneous,liquidity_staleness,stale_mark,A 90-day-old price mark,"Omega Speedmaster Silver Snoopy's latest usable mark was 90 days old at 2020Q2 end, limiting volatility and return interpretation.",asset,rally-snoopy,Omega Speedmaster Silver Snoopy,watches,24.73,0.677,The measured result is unusual relative to the available point-in-time comparison set.,"The engine identifies coincidence and extremeness, not causation.",90
f54508fcf110,2020Q2,2020-04-01,2020-06-30,2020-06-30,contemporaneous,dispersion_breadth,market_breadth,Only 45% of eligible assets rose,45% of 29 eligible assets rose in 2020Q2; the mean return was +4.3% versus a +0.0% median.,market,rally-market,rally-market,,24.19,0.89,The measured result is unusual relative to the available point-in-time comparison set.,"The engine identifies coincidence and extremeness, not causation.",44.8%
8538784c954e,2020Q2,2020-04-01,2020-06-30,2020-06-30,contemporaneous,category,category_return,Cars averaged -1.2%,Cars assets averaged a -1.2% return in 2020Q2 across 19 eligible assets.,category,category:cars,category:cars,cars,24.09,1.0,The measured result is unusual relative to the available point-in-time comparison set.,"The engine identifies coincidence and extremeness, not causation.",-1.2%
a5a510af10ca,2020Q2,2020-04-01,2020-06-30,2020-06-30,contemporaneous,drawdown_recovery,new_high,1969 Boss 302 Mustang ended 2020Q2 0.0% at a dataset-period high.,1969 Boss 302 Mustang ended 2020Q2 0.0% at a dataset-period high.,asset,rally-69bm1,1969 Boss 302 Mustang,cars,20.89,0.95,The measured result is unusual relative to the available point-in-time comparison set.,"The engine identifies coincidence and extremeness, not causation.",0.0%
4116b59c8a5a,2020Q2,2020-04-01,2020-06-30,2020-06-30,contemporaneous,drawdown_recovery,new_high,1955 Porsche 356 Speedster ended 2020Q2 0.0% at a dataset-period high.,1955 Porsche 356 Speedster ended 2020Q2 0.0% at a dataset-period high.,asset,rally-55ps1,1955 Porsche 356 Speedster,cars,19.4,0.9,The measured result is unusual relative to the available point-in-time comparison set.,"The engine identifies coincidence and extremeness, not causation.",0.0%
933325219ef3,2020Q3,2020-07-01,2020-09-29,2020-09-29,contemporaneous,extreme_movers,gained,Omega Speedmaster Silver Snoopy gained 40.8%,"Omega Speedmaster Silver Snoopy gained 40.8% during 2020Q3, ranking in the top of 39 eligible assets.",asset,rally-snoopy,Omega Speedmaster Silver Snoopy,watches,62.47,0.95,The measured result is unusual relative to the available point-in-time comparison set.,"The engine identifies coincidence and extremeness, not causation.",40.8%
f5f2ad085536,2020Q3,2020-07-01,2020-09-29,2020-09-29,contemporaneous,extreme_movers,gained,1970 Rolex Watch gained 25.0%,"1970 Rolex Watch gained 25.0% during 2020Q3, ranking in the top of 39 eligible assets.",asset,rally-7orlex,1970 Rolex Watch,watches,55.17,0.95,The measured result is unusual relative to the available point-in-time comparison set.,"The engine identifies coincidence and extremeness, not causation.",25.0%
6ecf69e6f466,2020Q3,2020-07-01,2020-09-29,2020-09-29,contemporaneous,extreme_movers,lost,1992 Chevrolet Corvette ZR-1 lost 23.1%,"1992 Chevrolet Corvette ZR-1 lost 23.1% during 2020Q3, ranking in the bottom of 39 eligible assets.",asset,rally-92cc1,1992 Chevrolet Corvette ZR-1,cars,54.49,0.95,The measured result is unusual relative to the available point-in-time comparison set.,"The engine identifies coincidence and extremeness, not causation.",-23.1%
95763a0449ed,2020Q3,2020-07-01,2020-09-29,2020-09-29,contemporaneous,extreme_movers,lost,1972 Mazda Cosmo Sport lost 16.7%,"1972 Mazda Cosmo Sport lost 16.7% during 2020Q3, ranking in the bottom of 39 eligible assets.",asset,rally-72mc1,1972 Mazda Cosmo Sport,cars,50.51,0.95,The measured result is unusual relative to the available point-in-time comparison set.,"The engine identifies coincidence and extremeness, not causation.",-16.7%
1828d10fe369,2020Q3,2020-07-01,2020-09-29,2020-09-29,contemporaneous,extreme_movers,gained,J.R.R. Tolkien - The Lord of the Rings Trilogy (First Edition) gained 10.3%,"J.R.R. Tolkien - The Lord of the Rings Trilogy (First Edition) gained 10.3% during 2020Q3, ranking in the top of 39 eligible assets.",asset,rally-lotr,J.R.R. Tolkien - The Lord of the Rings Trilogy (First Edition),books,48.28,0.95,The measured result is unusual relative to the available point-in-time comparison set.,"The engine identifies coincidence and extremeness, not causation.",10.3%
609f5d3c08fb,2020Q3,2020-07-01,2020-09-29,2020-09-29,contemporaneous,drawdown_recovery,deep_drawdown,1993 Jaguar XJ220 ended 2020Q3 47.5% below its prior peak.,1993 Jaguar XJ220 ended 2020Q3 47.5% below its prior peak.,asset,rally-93xj1,1993 Jaguar XJ220,cars,44.93,0.85,The measured result is unusual relative to the available point-in-time comparison set.,"The engine identifies coincidence and extremeness, not causation.",-47.5%
31c8a2afcb4b,2020Q3,2020-07-01,2020-09-29,2020-09-29,contemporaneous,cross_asset_contrast,category_pair,A 45.9% split inside watches,"Within watches, Omega Speedmaster Silver Snoopy beat Audemars Piguet Royal Oak by 45.9% in 2020Q3.",asset,rally-snoopy,Omega Speedmaster Silver Snoopy,watches,33.24,0.65,The measured result is unusual relative to the available point-in-time comparison set.,"The engine identifies coincidence and extremeness, not causation.",45.9%
c19ee464448c,2020Q3,2020-07-01,2020-09-29,2020-09-29,contemporaneous,benchmark_divergence,spy_divergence,1992 Chevrolet Corvette ZR-1 diverged from SPY by -31.3%,"1992 Chevrolet Corvette ZR-1 returned -23.1% while SPY returned +8.2%, a -31.3% spread in 2020Q3.",asset,rally-92cc1,1992 Chevrolet Corvette ZR-1,cars,30.83,0.72,The measured result is unusual relative to the available point-in-time comparison set.,"The engine identifies coincidence and extremeness, not causation.",-23.1%
d3e115ba3854,2020Q3,2020-07-01,2020-09-29,2020-09-29,contemporaneous,benchmark_divergence,spy_divergence,1972 Mazda Cosmo Sport diverged from SPY by -24.9%,"1972 Mazda Cosmo Sport returned -16.7% while SPY returned +8.2%, a -24.9% spread in 2020Q3.",asset,rally-72mc1,1972 Mazda Cosmo Sport,cars,26.9,0.72,The measured result is unusual relative to the available point-in-time comparison set.,"The engine identifies coincidence and extremeness, not causation.",-16.7%
6bdedc87bec4,2020Q3,2020-07-01,2020-09-29,2020-09-29,contemporaneous,liquidity_staleness,stale_mark,A 147-day-old price mark,"Rolex Submariner Smurf's latest usable mark was 147 days old at 2020Q3 end, limiting volatility and return interpretation.",asset,rally-smurf,Rolex Submariner Smurf,watches,25.57,0.473,The measured result is unusual relative to the available point-in-time comparison set.,"The engine identifies coincidence and extremeness, not causation.",147
32970564f715,2020Q3,2020-07-01,2020-09-29,2020-09-29,contemporaneous,liquidity_staleness,stale_mark,A 145-day-old price mark,"1943 DC Comics Superman #21's latest usable mark was 145 days old at 2020Q3 end, limiting volatility and return interpretation.",asset,rally-super21,1943 DC Comics Superman #21,comics,25.55,0.48,The measured result is unusual relative to the available point-in-time comparison set.,"The engine identifies coincidence and extremeness, not causation.",145
c1beaad48859,2020Q3,2020-07-01,2020-09-29,2020-09-29,contemporaneous,liquidity_staleness,stale_mark,A 126-day-old price mark,"Hermès 35cm Bordeaux Crocodile Birkin's latest usable mark was 126 days old at 2020Q3 end, limiting volatility and return interpretation.",asset,rally-birkinbor,Hermès 35cm Bordeaux Crocodile Birkin,handbags,25.32,0.548,The measured result is unusual relative to the available point-in-time comparison set.,"The engine identifies coincidence and extremeness, not causation.",126
1f5628d3ff31,2020Q3,2020-07-01,2020-09-29,2020-09-29,contemporaneous,cross_asset_contrast,category_pair,A 29.8% split inside cars,"Within cars, 1961 Jaguar E-Type beat 1992 Chevrolet Corvette ZR-1 by 29.8% in 2020Q3.",asset,rally-61je1,1961 Jaguar E-Type,cars,25.27,0.65,The measured result is unusual relative to the available point-in-time comparison set.,"The engine identifies coincidence and extremeness, not causation.",29.8%
185770aa6aef,2020Q3,2020-07-01,2020-09-29,2020-09-29,contemporaneous,liquidity_staleness,stale_mark,A 120-day-old price mark,"Ian Fleming - Casino Royale (First Edition)'s latest usable mark was 120 days old at 2020Q3 end, limiting volatility and return interpretation.",asset,rally-bond1,Ian Fleming - Casino Royale (First Edition),books,25.24,0.57,The measured result is unusual relative to the available point-in-time comparison set.,"The engine identifies coincidence and extremeness, not causation.",120
796fc975cfd0,2020Q3,2020-07-01,2020-09-29,2020-09-29,contemporaneous,category,category_return,Cars averaged -2.2%,Cars assets averaged a -2.2% return in 2020Q3 across 19 eligible assets.,category,category:cars,category:cars,cars,24.75,1.0,The measured result is unusual relative to the available point-in-time comparison set.,"The engine identifies coincidence and extremeness, not causation.",-2.2%
25a7fa884865,2020Q3,2020-07-01,2020-09-29,2020-09-29,contemporaneous,benchmark_divergence,spy_divergence,1983 Ferrari 512 BBi diverged from SPY by -19.8%,"1983 Ferrari 512 BBi returned -11.5% while SPY returned +8.2%, a -19.8% spread in 2020Q3.",asset,rally-83fb1,1983 Ferrari 512 BBi,cars,23.75,0.72,The measured result is unusual relative to the available point-in-time comparison set.,"The engine identifies coincidence and extremeness, not causation.",-11.5%
348e652bf0e6,2020Q3,2020-07-01,2020-09-29,2020-09-29,contemporaneous,dispersion_breadth,market_breadth,Only 41% of eligible assets rose,41% of 39 eligible assets rose in 2020Q3; the mean return was +1.6% versus a +0.0% median.,market,rally-market,rally-market,,23.02,0.99,The measured result is unusual relative to the available point-in-time comparison set.,"The engine identifies coincidence and extremeness, not causation.",41.0%
6eda56c4f593,2020Q3,2020-07-01,2020-09-29,2020-09-29,contemporaneous,drawdown_recovery,new_high,1955 Porsche 356 Speedster ended 2020Q3 0.0% at a dataset-period high.,1955 Porsche 356 Speedster ended 2020Q3 0.0% at a dataset-period high.,asset,rally-55ps1,1955 Porsche 356 Speedster,cars,22.43,1.0,The measured result is unusual relative to the available point-in-time comparison set.,"The engine identifies coincidence and extremeness, not causation.",0.0%
89489a31701e,2020Q3,2020-07-01,2020-09-29,2020-09-29,contemporaneous,category,category_return,Watches averaged +10.1%,Watches assets averaged a +10.1% return in 2020Q3 across 6 eligible assets.,category,category:watches,category:watches,watches,21.69,0.75,The measured result is unusual relative to the available point-in-time comparison set.,"The engine identifies coincidence and extremeness, not causation.",10.1%
41d1f913522b,2020Q3,2020-07-01,2020-09-29,2020-09-29,contemporaneous,category,category_return,Books averaged +3.7%,Books assets averaged a +3.7% return in 2020Q3 across 8 eligible assets.,category,category:books,category:books,books,21.32,0.85,The measured result is unusual relative to the available point-in-time comparison set.,"The engine identifies coincidence and extremeness, not causation.",3.7%
a9fc4afa2361,2020Q4,2020-10-01,2020-12-31,2020-12-31,contemporaneous,extreme_movers,gained,Winston Churchill - The Second World War (Signed First Edition) gained 80.0%,"Winston Churchill - The Second World War (Signed First Edition) gained 80.0% during 2020Q4, ranking in the top of 51 eligible assets.",asset,rally-churchill,Winston Churchill - The Second World War (Signed First Edition),books,65.73,0.95,The measured result is unusual relative to the available point-in-time comparison set.,"The engine identifies coincidence and extremeness, not causation.",80.0%
acafb1457fe4,2020Q4,2020-10-01,2020-12-31,2020-12-31,contemporaneous,extreme_movers,gained,"Shakespeare - Comedies, Histories & Tragedies gained 73.9%","Shakespeare - Comedies, Histories & Tragedies gained 73.9% during 2020Q4, ranking in the top of 51 eligible assets.",asset,rally-shkspr4,"Shakespeare - Comedies, Histories & Tragedies",books,64.42,0.95,The measured result is unusual relative to the available point-in-time comparison set.,"The engine identifies coincidence and extremeness, not causation.",73.9%
c4bb8fff5ed7,2020Q4,2020-10-01,2020-12-31,2020-12-31,contemporaneous,extreme_movers,gained,1943 DC Comics Superman #21 gained 55.0%,"1943 DC Comics Superman #21 gained 55.0% during 2020Q4, ranking in the top of 51 eligible assets.",asset,rally-super21,1943 DC Comics Superman #21,comics,63.11,0.95,The measured result is unusual relative to the available point-in-time comparison set.,"The engine identifies coincidence and extremeness, not causation.",55.0%
9ccce5f7d2a3,2020Q4,2020-10-01,2020-12-31,2020-12-31,contemporaneous,extreme_movers,lost,Hermès 30cm Himalaya Birkin lost 33.3%,"Hermès 30cm Himalaya Birkin lost 33.3% during 2020Q4, ranking in the bottom of 51 eligible assets.",asset,rally-himalaya,Hermès 30cm Himalaya Birkin,handbags,58.52,0.95,The measured result is unusual relative to the available point-in-time comparison set.,"The engine identifies coincidence and extremeness, not causation.",-33.3%
b3a479842afa,2020Q4,2020-10-01,2020-12-31,2020-12-31,contemporaneous,extreme_movers,lost,Audemars Piguet Royal Oak lost 24.6%,"Audemars Piguet Royal Oak lost 24.6% during 2020Q4, ranking in the bottom of 51 eligible assets.",asset,rally-aproak,Audemars Piguet Royal Oak,watches,54.11,0.95,The measured result is unusual relative to the available point-in-time comparison set.,"The engine identifies coincidence and extremeness, not causation.",-24.6%
541d1c500cfc,2020Q4,2020-10-01,2020-12-31,2020-12-31,contemporaneous,drawdown_recovery,deep_drawdown,1993 Jaguar XJ220 ended 2020Q4 47.3% below its prior peak.,1993 Jaguar XJ220 ended 2020Q4 47.3% below its prior peak.,asset,rally-93xj1,1993 Jaguar XJ220,cars,46.8,0.9,The measured result is unusual relative to the available point-in-time comparison set.,"The engine identifies coincidence and extremeness, not causation.",-47.3%
05c5c6eafcd1,2020Q4,2020-10-01,2020-12-31,2020-12-31,contemporaneous,benchmark_divergence,spy_divergence,"Shakespeare - Comedies, Histories & Tragedies diverged from SPY by +61.8%","Shakespeare - Comedies, Histories & Tragedies returned +73.9% while SPY returned +12.1%, a +61.8% spread in 2020Q4.",asset,rally-shkspr4,"Shakespeare - Comedies, Histories & Tragedies",books,42.3,0.72,The measured result is unusual relative to the available point-in-time comparison set.,"The engine identifies coincidence and extremeness, not causation.",73.9%
658fdc9c7dd1,2020Q4,2020-10-01,2020-12-31,2020-12-31,contemporaneous,benchmark_divergence,spy_divergence,Winston Churchill - The Second World War (Signed First Edition) diverged from SPY by +67.9%,"Winston Churchill - The Second World War (Signed First Edition) returned +80.0% while SPY returned +12.1%, a +67.9% spread in 2020Q4.",asset,rally-churchill,Winston Churchill - The Second World War (Signed First Edition),books,42.3,0.72,The measured result is unusual relative to the available point-in-time comparison set.,"The engine identifies coincidence and extremeness, not causation.",80.0%
372daee43b8f,2020Q4,2020-10-01,2020-12-31,2020-12-31,contemporaneous,benchmark_divergence,spy_divergence,Hermès 30cm Himalaya Birkin diverged from SPY by -45.5%,"Hermès 30cm Himalaya Birkin returned -33.3% while SPY returned +12.1%, a -45.5% spread in 2020Q4.",asset,rally-himalaya,Hermès 30cm Himalaya Birkin,handbags,39.51,0.72,The measured result is unusual relative to the available point-in-time comparison set.,"The engine identifies coincidence and extremeness, not causation.",-33.3%
4843345ef295,2020Q4,2020-10-01,2020-12-31,2020-12-31,contemporaneous,drawdown_recovery,deep_drawdown,1983 Ferrari 512 BBi ended 2020Q4 31.0% below its prior peak.,1983 Ferrari 512 BBi ended 2020Q4 31.0% below its prior peak.,asset,rally-83fb1,1983 Ferrari 512 BBi,cars,39.16,0.95,The measured result is unusual relative to the available point-in-time comparison set.,"The engine identifies coincidence and extremeness, not causation.",-31.0%
0997dc031057,2020Q4,2020-10-01,2020-12-31,2020-12-31,contemporaneous,benchmark_divergence,spy_divergence,1943 DC Comics Superman #21 diverged from SPY by +42.9%,"1943 DC Comics Superman #21 returned +55.0% while SPY returned +12.1%, a +42.9% spread in 2020Q4.",asset,rally-super21,1943 DC Comics Superman #21,comics,37.94,0.72,The measured result is unusual relative to the available point-in-time comparison set.,"The engine identifies coincidence and extremeness, not causation.",55.0%
0629528572dc,2020Q4,2020-10-01,2020-12-31,2020-12-31,contemporaneous,cross_asset_contrast,category_pair,A 47.6% split inside handbags,"Within handbags, Hermès 35cm Bordeaux Crocodile Birkin beat Hermès 30cm Himalaya Birkin by 47.6% in 2020Q4.",asset,rally-birkinbor,Hermès 35cm Bordeaux Crocodile Birkin,handbags,34.12,0.65,The measured result is unusual relative to the available point-in-time comparison set.,"The engine identifies coincidence and extremeness, not causation.",47.6%
34a64aa68ff8,2020Q4,2020-10-01,2020-12-31,2020-12-31,contemporaneous,category,category_return,Books averaged +16.6%,Books assets averaged a +16.6% return in 2020Q4 across 12 eligible assets.,category,category:books,category:books,books,33.38,1.0,The measured result is unusual relative to the available point-in-time comparison set.,"The engine identifies coincidence and extremeness, not causation.",16.6%
ec9857d54872,2020Q4,2020-10-01,2020-12-31,2020-12-31,contemporaneous,drawdown_recovery,deep_drawdown,1992 Chevrolet Corvette ZR-1 ended 2020Q4 35.2% below its prior peak.,1992 Chevrolet Corvette ZR-1 ended 2020Q4 35.2% below its prior peak.,asset,rally-92cc1,1992 Chevrolet Corvette ZR-1,cars,32.71,0.7,The measured result is unusual relative to the available point-in-time comparison set.,"The engine identifies coincidence and extremeness, not causation.",-35.2%
d4b2d635ef70,2020Q4,2020-10-01,2020-12-31,2020-12-31,contemporaneous,cross_asset_contrast,category_pair,A 44.6% split inside watches,"Within watches, 1970 Rolex Watch beat Audemars Piguet Royal Oak by 44.6% in 2020Q4.",asset,rally-7orlex,1970 Rolex Watch,watches,32.6,0.65,The measured result is unusual relative to the available point-in-time comparison set.,"The engine identifies coincidence and extremeness, not causation.",44.6%
b47fcdd78a2c,2020Q4,2020-10-01,2020-12-31,2020-12-31,contemporaneous,dispersion_breadth,market_breadth,Only 45% of eligible assets rose,45% of 51 eligible assets rose in 2020Q4; the mean return was +4.7% versus a +0.0% median.,market,rally-market,rally-market,,29.87,1.0,The measured result is unusual relative to the available point-in-time comparison set.,"The engine identifies coincidence and extremeness, not causation.",45.1%
570f36044a31,2020Q4,2020-10-01,2020-12-31,2020-12-31,contemporaneous,drawdown_recovery,deep_drawdown,Audemars Piguet Royal Oak ended 2020Q4 29.3% below its prior peak.,Audemars Piguet Royal Oak ended 2020Q4 29.3% below its prior peak.,asset,rally-aproak,Audemars Piguet Royal Oak,watches,27.96,0.65,The measured result is unusual relative to the available point-in-time comparison set.,"The engine identifies coincidence and extremeness, not causation.",-29.3%
fa388aef2d10,2020Q4,2020-10-01,2020-12-31,2020-12-31,contemporaneous,liquidity_staleness,stale_mark,A 163-day-old price mark,"1991 Mitsubishi 3000GT VR-4's latest usable mark was 163 days old at 2020Q4 end, limiting volatility and return interpretation.",asset,rally-91mv1,1991 Mitsubishi 3000GT VR-4,cars,25.73,0.416,The measured result is unusual relative to the available point-in-time comparison set.,"The engine identifies coincidence and extremeness, not causation.",163
726890ad5ead,2020Q4,2020-10-01,2020-12-31,2020-12-31,contemporaneous,liquidity_staleness,stale_mark,A 121-day-old price mark,"Lewis Carroll - Alice's Adventures in Wonderland (First Edition)'s latest usable mark was 121 days old at 2020Q4 end, limiting volatility and return interpretation.",asset,rally-alice,Lewis Carroll - Alice's Adventures in Wonderland (First Edition),books,25.25,0.566,The measured result is unusual relative to the available point-in-time comparison set.,"The engine identifies coincidence and extremeness, not causation.",121
9f73105883aa,2020Q4,2020-10-01,2020-12-31,2020-12-31,contemporaneous,liquidity_staleness,stale_mark,A 121-day-old price mark,"1993 Rolex Zenith Daytona Inverted 6's latest usable mark was 121 days old at 2020Q4 end, limiting volatility and return interpretation.",asset,rally-93daytona,1993 Rolex Zenith Daytona Inverted 6,watches,25.25,0.566,The measured result is unusual relative to the available point-in-time comparison set.,"The engine identifies coincidence and extremeness, not causation.",121
7a4541a43750,2021Q1,2021-01-01,2021-03-30,2021-03-30,contemporaneous,extreme_movers,gained,George Orwell - Animal Farm (First Edition) gained 150.0%,"George Orwell - Animal Farm (First Edition) gained 150.0% during 2021Q1, ranking in the top of 65 eligible assets.",asset,rally-anmlfarm,George Orwell - Animal Farm (First Edition),books,65.73,0.95,The measured result is unusual relative to the available point-in-time comparison set.,"The engine identifies coincidence and extremeness, not causation.",150.0%
d5742b0508d0,2021Q1,2021-01-01,2021-03-30,2021-03-30,contemporaneous,extreme_movers,gained,1943 DC Comics Superman #21 gained 106.5%,"1943 DC Comics Superman #21 gained 106.5% during 2021Q1, ranking in the top of 65 eligible assets.",asset,rally-super21,1943 DC Comics Superman #21,comics,64.7,0.95,The measured result is unusual relative to the available point-in-time comparison set.,"The engine identifies coincidence and extremeness, not causation.",106.5%
126ee9ba6a00,2021Q1,2021-01-01,2021-03-30,2021-03-30,contemporaneous,extreme_movers,gained,DiMaggio 2 Watch gained 71.4%,"DiMaggio 2 Watch gained 71.4% during 2021Q1, ranking in the top of 65 eligible assets.",asset,rally-dimaggio2,DiMaggio 2 Watch,watches,63.67,0.95,The measured result is unusual relative to the available point-in-time comparison set.,"The engine identifies coincidence and extremeness, not causation.",71.4%
7239e7f6d56b,2021Q1,2021-01-01,2021-03-30,2021-03-30,contemporaneous,extreme_movers,gained,Lewis Carroll - Alice's Adventures in Wonderland (First Edition) gained 70.0%,"Lewis Carroll - Alice's Adventures in Wonderland (First Edition) gained 70.0% during 2021Q1, ranking in the top of 65 eligible assets.",asset,rally-alice,Lewis Carroll - Alice's Adventures in Wonderland (First Edition),books,62.65,0.95,The measured result is unusual relative to the available point-in-time comparison set.,"The engine identifies coincidence and extremeness, not causation.",70.0%
f9b6e134ca94,2021Q1,2021-01-01,2021-03-30,2021-03-30,contemporaneous,extreme_movers,gained,Winston Churchill - The Second World War (Signed First Edition) gained 66.7%,"Winston Churchill - The Second World War (Signed First Edition) gained 66.7% during 2021Q1, ranking in the top of 65 eligible assets.",asset,rally-churchill,Winston Churchill - The Second World War (Signed First Edition),books,61.62,0.95,The measured result is unusual relative to the available point-in-time comparison set.,"The engine identifies coincidence and extremeness, not causation.",66.7%
b6844f4e27f0,2021Q1,2021-01-01,2021-03-30,2021-03-30,contemporaneous,drawdown_recovery,deep_drawdown,1983 Ferrari 512 BBi ended 2021Q1 43.7% below its prior peak.,1983 Ferrari 512 BBi ended 2021Q1 43.7% below its prior peak.,asset,rally-83fb1,1983 Ferrari 512 BBi,cars,48.63,1.0,The measured result is unusual relative to the available point-in-time comparison set.,"The engine identifies coincidence and extremeness, not causation.",-43.7%
5a3334792062,2021Q1,2021-01-01,2021-03-30,2021-03-30,contemporaneous,drawdown_recovery,deep_drawdown,1993 Jaguar XJ220 ended 2021Q1 39.4% below its prior peak.,1993 Jaguar XJ220 ended 2021Q1 39.4% below its prior peak.,asset,rally-93xj1,1993 Jaguar XJ220,cars,44.12,0.95,The measured result is unusual relative to the available point-in-time comparison set.,"The engine identifies coincidence and extremeness, not causation.",-39.4%
133eb908f4bb,2021Q1,2021-01-01,2021-03-30,2021-03-30,contemporaneous,benchmark_divergence,spy_divergence,1943 DC Comics Superman #21 diverged from SPY by +100.5%,"1943 DC Comics Superman #21 returned +106.5% while SPY returned +5.9%, a +100.5% spread in 2021Q1.",asset,rally-super21,1943 DC Comics Superman #21,comics,42.3,0.72,The measured result is unusual relative to the available point-in-time comparison set.,"The engine identifies coincidence and extremeness, not causation.",106.5%
2514076da906,2021Q1,2021-01-01,2021-03-30,2021-03-30,contemporaneous,benchmark_divergence,spy_divergence,George Orwell - Animal Farm (First Edition) diverged from SPY by +144.1%,"George Orwell - Animal Farm (First Edition) returned +150.0% while SPY returned +5.9%, a +144.1% spread in 2021Q1.",asset,rally-anmlfarm,George Orwell - Animal Farm (First Edition),books,42.3,0.72,The measured result is unusual relative to the available point-in-time comparison set.,"The engine identifies coincidence and extremeness, not causation.",150.0%
454c1cf86988,2021Q1,2021-01-01,2021-03-30,2021-03-30,contemporaneous,benchmark_divergence,spy_divergence,DiMaggio 2 Watch diverged from SPY by +65.5%,"DiMaggio 2 Watch returned +71.4% while SPY returned +5.9%, a +65.5% spread in 2021Q1.",asset,rally-dimaggio2,DiMaggio 2 Watch,watches,42.3,0.72,The measured result is unusual relative to the available point-in-time comparison set.,"The engine identifies coincidence and extremeness, not causation.",71.4%
bf5974c53b21,2021Q1,2021-01-01,2021-03-30,2021-03-30,contemporaneous,benchmark_divergence,spy_divergence,Lewis Carroll - Alice's Adventures in Wonderland (First Edition) diverged from SPY by +64.1%,"Lewis Carroll - Alice's Adventures in Wonderland (First Edition) returned +70.0% while SPY returned +5.9%, a +64.1% spread in 2021Q1.",asset,rally-alice,Lewis Carroll - Alice's Adventures in Wonderland (First Edition),books,42.3,0.72,The measured result is unusual relative to the available point-in-time comparison set.,"The engine identifies coincidence and extremeness, not causation.",70.0%
a024aa4a8ec5,2021Q1,2021-01-01,2021-03-30,2021-03-30,contemporaneous,drawdown_recovery,deep_drawdown,1972 Mazda Cosmo Sport ended 2021Q1 39.8% below its prior peak.,1972 Mazda Cosmo Sport ended 2021Q1 39.8% below its prior peak.,asset,rally-72mc1,1972 Mazda Cosmo Sport,cars,40.54,0.85,The measured result is unusual relative to the available point-in-time comparison set.,"The engine identifies coincidence and extremeness, not causation.",-39.8%
133e16f8cd56,2021Q1,2021-01-01,2021-03-30,2021-03-30,contemporaneous,dispersion_breadth,market_breadth,Only 29% of eligible assets rose,29% of 65 eligible assets rose in 2021Q1; the mean return was +5.1% versus a +0.0% median.,market,rally-market,rally-market,,38.71,1.0,The measured result is unusual relative to the available point-in-time comparison set.,"The engine identifies coincidence and extremeness, not causation.",29.2%
c9654a884887,2021Q1,2021-01-01,2021-03-30,2021-03-30,contemporaneous,drawdown_recovery,deep_drawdown,Audemars Piguet Royal Oak ended 2021Q1 46.0% below its prior peak.,Audemars Piguet Royal Oak ended 2021Q1 46.0% below its prior peak.,asset,rally-aproak,Audemars Piguet Royal Oak,watches,38.51,0.7,The measured result is unusual relative to the available point-in-time comparison set.,"The engine identifies coincidence and extremeness, not causation.",-46.0%
ad23731c4d87,2021Q1,2021-01-01,2021-03-30,2021-03-30,contemporaneous,drawdown_recovery,deep_drawdown,Hermès 30cm Himalaya Birkin ended 2021Q1 46.7% below its prior peak.,Hermès 30cm Himalaya Birkin ended 2021Q1 46.7% below its prior peak.,asset,rally-himalaya,Hermès 30cm Himalaya Birkin,handbags,37.09,0.65,The measured result is unusual relative to the available point-in-time comparison set.,"The engine identifies coincidence and extremeness, not causation.",-46.7%
db75be895d32,2021Q1,2021-01-01,2021-03-30,2021-03-30,contemporaneous,category,category_return,Books averaged +15.3%,Books assets averaged a +15.3% return in 2021Q1 across 19 eligible assets.,category,category:books,category:books,books,32.57,1.0,The measured result is unusual relative to the available point-in-time comparison set.,"The engine identifies coincidence and extremeness, not causation.",15.3%
e6023c5e4e97,2021Q1,2021-01-01,2021-03-30,2021-03-30,contemporaneous,cross_asset_contrast,category_pair,A 43.4% split inside wine and whiskey,"Within wine and whiskey, 2005 Château Latour beat 2006 Giacomo Conterno Barolo Riserva Monfortino by 43.4% in 2021Q1.",asset,rally-05latour,2005 Château Latour,wine and whiskey,32.05,0.65,The measured result is unusual relative to the available point-in-time comparison set.,"The engine identifies coincidence and extremeness, not causation.",43.4%
9d9167f13a58,2021Q1,2021-01-01,2021-03-30,2021-03-30,contemporaneous,category,category_return,Comics averaged +34.0%,Comics assets averaged a +34.0% return in 2021Q1 across 5 eligible assets.,category,category:comics,category:comics,comics,30.79,0.7,The measured result is unusual relative to the available point-in-time comparison set.,"The engine identifies coincidence and extremeness, not causation.",34.0%
50882f091ef6,2021Q1,2021-01-01,2021-03-30,2021-03-30,contemporaneous,cross_asset_contrast,category_pair,A 40.1% split inside cars,"Within cars, 1993 Jaguar XJ220 beat 1972 Mazda Cosmo Sport by 40.1% in 2021Q1.",asset,rally-93xj1,1993 Jaguar XJ220,cars,30.36,0.65,The measured result is unusual relative to the available point-in-time comparison set.,"The engine identifies coincidence and extremeness, not causation.",40.1%
694ead48d357,2021Q1,2021-01-01,2021-03-30,2021-03-30,contemporaneous,cross_asset_contrast,category_pair,A 37.5% split inside handbags,"Within handbags, Hermès 35cm Bordeaux Crocodile Birkin beat Hermès 30cm So Black Birkin by 37.5% in 2021Q1.",asset,rally-birkinbor,Hermès 35cm Bordeaux Crocodile Birkin,handbags,29.09,0.65,The measured result is unusual relative to the available point-in-time comparison set.,"The engine identifies coincidence and extremeness, not causation.",37.5%
e0a55c15f0c7,2021Q2,2021-04-01,2021-06-30,2021-06-30,contemporaneous,extreme_movers,gained,Audemars Piguet Royal Oak gained 171.6%,"Audemars Piguet Royal Oak gained 171.6% during 2021Q2, ranking in the top of 71 eligible assets.",asset,rally-aproak,Audemars Piguet Royal Oak,watches,65.73,0.95,The measured result is unusual relative to the available point-in-time comparison set.,"The engine identifies coincidence and extremeness, not causation.",171.6%
7ae3eecfe283,2021Q2,2021-04-01,2021-06-30,2021-06-30,contemporaneous,extreme_movers,gained,Frank Herbert - Dune (Inscribed First Edition) gained 57.5%,"Frank Herbert - Dune (Inscribed First Edition) gained 57.5% during 2021Q2, ranking in the top of 71 eligible assets.",asset,rally-dune,Frank Herbert - Dune (Inscribed First Edition),books,64.79,0.95,The measured result is unusual relative to the available point-in-time comparison set.,"The engine identifies coincidence and extremeness, not causation.",57.5%
d47ef6fdb924,2021Q2,2021-04-01,2021-06-30,2021-06-30,contemporaneous,extreme_movers,lost,Jack Kerouac - On the Road (Signed First Edition) lost 64.8%,"Jack Kerouac - On the Road (Signed First Edition) lost 64.8% during 2021Q2, ranking in the bottom of 71 eligible assets.",asset,rally-kerouac,Jack Kerouac - On the Road (Signed First Edition),books,64.79,0.95,The measured result is unusual relative to the available point-in-time comparison set.,"The engine identifies coincidence and extremeness, not causation.",-64.8%
09678b0ba100,2021Q2,2021-04-01,2021-06-30,2021-06-30,contemporaneous,extreme_movers,lost,Hermès 35cm Picnic Kelly lost 44.4%,"Hermès 35cm Picnic Kelly lost 44.4% during 2021Q2, ranking in the bottom of 71 eligible assets.",asset,rally-picnic,Hermès 35cm Picnic Kelly,handbags,61.88,0.95,The measured result is unusual relative to the available point-in-time comparison set.,"The engine identifies coincidence and extremeness, not causation.",-44.4%
0c8a1ee12757,2021Q2,2021-04-01,2021-06-30,2021-06-30,contemporaneous,extreme_movers,lost,"Shakespeare - Comedies, Histories & Tragedies lost 42.9%","Shakespeare - Comedies, Histories & Tragedies lost 42.9% during 2021Q2, ranking in the bottom of 71 eligible assets.",asset,rally-shkspr4,"Shakespeare - Comedies, Histories & Tragedies",books,60.38,0.95,The measured result is unusual relative to the available point-in-time comparison set.,"The engine identifies coincidence and extremeness, not causation.",-42.9%
7aff73b4a85b,2021Q2,2021-04-01,2021-06-30,2021-06-30,contemporaneous,drawdown_recovery,deep_drawdown,1983 Ferrari 512 BBi ended 2021Q2 50.7% below its prior peak.,1983 Ferrari 512 BBi ended 2021Q2 50.7% below its prior peak.,asset,rally-83fb1,1983 Ferrari 512 BBi,cars,53.52,1.0,The measured result is unusual relative to the available point-in-time comparison set.,"The engine identifies coincidence and extremeness, not causation.",-50.7%
36c7af8681cd,2021Q2,2021-04-01,2021-06-30,2021-06-30,contemporaneous,drawdown_recovery,deep_drawdown,1972 Mazda Cosmo Sport ended 2021Q2 51.8% below its prior peak.,1972 Mazda Cosmo Sport ended 2021Q2 51.8% below its prior peak.,asset,rally-72mc1,1972 Mazda Cosmo Sport,cars,49.39,0.9,The measured result is unusual relative to the available point-in-time comparison set.,"The engine identifies coincidence and extremeness, not causation.",-51.8%
5e5354cd4ad3,2021Q2,2021-04-01,2021-06-30,2021-06-30,contemporaneous,drawdown_recovery,deep_drawdown,1993 Jaguar XJ220 ended 2021Q2 35.9% below its prior peak.,1993 Jaguar XJ220 ended 2021Q2 35.9% below its prior peak.,asset,rally-93xj1,1993 Jaguar XJ220,cars,43.95,1.0,The measured result is unusual relative to the available point-in-time comparison set.,"The engine identifies coincidence and extremeness, not causation.",-35.9%
4221bce99103,2021Q2,2021-04-01,2021-06-30,2021-06-30,contemporaneous,benchmark_divergence,spy_divergence,Hermès 35cm Picnic Kelly diverged from SPY by -52.8%,"Hermès 35cm Picnic Kelly returned -44.4% while SPY returned +8.4%, a -52.8% spread in 2021Q2.",asset,rally-picnic,Hermès 35cm Picnic Kelly,handbags,42.3,0.72,The measured result is unusual relative to the available point-in-time comparison set.,"The engine identifies coincidence and extremeness, not causation.",-44.4%
5cb901a59a52,2021Q2,2021-04-01,2021-06-30,2021-06-30,contemporaneous,benchmark_divergence,spy_divergence,Audemars Piguet Royal Oak diverged from SPY by +163.2%,"Audemars Piguet Royal Oak returned +171.6% while SPY returned +8.4%, a +163.2% spread in 2021Q2.",asset,rally-aproak,Audemars Piguet Royal Oak,watches,42.3,0.72,The measured result is unusual relative to the available point-in-time comparison set.,"The engine identifies coincidence and extremeness, not causation.",171.6%
7e81fe4aa2c9,2021Q2,2021-04-01,2021-06-30,2021-06-30,contemporaneous,benchmark_divergence,spy_divergence,"Shakespeare - Comedies, Histories & Tragedies diverged from SPY by -51.2%","Shakespeare - Comedies, Histories & Tragedies returned -42.9% while SPY returned +8.4%, a -51.2% spread in 2021Q2.",asset,rally-shkspr4,"Shakespeare - Comedies, Histories & Tragedies",books,42.3,0.72,The measured result is unusual relative to the available point-in-time comparison set.,"The engine identifies coincidence and extremeness, not causation.",-42.9%
d0df5208d47e,2021Q2,2021-04-01,2021-06-30,2021-06-30,contemporaneous,benchmark_divergence,spy_divergence,Jack Kerouac - On the Road (Signed First Edition) diverged from SPY by -73.1%,"Jack Kerouac - On the Road (Signed First Edition) returned -64.8% while SPY returned +8.4%, a -73.1% spread in 2021Q2.",asset,rally-kerouac,Jack Kerouac - On the Road (Signed First Edition),books,42.3,0.72,The measured result is unusual relative to the available point-in-time comparison set.,"The engine identifies coincidence and extremeness, not causation.",-64.8%
a09fdacbd69b,2021Q2,2021-04-01,2021-06-30,2021-06-30,contemporaneous,drawdown_recovery,deep_drawdown,2011 BMW 1M ended 2021Q2 33.2% below its prior peak.,2011 BMW 1M ended 2021Q2 33.2% below its prior peak.,asset,rally-11bm1,2011 BMW 1M,cars,40.48,0.95,The measured result is unusual relative to the available point-in-time comparison set.,"The engine identifies coincidence and extremeness, not causation.",-33.2%
f249e18c42a3,2021Q2,2021-04-01,2021-06-30,2021-06-30,contemporaneous,cross_asset_contrast,category_pair,A 122.2% split inside books,"Within books, Frank Herbert - Dune (Inscribed First Edition) beat Jack Kerouac - On the Road (Signed First Edition) by 122.2% in 2021Q2.",asset,rally-dune,Frank Herbert - Dune (Inscribed First Edition),books,40.28,0.65,The measured result is unusual relative to the available point-in-time comparison set.,"The engine identifies coincidence and extremeness, not causation.",122.2%
fcbb4a71e2c8,2021Q2,2021-04-01,2021-06-30,2021-06-30,contemporaneous,cross_asset_contrast,category_pair,A 69.1% split inside cars,"Within cars, 1991 Mitsubishi 3000GT VR-4 beat 2011 BMW 1M by 69.1% in 2021Q2.",asset,rally-91mv1,1991 Mitsubishi 3000GT VR-4,cars,40.28,0.65,The measured result is unusual relative to the available point-in-time comparison set.,"The engine identifies coincidence and extremeness, not causation.",69.1%
dba16093144a,2021Q2,2021-04-01,2021-06-30,2021-06-30,contemporaneous,drawdown_recovery,deep_drawdown,1992 Lancia Delta Martini 5 ended 2021Q2 27.9% below its prior peak.,1992 Lancia Delta Martini 5 ended 2021Q2 27.9% below its prior peak.,asset,rally-92ld1,1992 Lancia Delta Martini 5,cars,37.32,0.95,The measured result is unusual relative to the available point-in-time comparison set.,"The engine identifies coincidence and extremeness, not causation.",-27.9%
5d3355d895fc,2021Q2,2021-04-01,2021-06-30,2021-06-30,contemporaneous,dispersion_breadth,market_breadth,Only 18% of eligible assets rose,18% of 71 eligible assets rose in 2021Q2; the mean return was -4.4% versus a -1.9% median.,market,rally-market,rally-market,,36.49,1.0,The measured result is unusual relative to the available point-in-time comparison set.,"The engine identifies coincidence and extremeness, not causation.",18.3%
17de7514ac41,2021Q2,2021-04-01,2021-06-30,2021-06-30,contemporaneous,cross_asset_contrast,category_pair,A 49.7% split inside handbags,"Within handbags, Hermès 25cm Blue Lizard Birkin beat Hermès 35cm Picnic Kelly by 49.7% in 2021Q2.",asset,rally-birkinblu,Hermès 25cm Blue Lizard Birkin,handbags,35.16,0.65,The measured result is unusual relative to the available point-in-time comparison set.,"The engine identifies coincidence and extremeness, not causation.",49.7%
72955995b694,2021Q2,2021-04-01,2021-06-30,2021-06-30,contemporaneous,category,category_return,Watches averaged +14.3%,Watches assets averaged a +14.3% return in 2021Q2 across 9 eligible assets.,category,category:watches,category:watches,watches,29.11,0.9,The measured result is unusual relative to the available point-in-time comparison set.,"The engine identifies coincidence and extremeness, not causation.",14.3%
d6aed8d117a7,2021Q2,2021-04-01,2021-06-30,2021-06-30,contemporaneous,cross_asset_contrast,category_pair,A 33.3% split inside comics,"Within comics, 1940 DC Comics Batman #3 beat 1964 Marvel The Amazing Spider-Man #10 by 33.3% in 2021Q2.",asset,rally-batman3,1940 DC Comics Batman #3,comics,27.02,0.65,The measured result is unusual relative to the available point-in-time comparison set.,"The engine identifies coincidence and extremeness, not causation.",33.3%
977b8455bafe,2021Q3,2021-07-01,2021-09-30,2021-09-30,contemporaneous,extreme_movers,gained,1964 Marvel The Amazing Spider-Man #10 gained 202.5%,"1964 Marvel The Amazing Spider-Man #10 gained 202.5% during 2021Q3, ranking in the top of 86 eligible assets.",asset,rally-spider10,1964 Marvel The Amazing Spider-Man #10,comics,65.73,0.95,The measured result is unusual relative to the available point-in-time comparison set.,"The engine identifies coincidence and extremeness, not causation.",202.5%
4a6e5c19862c,2021Q3,2021-07-01,2021-09-30,2021-09-30,contemporaneous,extreme_movers,gained,1977 Marvel Star Wars #1 gained 100.0%,"1977 Marvel Star Wars #1 gained 100.0% during 2021Q3, ranking in the top of 86 eligible assets.",asset,rally-starwars1,1977 Marvel Star Wars #1,comics,64.95,0.95,The measured result is unusual relative to the available point-in-time comparison set.,"The engine identifies coincidence and extremeness, not causation.",100.0%
e9e1f15fea5e,2021Q3,2021-07-01,2021-09-30,2021-09-30,contemporaneous,extreme_movers,gained,1943 DC Comics Superman #21 gained 89.1%,"1943 DC Comics Superman #21 gained 89.1% during 2021Q3, ranking in the top of 86 eligible assets.",asset,rally-super21,1943 DC Comics Superman #21,comics,64.18,0.95,The measured result is unusual relative to the available point-in-time comparison set.,"The engine identifies coincidence and extremeness, not causation.",89.1%
88a22ad282b1,2021Q3,2021-07-01,2021-09-30,2021-09-30,contemporaneous,extreme_movers,gained,1968 Marvel The Avengers #57 gained 87.5%,"1968 Marvel The Avengers #57 gained 87.5% during 2021Q3, ranking in the top of 86 eligible assets.",asset,rally-avengers57,1968 Marvel The Avengers #57,comics,63.4,0.95,The measured result is unusual relative to the available point-in-time comparison set.,"The engine identifies coincidence and extremeness, not causation.",87.5%
19caace23838,2021Q3,2021-07-01,2021-09-30,2021-09-30,contemporaneous,extreme_movers,gained,Hermès 35cm Picnic Kelly gained 74.0%,"Hermès 35cm Picnic Kelly gained 74.0% during 2021Q3, ranking in the top of 86 eligible assets.",asset,rally-picnic,Hermès 35cm Picnic Kelly,handbags,62.62,0.95,The measured result is unusual relative to the available point-in-time comparison set.,"The engine identifies coincidence and extremeness, not causation.",74.0%
fe30e65e52d9,2021Q3,2021-07-01,2021-09-30,2021-09-30,contemporaneous,drawdown_recovery,deep_drawdown,1983 Ferrari 512 BBi ended 2021Q3 40.6% below its prior peak.,1983 Ferrari 512 BBi ended 2021Q3 40.6% below its prior peak.,asset,rally-83fb1,1983 Ferrari 512 BBi,cars,47.48,1.0,The measured result is unusual relative to the available point-in-time comparison set.,"The engine identifies coincidence and extremeness, not causation.",-40.6%
0880c66f4320,2021Q3,2021-07-01,2021-09-30,2021-09-30,contemporaneous,dispersion_breadth,market_breadth,Only 60% of eligible assets rose,60% of 86 eligible assets rose in 2021Q3; the mean return was +17.2% versus a +3.5% median.,market,rally-market,rally-market,,46.35,1.0,The measured result is unusual relative to the available point-in-time comparison set.,"The engine identifies coincidence and extremeness, not causation.",60.5%
704b3fd709cf,2021Q3,2021-07-01,2021-09-30,2021-09-30,contemporaneous,drawdown_recovery,deep_drawdown,1993 Jaguar XJ220 ended 2021Q3 35.9% below its prior peak.,1993 Jaguar XJ220 ended 2021Q3 35.9% below its prior peak.,asset,rally-93xj1,1993 Jaguar XJ220,cars,44.62,1.0,The measured result is unusual relative to the available point-in-time comparison set.,"The engine identifies coincidence and extremeness, not causation.",-35.9%
19d798012988,2021Q3,2021-07-01,2021-09-30,2021-09-30,contemporaneous,benchmark_divergence,spy_divergence,1964 Marvel The Amazing Spider-Man #10 diverged from SPY by +201.9%,"1964 Marvel The Amazing Spider-Man #10 returned +202.5% while SPY returned +0.6%, a +201.9% spread in 2021Q3.",asset,rally-spider10,1964 Marvel The Amazing Spider-Man #10,comics,42.3,0.72,The measured result is unusual relative to the available point-in-time comparison set.,"The engine identifies coincidence and extremeness, not causation.",202.5%
5a190f22de37,2021Q3,2021-07-01,2021-09-30,2021-09-30,contemporaneous,benchmark_divergence,spy_divergence,1977 Marvel Star Wars #1 diverged from SPY by +99.4%,"1977 Marvel Star Wars #1 returned +100.0% while SPY returned +0.6%, a +99.4% spread in 2021Q3.",asset,rally-starwars1,1977 Marvel Star Wars #1,comics,42.3,0.72,The measured result is unusual relative to the available point-in-time comparison set.,"The engine identifies coincidence and extremeness, not causation.",100.0%
8d0ea76f7ce0,2021Q3,2021-07-01,2021-09-30,2021-09-30,contemporaneous,benchmark_divergence,spy_divergence,1968 Marvel The Avengers #57 diverged from SPY by +86.9%,"1968 Marvel The Avengers #57 returned +87.5% while SPY returned +0.6%, a +86.9% spread in 2021Q3.",asset,rally-avengers57,1968 Marvel The Avengers #57,comics,42.3,0.72,The measured result is unusual relative to the available point-in-time comparison set.,"The engine identifies coincidence and extremeness, not causation.",87.5%
9e07e1b536b0,2021Q3,2021-07-01,2021-09-30,2021-09-30,contemporaneous,benchmark_divergence,spy_divergence,1943 DC Comics Superman #21 diverged from SPY by +88.6%,"1943 DC Comics Superman #21 returned +89.1% while SPY returned +0.6%, a +88.6% spread in 2021Q3.",asset,rally-super21,1943 DC Comics Superman #21,comics,42.3,0.72,The measured result is unusual relative to the available point-in-time comparison set.,"The engine identifies coincidence and extremeness, not causation.",89.1%
ea05ef34644d,2021Q3,2021-07-01,2021-09-30,2021-09-30,contemporaneous,drawdown_recovery,deep_drawdown,1972 Mazda Cosmo Sport ended 2021Q3 35.7% below its prior peak.,1972 Mazda Cosmo Sport ended 2021Q3 35.7% below its prior peak.,asset,rally-72mc1,1972 Mazda Cosmo Sport,cars,41.96,0.95,The measured result is unusual relative to the available point-in-time comparison set.,"The engine identifies coincidence and extremeness, not causation.",-35.7%
10f643e26093,2021Q3,2021-07-01,2021-09-30,2021-09-30,contemporaneous,category,category_return,Comics averaged +57.8%,Comics assets averaged a +57.8% return in 2021Q3 across 11 eligible assets.,category,category:comics,category:comics,comics,41.4,1.0,The measured result is unusual relative to the available point-in-time comparison set.,"The engine identifies coincidence and extremeness, not causation.",57.8%
593132d1d1f6,2021Q3,2021-07-01,2021-09-30,2021-09-30,contemporaneous,drawdown_recovery,deep_drawdown,"Shakespeare - Comedies, Histories & Tragedies ended 2021Q3 49.5% below its prior peak.","Shakespeare - Comedies, Histories & Tragedies ended 2021Q3 49.5% below its prior peak.",asset,rally-shkspr4,"Shakespeare - Comedies, Histories & Tragedies",books,40.39,0.7,The measured result is unusual relative to the available point-in-time comparison set.,"The engine identifies coincidence and extremeness, not causation.",-49.5%
8812dbdc7781,2021Q3,2021-07-01,2021-09-30,2021-09-30,contemporaneous,cross_asset_contrast,category_pair,A 66.6% split inside watches,"Within watches, 1979 Rolex Coral Stella Dial Day-Date beat Domino's Pizza Special Edition Rolex Air-King by 66.6% in 2021Q3.",asset,rally-79stella,1979 Rolex Coral Stella Dial Day-Date,watches,40.28,0.65,The measured result is unusual relative to the available point-in-time comparison set.,"The engine identifies coincidence and extremeness, not causation.",66.6%
92e6a0ef4e75,2021Q3,2021-07-01,2021-09-30,2021-09-30,contemporaneous,cross_asset_contrast,category_pair,A 65.7% split inside cars,"Within cars, 1992 Chevrolet Corvette ZR-1 beat 1961 Jaguar E-Type by 65.7% in 2021Q3.",asset,rally-92cc1,1992 Chevrolet Corvette ZR-1,cars,40.28,0.65,The measured result is unusual relative to the available point-in-time comparison set.,"The engine identifies coincidence and extremeness, not causation.",65.7%
c6608a9dbb17,2021Q3,2021-07-01,2021-09-30,2021-09-30,contemporaneous,cross_asset_contrast,category_pair,A 84.9% split inside handbags,"Within handbags, Hermès 35cm Picnic Kelly beat Hermès 35cm Bordeaux Crocodile Birkin by 84.9% in 2021Q3.",asset,rally-picnic,Hermès 35cm Picnic Kelly,handbags,40.28,0.65,The measured result is unusual relative to the available point-in-time comparison set.,"The engine identifies coincidence and extremeness, not causation.",84.9%
cdb7a5c621a6,2021Q3,2021-07-01,2021-09-30,2021-09-30,contemporaneous,cross_asset_contrast,category_pair,A 73.6% split inside books,"Within books, Jack Kerouac - On the Road (Signed First Edition) beat Ian Fleming - The Spy Who Loved Me (Inscribed to RFK) by 73.6% in 2021Q3.",asset,rally-kerouac,Jack Kerouac - On the Road (Signed First Edition),books,40.28,0.65,The measured result is unusual relative to the available point-in-time comparison set.,"The engine identifies coincidence and extremeness, not causation.",73.6%
a9159706bd69,2021Q3,2021-07-01,2021-09-30,2021-09-30,contemporaneous,drawdown_recovery,deep_drawdown,Allen Ginsberg - Howl and Other Poems (Inscribed First Edition) ended 2021Q3 40.4% below its prior peak.,Allen Ginsberg - Howl and Other Poems (Inscribed First Edition) ended 2021Q3 40.4% below its prior peak.,asset,rally-aghowl,Allen Ginsberg - Howl and Other Poems (Inscribed First Edition),books,37.26,0.75,The measured result is unusual relative to the available point-in-time comparison set.,"The engine identifies coincidence and extremeness, not causation.",-40.4%
63bdb678110c,2021Q4,2021-10-01,2021-12-31,2021-12-31,contemporaneous,extreme_movers,gained,1940 DC Comics Batman #2 gained 110.0%,"1940 DC Comics Batman #2 gained 110.0% during 2021Q4, ranking in the top of 85 eligible assets.",asset,rally-batman2,1940 DC Comics Batman #2,comics,65.73,0.95,The measured result is unusual relative to the available point-in-time comparison set.,"The engine identifies coincidence and extremeness, not causation.",110.0%
28eb1c3c5207,2021Q4,2021-10-01,2021-12-31,2021-12-31,contemporaneous,extreme_movers,gained,Winston Churchill - The Second World War (Signed First Edition) gained 86.7%,"Winston Churchill - The Second World War (Signed First Edition) gained 86.7% during 2021Q4, ranking in the top of 85 eligible assets.",asset,rally-churchill,Winston Churchill - The Second World War (Signed First Edition),books,64.94,0.95,The measured result is unusual relative to the available point-in-time comparison set.,"The engine identifies coincidence and extremeness, not causation.",86.7%
c1f5d617a905,2021Q4,2021-10-01,2021-12-31,2021-12-31,contemporaneous,extreme_movers,gained,2013 Domaine Leroy Vosne-Romanée Les Beaux Monts gained 75.7%,"2013 Domaine Leroy Vosne-Romanée Les Beaux Monts gained 75.7% during 2021Q4, ranking in the top of 85 eligible assets.",asset,rally-13beaux,2013 Domaine Leroy Vosne-Romanée Les Beaux Monts,wine and whiskey,64.16,0.95,The measured result is unusual relative to the available point-in-time comparison set.,"The engine identifies coincidence and extremeness, not causation.",75.7%
d7caa2828437,2021Q4,2021-10-01,2021-12-31,2021-12-31,contemporaneous,extreme_movers,gained,Domino's Pizza Special Edition Rolex Air-King gained 55.0%,"Domino's Pizza Special Edition Rolex Air-King gained 55.0% during 2021Q4, ranking in the top of 85 eligible assets.",asset,rally-dominos,Domino's Pizza Special Edition Rolex Air-King,watches,63.37,0.95,The measured result is unusual relative to the available point-in-time comparison set.,"The engine identifies coincidence and extremeness, not causation.",55.0%
fb2ca0b89d1f,2021Q4,2021-10-01,2021-12-31,2021-12-31,contemporaneous,extreme_movers,lost,1977 Marvel Star Wars #1 lost 40.0%,"1977 Marvel Star Wars #1 lost 40.0% during 2021Q4, ranking in the bottom of 85 eligible assets.",asset,rally-starwars1,1977 Marvel Star Wars #1,comics,61.41,0.95,The measured result is unusual relative to the available point-in-time comparison set.,"The engine identifies coincidence and extremeness, not causation.",-40.0%
e3b0fce4476d,2021Q4,2021-10-01,2021-12-31,2021-12-31,contemporaneous,drawdown_recovery,deep_drawdown,1983 Ferrari 512 BBi ended 2021Q4 40.6% below its prior peak.,1983 Ferrari 512 BBi ended 2021Q4 40.6% below its prior peak.,asset,rally-83fb1,1983 Ferrari 512 BBi,cars,47.48,1.0,The measured result is unusual relative to the available point-in-time comparison set.,"The engine identifies coincidence and extremeness, not causation.",-40.6%
19bc54ad2888,2021Q4,2021-10-01,2021-12-31,2021-12-31,contemporaneous,drawdown_recovery,deep_drawdown,1993 Jaguar XJ220 ended 2021Q4 35.9% below its prior peak.,1993 Jaguar XJ220 ended 2021Q4 35.9% below its prior peak.,asset,rally-93xj1,1993 Jaguar XJ220,cars,44.62,1.0,The measured result is unusual relative to the available point-in-time comparison set.,"The engine identifies coincidence and extremeness, not causation.",-35.9%
7161af976b2f,2021Q4,2021-10-01,2021-12-31,2021-12-31,contemporaneous,benchmark_divergence,spy_divergence,Winston Churchill - The Second World War (Signed First Edition) diverged from SPY by +75.6%,"Winston Churchill - The Second World War (Signed First Edition) returned +86.7% while SPY returned +11.1%, a +75.6% spread in 2021Q4.",asset,rally-churchill,Winston Churchill - The Second World War (Signed First Edition),books,42.3,0.72,The measured result is unusual relative to the available point-in-time comparison set.,"The engine identifies coincidence and extremeness, not causation.",86.7%
8957e6418d29,2021Q4,2021-10-01,2021-12-31,2021-12-31,contemporaneous,benchmark_divergence,spy_divergence,1977 Marvel Star Wars #1 diverged from SPY by -51.1%,"1977 Marvel Star Wars #1 returned -40.0% while SPY returned +11.1%, a -51.1% spread in 2021Q4.",asset,rally-starwars1,1977 Marvel Star Wars #1,comics,42.3,0.72,The measured result is unusual relative to the available point-in-time comparison set.,"The engine identifies coincidence and extremeness, not causation.",-40.0%
a4934707205e,2021Q4,2021-10-01,2021-12-31,2021-12-31,contemporaneous,benchmark_divergence,spy_divergence,1940 DC Comics Batman #2 diverged from SPY by +98.9%,"1940 DC Comics Batman #2 returned +110.0% while SPY returned +11.1%, a +98.9% spread in 2021Q4.",asset,rally-batman2,1940 DC Comics Batman #2,comics,42.3,0.72,The measured result is unusual relative to the available point-in-time comparison set.,"The engine identifies coincidence and extremeness, not causation.",110.0%
a8e661d42154,2021Q4,2021-10-01,2021-12-31,2021-12-31,contemporaneous,benchmark_divergence,spy_divergence,2013 Domaine Leroy Vosne-Romanée Les Beaux Monts diverged from SPY by +64.6%,"2013 Domaine Leroy Vosne-Romanée Les Beaux Monts returned +75.7% while SPY returned +11.1%, a +64.6% spread in 2021Q4.",asset,rally-13beaux,2013 Domaine Leroy Vosne-Romanée Les Beaux Monts,wine and whiskey,42.3,0.72,The measured result is unusual relative to the available point-in-time comparison set.,"The engine identifies coincidence and extremeness, not causation.",75.7%
b05e2c2af20e,2021Q4,2021-10-01,2021-12-31,2021-12-31,contemporaneous,drawdown_recovery,deep_drawdown,1972 Mazda Cosmo Sport ended 2021Q4 35.7% below its prior peak.,1972 Mazda Cosmo Sport ended 2021Q4 35.7% below its prior peak.,asset,rally-72mc1,1972 Mazda Cosmo Sport,cars,41.96,0.95,The measured result is unusual relative to the available point-in-time comparison set.,"The engine identifies coincidence and extremeness, not causation.",-35.7%
eca6804b1a93,2021Q4,2021-10-01,2021-12-31,2021-12-31,contemporaneous,drawdown_recovery,deep_drawdown,"Shakespeare - Comedies, Histories & Tragedies ended 2021Q4 49.5% below its prior peak.","Shakespeare - Comedies, Histories & Tragedies ended 2021Q4 49.5% below its prior peak.",asset,rally-shkspr4,"Shakespeare - Comedies, Histories & Tragedies",books,40.39,0.7,The measured result is unusual relative to the available point-in-time comparison set.,"The engine identifies coincidence and extremeness, not causation.",-49.5%
168aadd247be,2021Q4,2021-10-01,2021-12-31,2021-12-31,contemporaneous,cross_asset_contrast,category_pair,A 58.8% split inside watches,"Within watches, Domino's Pizza Special Edition Rolex Air-King beat 1979 Rolex Coral Stella Dial Day-Date by 58.8% in 2021Q4.",asset,rally-dominos,Domino's Pizza Special Edition Rolex Air-King,watches,39.7,0.65,The measured result is unusual relative to the available point-in-time comparison set.,"The engine identifies coincidence and extremeness, not causation.",58.8%
20c91d2bf189,2021Q4,2021-10-01,2021-12-31,2021-12-31,contemporaneous,drawdown_recovery,deep_drawdown,DiMaggio 2 Watch ended 2021Q4 44.4% below its prior peak.,DiMaggio 2 Watch ended 2021Q4 44.4% below its prior peak.,asset,rally-dimaggio2,DiMaggio 2 Watch,watches,35.92,0.65,The measured result is unusual relative to the available point-in-time comparison set.,"The engine identifies coincidence and extremeness, not causation.",-44.4%
3dca985d7337,2021Q4,2021-10-01,2021-12-31,2021-12-31,contemporaneous,dispersion_breadth,market_breadth,Only 27% of eligible assets rose,27% of 85 eligible assets rose in 2021Q4; the mean return was +5.7% versus a +0.0% median.,market,rally-market,rally-market,,34.73,1.0,The measured result is unusual relative to the available point-in-time comparison set.,"The engine identifies coincidence and extremeness, not causation.",27.1%
5119a4673bb5,2021Q4,2021-10-01,2021-12-31,2021-12-31,contemporaneous,category,category_return,Wine And Whiskey averaged +14.8%,Wine And Whiskey assets averaged a +14.8% return in 2021Q4 across 11 eligible assets.,category,category:wine and whiskey,category:wine and whiskey,wine and whiskey,32.26,1.0,The measured result is unusual relative to the available point-in-time comparison set.,"The engine identifies coincidence and extremeness, not causation.",14.8%
1b7408847dc4,2021Q4,2021-10-01,2021-12-31,2021-12-31,contemporaneous,category,category_return,Comics averaged +10.5%,Comics assets averaged a +10.5% return in 2021Q4 across 10 eligible assets.,category,category:comics,category:comics,comics,28.68,0.95,The measured result is unusual relative to the available point-in-time comparison set.,"The engine identifies coincidence and extremeness, not causation.",10.5%
6f1ec5a3b91d,2021Q4,2021-10-01,2021-12-31,2021-12-31,contemporaneous,liquidity_staleness,stale_mark,A 184-day-old price mark,"Audemars Piguet Royal Oak's latest usable mark was 184 days old at 2021Q4 end, limiting volatility and return interpretation.",asset,rally-aproak,Audemars Piguet Royal Oak,watches,25.86,0.341,The measured result is unusual relative to the available point-in-time comparison set.,"The engine identifies coincidence and extremeness, not causation.",184
3c60b97ead42,2021Q4,2021-10-01,2021-12-31,2021-12-31,contemporaneous,liquidity_staleness,stale_mark,A 168-day-old price mark,"The Great Gatsby (Signed First Edition)'s latest usable mark was 168 days old at 2021Q4 end, limiting volatility and return interpretation.",asset,rally-gatsby,The Great Gatsby (Signed First Edition),books,25.76,0.398,The measured result is unusual relative to the available point-in-time comparison set.,"The engine identifies coincidence and extremeness, not causation.",168
ab018bd49c95,2022Q1,2022-01-01,2022-03-31,2022-03-31,contemporaneous,extreme_movers,gained,1941 DC Comics Batman #6 gained 155.2%,"1941 DC Comics Batman #6 gained 155.2% during 2022Q1, ranking in the top of 87 eligible assets.",asset,rally-batman6,1941 DC Comics Batman #6,comics,65.73,0.95,The measured result is unusual relative to the available point-in-time comparison set.,"The engine identifies coincidence and extremeness, not causation.",155.2%
51faa4761ca0,2022Q1,2022-01-01,2022-03-31,2022-03-31,contemporaneous,extreme_movers,lost,Winston Churchill - The Second World War (Signed First Edition) lost 73.2%,"Winston Churchill - The Second World War (Signed First Edition) lost 73.2% during 2022Q1, ranking in the bottom of 87 eligible assets.",asset,rally-churchill,Winston Churchill - The Second World War (Signed First Edition),books,64.96,0.95,The measured result is unusual relative to the available point-in-time comparison set.,"The engine identifies coincidence and extremeness, not causation.",-73.2%
e42c6a3cff7b,2022Q1,2022-01-01,2022-03-31,2022-03-31,contemporaneous,extreme_movers,gained,1977 Marvel Star Wars #1 gained 108.3%,"1977 Marvel Star Wars #1 gained 108.3% during 2022Q1, ranking in the top of 87 eligible assets.",asset,rally-starwars1,1977 Marvel Star Wars #1,comics,64.96,0.95,The measured result is unusual relative to the available point-in-time comparison set.,"The engine identifies coincidence and extremeness, not causation.",108.3%
5284489f9ed5,2022Q1,2022-01-01,2022-03-31,2022-03-31,contemporaneous,extreme_movers,lost,Theodore Roosevelt - African Game Trails (Signed First Edition) lost 64.4%,"Theodore Roosevelt - African Game Trails (Signed First Edition) lost 64.4% during 2022Q1, ranking in the bottom of 87 eligible assets.",asset,rally-roosevelt,Theodore Roosevelt - African Game Trails (Signed First Edition),books,64.19,0.95,The measured result is unusual relative to the available point-in-time comparison set.,"The engine identifies coincidence and extremeness, not causation.",-64.4%
7e9b8c53bad5,2022Q1,2022-01-01,2022-03-31,2022-03-31,contemporaneous,extreme_movers,gained,1962 Marvel Fantastic Four #5 gained 74.9%,"1962 Marvel Fantastic Four #5 gained 74.9% during 2022Q1, ranking in the top of 87 eligible assets.",asset,rally-fan45,1962 Marvel Fantastic Four #5,comics,64.19,0.95,The measured result is unusual relative to the available point-in-time comparison set.,"The engine identifies coincidence and extremeness, not causation.",74.9%
8d6abfb22fb6,2022Q1,2022-01-01,2022-03-31,2022-03-31,contemporaneous,drawdown_recovery,deep_drawdown,Winston Churchill - The Second World War (Signed First Edition) ended 2022Q1 73.2% below its prior peak.,Winston Churchill - The Second World War (Signed First Edition) ended 2022Q1 73.2% below its prior peak.,asset,rally-churchill,Winston Churchill - The Second World War (Signed First Edition),books,55.58,0.8,The measured result is unusual relative to the available point-in-time comparison set.,"The engine identifies coincidence and extremeness, not causation.",-73.2%
ef7c1ea3c766,2022Q1,2022-01-01,2022-03-31,2022-03-31,contemporaneous,drawdown_recovery,deep_drawdown,"Shakespeare - Comedies, Histories & Tragedies ended 2022Q1 72.0% below its prior peak.","Shakespeare - Comedies, Histories & Tragedies ended 2022Q1 72.0% below its prior peak.",asset,rally-shkspr4,"Shakespeare - Comedies, Histories & Tragedies",books,55.58,0.8,The measured result is unusual relative to the available point-in-time comparison set.,"The engine identifies coincidence and extremeness, not causation.",-72.0%
62e5e6081161,2022Q1,2022-01-01,2022-03-31,2022-03-31,contemporaneous,drawdown_recovery,deep_drawdown,Theodore Roosevelt - African Game Trails (Signed First Edition) ended 2022Q1 64.4% below its prior peak.,Theodore Roosevelt - African Game Trails (Signed First Edition) ended 2022Q1 64.4% below its prior peak.,asset,rally-roosevelt,Theodore Roosevelt - African Game Trails (Signed First Edition),books,54.54,0.85,The measured result is unusual relative to the available point-in-time comparison set.,"The engine identifies coincidence and extremeness, not causation.",-64.4%
2c74949982b6,2022Q1,2022-01-01,2022-03-31,2022-03-31,contemporaneous,drawdown_recovery,deep_drawdown,James Joyce - Ulysses (Matisse Signed) ended 2022Q1 54.9% below its prior peak.,James Joyce - Ulysses (Matisse Signed) ended 2022Q1 54.9% below its prior peak.,asset,rally-ulysses,James Joyce - Ulysses (Matisse Signed),books,49.16,0.85,The measured result is unusual relative to the available point-in-time comparison set.,"The engine identifies coincidence and extremeness, not causation.",-54.9%
fc1c44e2fe5d,2022Q1,2022-01-01,2022-03-31,2022-03-31,contemporaneous,drawdown_recovery,deep_drawdown,Allen Ginsberg - Howl and Other Poems (Inscribed First Edition) ended 2022Q1 48.8% below its prior peak.,Allen Ginsberg - Howl and Other Poems (Inscribed First Edition) ended 2022Q1 48.8% below its prior peak.,asset,rally-aghowl,Allen Ginsberg - Howl and Other Poems (Inscribed First Edition),books,47.68,0.9,The measured result is unusual relative to the available point-in-time comparison set.,"The engine identifies coincidence and extremeness, not causation.",-48.8%
09fb8ccdedf1,2022Q1,2022-01-01,2022-03-31,2022-03-31,contemporaneous,benchmark_divergence,spy_divergence,1977 Marvel Star Wars #1 diverged from SPY by +112.9%,"1977 Marvel Star Wars #1 returned +108.3% while SPY returned -4.6%, a +112.9% spread in 2022Q1.",asset,rally-starwars1,1977 Marvel Star Wars #1,comics,42.3,0.72,The measured result is unusual relative to the available point-in-time comparison set.,"The engine identifies coincidence and extremeness, not causation.",108.3%
bca5de0ac74e,2022Q1,2022-01-01,2022-03-31,2022-03-31,contemporaneous,benchmark_divergence,spy_divergence,1962 Marvel Fantastic Four #5 diverged from SPY by +79.5%,"1962 Marvel Fantastic Four #5 returned +74.9% while SPY returned -4.6%, a +79.5% spread in 2022Q1.",asset,rally-fan45,1962 Marvel Fantastic Four #5,comics,42.3,0.72,The measured result is unusual relative to the available point-in-time comparison set.,"The engine identifies coincidence and extremeness, not causation.",74.9%
da7e0324b341,2022Q1,2022-01-01,2022-03-31,2022-03-31,contemporaneous,benchmark_divergence,spy_divergence,1940 DC Comics Batman #2 diverged from SPY by +70.3%,"1940 DC Comics Batman #2 returned +65.7% while SPY returned -4.6%, a +70.3% spread in 2022Q1.",asset,rally-batman2,1940 DC Comics Batman #2,comics,42.3,0.72,The measured result is unusual relative to the available point-in-time comparison set.,"The engine identifies coincidence and extremeness, not causation.",65.7%
ffce7800dad0,2022Q1,2022-01-01,2022-03-31,2022-03-31,contemporaneous,benchmark_divergence,spy_divergence,1941 DC Comics Batman #6 diverged from SPY by +159.8%,"1941 DC Comics Batman #6 returned +155.2% while SPY returned -4.6%, a +159.8% spread in 2022Q1.",asset,rally-batman6,1941 DC Comics Batman #6,comics,42.3,0.72,The measured result is unusual relative to the available point-in-time comparison set.,"The engine identifies coincidence and extremeness, not causation.",155.2%
9993ef20db88,2022Q1,2022-01-01,2022-03-31,2022-03-31,contemporaneous,cross_asset_contrast,category_pair,A 76.6% split inside books,"Within books, Jack Kerouac - On the Road (Signed First Edition) beat Winston Churchill - The Second World War (Signed First Edition) by 76.6% in 2022Q1.",asset,rally-kerouac,Jack Kerouac - On the Road (Signed First Edition),books,40.28,0.65,The measured result is unusual relative to the available point-in-time comparison set.,"The engine identifies coincidence and extremeness, not causation.",76.6%
ccbef5ec2fbd,2022Q1,2022-01-01,2022-03-31,2022-03-31,contemporaneous,category,category_return,Comics averaged +26.7%,Comics assets averaged a +26.7% return in 2022Q1 across 13 eligible assets.,category,category:comics,category:comics,comics,39.39,1.0,The measured result is unusual relative to the available point-in-time comparison set.,"The engine identifies coincidence and extremeness, not causation.",26.7%
f1c89ceab01e,2022Q1,2022-01-01,2022-03-31,2022-03-31,contemporaneous,category,category_return,Books averaged -26.4%,Books assets averaged a -26.4% return in 2022Q1 across 29 eligible assets.,category,category:books,category:books,books,39.24,1.0,The measured result is unusual relative to the available point-in-time comparison set.,"The engine identifies coincidence and extremeness, not causation.",-26.4%
80b874c5a63a,2022Q1,2022-01-01,2022-03-31,2022-03-31,contemporaneous,cross_asset_contrast,category_pair,A 57.8% split inside wine and whiskey,"Within wine and whiskey, Macallan 30-Year-Old Blue Label Scotch Whisky beat 2009 Domaine Leroy Richebourg by 57.8% in 2022Q1.",asset,rally-macallan1,Macallan 30-Year-Old Blue Label Scotch Whisky,wine and whiskey,39.21,0.65,The measured result is unusual relative to the available point-in-time comparison set.,"The engine identifies coincidence and extremeness, not causation.",57.8%
207c34f381ef,2022Q1,2022-01-01,2022-03-31,2022-03-31,contemporaneous,dispersion_breadth,market_breadth,Only 18% of eligible assets rose,18% of 87 eligible assets rose in 2022Q1; the mean return was -10.1% versus a -10.9% median.,market,rally-market,rally-market,,36.01,1.0,The measured result is unusual relative to the available point-in-time comparison set.,"The engine identifies coincidence and extremeness, not causation.",18.4%
6ff4925f6ddc,2022Q1,2022-01-01,2022-03-31,2022-03-31,contemporaneous,cross_asset_contrast,category_pair,A 48.2% split inside cars,"Within cars, 1977 Lotus Esprit S1 beat 1992 Chevrolet Corvette ZR-1 by 48.2% in 2022Q1.",asset,rally-77le1,1977 Lotus Esprit S1,cars,34.43,0.65,The measured result is unusual relative to the available point-in-time comparison set.,"The engine identifies coincidence and extremeness, not causation.",48.2%
9dfed8ddaa1f,2022Q2,2022-04-01,2022-06-30,2022-06-30,contemporaneous,extreme_movers,gained,Mark Twain - Adventures of Huckleberry Finn (First Edition) gained 82.6%,"Mark Twain - Adventures of Huckleberry Finn (First Edition) gained 82.6% during 2022Q2, ranking in the top of 108 eligible assets.",asset,rally-huckfinn,Mark Twain - Adventures of Huckleberry Finn (First Edition),books,65.73,0.95,The measured result is unusual relative to the available point-in-time comparison set.,"The engine identifies coincidence and extremeness, not causation.",82.6%
3fa6346da3e5,2022Q2,2022-04-01,2022-06-30,2022-06-30,contemporaneous,extreme_movers,gained,Harper Lee - To Kill a Mockingbird (Signed First Edition) gained 52.4%,"Harper Lee - To Kill a Mockingbird (Signed First Edition) gained 52.4% during 2022Q2, ranking in the top of 108 eligible assets.",asset,rally-tkam,Harper Lee - To Kill a Mockingbird (Signed First Edition),books,65.11,0.95,The measured result is unusual relative to the available point-in-time comparison set.,"The engine identifies coincidence and extremeness, not causation.",52.4%
84df7c335bde,2022Q2,2022-04-01,2022-06-30,2022-06-30,contemporaneous,extreme_movers,lost,1940 DC Comics Batman #2 lost 71.3%,"1940 DC Comics Batman #2 lost 71.3% during 2022Q2, ranking in the bottom of 108 eligible assets.",asset,rally-batman2,1940 DC Comics Batman #2,comics,65.11,0.95,The measured result is unusual relative to the available point-in-time comparison set.,"The engine identifies coincidence and extremeness, not causation.",-71.3%
4eacf9e06cba,2022Q2,2022-04-01,2022-06-30,2022-06-30,contemporaneous,extreme_movers,lost,1973 Marvel Ghost Rider #1 lost 56.9%,"1973 Marvel Ghost Rider #1 lost 56.9% during 2022Q2, ranking in the bottom of 108 eligible assets.",asset,rally-ghost1,1973 Marvel Ghost Rider #1,comics,64.49,0.95,The measured result is unusual relative to the available point-in-time comparison set.,"The engine identifies coincidence and extremeness, not causation.",-56.9%
5c9ee4cbc12a,2022Q2,2022-04-01,2022-06-30,2022-06-30,contemporaneous,extreme_movers,lost,1941 DC Comics Batman #6 lost 56.8%,"1941 DC Comics Batman #6 lost 56.8% during 2022Q2, ranking in the bottom of 108 eligible assets.",asset,rally-batman6,1941 DC Comics Batman #6,comics,63.87,0.95,The measured result is unusual relative to the available point-in-time comparison set.,"The engine identifies coincidence and extremeness, not causation.",-56.8%
d9313c5a32e2,2022Q2,2022-04-01,2022-06-30,2022-06-30,contemporaneous,drawdown_recovery,deep_drawdown,Theodore Roosevelt - African Game Trails (Signed First Edition) ended 2022Q2 82.5% below its prior peak.,Theodore Roosevelt - African Game Trails (Signed First Edition) ended 2022Q2 82.5% below its prior peak.,asset,rally-roosevelt,Theodore Roosevelt - African Game Trails (Signed First Edition),books,59.93,0.9,The measured result is unusual relative to the available point-in-time comparison set.,"The engine identifies coincidence and extremeness, not causation.",-82.5%
3b3fa00ecf22,2022Q2,2022-04-01,2022-06-30,2022-06-30,contemporaneous,drawdown_recovery,deep_drawdown,1943 DC Comics Superman #21 ended 2022Q2 66.7% below its prior peak.,1943 DC Comics Superman #21 ended 2022Q2 66.7% below its prior peak.,asset,rally-super21,1943 DC Comics Superman #21,comics,58.0,0.9,The measured result is unusual relative to the available point-in-time comparison set.,"The engine identifies coincidence and extremeness, not causation.",-66.7%
a9f833cc0785,2022Q2,2022-04-01,2022-06-30,2022-06-30,contemporaneous,drawdown_recovery,deep_drawdown,"Shakespeare - Comedies, Histories & Tragedies ended 2022Q2 76.2% below its prior peak.","Shakespeare - Comedies, Histories & Tragedies ended 2022Q2 76.2% below its prior peak.",asset,rally-shkspr4,"Shakespeare - Comedies, Histories & Tragedies",books,57.73,0.85,The measured result is unusual relative to the available point-in-time comparison set.,"The engine identifies coincidence and extremeness, not causation.",-76.2%
c7efa39a8b94,2022Q2,2022-04-01,2022-06-30,2022-06-30,contemporaneous,drawdown_recovery,deep_drawdown,1965 Mustang Fastback ended 2022Q2 55.4% below its prior peak.,1965 Mustang Fastback ended 2022Q2 55.4% below its prior peak.,asset,rally-65fm1,1965 Mustang Fastback,cars,56.37,1.0,The measured result is unusual relative to the available point-in-time comparison set.,"The engine identifies coincidence and extremeness, not causation.",-55.4%
dd58220d6906,2022Q2,2022-04-01,2022-06-30,2022-06-30,contemporaneous,drawdown_recovery,deep_drawdown,Winston Churchill - The Second World War (Signed First Edition) ended 2022Q2 64.3% below its prior peak.,Winston Churchill - The Second World War (Signed First Edition) ended 2022Q2 64.3% below its prior peak.,asset,rally-churchill,Winston Churchill - The Second World War (Signed First Edition),books,54.49,0.85,The measured result is unusual relative to the available point-in-time comparison set.,"The engine identifies coincidence and extremeness, not causation.",-64.3%
1a7abdf28956,2022Q2,2022-04-01,2022-06-30,2022-06-30,contemporaneous,benchmark_divergence,spy_divergence,Mark Twain - Adventures of Huckleberry Finn (First Edition) diverged from SPY by +98.7%,"Mark Twain - Adventures of Huckleberry Finn (First Edition) returned +82.6% while SPY returned -16.1%, a +98.7% spread in 2022Q2.",asset,rally-huckfinn,Mark Twain - Adventures of Huckleberry Finn (First Edition),books,42.3,0.72,The measured result is unusual relative to the available point-in-time comparison set.,"The engine identifies coincidence and extremeness, not causation.",82.6%
3574f352bb15,2022Q2,2022-04-01,2022-06-30,2022-06-30,contemporaneous,benchmark_divergence,spy_divergence,Harper Lee - To Kill a Mockingbird (Signed First Edition) diverged from SPY by +68.5%,"Harper Lee - To Kill a Mockingbird (Signed First Edition) returned +52.4% while SPY returned -16.1%, a +68.5% spread in 2022Q2.",asset,rally-tkam,Harper Lee - To Kill a Mockingbird (Signed First Edition),books,42.3,0.72,The measured result is unusual relative to the available point-in-time comparison set.,"The engine identifies coincidence and extremeness, not causation.",52.4%
47d616405afe,2022Q2,2022-04-01,2022-06-30,2022-06-30,contemporaneous,benchmark_divergence,spy_divergence,1940 DC Comics Batman #2 diverged from SPY by -55.2%,"1940 DC Comics Batman #2 returned -71.3% while SPY returned -16.1%, a -55.2% spread in 2022Q2.",asset,rally-batman2,1940 DC Comics Batman #2,comics,42.3,0.72,The measured result is unusual relative to the available point-in-time comparison set.,"The engine identifies coincidence and extremeness, not causation.",-71.3%
b42aaf980f50,2022Q2,2022-04-01,2022-06-30,2022-06-30,contemporaneous,benchmark_divergence,spy_divergence,Winston Churchill - The Second World War (Signed First Edition) diverged from SPY by +49.4%,"Winston Churchill - The Second World War (Signed First Edition) returned +33.3% while SPY returned -16.1%, a +49.4% spread in 2022Q2.",asset,rally-churchill,Winston Churchill - The Second World War (Signed First Edition),books,41.96,0.72,The measured result is unusual relative to the available point-in-time comparison set.,"The engine identifies coincidence and extremeness, not causation.",33.3%
8c4d2c24e651,2022Q2,2022-04-01,2022-06-30,2022-06-30,contemporaneous,cross_asset_contrast,category_pair,A 91.7% split inside comics,"Within comics, 1963 Marvel The Amazing Spider-Man #1 beat 1940 DC Comics Batman #2 by 91.7% in 2022Q2.",asset,rally-spider1,1963 Marvel The Amazing Spider-Man #1,comics,40.28,0.65,The measured result is unusual relative to the available point-in-time comparison set.,"The engine identifies coincidence and extremeness, not causation.",91.7%
6a98876ae02c,2022Q2,2022-04-01,2022-06-30,2022-06-30,contemporaneous,cross_asset_contrast,category_pair,A 59.4% split inside cars,"Within cars, 1993 Jaguar XJ220 beat 1982 Aston Martin V8 Vantage Oscar India by 59.4% in 2022Q2.",asset,rally-93xj1,1993 Jaguar XJ220,cars,39.96,0.65,The measured result is unusual relative to the available point-in-time comparison set.,"The engine identifies coincidence and extremeness, not causation.",59.4%
beadfc93c6e9,2022Q2,2022-04-01,2022-06-30,2022-06-30,contemporaneous,category,category_return,Comics averaged -27.3%,Comics assets averaged a -27.3% return in 2022Q2 across 21 eligible assets.,category,category:comics,category:comics,comics,39.78,1.0,The measured result is unusual relative to the available point-in-time comparison set.,"The engine identifies coincidence and extremeness, not causation.",-27.3%
928399aea80c,2022Q2,2022-04-01,2022-06-30,2022-06-30,contemporaneous,category,category_return,Cars averaged -16.2%,Cars assets averaged a -16.2% return in 2022Q2 across 13 eligible assets.,category,category:cars,category:cars,cars,33.13,1.0,The measured result is unusual relative to the available point-in-time comparison set.,"The engine identifies coincidence and extremeness, not causation.",-16.2%
d75bf1d971d0,2022Q2,2022-04-01,2022-06-30,2022-06-30,contemporaneous,dispersion_breadth,market_breadth,Only 23% of eligible assets rose,23% of 108 eligible assets rose in 2022Q2; the mean return was -10.2% versus a -8.9% median.,market,rally-market,rally-market,,31.14,1.0,The measured result is unusual relative to the available point-in-time comparison set.,"The engine identifies coincidence and extremeness, not causation.",23.1%
eeae7758890e,2022Q2,2022-04-01,2022-06-30,2022-06-30,contemporaneous,cross_asset_contrast,category_pair,A 39.3% split inside wine and whiskey,"Within wine and whiskey, Karuizawa Aqua of Life 50-Year-Old Whisky beat 2009 Domaine Leroy Vosne-Romanée Les Beaux Monts by 39.3% in 2022Q2.",asset,rally-karuizawa,Karuizawa Aqua of Life 50-Year-Old Whisky,wine and whiskey,29.98,0.65,The measured result is unusual relative to the available point-in-time comparison set.,"The engine identifies coincidence and extremeness, not causation.",39.3%
afdaadcded30,2022Q3,2022-07-01,2022-09-30,2022-09-30,contemporaneous,extreme_movers,gained,1973 Marvel Ghost Rider #1 gained 103.9%,"1973 Marvel Ghost Rider #1 gained 103.9% during 2022Q3, ranking in the top of 116 eligible assets.",asset,rally-ghost1,1973 Marvel Ghost Rider #1,comics,65.73,0.95,The measured result is unusual relative to the available point-in-time comparison set.,"The engine identifies coincidence and extremeness, not causation.",103.9%
b066cdcd15f6,2022Q3,2022-07-01,2022-09-30,2022-09-30,contemporaneous,extreme_movers,gained,1943 DC Comics Superman #21 gained 65.5%,"1943 DC Comics Superman #21 gained 65.5% during 2022Q3, ranking in the top of 116 eligible assets.",asset,rally-super21,1943 DC Comics Superman #21,comics,65.15,0.95,The measured result is unusual relative to the available point-in-time comparison set.,"The engine identifies coincidence and extremeness, not causation.",65.5%
86f0c1a3cc21,2022Q3,2022-07-01,2022-09-30,2022-09-30,contemporaneous,extreme_movers,gained,1940 DC Comics Batman #2 gained 50.0%,"1940 DC Comics Batman #2 gained 50.0% during 2022Q3, ranking in the top of 116 eligible assets.",asset,rally-batman2,1940 DC Comics Batman #2,comics,64.58,0.95,The measured result is unusual relative to the available point-in-time comparison set.,"The engine identifies coincidence and extremeness, not causation.",50.0%
049411e468c0,2022Q3,2022-07-01,2022-09-30,2022-09-30,contemporaneous,extreme_movers,gained,"Shakespeare - Comedies, Histories & Tragedies gained 46.7%","Shakespeare - Comedies, Histories & Tragedies gained 46.7% during 2022Q3, ranking in the top of 116 eligible assets.",asset,rally-shkspr4,"Shakespeare - Comedies, Histories & Tragedies",books,62.85,0.95,The measured result is unusual relative to the available point-in-time comparison set.,"The engine identifies coincidence and extremeness, not causation.",46.7%
49dca48211de,2022Q3,2022-07-01,2022-09-30,2022-09-30,contemporaneous,extreme_movers,lost,1961 DC Comics The Flash #123 lost 42.9%,"1961 DC Comics The Flash #123 lost 42.9% during 2022Q3, ranking in the bottom of 116 eligible assets.",asset,rally-flash123,1961 DC Comics The Flash #123,comics,62.34,0.95,The measured result is unusual relative to the available point-in-time comparison set.,"The engine identifies coincidence and extremeness, not causation.",-42.9%
d9f11db1141b,2022Q3,2022-07-01,2022-09-30,2022-09-30,contemporaneous,drawdown_recovery,deep_drawdown,Theodore Roosevelt - African Game Trails (Signed First Edition) ended 2022Q3 75.4% below its prior peak.,Theodore Roosevelt - African Game Trails (Signed First Edition) ended 2022Q3 75.4% below its prior peak.,asset,rally-roosevelt,Theodore Roosevelt - African Game Trails (Signed First Edition),books,62.16,0.95,The measured result is unusual relative to the available point-in-time comparison set.,"The engine identifies coincidence and extremeness, not causation.",-75.4%
95938570d22f,2022Q3,2022-07-01,2022-09-30,2022-09-30,contemporaneous,drawdown_recovery,deep_drawdown,Allen Ginsberg - Howl and Other Poems (Inscribed First Edition) ended 2022Q3 63.5% below its prior peak.,Allen Ginsberg - Howl and Other Poems (Inscribed First Edition) ended 2022Q3 63.5% below its prior peak.,asset,rally-aghowl,Allen Ginsberg - Howl and Other Poems (Inscribed First Edition),books,60.51,1.0,The measured result is unusual relative to the available point-in-time comparison set.,"The engine identifies coincidence and extremeness, not causation.",-63.5%
db274f3c8c55,2022Q3,2022-07-01,2022-09-30,2022-09-30,contemporaneous,drawdown_recovery,deep_drawdown,Winston Churchill - The Second World War (Signed First Edition) ended 2022Q3 65.2% below its prior peak.,Winston Churchill - The Second World War (Signed First Edition) ended 2022Q3 65.2% below its prior peak.,asset,rally-churchill,Winston Churchill - The Second World War (Signed First Edition),books,57.13,0.9,The measured result is unusual relative to the available point-in-time comparison set.,"The engine identifies coincidence and extremeness, not causation.",-65.2%
d1fcbbeb19ad,2022Q3,2022-07-01,2022-09-30,2022-09-30,contemporaneous,drawdown_recovery,deep_drawdown,"Shakespeare - Comedies, Histories & Tragedies ended 2022Q3 65.1% below its prior peak.","Shakespeare - Comedies, Histories & Tragedies ended 2022Q3 65.1% below its prior peak.",asset,rally-shkspr4,"Shakespeare - Comedies, Histories & Tragedies",books,57.12,0.9,The measured result is unusual relative to the available point-in-time comparison set.,"The engine identifies coincidence and extremeness, not causation.",-65.1%
0d68eb51c2bc,2022Q3,2022-07-01,2022-09-30,2022-09-30,contemporaneous,drawdown_recovery,deep_drawdown,1965 Mustang Fastback ended 2022Q3 53.1% below its prior peak.,1965 Mustang Fastback ended 2022Q3 53.1% below its prior peak.,asset,rally-65fm1,1965 Mustang Fastback,cars,54.98,1.0,The measured result is unusual relative to the available point-in-time comparison set.,"The engine identifies coincidence and extremeness, not causation.",-53.1%
1a9e9b9a81b9,2022Q3,2022-07-01,2022-09-30,2022-09-30,contemporaneous,benchmark_divergence,spy_divergence,1973 Marvel Ghost Rider #1 diverged from SPY by +108.9%,"1973 Marvel Ghost Rider #1 returned +103.9% while SPY returned -4.9%, a +108.9% spread in 2022Q3.",asset,rally-ghost1,1973 Marvel Ghost Rider #1,comics,42.3,0.72,The measured result is unusual relative to the available point-in-time comparison set.,"The engine identifies coincidence and extremeness, not causation.",103.9%
8eea67160e11,2022Q3,2022-07-01,2022-09-30,2022-09-30,contemporaneous,benchmark_divergence,spy_divergence,1943 DC Comics Superman #21 diverged from SPY by +70.4%,"1943 DC Comics Superman #21 returned +65.5% while SPY returned -4.9%, a +70.4% spread in 2022Q3.",asset,rally-super21,1943 DC Comics Superman #21,comics,42.3,0.72,The measured result is unusual relative to the available point-in-time comparison set.,"The engine identifies coincidence and extremeness, not causation.",65.5%
d0e3ca04befa,2022Q3,2022-07-01,2022-09-30,2022-09-30,contemporaneous,benchmark_divergence,spy_divergence,1940 DC Comics Batman #2 diverged from SPY by +54.9%,"1940 DC Comics Batman #2 returned +50.0% while SPY returned -4.9%, a +54.9% spread in 2022Q3.",asset,rally-batman2,1940 DC Comics Batman #2,comics,42.3,0.72,The measured result is unusual relative to the available point-in-time comparison set.,"The engine identifies coincidence and extremeness, not causation.",50.0%
a8937dc245b5,2022Q3,2022-07-01,2022-09-30,2022-09-30,contemporaneous,cross_asset_contrast,category_pair,A 56.5% split inside wine and whiskey,"Within wine and whiskey, Macallan 40-Year-Old Whisky beat 2017 Domaine Dujac Wine Collection by 56.5% in 2022Q3.",asset,rally-macallan2,Macallan 40-Year-Old Whisky,wine and whiskey,38.52,0.65,The measured result is unusual relative to the available point-in-time comparison set.,"The engine identifies coincidence and extremeness, not causation.",56.5%
1970bb07bd85,2022Q3,2022-07-01,2022-09-30,2022-09-30,contemporaneous,cross_asset_contrast,category_pair,A 52.8% split inside watches,"Within watches, Rolex GMT-Master II Pepsi Jubilee beat Omega Speedmaster Silver Snoopy by 52.8% in 2022Q3.",asset,rally-rlexpepsi,Rolex GMT-Master II Pepsi Jubilee,watches,36.72,0.65,The measured result is unusual relative to the available point-in-time comparison set.,"The engine identifies coincidence and extremeness, not causation.",52.8%
f27464a7abf0,2022Q3,2022-07-01,2022-09-30,2022-09-30,contemporaneous,category,category_return,Comics averaged +12.2%,Comics assets averaged a +12.2% return in 2022Q3 across 22 eligible assets.,category,category:comics,category:comics,comics,30.74,1.0,The measured result is unusual relative to the available point-in-time comparison set.,"The engine identifies coincidence and extremeness, not causation.",12.2%
3cc36ef93788,2022Q3,2022-07-01,2022-09-30,2022-09-30,contemporaneous,dispersion_breadth,market_breadth,Only 47% of eligible assets rose,47% of 116 eligible assets rose in 2022Q3; the mean return was +2.8% versus a +0.0% median.,market,rally-market,rally-market,,28.42,1.0,The measured result is unusual relative to the available point-in-time comparison set.,"The engine identifies coincidence and extremeness, not causation.",47.4%
4185a3de6091,2022Q3,2022-07-01,2022-09-30,2022-09-30,contemporaneous,cross_asset_contrast,category_pair,A 36.1% split inside cars,"Within cars, 1975 Renault Alpine A110 beat 1963 Chevrolet Corvette Split Window by 36.1% in 2022Q3.",asset,rally-75ra1,1975 Renault Alpine A110,cars,28.38,0.65,The measured result is unusual relative to the available point-in-time comparison set.,"The engine identifies coincidence and extremeness, not causation.",36.1%
ab2384450b81,2022Q3,2022-07-01,2022-09-30,2022-09-30,contemporaneous,liquidity_staleness,stale_mark,A 162-day-old price mark,"172 GM Gold Nugget's latest usable mark was 162 days old at 2022Q3 end, limiting volatility and return interpretation.",asset,rally-gold1,172 GM Gold Nugget,precious minerals,25.71,0.419,The measured result is unusual relative to the available point-in-time comparison set.,"The engine identifies coincidence and extremeness, not causation.",162
ec46c7a0fef5,2022Q3,2022-07-01,2022-09-30,2022-09-30,contemporaneous,liquidity_staleness,stale_mark,A 152-day-old price mark,"Treasure Island (First Edition)'s latest usable mark was 152 days old at 2022Q3 end, limiting volatility and return interpretation.",asset,rally-treasure,Treasure Island (First Edition),books,25.62,0.455,The measured result is unusual relative to the available point-in-time comparison set.,"The engine identifies coincidence and extremeness, not causation.",152
d8af652ca4c0,2022Q4,2022-10-01,2022-12-30,2022-12-30,contemporaneous,extreme_movers,gained,Pappy Van Winkle Bourbon Assortment gained 153.6%,"Pappy Van Winkle Bourbon Assortment gained 153.6% during 2022Q4, ranking in the top of 127 eligible assets.",asset,rally-pappy1,Pappy Van Winkle Bourbon Assortment,wine and whiskey,65.73,0.95,The measured result is unusual relative to the available point-in-time comparison set.,"The engine identifies coincidence and extremeness, not causation.",153.6%
e4a11d0a8591,2022Q4,2022-10-01,2022-12-30,2022-12-30,contemporaneous,extreme_movers,lost,1969 Boss 302 Mustang lost 50.5%,"1969 Boss 302 Mustang lost 50.5% during 2022Q4, ranking in the bottom of 127 eligible assets.",asset,rally-69bm1,1969 Boss 302 Mustang,cars,65.2,0.95,The measured result is unusual relative to the available point-in-time comparison set.,"The engine identifies coincidence and extremeness, not causation.",-50.5%
fb254a6885da,2022Q4,2022-10-01,2022-12-30,2022-12-30,contemporaneous,extreme_movers,gained,1961 DC Comics The Flash #123 gained 62.5%,"1961 DC Comics The Flash #123 gained 62.5% during 2022Q4, ranking in the top of 127 eligible assets.",asset,rally-flash123,1961 DC Comics The Flash #123,comics,65.2,0.95,The measured result is unusual relative to the available point-in-time comparison set.,"The engine identifies coincidence and extremeness, not causation.",62.5%
4359a2a85178,2022Q4,2022-10-01,2022-12-30,2022-12-30,contemporaneous,drawdown_recovery,deep_drawdown,Allen Ginsberg - Howl and Other Poems (Inscribed First Edition) ended 2022Q4 72.8% below its prior peak.,Allen Ginsberg - Howl and Other Poems (Inscribed First Edition) ended 2022Q4 72.8% below its prior peak.,asset,rally-aghowl,Allen Ginsberg - Howl and Other Poems (Inscribed First Edition),books,65.1,1.0,The measured result is unusual relative to the available point-in-time comparison set.,"The engine identifies coincidence and extremeness, not causation.",-72.8%
9b012720b444,2022Q4,2022-10-01,2022-12-30,2022-12-30,contemporaneous,extreme_movers,gained,Henry David Thoreau - Walden (First Edition) gained 62.1%,"Henry David Thoreau - Walden (First Edition) gained 62.1% during 2022Q4, ranking in the top of 127 eligible assets.",asset,rally-walden,Henry David Thoreau - Walden (First Edition),books,64.68,0.95,The measured result is unusual relative to the available point-in-time comparison set.,"The engine identifies coincidence and extremeness, not causation.",62.1%
4223e0681feb,2022Q4,2022-10-01,2022-12-30,2022-12-30,contemporaneous,drawdown_recovery,deep_drawdown,Theodore Roosevelt - African Game Trails (Signed First Edition) ended 2022Q4 75.0% below its prior peak.,Theodore Roosevelt - African Game Trails (Signed First Edition) ended 2022Q4 75.0% below its prior peak.,asset,rally-roosevelt,Theodore Roosevelt - African Game Trails (Signed First Edition),books,64.43,1.0,The measured result is unusual relative to the available point-in-time comparison set.,"The engine identifies coincidence and extremeness, not causation.",-75.0%
0b82b6971b53,2022Q4,2022-10-01,2022-12-30,2022-12-30,contemporaneous,extreme_movers,lost,Treasure Island (First Edition) lost 49.0%,"Treasure Island (First Edition) lost 49.0% during 2022Q4, ranking in the bottom of 127 eligible assets.",asset,rally-treasure,Treasure Island (First Edition),books,64.32,0.95,The measured result is unusual relative to the available point-in-time comparison set.,"The engine identifies coincidence and extremeness, not causation.",-49.0%
19411236c68c,2022Q4,2022-10-01,2022-12-30,2022-12-30,contemporaneous,drawdown_recovery,deep_drawdown,Winston Churchill - The Second World War (Signed First Edition) ended 2022Q4 73.2% below its prior peak.,Winston Churchill - The Second World War (Signed First Edition) ended 2022Q4 73.2% below its prior peak.,asset,rally-churchill,Winston Churchill - The Second World War (Signed First Edition),books,62.16,0.95,The measured result is unusual relative to the available point-in-time comparison set.,"The engine identifies coincidence and extremeness, not causation.",-73.2%
00ef80ee419c,2022Q4,2022-10-01,2022-12-30,2022-12-30,contemporaneous,drawdown_recovery,deep_drawdown,"Shakespeare - Comedies, Histories & Tragedies ended 2022Q4 65.5% below its prior peak.","Shakespeare - Comedies, Histories & Tragedies ended 2022Q4 65.5% below its prior peak.",asset,rally-shkspr4,"Shakespeare - Comedies, Histories & Tragedies",books,59.51,0.95,The measured result is unusual relative to the available point-in-time comparison set.,"The engine identifies coincidence and extremeness, not causation.",-65.5%
50d604f29a47,2022Q4,2022-10-01,2022-12-30,2022-12-30,contemporaneous,drawdown_recovery,deep_drawdown,1965 Alfa Romeo Giulia SS ended 2022Q4 60.2% below its prior peak.,1965 Alfa Romeo Giulia SS ended 2022Q4 60.2% below its prior peak.,asset,rally-65ag1,1965 Alfa Romeo Giulia SS,cars,59.21,1.0,The measured result is unusual relative to the available point-in-time comparison set.,"The engine identifies coincidence and extremeness, not causation.",-60.2%
30947afaf589,2022Q4,2022-10-01,2022-12-30,2022-12-30,contemporaneous,benchmark_divergence,spy_divergence,Treasure Island (First Edition) diverged from SPY by -56.6%,"Treasure Island (First Edition) returned -49.0% while SPY returned +7.6%, a -56.6% spread in 2022Q4.",asset,rally-treasure,Treasure Island (First Edition),books,42.3,0.72,The measured result is unusual relative to the available point-in-time comparison set.,"The engine identifies coincidence and extremeness, not causation.",-49.0%
5c03fd40a5ad,2022Q4,2022-10-01,2022-12-30,2022-12-30,contemporaneous,benchmark_divergence,spy_divergence,Pappy Van Winkle Bourbon Assortment diverged from SPY by +146.0%,"Pappy Van Winkle Bourbon Assortment returned +153.6% while SPY returned +7.6%, a +146.0% spread in 2022Q4.",asset,rally-pappy1,Pappy Van Winkle Bourbon Assortment,wine and whiskey,42.3,0.72,The measured result is unusual relative to the available point-in-time comparison set.,"The engine identifies coincidence and extremeness, not causation.",153.6%
d3323a919239,2022Q4,2022-10-01,2022-12-30,2022-12-30,contemporaneous,benchmark_divergence,spy_divergence,1961 DC Comics The Flash #123 diverged from SPY by +54.9%,"1961 DC Comics The Flash #123 returned +62.5% while SPY returned +7.6%, a +54.9% spread in 2022Q4.",asset,rally-flash123,1961 DC Comics The Flash #123,comics,42.3,0.72,The measured result is unusual relative to the available point-in-time comparison set.,"The engine identifies coincidence and extremeness, not causation.",62.5%
ea0f6515b092,2022Q4,2022-10-01,2022-12-30,2022-12-30,contemporaneous,benchmark_divergence,spy_divergence,1969 Boss 302 Mustang diverged from SPY by -58.1%,"1969 Boss 302 Mustang returned -50.5% while SPY returned +7.6%, a -58.1% spread in 2022Q4.",asset,rally-69bm1,1969 Boss 302 Mustang,cars,42.3,0.72,The measured result is unusual relative to the available point-in-time comparison set.,"The engine identifies coincidence and extremeness, not causation.",-50.5%
0caec0e1257b,2022Q4,2022-10-01,2022-12-30,2022-12-30,contemporaneous,cross_asset_contrast,category_pair,A 111.1% split inside books,"Within books, Henry David Thoreau - Walden (First Edition) beat Treasure Island (First Edition) by 111.1% in 2022Q4.",asset,rally-walden,Henry David Thoreau - Walden (First Edition),books,40.28,0.65,The measured result is unusual relative to the available point-in-time comparison set.,"The engine identifies coincidence and extremeness, not causation.",111.1%
887c98423928,2022Q4,2022-10-01,2022-12-30,2022-12-30,contemporaneous,cross_asset_contrast,category_pair,A 87.4% split inside cars,"Within cars, 1991 Mitsubishi 3000GT VR-4 beat 1969 Boss 302 Mustang by 87.4% in 2022Q4.",asset,rally-91mv1,1991 Mitsubishi 3000GT VR-4,cars,40.28,0.65,The measured result is unusual relative to the available point-in-time comparison set.,"The engine identifies coincidence and extremeness, not causation.",87.4%
bae686bd7e36,2022Q4,2022-10-01,2022-12-30,2022-12-30,contemporaneous,cross_asset_contrast,category_pair,A 77.9% split inside watches,"Within watches, Omega Speedmaster Silver Snoopy beat Rolex GMT-Master II Pepsi Jubilee by 77.9% in 2022Q4.",asset,rally-snoopy,Omega Speedmaster Silver Snoopy,watches,40.28,0.65,The measured result is unusual relative to the available point-in-time comparison set.,"The engine identifies coincidence and extremeness, not causation.",77.9%
c942484bc045,2022Q4,2022-10-01,2022-12-30,2022-12-30,contemporaneous,cross_asset_contrast,category_pair,A 57.8% split inside handbags,"Within handbags, Hermès Faubourg beat Hermès 30cm So Black Birkin by 57.8% in 2022Q4.",asset,rally-faubourg,Hermès Faubourg,handbags,39.17,0.65,The measured result is unusual relative to the available point-in-time comparison set.,"The engine identifies coincidence and extremeness, not causation.",57.8%
534abb895ca5,2022Q4,2022-10-01,2022-12-30,2022-12-30,contemporaneous,cross_asset_contrast,category_pair,A 50.3% split inside precious minerals,"Within precious minerals, 172 GM Gold Nugget beat Lunar Meteorite by 50.3% in 2022Q4.",asset,rally-gold1,172 GM Gold Nugget,precious minerals,35.45,0.65,The measured result is unusual relative to the available point-in-time comparison set.,"The engine identifies coincidence and extremeness, not causation.",50.3%
83fc8a3f9b41,2022Q4,2022-10-01,2022-12-30,2022-12-30,contemporaneous,category,category_return,Wine And Whiskey averaged +13.3%,Wine And Whiskey assets averaged a +13.3% return in 2022Q4 across 17 eligible assets.,category,category:wine and whiskey,category:wine and whiskey,wine and whiskey,31.36,1.0,The measured result is unusual relative to the available point-in-time comparison set.,"The engine identifies coincidence and extremeness, not causation.",13.3%
767ffcfabb99,2023Q1,2023-01-01,2023-03-31,2023-03-31,contemporaneous,extreme_movers,gained,1963 Marvel The Amazing Spider-Man #1 gained 83.0%,"1963 Marvel The Amazing Spider-Man #1 gained 83.0% during 2023Q1, ranking in the top of 135 eligible assets.",asset,rally-spider1,1963 Marvel The Amazing Spider-Man #1,comics,65.73,0.95,The measured result is unusual relative to the available point-in-time comparison set.,"The engine identifies coincidence and extremeness, not causation.",83.0%
75141a55d6e4,2023Q1,2023-01-01,2023-03-31,2023-03-31,contemporaneous,extreme_movers,gained,Treasure Island (First Edition) gained 76.5%,"Treasure Island (First Edition) gained 76.5% during 2023Q1, ranking in the top of 135 eligible assets.",asset,rally-treasure,Treasure Island (First Edition),books,65.23,0.95,The measured result is unusual relative to the available point-in-time comparison set.,"The engine identifies coincidence and extremeness, not causation.",76.5%
a6bf1775c603,2023Q1,2023-01-01,2023-03-31,2023-03-31,contemporaneous,drawdown_recovery,deep_drawdown,Theodore Roosevelt - African Game Trails (Signed First Edition) ended 2023Q1 82.5% below its prior peak.,Theodore Roosevelt - African Game Trails (Signed First Edition) ended 2023Q1 82.5% below its prior peak.,asset,rally-roosevelt,Theodore Roosevelt - African Game Trails (Signed First Edition),books,65.1,1.0,The measured result is unusual relative to the available point-in-time comparison set.,"The engine identifies coincidence and extremeness, not causation.",-82.5%
d6294400cd86,2023Q1,2023-01-01,2023-03-31,2023-03-31,contemporaneous,drawdown_recovery,deep_drawdown,Allen Ginsberg - Howl and Other Poems (Inscribed First Edition) ended 2023Q1 69.7% below its prior peak.,Allen Ginsberg - Howl and Other Poems (Inscribed First Edition) ended 2023Q1 69.7% below its prior peak.,asset,rally-aghowl,Allen Ginsberg - Howl and Other Poems (Inscribed First Edition),books,64.93,1.0,The measured result is unusual relative to the available point-in-time comparison set.,"The engine identifies coincidence and extremeness, not causation.",-69.7%
b57edc709f68,2023Q1,2023-01-01,2023-03-31,2023-03-31,contemporaneous,extreme_movers,gained,1979 Rolex Coral Stella Dial Day-Date gained 75.9%,"1979 Rolex Coral Stella Dial Day-Date gained 75.9% during 2023Q1, ranking in the top of 135 eligible assets.",asset,rally-79stella,1979 Rolex Coral Stella Dial Day-Date,watches,64.74,0.95,The measured result is unusual relative to the available point-in-time comparison set.,"The engine identifies coincidence and extremeness, not causation.",75.9%
8c8510f07d2d,2023Q1,2023-01-01,2023-03-31,2023-03-31,contemporaneous,drawdown_recovery,deep_drawdown,Winston Churchill - The Second World War (Signed First Edition) ended 2023Q1 77.7% below its prior peak.,Winston Churchill - The Second World War (Signed First Edition) ended 2023Q1 77.7% below its prior peak.,asset,rally-churchill,Winston Churchill - The Second World War (Signed First Edition),books,64.43,1.0,The measured result is unusual relative to the available point-in-time comparison set.,"The engine identifies coincidence and extremeness, not causation.",-77.7%
8fd53242773f,2023Q1,2023-01-01,2023-03-31,2023-03-31,contemporaneous,extreme_movers,gained,1940 DC Comics Batman #2 gained 73.3%,"1940 DC Comics Batman #2 gained 73.3% during 2023Q1, ranking in the top of 135 eligible assets.",asset,rally-batman2,1940 DC Comics Batman #2,comics,64.24,0.95,The measured result is unusual relative to the available point-in-time comparison set.,"The engine identifies coincidence and extremeness, not causation.",73.3%
a3fd2ea12b43,2023Q1,2023-01-01,2023-03-31,2023-03-31,contemporaneous,extreme_movers,gained,Pappy Van Winkle Bourbon Assortment gained 68.7%,"Pappy Van Winkle Bourbon Assortment gained 68.7% during 2023Q1, ranking in the top of 135 eligible assets.",asset,rally-pappy1,Pappy Van Winkle Bourbon Assortment,wine and whiskey,63.75,0.95,The measured result is unusual relative to the available point-in-time comparison set.,"The engine identifies coincidence and extremeness, not causation.",68.7%
a2ff23f768b5,2023Q1,2023-01-01,2023-03-31,2023-03-31,contemporaneous,drawdown_recovery,deep_drawdown,"Shakespeare - Comedies, Histories & Tragedies ended 2023Q1 66.2% below its prior peak.","Shakespeare - Comedies, Histories & Tragedies ended 2023Q1 66.2% below its prior peak.",asset,rally-shkspr4,"Shakespeare - Comedies, Histories & Tragedies",books,62.18,1.0,The measured result is unusual relative to the available point-in-time comparison set.,"The engine identifies coincidence and extremeness, not causation.",-66.2%
67160f0c1a2a,2023Q1,2023-01-01,2023-03-31,2023-03-31,contemporaneous,drawdown_recovery,deep_drawdown,1965 Alfa Romeo Giulia SS ended 2023Q1 53.8% below its prior peak.,1965 Alfa Romeo Giulia SS ended 2023Q1 53.8% below its prior peak.,asset,rally-65ag1,1965 Alfa Romeo Giulia SS,cars,55.38,1.0,The measured result is unusual relative to the available point-in-time comparison set.,"The engine identifies coincidence and extremeness, not causation.",-53.8%
087e7d7a5417,2023Q1,2023-01-01,2023-03-31,2023-03-31,contemporaneous,benchmark_divergence,spy_divergence,1979 Rolex Coral Stella Dial Day-Date diverged from SPY by +68.5%,"1979 Rolex Coral Stella Dial Day-Date returned +75.9% while SPY returned +7.5%, a +68.5% spread in 2023Q1.",asset,rally-79stella,1979 Rolex Coral Stella Dial Day-Date,watches,42.3,0.72,The measured result is unusual relative to the available point-in-time comparison set.,"The engine identifies coincidence and extremeness, not causation.",75.9%
20198801acec,2023Q1,2023-01-01,2023-03-31,2023-03-31,contemporaneous,benchmark_divergence,spy_divergence,1940 DC Comics Batman #2 diverged from SPY by +65.9%,"1940 DC Comics Batman #2 returned +73.3% while SPY returned +7.5%, a +65.9% spread in 2023Q1.",asset,rally-batman2,1940 DC Comics Batman #2,comics,42.3,0.72,The measured result is unusual relative to the available point-in-time comparison set.,"The engine identifies coincidence and extremeness, not causation.",73.3%
760b14358332,2023Q1,2023-01-01,2023-03-31,2023-03-31,contemporaneous,benchmark_divergence,spy_divergence,Treasure Island (First Edition) diverged from SPY by +69.0%,"Treasure Island (First Edition) returned +76.5% while SPY returned +7.5%, a +69.0% spread in 2023Q1.",asset,rally-treasure,Treasure Island (First Edition),books,42.3,0.72,The measured result is unusual relative to the available point-in-time comparison set.,"The engine identifies coincidence and extremeness, not causation.",76.5%
ecd9535caf75,2023Q1,2023-01-01,2023-03-31,2023-03-31,contemporaneous,benchmark_divergence,spy_divergence,1963 Marvel The Amazing Spider-Man #1 diverged from SPY by +75.5%,"1963 Marvel The Amazing Spider-Man #1 returned +83.0% while SPY returned +7.5%, a +75.5% spread in 2023Q1.",asset,rally-spider1,1963 Marvel The Amazing Spider-Man #1,comics,42.3,0.72,The measured result is unusual relative to the available point-in-time comparison set.,"The engine identifies coincidence and extremeness, not causation.",83.0%
066d88211ec2,2023Q1,2023-01-01,2023-03-31,2023-03-31,contemporaneous,cross_asset_contrast,category_pair,A 90.0% split inside cars,"Within cars, 1969 Boss 302 Mustang beat 1994 Dodge Viper RT/10 by 90.0% in 2023Q1.",asset,rally-69bm1,1969 Boss 302 Mustang,cars,40.28,0.65,The measured result is unusual relative to the available point-in-time comparison set.,"The engine identifies coincidence and extremeness, not causation.",90.0%
1baca50783c3,2023Q1,2023-01-01,2023-03-31,2023-03-31,contemporaneous,cross_asset_contrast,category_pair,A 70.4% split inside art,"Within art, 1966 Grateful Dead Skeleton and Roses Poster beat Tom Sachs Rocket Factory “Game Changer” by 70.4% in 2023Q1.",asset,rally-grateful1,1966 Grateful Dead Skeleton and Roses Poster,art,40.28,0.65,The measured result is unusual relative to the available point-in-time comparison set.,"The engine identifies coincidence and extremeness, not causation.",70.4%
7a221ba49030,2023Q1,2023-01-01,2023-03-31,2023-03-31,contemporaneous,cross_asset_contrast,category_pair,A 72.7% split inside wine and whiskey,"Within wine and whiskey, Pappy Van Winkle Bourbon Assortment beat 2000 Château Mouton Rothschild by 72.7% in 2023Q1.",asset,rally-pappy1,Pappy Van Winkle Bourbon Assortment,wine and whiskey,40.28,0.65,The measured result is unusual relative to the available point-in-time comparison set.,"The engine identifies coincidence and extremeness, not causation.",72.7%
4c44e0684f1b,2023Q1,2023-01-01,2023-03-31,2023-03-31,contemporaneous,category,category_return,Comics averaged +17.2%,Comics assets averaged a +17.2% return in 2023Q1 across 24 eligible assets.,category,category:comics,category:comics,comics,33.71,1.0,The measured result is unusual relative to the available point-in-time comparison set.,"The engine identifies coincidence and extremeness, not causation.",17.2%
f737cfefb73d,2023Q1,2023-01-01,2023-03-31,2023-03-31,contemporaneous,dispersion_breadth,market_breadth,Only 57% of eligible assets rose,57% of 135 eligible assets rose in 2023Q1; the mean return was +8.4% versus a +3.7% median.,market,rally-market,rally-market,,32.32,1.0,The measured result is unusual relative to the available point-in-time comparison set.,"The engine identifies coincidence and extremeness, not causation.",57.0%
f498060c5e7e,2023Q1,2023-01-01,2023-03-31,2023-03-31,contemporaneous,category,category_return,Books averaged -1.9%,Books assets averaged a -1.9% return in 2023Q1 across 40 eligible assets.,category,category:books,category:books,books,24.56,1.0,The measured result is unusual relative to the available point-in-time comparison set.,"The engine identifies coincidence and extremeness, not causation.",-1.9%
e5227832a350,2023Q2,2023-04-01,2023-06-30,2023-06-30,contemporaneous,extreme_movers,gained,Theodore Roosevelt - African Game Trails (Signed First Edition) gained 185.7%,"Theodore Roosevelt - African Game Trails (Signed First Edition) gained 185.7% during 2023Q2, ranking in the top of 135 eligible assets.",asset,rally-roosevelt,Theodore Roosevelt - African Game Trails (Signed First Edition),books,65.73,0.95,The measured result is unusual relative to the available point-in-time comparison set.,"The engine identifies coincidence and extremeness, not causation.",185.7%
9c2d7288b9e3,2023Q2,2023-04-01,2023-06-30,2023-06-30,contemporaneous,extreme_movers,gained,Hermès 35cm Picnic Kelly gained 53.8%,"Hermès 35cm Picnic Kelly gained 53.8% during 2023Q2, ranking in the top of 135 eligible assets.",asset,rally-picnic,Hermès 35cm Picnic Kelly,handbags,65.23,0.95,The measured result is unusual relative to the available point-in-time comparison set.,"The engine identifies coincidence and extremeness, not causation.",53.8%
9b9027542851,2023Q2,2023-04-01,2023-06-30,2023-06-30,contemporaneous,drawdown_recovery,deep_drawdown,Winston Churchill - The Second World War (Signed First Edition) ended 2023Q2 75.9% below its prior peak.,Winston Churchill - The Second World War (Signed First Edition) ended 2023Q2 75.9% below its prior peak.,asset,rally-churchill,Winston Churchill - The Second World War (Signed First Edition),books,65.1,1.0,The measured result is unusual relative to the available point-in-time comparison set.,"The engine identifies coincidence and extremeness, not causation.",-75.9%
f1fd92e675d6,2023Q2,2023-04-01,2023-06-30,2023-06-30,contemporaneous,drawdown_recovery,deep_drawdown,"Shakespeare - Comedies, Histories & Tragedies ended 2023Q2 70.9% below its prior peak.","Shakespeare - Comedies, Histories & Tragedies ended 2023Q2 70.9% below its prior peak.",asset,rally-shkspr4,"Shakespeare - Comedies, Histories & Tragedies",books,65.1,1.0,The measured result is unusual relative to the available point-in-time comparison set.,"The engine identifies coincidence and extremeness, not causation.",-70.9%
6beb7e77206b,2023Q2,2023-04-01,2023-06-30,2023-06-30,contemporaneous,extreme_movers,gained,Hermès Faubourg gained 49.1%,"Hermès Faubourg gained 49.1% during 2023Q2, ranking in the top of 135 eligible assets.",asset,rally-faubourg,Hermès Faubourg,handbags,64.41,0.95,The measured result is unusual relative to the available point-in-time comparison set.,"The engine identifies coincidence and extremeness, not causation.",49.1%
89f32a342e27,2023Q2,2023-04-01,2023-06-30,2023-06-30,contemporaneous,extreme_movers,lost,Tom Sachs Rocket Factory “Game Changer” lost 45.5%,"Tom Sachs Rocket Factory “Game Changer” lost 45.5% during 2023Q2, ranking in the bottom of 135 eligible assets.",asset,rally-sachs1,Tom Sachs Rocket Factory “Game Changer”,art,63.63,0.95,The measured result is unusual relative to the available point-in-time comparison set.,"The engine identifies coincidence and extremeness, not causation.",-45.5%
d15f772b84e3,2023Q2,2023-04-01,2023-06-30,2023-06-30,contemporaneous,extreme_movers,gained,Allen Ginsberg - Howl and Other Poems (Inscribed First Edition) gained 40.3%,"Allen Ginsberg - Howl and Other Poems (Inscribed First Edition) gained 40.3% during 2023Q2, ranking in the top of 135 eligible assets.",asset,rally-aghowl,Allen Ginsberg - Howl and Other Poems (Inscribed First Edition),books,60.82,0.95,The measured result is unusual relative to the available point-in-time comparison set.,"The engine identifies coincidence and extremeness, not causation.",40.3%
16ad67313aab,2023Q2,2023-04-01,2023-06-30,2023-06-30,contemporaneous,drawdown_recovery,deep_drawdown,Allen Ginsberg - Howl and Other Poems (Inscribed First Edition) ended 2023Q2 57.5% below its prior peak.,Allen Ginsberg - Howl and Other Poems (Inscribed First Edition) ended 2023Q2 57.5% below its prior peak.,asset,rally-aghowl,Allen Ginsberg - Howl and Other Poems (Inscribed First Edition),books,57.6,1.0,The measured result is unusual relative to the available point-in-time comparison set.,"The engine identifies coincidence and extremeness, not causation.",-57.5%
e70822aeb78b,2023Q2,2023-04-01,2023-06-30,2023-06-30,contemporaneous,drawdown_recovery,deep_drawdown,The Great Gatsby (Signed First Edition) ended 2023Q2 55.5% below its prior peak.,The Great Gatsby (Signed First Edition) ended 2023Q2 55.5% below its prior peak.,asset,rally-gatsby,The Great Gatsby (Signed First Edition),books,55.73,1.0,The measured result is unusual relative to the available point-in-time comparison set.,"The engine identifies coincidence and extremeness, not causation.",-55.5%
ac28be5b2f8b,2023Q2,2023-04-01,2023-06-30,2023-06-30,contemporaneous,drawdown_recovery,deep_drawdown,1965 Alfa Romeo Giulia SS ended 2023Q2 53.8% below its prior peak.,1965 Alfa Romeo Giulia SS ended 2023Q2 53.8% below its prior peak.,asset,rally-65ag1,1965 Alfa Romeo Giulia SS,cars,55.41,1.0,The measured result is unusual relative to the available point-in-time comparison set.,"The engine identifies coincidence and extremeness, not causation.",-53.8%
a450fed6cfbf,2023Q2,2023-04-01,2023-06-30,2023-06-30,contemporaneous,benchmark_divergence,spy_divergence,Theodore Roosevelt - African Game Trails (Signed First Edition) diverged from SPY by +177.0%,"Theodore Roosevelt - African Game Trails (Signed First Edition) returned +185.7% while SPY returned +8.7%, a +177.0% spread in 2023Q2.",asset,rally-roosevelt,Theodore Roosevelt - African Game Trails (Signed First Edition),books,42.3,0.72,The measured result is unusual relative to the available point-in-time comparison set.,"The engine identifies coincidence and extremeness, not causation.",185.7%
c2afd275d37c,2023Q2,2023-04-01,2023-06-30,2023-06-30,contemporaneous,benchmark_divergence,spy_divergence,Tom Sachs Rocket Factory “Game Changer” diverged from SPY by -54.1%,"Tom Sachs Rocket Factory “Game Changer” returned -45.5% while SPY returned +8.7%, a -54.1% spread in 2023Q2.",asset,rally-sachs1,Tom Sachs Rocket Factory “Game Changer”,art,42.3,0.72,The measured result is unusual relative to the available point-in-time comparison set.,"The engine identifies coincidence and extremeness, not causation.",-45.5%
867cf21f28be,2023Q2,2023-04-01,2023-06-30,2023-06-30,contemporaneous,cross_asset_contrast,category_pair,A 62.9% split inside handbags,"Within handbags, Hermès 35cm Picnic Kelly beat Hermès 30cm Tangerine Ostrich Birkin by 62.9% in 2023Q2.",asset,rally-picnic,Hermès 35cm Picnic Kelly,handbags,40.28,0.65,The measured result is unusual relative to the available point-in-time comparison set.,"The engine identifies coincidence and extremeness, not causation.",62.9%
7b897166b8eb,2023Q2,2023-04-01,2023-06-30,2023-06-30,contemporaneous,benchmark_divergence,spy_divergence,1966 DC Comics Batman #181 diverged from SPY by -41.6%,"1966 DC Comics Batman #181 returned -33.0% while SPY returned +8.7%, a -41.6% spread in 2023Q2.",asset,rally-batman181,1966 DC Comics Batman #181,comics,37.18,0.72,The measured result is unusual relative to the available point-in-time comparison set.,"The engine identifies coincidence and extremeness, not causation.",-33.0%
aab6eeb54fd7,2023Q2,2023-04-01,2023-06-30,2023-06-30,contemporaneous,cross_asset_contrast,category_pair,A 51.0% split inside art,"Within art, 1969 Andy Warhol Campbell’s Soup Print, Signed beat Tom Sachs Rocket Factory “Game Changer” by 51.0% in 2023Q2.",asset,rally-warhol2,"1969 Andy Warhol Campbell’s Soup Print, Signed",art,35.81,0.65,The measured result is unusual relative to the available point-in-time comparison set.,"The engine identifies coincidence and extremeness, not causation.",51.0%
d6ce07548cff,2023Q2,2023-04-01,2023-06-30,2023-06-30,contemporaneous,cross_asset_contrast,category_pair,A 50.6% split inside cars,"Within cars, 1994 Dodge Viper RT/10 beat 1991 Mitsubishi 3000GT VR-4 by 50.6% in 2023Q2.",asset,rally-94dv1,1994 Dodge Viper RT/10,cars,35.58,0.65,The measured result is unusual relative to the available point-in-time comparison set.,"The engine identifies coincidence and extremeness, not causation.",50.6%
dfe9521d7e58,2023Q2,2023-04-01,2023-06-30,2023-06-30,contemporaneous,cross_asset_contrast,category_pair,A 48.9% split inside fossils,"Within fossils, Deaton Triceratops Skull beat Mosasaur by 48.9% in 2023Q2.",asset,rally-deaton,Deaton Triceratops Skull,fossils,34.75,0.65,The measured result is unusual relative to the available point-in-time comparison set.,"The engine identifies coincidence and extremeness, not causation.",48.9%
5e7c0a7cf4eb,2023Q2,2023-04-01,2023-06-30,2023-06-30,contemporaneous,cross_asset_contrast,category_pair,A 47.2% split inside comics,"Within comics, 1964 Marvel The Amazing Spider-Man #10 beat 1966 DC Comics Batman #181 by 47.2% in 2023Q2.",asset,rally-spider10,1964 Marvel The Amazing Spider-Man #10,comics,33.94,0.65,The measured result is unusual relative to the available point-in-time comparison set.,"The engine identifies coincidence and extremeness, not causation.",47.2%
3873f838e617,2023Q2,2023-04-01,2023-06-30,2023-06-30,contemporaneous,category,category_return,Handbags averaged +18.9%,Handbags assets averaged a +18.9% return in 2023Q2 across 8 eligible assets.,category,category:handbags,category:handbags,handbags,29.99,0.85,The measured result is unusual relative to the available point-in-time comparison set.,"The engine identifies coincidence and extremeness, not causation.",18.9%
c1cc1665ed4c,2023Q2,2023-04-01,2023-06-30,2023-06-30,contemporaneous,category,category_return,Comics averaged -10.8%,Comics assets averaged a -10.8% return in 2023Q2 across 24 eligible assets.,category,category:comics,category:comics,comics,29.9,1.0,The measured result is unusual relative to the available point-in-time comparison set.,"The engine identifies coincidence and extremeness, not causation.",-10.8%
e709d894ffdb,2023Q3,2023-07-01,2023-09-29,2023-09-29,contemporaneous,extreme_movers,gained,Frank Herbert - Dune (Inscribed First Edition) gained 70.8%,"Frank Herbert - Dune (Inscribed First Edition) gained 70.8% during 2023Q3, ranking in the top of 135 eligible assets.",asset,rally-dune,Frank Herbert - Dune (Inscribed First Edition),books,65.73,0.95,The measured result is unusual relative to the available point-in-time comparison set.,"The engine identifies coincidence and extremeness, not causation.",70.8%
cb28eb6ba333,2023Q3,2023-07-01,2023-09-29,2023-09-29,contemporaneous,extreme_movers,lost,1940 DC Comics Batman #2 lost 54.4%,"1940 DC Comics Batman #2 lost 54.4% during 2023Q3, ranking in the bottom of 135 eligible assets.",asset,rally-batman2,1940 DC Comics Batman #2,comics,65.23,0.95,The measured result is unusual relative to the available point-in-time comparison set.,"The engine identifies coincidence and extremeness, not causation.",-54.4%
cd461d136fbe,2023Q3,2023-07-01,2023-09-29,2023-09-29,contemporaneous,drawdown_recovery,deep_drawdown,"Shakespeare - Comedies, Histories & Tragedies ended 2023Q3 70.0% below its prior peak.","Shakespeare - Comedies, Histories & Tragedies ended 2023Q3 70.0% below its prior peak.",asset,rally-shkspr4,"Shakespeare - Comedies, Histories & Tragedies",books,65.1,1.0,The measured result is unusual relative to the available point-in-time comparison set.,"The engine identifies coincidence and extremeness, not causation.",-70.0%
1c9aaaf8ef80,2023Q3,2023-07-01,2023-09-29,2023-09-29,contemporaneous,extreme_movers,gained,1966 DC Comics Batman #181 gained 49.2%,"1966 DC Comics Batman #181 gained 49.2% during 2023Q3, ranking in the top of 135 eligible assets.",asset,rally-batman181,1966 DC Comics Batman #181,comics,64.94,0.95,The measured result is unusual relative to the available point-in-time comparison set.,"The engine identifies coincidence and extremeness, not causation.",49.2%
97402430eb36,2023Q3,2023-07-01,2023-09-29,2023-09-29,contemporaneous,drawdown_recovery,deep_drawdown,Winston Churchill - The Second World War (Signed First Edition) ended 2023Q3 69.6% below its prior peak.,Winston Churchill - The Second World War (Signed First Edition) ended 2023Q3 69.6% below its prior peak.,asset,rally-churchill,Winston Churchill - The Second World War (Signed First Edition),books,64.89,1.0,The measured result is unusual relative to the available point-in-time comparison set.,"The engine identifies coincidence and extremeness, not causation.",-69.6%
eb751dc69660,2023Q3,2023-07-01,2023-09-29,2023-09-29,contemporaneous,drawdown_recovery,deep_drawdown,Jack Kerouac - On the Road (Signed First Edition) ended 2023Q3 71.0% below its prior peak.,Jack Kerouac - On the Road (Signed First Edition) ended 2023Q3 71.0% below its prior peak.,asset,rally-kerouac,Jack Kerouac - On the Road (Signed First Edition),books,64.43,1.0,The measured result is unusual relative to the available point-in-time comparison set.,"The engine identifies coincidence and extremeness, not causation.",-71.0%
d7911b9694d0,2023Q3,2023-07-01,2023-09-29,2023-09-29,contemporaneous,drawdown_recovery,deep_drawdown,1964 Marvel The Amazing Spider-Man #10 ended 2023Q3 67.8% below its prior peak.,1964 Marvel The Amazing Spider-Man #10 ended 2023Q3 67.8% below its prior peak.,asset,rally-spider10,1964 Marvel The Amazing Spider-Man #10,comics,63.09,1.0,The measured result is unusual relative to the available point-in-time comparison set.,"The engine identifies coincidence and extremeness, not causation.",-67.8%
bc178ebfcd83,2023Q3,2023-07-01,2023-09-29,2023-09-29,contemporaneous,drawdown_recovery,deep_drawdown,Allen Ginsberg - Howl and Other Poems (Inscribed First Edition) ended 2023Q3 66.4% below its prior peak.,Allen Ginsberg - Howl and Other Poems (Inscribed First Edition) ended 2023Q3 66.4% below its prior peak.,asset,rally-aghowl,Allen Ginsberg - Howl and Other Poems (Inscribed First Edition),books,62.97,1.0,The measured result is unusual relative to the available point-in-time comparison set.,"The engine identifies coincidence and extremeness, not causation.",-66.4%
9f73b17b5f0d,2023Q3,2023-07-01,2023-09-29,2023-09-29,contemporaneous,extreme_movers,lost,1964 Marvel The Amazing Spider-Man #10 lost 35.0%,"1964 Marvel The Amazing Spider-Man #10 lost 35.0% during 2023Q3, ranking in the bottom of 135 eligible assets.",asset,rally-spider10,1964 Marvel The Amazing Spider-Man #10,comics,59.43,0.95,The measured result is unusual relative to the available point-in-time comparison set.,"The engine identifies coincidence and extremeness, not causation.",-35.0%
cca4a75e9477,2023Q3,2023-07-01,2023-09-29,2023-09-29,contemporaneous,extreme_movers,lost,H.G. Wells - The Time Machine (Inscribed First Edition) lost 32.2%,"H.G. Wells - The Time Machine (Inscribed First Edition) lost 32.2% during 2023Q3, ranking in the bottom of 135 eligible assets.",asset,rally-hgwells,H.G. Wells - The Time Machine (Inscribed First Edition),books,57.95,0.95,The measured result is unusual relative to the available point-in-time comparison set.,"The engine identifies coincidence and extremeness, not causation.",-32.2%
24639fc536d2,2023Q3,2023-07-01,2023-09-29,2023-09-29,contemporaneous,benchmark_divergence,spy_divergence,1940 DC Comics Batman #2 diverged from SPY by -51.2%,"1940 DC Comics Batman #2 returned -54.4% while SPY returned -3.2%, a -51.2% spread in 2023Q3.",asset,rally-batman2,1940 DC Comics Batman #2,comics,42.3,0.72,The measured result is unusual relative to the available point-in-time comparison set.,"The engine identifies coincidence and extremeness, not causation.",-54.4%
3004a6c0b3e3,2023Q3,2023-07-01,2023-09-29,2023-09-29,contemporaneous,benchmark_divergence,spy_divergence,1966 DC Comics Batman #181 diverged from SPY by +52.4%,"1966 DC Comics Batman #181 returned +49.2% while SPY returned -3.2%, a +52.4% spread in 2023Q3.",asset,rally-batman181,1966 DC Comics Batman #181,comics,42.3,0.72,The measured result is unusual relative to the available point-in-time comparison set.,"The engine identifies coincidence and extremeness, not causation.",49.2%
77c883955cd2,2023Q3,2023-07-01,2023-09-29,2023-09-29,contemporaneous,benchmark_divergence,spy_divergence,Frank Herbert - Dune (Inscribed First Edition) diverged from SPY by +74.0%,"Frank Herbert - Dune (Inscribed First Edition) returned +70.8% while SPY returned -3.2%, a +74.0% spread in 2023Q3.",asset,rally-dune,Frank Herbert - Dune (Inscribed First Edition),books,42.3,0.72,The measured result is unusual relative to the available point-in-time comparison set.,"The engine identifies coincidence and extremeness, not causation.",70.8%
d46067e297a0,2023Q3,2023-07-01,2023-09-29,2023-09-29,contemporaneous,cross_asset_contrast,category_pair,A 50.7% split inside handbags,"Within handbags, Hermès 30cm Tangerine Ostrich Birkin beat Hermès 25cm Blue Lizard Birkin by 50.7% in 2023Q3.",asset,rally-birkintan,Hermès 30cm Tangerine Ostrich Birkin,handbags,35.67,0.65,The measured result is unusual relative to the available point-in-time comparison set.,"The engine identifies coincidence and extremeness, not causation.",50.7%
2054f68fe976,2023Q3,2023-07-01,2023-09-29,2023-09-29,contemporaneous,cross_asset_contrast,category_pair,A 44.7% split inside wine and whiskey,"Within wine and whiskey, 2005 Château Latour beat Macallan 30-Year-Old Blue Label Scotch Whisky by 44.7% in 2023Q3.",asset,rally-05latour,2005 Château Latour,wine and whiskey,32.68,0.65,The measured result is unusual relative to the available point-in-time comparison set.,"The engine identifies coincidence and extremeness, not causation.",44.7%
2f47bf754b89,2023Q3,2023-07-01,2023-09-29,2023-09-29,contemporaneous,benchmark_divergence,spy_divergence,1973 Marvel Tomb of Dracula #10 diverged from SPY by +33.2%,"1973 Marvel Tomb of Dracula #10 returned +30.0% while SPY returned -3.2%, a +33.2% spread in 2023Q3.",asset,rally-dracula10,1973 Marvel Tomb of Dracula #10,comics,32.01,0.72,The measured result is unusual relative to the available point-in-time comparison set.,"The engine identifies coincidence and extremeness, not causation.",30.0%
d1ab8e723a99,2023Q3,2023-07-01,2023-09-29,2023-09-29,contemporaneous,dispersion_breadth,market_breadth,Only 27% of eligible assets rose,27% of 135 eligible assets rose in 2023Q3; the mean return was -5.4% versus a -3.1% median.,market,rally-market,rally-market,,29.37,1.0,The measured result is unusual relative to the available point-in-time comparison set.,"The engine identifies coincidence and extremeness, not causation.",27.4%
0ce901890ba7,2023Q3,2023-07-01,2023-09-29,2023-09-29,contemporaneous,cross_asset_contrast,category_pair,A 37.9% split inside cars,"Within cars, 2011 BMW 1M beat 1991 Mitsubishi 3000GT VR-4 by 37.9% in 2023Q3.",asset,rally-11bm1,2011 BMW 1M,cars,29.28,0.65,The measured result is unusual relative to the available point-in-time comparison set.,"The engine identifies coincidence and extremeness, not causation.",37.9%
4f7adc6bc904,2023Q3,2023-07-01,2023-09-29,2023-09-29,contemporaneous,cross_asset_contrast,category_pair,A 35.5% split inside watches,"Within watches, Rolex GMT-Master II Pepsi Jubilee beat 1979 Rolex Coral Stella Dial Day-Date by 35.5% in 2023Q3.",asset,rally-rlexpepsi,Rolex GMT-Master II Pepsi Jubilee,watches,28.07,0.65,The measured result is unusual relative to the available point-in-time comparison set.,"The engine identifies coincidence and extremeness, not causation.",35.5%
7e5a288ad8bf,2023Q3,2023-07-01,2023-09-29,2023-09-29,contemporaneous,cross_asset_contrast,category_pair,A 34.6% split inside art,"Within art, 1966 Grateful Dead Skeleton and Roses Poster beat 1977 Andy Warhol Pelé Polaroid by 34.6% in 2023Q3.",asset,rally-grateful1,1966 Grateful Dead Skeleton and Roses Poster,art,27.67,0.65,The measured result is unusual relative to the available point-in-time comparison set.,"The engine identifies coincidence and extremeness, not causation.",34.6%
fe8849688928,2023Q4,2023-10-01,2023-12-29,2023-12-29,contemporaneous,extreme_movers,gained,1970 Rolex Watch gained 53.8%,"1970 Rolex Watch gained 53.8% during 2023Q4, ranking in the top of 134 eligible assets.",asset,rally-7orlex,1970 Rolex Watch,watches,65.73,0.95,The measured result is unusual relative to the available point-in-time comparison set.,"The engine identifies coincidence and extremeness, not causation.",53.8%
f26f90ebef00,2023Q4,2023-10-01,2023-12-29,2023-12-29,contemporaneous,extreme_movers,lost,1963 Marvel The Amazing Spider-Man #1 lost 66.7%,"1963 Marvel The Amazing Spider-Man #1 lost 66.7% during 2023Q4, ranking in the bottom of 134 eligible assets.",asset,rally-spider1,1963 Marvel The Amazing Spider-Man #1,comics,65.23,0.95,The measured result is unusual relative to the available point-in-time comparison set.,"The engine identifies coincidence and extremeness, not causation.",-66.7%
0cd50f0307ec,2023Q4,2023-10-01,2023-12-29,2023-12-29,contemporaneous,drawdown_recovery,deep_drawdown,1963 Marvel The Amazing Spider-Man #1 ended 2023Q4 76.7% below its prior peak.,1963 Marvel The Amazing Spider-Man #1 ended 2023Q4 76.7% below its prior peak.,asset,rally-spider1,1963 Marvel The Amazing Spider-Man #1,comics,65.1,1.0,The measured result is unusual relative to the available point-in-time comparison set.,"The engine identifies coincidence and extremeness, not causation.",-76.7%
580415252be9,2023Q4,2023-10-01,2023-12-29,2023-12-29,contemporaneous,drawdown_recovery,deep_drawdown,Winston Churchill - The Second World War (Signed First Edition) ended 2023Q4 71.4% below its prior peak.,Winston Churchill - The Second World War (Signed First Edition) ended 2023Q4 71.4% below its prior peak.,asset,rally-churchill,Winston Churchill - The Second World War (Signed First Edition),books,65.1,1.0,The measured result is unusual relative to the available point-in-time comparison set.,"The engine identifies coincidence and extremeness, not causation.",-71.4%
588784153695,2023Q4,2023-10-01,2023-12-29,2023-12-29,contemporaneous,drawdown_recovery,deep_drawdown,"Shakespeare - Comedies, Histories & Tragedies ended 2023Q4 70.0% below its prior peak.","Shakespeare - Comedies, Histories & Tragedies ended 2023Q4 70.0% below its prior peak.",asset,rally-shkspr4,"Shakespeare - Comedies, Histories & Tragedies",books,65.1,1.0,The measured result is unusual relative to the available point-in-time comparison set.,"The engine identifies coincidence and extremeness, not causation.",-70.0%
7fb35b0eb72f,2023Q4,2023-10-01,2023-12-29,2023-12-29,contemporaneous,extreme_movers,lost,Helen Keller 1892 Book (Inscribed) lost 49.4%,"Helen Keller 1892 Book (Inscribed) lost 49.4% during 2023Q4, ranking in the bottom of 134 eligible assets.",asset,rally-keller,Helen Keller 1892 Book (Inscribed),books,64.5,0.95,The measured result is unusual relative to the available point-in-time comparison set.,"The engine identifies coincidence and extremeness, not causation.",-49.4%
ec10fce2b08a,2023Q4,2023-10-01,2023-12-29,2023-12-29,contemporaneous,drawdown_recovery,deep_drawdown,1964 Marvel The Amazing Spider-Man #10 ended 2023Q4 69.0% below its prior peak.,1964 Marvel The Amazing Spider-Man #10 ended 2023Q4 69.0% below its prior peak.,asset,rally-spider10,1964 Marvel The Amazing Spider-Man #10,comics,64.5,1.0,The measured result is unusual relative to the available point-in-time comparison set.,"The engine identifies coincidence and extremeness, not causation.",-69.0%
92f53a134393,2023Q4,2023-10-01,2023-12-29,2023-12-29,contemporaneous,drawdown_recovery,deep_drawdown,1941 DC Comics Batman #6 ended 2023Q4 71.6% below its prior peak.,1941 DC Comics Batman #6 ended 2023Q4 71.6% below its prior peak.,asset,rally-batman6,1941 DC Comics Batman #6,comics,64.43,1.0,The measured result is unusual relative to the available point-in-time comparison set.,"The engine identifies coincidence and extremeness, not causation.",-71.6%
9a73fdc820a0,2023Q4,2023-10-01,2023-12-29,2023-12-29,contemporaneous,extreme_movers,gained,Henry David Thoreau - Walden (First Edition) gained 45.1%,"Henry David Thoreau - Walden (First Edition) gained 45.1% during 2023Q4, ranking in the top of 134 eligible assets.",asset,rally-walden,Henry David Thoreau - Walden (First Edition),books,63.51,0.95,The measured result is unusual relative to the available point-in-time comparison set.,"The engine identifies coincidence and extremeness, not causation.",45.1%
a5940042fdca,2023Q4,2023-10-01,2023-12-29,2023-12-29,contemporaneous,extreme_movers,lost,Ian Fleming - Goldfinger (Dedication Copy) lost 43.4%,"Ian Fleming - Goldfinger (Dedication Copy) lost 43.4% during 2023Q4, ranking in the bottom of 134 eligible assets.",asset,rally-59bond,Ian Fleming - Goldfinger (Dedication Copy),books,61.89,0.95,The measured result is unusual relative to the available point-in-time comparison set.,"The engine identifies coincidence and extremeness, not causation.",-43.4%
202a16b0e81a,2023Q4,2023-10-01,2023-12-29,2023-12-29,contemporaneous,benchmark_divergence,spy_divergence,Helen Keller 1892 Book (Inscribed) diverged from SPY by -61.0%,"Helen Keller 1892 Book (Inscribed) returned -49.4% while SPY returned +11.6%, a -61.0% spread in 2023Q4.",asset,rally-keller,Helen Keller 1892 Book (Inscribed),books,42.3,0.72,The measured result is unusual relative to the available point-in-time comparison set.,"The engine identifies coincidence and extremeness, not causation.",-49.4%
81a055e90f4e,2023Q4,2023-10-01,2023-12-29,2023-12-29,contemporaneous,benchmark_divergence,spy_divergence,Domino's Pizza Special Edition Rolex Air-King diverged from SPY by -54.6%,"Domino's Pizza Special Edition Rolex Air-King returned -43.0% while SPY returned +11.6%, a -54.6% spread in 2023Q4.",asset,rally-dominos,Domino's Pizza Special Edition Rolex Air-King,watches,42.3,0.72,The measured result is unusual relative to the available point-in-time comparison set.,"The engine identifies coincidence and extremeness, not causation.",-43.0%
bb6524c58023,2023Q4,2023-10-01,2023-12-29,2023-12-29,contemporaneous,benchmark_divergence,spy_divergence,Ian Fleming - Goldfinger (Dedication Copy) diverged from SPY by -55.0%,"Ian Fleming - Goldfinger (Dedication Copy) returned -43.4% while SPY returned +11.6%, a -55.0% spread in 2023Q4.",asset,rally-59bond,Ian Fleming - Goldfinger (Dedication Copy),books,42.3,0.72,The measured result is unusual relative to the available point-in-time comparison set.,"The engine identifies coincidence and extremeness, not causation.",-43.4%
1d53d399d50c,2023Q4,2023-10-01,2023-12-29,2023-12-29,contemporaneous,cross_asset_contrast,category_pair,A 85.1% split inside comics,"Within comics, 1943 DC Comics Superman #21 beat 1963 Marvel The Amazing Spider-Man #1 by 85.1% in 2023Q4.",asset,rally-super21,1943 DC Comics Superman #21,comics,40.28,0.65,The measured result is unusual relative to the available point-in-time comparison set.,"The engine identifies coincidence and extremeness, not causation.",85.1%
540fcfb9f1fc,2023Q4,2023-10-01,2023-12-29,2023-12-29,contemporaneous,cross_asset_contrast,category_pair,A 66.1% split inside art,"Within art, Damien Hirst, The Currency, Painting beat Tom Sachs Rocket Factory “Game Changer” by 66.1% in 2023Q4.",asset,rally-hirst1,"Damien Hirst, The Currency, Painting",art,40.28,0.65,The measured result is unusual relative to the available point-in-time comparison set.,"The engine identifies coincidence and extremeness, not causation.",66.1%
5bb1e75653f9,2023Q4,2023-10-01,2023-12-29,2023-12-29,contemporaneous,cross_asset_contrast,category_pair,A 96.8% split inside watches,"Within watches, 1970 Rolex Watch beat Domino's Pizza Special Edition Rolex Air-King by 96.8% in 2023Q4.",asset,rally-7orlex,1970 Rolex Watch,watches,40.28,0.65,The measured result is unusual relative to the available point-in-time comparison set.,"The engine identifies coincidence and extremeness, not causation.",96.8%
a6fd2e14e1e6,2023Q4,2023-10-01,2023-12-29,2023-12-29,contemporaneous,cross_asset_contrast,category_pair,A 94.5% split inside books,"Within books, Henry David Thoreau - Walden (First Edition) beat Helen Keller 1892 Book (Inscribed) by 94.5% in 2023Q4.",asset,rally-walden,Henry David Thoreau - Walden (First Edition),books,40.28,0.65,The measured result is unusual relative to the available point-in-time comparison set.,"The engine identifies coincidence and extremeness, not causation.",94.5%
c5193f36f2f7,2023Q4,2023-10-01,2023-12-29,2023-12-29,contemporaneous,cross_asset_contrast,category_pair,A 68.6% split inside handbags,"Within handbags, Hermès 30cm Tangerine Ostrich Birkin beat Hermès 30cm So Black Birkin by 68.6% in 2023Q4.",asset,rally-birkintan,Hermès 30cm Tangerine Ostrich Birkin,handbags,40.28,0.65,The measured result is unusual relative to the available point-in-time comparison set.,"The engine identifies coincidence and extremeness, not causation.",68.6%
4dbfb72be4a0,2023Q4,2023-10-01,2023-12-29,2023-12-29,contemporaneous,category,category_return,Comics averaged -13.0%,Comics assets averaged a -13.0% return in 2023Q4 across 24 eligible assets.,category,category:comics,category:comics,comics,31.23,1.0,The measured result is unusual relative to the available point-in-time comparison set.,"The engine identifies coincidence and extremeness, not causation.",-13.0%
4d8108dbf934,2023Q4,2023-10-01,2023-12-29,2023-12-29,contemporaneous,dispersion_breadth,market_breadth,Only 25% of eligible assets rose,25% of 134 eligible assets rose in 2023Q4; the mean return was -7.3% versus a -7.4% median.,market,rally-market,rally-market,,28.45,1.0,The measured result is unusual relative to the available point-in-time comparison set.,"The engine identifies coincidence and extremeness, not causation.",24.6%
ecb901e544c0,2024Q1,2024-01-01,2024-03-28,2024-03-28,contemporaneous,extreme_movers,gained,1941 Timely Comics Captain America Comics #3 gained 75.0%,"1941 Timely Comics Captain America Comics #3 gained 75.0% during 2024Q1, ranking in the top of 134 eligible assets.",asset,rally-captain3,1941 Timely Comics Captain America Comics #3,comics,65.73,0.95,The measured result is unusual relative to the available point-in-time comparison set.,"The engine identifies coincidence and extremeness, not causation.",75.0%
fd4e2d851afc,2024Q1,2024-01-01,2024-03-28,2024-03-28,contemporaneous,extreme_movers,gained,Domino's Pizza Special Edition Rolex Air-King gained 72.3%,"Domino's Pizza Special Edition Rolex Air-King gained 72.3% during 2024Q1, ranking in the top of 134 eligible assets.",asset,rally-dominos,Domino's Pizza Special Edition Rolex Air-King,watches,65.23,0.95,The measured result is unusual relative to the available point-in-time comparison set.,"The engine identifies coincidence and extremeness, not causation.",72.3%
4d514e86786f,2024Q1,2024-01-01,2024-03-28,2024-03-28,contemporaneous,drawdown_recovery,deep_drawdown,1940 DC Comics Batman #2 ended 2024Q1 71.3% below its prior peak.,1940 DC Comics Batman #2 ended 2024Q1 71.3% below its prior peak.,asset,rally-batman2,1940 DC Comics Batman #2,comics,65.1,1.0,The measured result is unusual relative to the available point-in-time comparison set.,"The engine identifies coincidence and extremeness, not causation.",-71.3%
b9a35304d20d,2024Q1,2024-01-01,2024-03-28,2024-03-28,contemporaneous,drawdown_recovery,deep_drawdown,Winston Churchill - The Second World War (Signed First Edition) ended 2024Q1 71.4% below its prior peak.,Winston Churchill - The Second World War (Signed First Edition) ended 2024Q1 71.4% below its prior peak.,asset,rally-churchill,Winston Churchill - The Second World War (Signed First Edition),books,65.1,1.0,The measured result is unusual relative to the available point-in-time comparison set.,"The engine identifies coincidence and extremeness, not causation.",-71.4%
f1f8cb2929ec,2024Q1,2024-01-01,2024-03-28,2024-03-28,contemporaneous,drawdown_recovery,deep_drawdown,1941 DC Comics Batman #6 ended 2024Q1 73.0% below its prior peak.,1941 DC Comics Batman #6 ended 2024Q1 73.0% below its prior peak.,asset,rally-batman6,1941 DC Comics Batman #6,comics,65.1,1.0,The measured result is unusual relative to the available point-in-time comparison set.,"The engine identifies coincidence and extremeness, not causation.",-73.0%
d47badec2d35,2024Q1,2024-01-01,2024-03-28,2024-03-28,contemporaneous,extreme_movers,gained,1963 Marvel The Amazing Spider-Man #1 gained 68.8%,"1963 Marvel The Amazing Spider-Man #1 gained 68.8% during 2024Q1, ranking in the top of 134 eligible assets.",asset,rally-spider1,1963 Marvel The Amazing Spider-Man #1,comics,64.73,0.95,The measured result is unusual relative to the available point-in-time comparison set.,"The engine identifies coincidence and extremeness, not causation.",68.8%
96dfd12ef9f6,2024Q1,2024-01-01,2024-03-28,2024-03-28,contemporaneous,extreme_movers,gained,1965 Alfa Romeo Giulia SS gained 61.5%,"1965 Alfa Romeo Giulia SS gained 61.5% during 2024Q1, ranking in the top of 134 eligible assets.",asset,rally-65ag1,1965 Alfa Romeo Giulia SS,cars,64.23,0.95,The measured result is unusual relative to the available point-in-time comparison set.,"The engine identifies coincidence and extremeness, not causation.",61.5%
9c91150e6c9f,2024Q1,2024-01-01,2024-03-28,2024-03-28,contemporaneous,extreme_movers,gained,1991 Mitsubishi 3000GT VR-4 gained 58.3%,"1991 Mitsubishi 3000GT VR-4 gained 58.3% during 2024Q1, ranking in the top of 134 eligible assets.",asset,rally-91mv1,1991 Mitsubishi 3000GT VR-4,cars,63.73,0.95,The measured result is unusual relative to the available point-in-time comparison set.,"The engine identifies coincidence and extremeness, not causation.",58.3%
626a69a12670,2024Q1,2024-01-01,2024-03-28,2024-03-28,contemporaneous,drawdown_recovery,deep_drawdown,Theodore Roosevelt - African Game Trails (Signed First Edition) ended 2024Q1 67.1% below its prior peak.,Theodore Roosevelt - African Game Trails (Signed First Edition) ended 2024Q1 67.1% below its prior peak.,asset,rally-roosevelt,Theodore Roosevelt - African Game Trails (Signed First Edition),books,63.38,1.0,The measured result is unusual relative to the available point-in-time comparison set.,"The engine identifies coincidence and extremeness, not causation.",-67.1%
f478f6368523,2024Q1,2024-01-01,2024-03-28,2024-03-28,contemporaneous,drawdown_recovery,deep_drawdown,"Shakespeare - Comedies, Histories & Tragedies ended 2024Q1 66.5% below its prior peak.","Shakespeare - Comedies, Histories & Tragedies ended 2024Q1 66.5% below its prior peak.",asset,rally-shkspr4,"Shakespeare - Comedies, Histories & Tragedies",books,63.0,1.0,The measured result is unusual relative to the available point-in-time comparison set.,"The engine identifies coincidence and extremeness, not causation.",-66.5%
0d928c977928,2024Q1,2024-01-01,2024-03-28,2024-03-28,contemporaneous,benchmark_divergence,spy_divergence,Domino's Pizza Special Edition Rolex Air-King diverged from SPY by +61.9%,"Domino's Pizza Special Edition Rolex Air-King returned +72.3% while SPY returned +10.4%, a +61.9% spread in 2024Q1.",asset,rally-dominos,Domino's Pizza Special Edition Rolex Air-King,watches,42.3,0.72,The measured result is unusual relative to the available point-in-time comparison set.,"The engine identifies coincidence and extremeness, not causation.",72.3%
5ac1d1cbf0e4,2024Q1,2024-01-01,2024-03-28,2024-03-28,contemporaneous,benchmark_divergence,spy_divergence,1941 Timely Comics Captain America Comics #3 diverged from SPY by +64.6%,"1941 Timely Comics Captain America Comics #3 returned +75.0% while SPY returned +10.4%, a +64.6% spread in 2024Q1.",asset,rally-captain3,1941 Timely Comics Captain America Comics #3,comics,42.3,0.72,The measured result is unusual relative to the available point-in-time comparison set.,"The engine identifies coincidence and extremeness, not causation.",75.0%
c68bc73c7090,2024Q1,2024-01-01,2024-03-28,2024-03-28,contemporaneous,benchmark_divergence,spy_divergence,1965 Alfa Romeo Giulia SS diverged from SPY by +51.1%,"1965 Alfa Romeo Giulia SS returned +61.5% while SPY returned +10.4%, a +51.1% spread in 2024Q1.",asset,rally-65ag1,1965 Alfa Romeo Giulia SS,cars,42.3,0.72,The measured result is unusual relative to the available point-in-time comparison set.,"The engine identifies coincidence and extremeness, not causation.",61.5%
e7e8d0b3cd8c,2024Q1,2024-01-01,2024-03-28,2024-03-28,contemporaneous,benchmark_divergence,spy_divergence,1963 Marvel The Amazing Spider-Man #1 diverged from SPY by +58.4%,"1963 Marvel The Amazing Spider-Man #1 returned +68.8% while SPY returned +10.4%, a +58.4% spread in 2024Q1.",asset,rally-spider1,1963 Marvel The Amazing Spider-Man #1,comics,42.3,0.72,The measured result is unusual relative to the available point-in-time comparison set.,"The engine identifies coincidence and extremeness, not causation.",68.8%
32988d1e29b7,2024Q1,2024-01-01,2024-03-28,2024-03-28,contemporaneous,category,category_return,Cars averaged +30.3%,Cars assets averaged a +30.3% return in 2024Q1 across 20 eligible assets.,category,category:cars,category:cars,cars,41.4,1.0,The measured result is unusual relative to the available point-in-time comparison set.,"The engine identifies coincidence and extremeness, not causation.",30.3%
168d28e8929d,2024Q1,2024-01-01,2024-03-28,2024-03-28,contemporaneous,cross_asset_contrast,category_pair,A 71.1% split inside art,"Within art, Tom Sachs Rocket Factory “Game Changer” beat 1966 Grateful Dead Skeleton and Roses Poster by 71.1% in 2024Q1.",asset,rally-sachs1,Tom Sachs Rocket Factory “Game Changer”,art,40.28,0.65,The measured result is unusual relative to the available point-in-time comparison set.,"The engine identifies coincidence and extremeness, not causation.",71.1%
90543662e47a,2024Q1,2024-01-01,2024-03-28,2024-03-28,contemporaneous,cross_asset_contrast,category_pair,A 91.4% split inside books,"Within books, Frank Herbert - Dune (Inscribed First Edition) beat Theodore Roosevelt - African Game Trails (Signed First Edition) by 91.4% in 2024Q1.",asset,rally-dune,Frank Herbert - Dune (Inscribed First Edition),books,40.28,0.65,The measured result is unusual relative to the available point-in-time comparison set.,"The engine identifies coincidence and extremeness, not causation.",91.4%
029dde27e07a,2024Q1,2024-01-01,2024-03-28,2024-03-28,contemporaneous,exit_buyout,realized_exit,J.K. Rowling's Harry Potter and the Philosopher's Stone recorded a confirmed +84.0% exit return in 2024Q1.,J.K. Rowling's Harry Potter and the Philosopher's Stone recorded a confirmed +84.0% exit return in 2024Q1.,asset,rally-potter,J.K. Rowling's Harry Potter and the Philosopher's Stone,books,40.24,0.9,The measured result is unusual relative to the available point-in-time comparison set.,"The engine identifies coincidence and extremeness, not causation.",84.0%
48ee583bc6b5,2024Q1,2024-01-01,2024-03-28,2024-03-28,contemporaneous,cross_asset_contrast,category_pair,A 54.8% split inside wine and whiskey,"Within wine and whiskey, Pappy Van Winkle Bourbon Assortment beat 1938 Macallan Red Ribbon Whisky by 54.8% in 2024Q1.",asset,rally-pappy1,Pappy Van Winkle Bourbon Assortment,wine and whiskey,37.69,0.65,The measured result is unusual relative to the available point-in-time comparison set.,"The engine identifies coincidence and extremeness, not causation.",54.8%
ddd9212d918e,2024Q1,2024-01-01,2024-03-28,2024-03-28,contemporaneous,cross_asset_contrast,category_pair,A 46.2% split inside fossils,"Within fossils, Megalodon Fossil beat Deaton Triceratops Skull by 46.2% in 2024Q1.",asset,rally-megalodon,Megalodon Fossil,fossils,33.44,0.65,The measured result is unusual relative to the available point-in-time comparison set.,"The engine identifies coincidence and extremeness, not causation.",46.2%
dcb83fcdc6c1,2024Q2,2024-04-01,2024-06-28,2024-06-28,contemporaneous,extreme_movers,lost,1961 Jaguar E-Type lost 55.2%,"1961 Jaguar E-Type lost 55.2% during 2024Q2, ranking in the bottom of 133 eligible assets.",asset,rally-61je1,1961 Jaguar E-Type,cars,65.23,0.95,The measured result is unusual relative to the available point-in-time comparison set.,"The engine identifies coincidence and extremeness, not causation.",-55.2%
78b8df3108c9,2024Q2,2024-04-01,2024-06-28,2024-06-28,contemporaneous,drawdown_recovery,deep_drawdown,1940 DC Comics Batman #2 ended 2024Q2 74.1% below its prior peak.,1940 DC Comics Batman #2 ended 2024Q2 74.1% below its prior peak.,asset,rally-batman2,1940 DC Comics Batman #2,comics,65.1,1.0,The measured result is unusual relative to the available point-in-time comparison set.,"The engine identifies coincidence and extremeness, not causation.",-74.1%
8e2368a19c03,2024Q2,2024-04-01,2024-06-28,2024-06-28,contemporaneous,drawdown_recovery,deep_drawdown,1941 DC Comics Batman #6 ended 2024Q2 71.6% below its prior peak.,1941 DC Comics Batman #6 ended 2024Q2 71.6% below its prior peak.,asset,rally-batman6,1941 DC Comics Batman #6,comics,65.1,1.0,The measured result is unusual relative to the available point-in-time comparison set.,"The engine identifies coincidence and extremeness, not causation.",-71.6%
2e1473e09609,2024Q2,2024-04-01,2024-06-28,2024-06-28,contemporaneous,drawdown_recovery,deep_drawdown,Robert Frost - A Boy's Will (First Edition) ended 2024Q2 69.7% below its prior peak.,Robert Frost - A Boy's Will (First Edition) ended 2024Q2 69.7% below its prior peak.,asset,rally-frost,Robert Frost - A Boy's Will (First Edition),books,64.92,1.0,The measured result is unusual relative to the available point-in-time comparison set.,"The engine identifies coincidence and extremeness, not causation.",-69.7%
f3c13f14bd0f,2024Q2,2024-04-01,2024-06-28,2024-06-28,contemporaneous,extreme_movers,gained,Herman Melville - Moby-Dick (First Edition) gained 45.3%,"Herman Melville - Moby-Dick (First Edition) gained 45.3% during 2024Q2, ranking in the top of 133 eligible assets.",asset,rally-mobydick,Herman Melville - Moby-Dick (First Edition),books,64.08,0.95,The measured result is unusual relative to the available point-in-time comparison set.,"The engine identifies coincidence and extremeness, not causation.",45.3%
3e58f0a503eb,2024Q2,2024-04-01,2024-06-28,2024-06-28,contemporaneous,drawdown_recovery,deep_drawdown,Theodore Roosevelt - African Game Trails (Signed First Edition) ended 2024Q2 67.6% below its prior peak.,Theodore Roosevelt - African Game Trails (Signed First Edition) ended 2024Q2 67.6% below its prior peak.,asset,rally-roosevelt,Theodore Roosevelt - African Game Trails (Signed First Edition),books,63.68,1.0,The measured result is unusual relative to the available point-in-time comparison set.,"The engine identifies coincidence and extremeness, not causation.",-67.6%
705cf99ba07b,2024Q2,2024-04-01,2024-06-28,2024-06-28,contemporaneous,drawdown_recovery,deep_drawdown,1964 Marvel The Amazing Spider-Man #10 ended 2024Q2 66.9% below its prior peak.,1964 Marvel The Amazing Spider-Man #10 ended 2024Q2 66.9% below its prior peak.,asset,rally-spider10,1964 Marvel The Amazing Spider-Man #10,comics,63.27,1.0,The measured result is unusual relative to the available point-in-time comparison set.,"The engine identifies coincidence and extremeness, not causation.",-66.9%
0db24c22e3d9,2024Q2,2024-04-01,2024-06-28,2024-06-28,contemporaneous,extreme_movers,lost,1992 Lancia Delta Martini 5 lost 42.7%,"1992 Lancia Delta Martini 5 lost 42.7% during 2024Q2, ranking in the bottom of 133 eligible assets.",asset,rally-92ld1,1992 Lancia Delta Martini 5,cars,62.15,0.95,The measured result is unusual relative to the available point-in-time comparison set.,"The engine identifies coincidence and extremeness, not causation.",-42.7%
a5d8f7016ec7,2024Q2,2024-04-01,2024-06-28,2024-06-28,contemporaneous,extreme_movers,gained,"1967 Andy Warhol Marilyn Monroe Print, Signed gained 40.8%","1967 Andy Warhol Marilyn Monroe Print, Signed gained 40.8% during 2024Q2, ranking in the top of 133 eligible assets.",asset,rally-warhol1,"1967 Andy Warhol Marilyn Monroe Print, Signed",art,61.97,0.95,The measured result is unusual relative to the available point-in-time comparison set.,"The engine identifies coincidence and extremeness, not causation.",40.8%
d9784f717ebc,2024Q2,2024-04-01,2024-06-28,2024-06-28,contemporaneous,extreme_movers,gained,John Steinbeck - The Grapes of Wrath (Inscribed First Edition) gained 40.0%,"John Steinbeck - The Grapes of Wrath (Inscribed First Edition) gained 40.0% during 2024Q2, ranking in the top of 133 eligible assets.",asset,rally-grapes,John Steinbeck - The Grapes of Wrath (Inscribed First Edition),books,61.19,0.95,The measured result is unusual relative to the available point-in-time comparison set.,"The engine identifies coincidence and extremeness, not causation.",40.0%
ebd109e2e31b,2024Q2,2024-04-01,2024-06-28,2024-06-28,contemporaneous,benchmark_divergence,spy_divergence,1961 Jaguar E-Type diverged from SPY by -59.6%,"1961 Jaguar E-Type returned -55.2% while SPY returned +4.4%, a -59.6% spread in 2024Q2.",asset,rally-61je1,1961 Jaguar E-Type,cars,42.3,0.72,The measured result is unusual relative to the available point-in-time comparison set.,"The engine identifies coincidence and extremeness, not causation.",-55.2%
b4d90dd86915,2024Q2,2024-04-01,2024-06-28,2024-06-28,contemporaneous,benchmark_divergence,spy_divergence,1992 Lancia Delta Martini 5 diverged from SPY by -47.1%,"1992 Lancia Delta Martini 5 returned -42.7% while SPY returned +4.4%, a -47.1% spread in 2024Q2.",asset,rally-92ld1,1992 Lancia Delta Martini 5,cars,40.53,0.72,The measured result is unusual relative to the available point-in-time comparison set.,"The engine identifies coincidence and extremeness, not causation.",-42.7%
85ad0c0d52cc,2024Q2,2024-04-01,2024-06-28,2024-06-28,contemporaneous,cross_asset_contrast,category_pair,A 61.8% split inside comics,"Within comics, 1975 Marvel X-Men #94 beat 1974 Marvel The Incredible Hulk #180 by 61.8% in 2024Q2.",asset,rally-xmen94,1975 Marvel X-Men #94,comics,40.28,0.65,The measured result is unusual relative to the available point-in-time comparison set.,"The engine identifies coincidence and extremeness, not causation.",61.8%
bddb492091c2,2024Q2,2024-04-01,2024-06-28,2024-06-28,contemporaneous,cross_asset_contrast,category_pair,A 83.7% split inside books,"Within books, Herman Melville - Moby-Dick (First Edition) beat Aldous Huxley - Brave New World (First Edition) by 83.7% in 2024Q2.",asset,rally-mobydick,Herman Melville - Moby-Dick (First Edition),books,40.28,0.65,The measured result is unusual relative to the available point-in-time comparison set.,"The engine identifies coincidence and extremeness, not causation.",83.7%
bde30cd6c314,2024Q2,2024-04-01,2024-06-28,2024-06-28,contemporaneous,cross_asset_contrast,category_pair,A 74.1% split inside art,"Within art, 1967 Andy Warhol Marilyn Monroe Print, Signed beat Tom Sachs Rocket Factory “Game Changer” by 74.1% in 2024Q2.",asset,rally-warhol1,"1967 Andy Warhol Marilyn Monroe Print, Signed",art,40.28,0.65,The measured result is unusual relative to the available point-in-time comparison set.,"The engine identifies coincidence and extremeness, not causation.",74.1%
d3cc5152cd14,2024Q2,2024-04-01,2024-06-28,2024-06-28,contemporaneous,cross_asset_contrast,category_pair,A 89.5% split inside cars,"Within cars, 1983 Ferrari 512 BBi beat 1961 Jaguar E-Type by 89.5% in 2024Q2.",asset,rally-83fb1,1983 Ferrari 512 BBi,cars,40.28,0.65,The measured result is unusual relative to the available point-in-time comparison set.,"The engine identifies coincidence and extremeness, not causation.",89.5%
1fd552f96a33,2024Q2,2024-04-01,2024-06-28,2024-06-28,contemporaneous,benchmark_divergence,spy_divergence,Aldous Huxley - Brave New World (First Edition) diverged from SPY by -42.8%,"Aldous Huxley - Brave New World (First Edition) returned -38.4% while SPY returned +4.4%, a -42.8% spread in 2024Q2.",asset,rally-newworld,Aldous Huxley - Brave New World (First Edition),books,37.86,0.72,The measured result is unusual relative to the available point-in-time comparison set.,"The engine identifies coincidence and extremeness, not causation.",-38.4%
3156f1ba9ab8,2024Q2,2024-04-01,2024-06-28,2024-06-28,contemporaneous,cross_asset_contrast,category_pair,A 52.9% split inside wine and whiskey,"Within wine and whiskey, Macallan 30-Year-Old Blue Label Scotch Whisky beat Pappy Van Winkle Bourbon Assortment by 52.9% in 2024Q2.",asset,rally-macallan1,Macallan 30-Year-Old Blue Label Scotch Whisky,wine and whiskey,36.74,0.65,The measured result is unusual relative to the available point-in-time comparison set.,"The engine identifies coincidence and extremeness, not causation.",52.9%
2c79f323486f,2024Q2,2024-04-01,2024-06-28,2024-06-28,contemporaneous,category,category_return,Watches averaged -8.1%,Watches assets averaged a -8.1% return in 2024Q2 across 11 eligible assets.,category,category:watches,category:watches,watches,28.24,1.0,The measured result is unusual relative to the available point-in-time comparison set.,"The engine identifies coincidence and extremeness, not causation.",-8.1%
08583aea4e7b,2024Q2,2024-04-01,2024-06-28,2024-06-28,contemporaneous,category,category_return,Wine And Whiskey averaged -4.7%,Wine And Whiskey assets averaged a -4.7% return in 2024Q2 across 17 eligible assets.,category,category:wine and whiskey,category:wine and whiskey,wine and whiskey,26.23,1.0,The measured result is unusual relative to the available point-in-time comparison set.,"The engine identifies coincidence and extremeness, not causation.",-4.7%
9315d11305f9,2024Q3,2024-07-01,2024-09-30,2024-09-30,contemporaneous,extreme_movers,gained,Robert Frost - A Boy's Will (First Edition) gained 115.8%,"Robert Frost - A Boy's Will (First Edition) gained 115.8% during 2024Q3, ranking in the top of 133 eligible assets.",asset,rally-frost,Robert Frost - A Boy's Will (First Edition),books,65.73,0.95,The measured result is unusual relative to the available point-in-time comparison set.,"The engine identifies coincidence and extremeness, not causation.",115.8%
789c252bc64e,2024Q3,2024-07-01,2024-09-30,2024-09-30,contemporaneous,extreme_movers,gained,Tom Sachs Rocket Factory “Game Changer” gained 75.0%,"Tom Sachs Rocket Factory “Game Changer” gained 75.0% during 2024Q3, ranking in the top of 133 eligible assets.",asset,rally-sachs1,Tom Sachs Rocket Factory “Game Changer”,art,65.23,0.95,The measured result is unusual relative to the available point-in-time comparison set.,"The engine identifies coincidence and extremeness, not causation.",75.0%
1b9aa81627f0,2024Q3,2024-07-01,2024-09-30,2024-09-30,contemporaneous,drawdown_recovery,deep_drawdown,1941 DC Comics Batman #6 ended 2024Q3 78.0% below its prior peak.,1941 DC Comics Batman #6 ended 2024Q3 78.0% below its prior peak.,asset,rally-batman6,1941 DC Comics Batman #6,comics,65.1,1.0,The measured result is unusual relative to the available point-in-time comparison set.,"The engine identifies coincidence and extremeness, not causation.",-78.0%
4d6a5aa16c7e,2024Q3,2024-07-01,2024-09-30,2024-09-30,contemporaneous,drawdown_recovery,deep_drawdown,Theodore Roosevelt - African Game Trails (Signed First Edition) ended 2024Q3 79.9% below its prior peak.,Theodore Roosevelt - African Game Trails (Signed First Edition) ended 2024Q3 79.9% below its prior peak.,asset,rally-roosevelt,Theodore Roosevelt - African Game Trails (Signed First Edition),books,65.1,1.0,The measured result is unusual relative to the available point-in-time comparison set.,"The engine identifies coincidence and extremeness, not causation.",-79.9%
605a542bf1e8,2024Q3,2024-07-01,2024-09-30,2024-09-30,contemporaneous,extreme_movers,gained,1961 Jaguar E-Type gained 68.4%,"1961 Jaguar E-Type gained 68.4% during 2024Q3, ranking in the top of 133 eligible assets.",asset,rally-61je1,1961 Jaguar E-Type,cars,64.72,0.95,The measured result is unusual relative to the available point-in-time comparison set.,"The engine identifies coincidence and extremeness, not causation.",68.4%
290d7994f628,2024Q3,2024-07-01,2024-09-30,2024-09-30,contemporaneous,drawdown_recovery,deep_drawdown,Charles Dickens - A Tale of Two Cities (First Edition) ended 2024Q3 68.6% below its prior peak.,Charles Dickens - A Tale of Two Cities (First Edition) ended 2024Q3 68.6% below its prior peak.,asset,rally-twocities,Charles Dickens - A Tale of Two Cities (First Edition),books,64.27,1.0,The measured result is unusual relative to the available point-in-time comparison set.,"The engine identifies coincidence and extremeness, not causation.",-68.6%
28017ec3c56c,2024Q3,2024-07-01,2024-09-30,2024-09-30,contemporaneous,drawdown_recovery,deep_drawdown,1940 DC Comics Batman #2 ended 2024Q3 68.5% below its prior peak.,1940 DC Comics Batman #2 ended 2024Q3 68.5% below its prior peak.,asset,rally-batman2,1940 DC Comics Batman #2,comics,64.22,1.0,The measured result is unusual relative to the available point-in-time comparison set.,"The engine identifies coincidence and extremeness, not causation.",-68.5%
36b64d2f2fe9,2024Q3,2024-07-01,2024-09-30,2024-09-30,contemporaneous,extreme_movers,gained,Helen Keller 1892 Book (Inscribed) gained 50.0%,"Helen Keller 1892 Book (Inscribed) gained 50.0% during 2024Q3, ranking in the top of 133 eligible assets.",asset,rally-keller,Helen Keller 1892 Book (Inscribed),books,64.22,0.95,The measured result is unusual relative to the available point-in-time comparison set.,"The engine identifies coincidence and extremeness, not causation.",50.0%
9b1ec10b94ff,2024Q3,2024-07-01,2024-09-30,2024-09-30,contemporaneous,drawdown_recovery,deep_drawdown,Journals of the Continental Congress (1774–1775) ended 2024Q3 67.7% below its prior peak.,Journals of the Continental Congress (1774–1775) ended 2024Q3 67.7% below its prior peak.,asset,rally-congress,Journals of the Continental Congress (1774–1775),books,63.73,1.0,The measured result is unusual relative to the available point-in-time comparison set.,"The engine identifies coincidence and extremeness, not causation.",-67.7%
1080a61d9dad,2024Q3,2024-07-01,2024-09-30,2024-09-30,contemporaneous,extreme_movers,gained,Macallan 40-Year-Old Whisky gained 48.8%,"Macallan 40-Year-Old Whisky gained 48.8% during 2024Q3, ranking in the top of 133 eligible assets.",asset,rally-macallan2,Macallan 40-Year-Old Whisky,wine and whiskey,63.28,0.95,The measured result is unusual relative to the available point-in-time comparison set.,"The engine identifies coincidence and extremeness, not causation.",48.8%
15a1e430e03e,2024Q3,2024-07-01,2024-09-30,2024-09-30,contemporaneous,benchmark_divergence,spy_divergence,Tom Sachs Rocket Factory “Game Changer” diverged from SPY by +69.2%,"Tom Sachs Rocket Factory “Game Changer” returned +75.0% while SPY returned +5.8%, a +69.2% spread in 2024Q3.",asset,rally-sachs1,Tom Sachs Rocket Factory “Game Changer”,art,42.3,0.72,The measured result is unusual relative to the available point-in-time comparison set.,"The engine identifies coincidence and extremeness, not causation.",75.0%
600982853d1c,2024Q3,2024-07-01,2024-09-30,2024-09-30,contemporaneous,benchmark_divergence,spy_divergence,Robert Frost - A Boy's Will (First Edition) diverged from SPY by +110.0%,"Robert Frost - A Boy's Will (First Edition) returned +115.8% while SPY returned +5.8%, a +110.0% spread in 2024Q3.",asset,rally-frost,Robert Frost - A Boy's Will (First Edition),books,42.3,0.72,The measured result is unusual relative to the available point-in-time comparison set.,"The engine identifies coincidence and extremeness, not causation.",115.8%
b50287a2663b,2024Q3,2024-07-01,2024-09-30,2024-09-30,contemporaneous,benchmark_divergence,spy_divergence,1961 Jaguar E-Type diverged from SPY by +62.6%,"1961 Jaguar E-Type returned +68.4% while SPY returned +5.8%, a +62.6% spread in 2024Q3.",asset,rally-61je1,1961 Jaguar E-Type,cars,42.3,0.72,The measured result is unusual relative to the available point-in-time comparison set.,"The engine identifies coincidence and extremeness, not causation.",68.4%
b6ee8ab8e07e,2024Q3,2024-07-01,2024-09-30,2024-09-30,contemporaneous,cross_asset_contrast,category_pair,A 76.1% split inside wine and whiskey,"Within wine and whiskey, Macallan 40-Year-Old Whisky beat Macallan 30-Year-Old Blue Label Scotch Whisky by 76.1% in 2024Q3.",asset,rally-macallan2,Macallan 40-Year-Old Whisky,wine and whiskey,40.28,0.65,The measured result is unusual relative to the available point-in-time comparison set.,"The engine identifies coincidence and extremeness, not causation.",76.1%
ffff54c6eefa,2024Q3,2024-07-01,2024-09-30,2024-09-30,contemporaneous,benchmark_divergence,spy_divergence,Helen Keller 1892 Book (Inscribed) diverged from SPY by +44.2%,"Helen Keller 1892 Book (Inscribed) returned +50.0% while SPY returned +5.8%, a +44.2% spread in 2024Q3.",asset,rally-keller,Helen Keller 1892 Book (Inscribed),books,38.78,0.72,The measured result is unusual relative to the available point-in-time comparison set.,"The engine identifies coincidence and extremeness, not causation.",50.0%
f451e03ce9bd,2024Q3,2024-07-01,2024-09-30,2024-09-30,contemporaneous,cross_asset_contrast,category_pair,A 53.3% split inside comics,"Within comics, 1964 Marvel The Amazing Spider-Man #10 beat 1963 Marvel The Amazing Spider-Man #1 by 53.3% in 2024Q3.",asset,rally-spider10,1964 Marvel The Amazing Spider-Man #10,comics,36.96,0.65,The measured result is unusual relative to the available point-in-time comparison set.,"The engine identifies coincidence and extremeness, not causation.",53.3%
067aa666a276,2024Q3,2024-07-01,2024-09-30,2024-09-30,contemporaneous,exit_buyout,realized_exit,"Hamilton, Madison, and Jay's The Federalist, First Edition recorded a confirmed +30.0% exit return in 2024Q3.","Hamilton, Madison, and Jay's The Federalist, First Edition recorded a confirmed +30.0% exit return in 2024Q3.",asset,rally-federal,"Hamilton, Madison, and Jay's The Federalist, First Edition",books,30.31,0.9,The measured result is unusual relative to the available point-in-time comparison set.,"The engine identifies coincidence and extremeness, not causation.",30.0%
513f4b5afdd6,2024Q3,2024-07-01,2024-09-30,2024-09-30,contemporaneous,category,category_return,Watches averaged +8.0%,Watches assets averaged a +8.0% return in 2024Q3 across 11 eligible assets.,category,category:watches,category:watches,watches,28.2,1.0,The measured result is unusual relative to the available point-in-time comparison set.,"The engine identifies coincidence and extremeness, not causation.",8.0%
efd1bc7557d5,2024Q3,2024-07-01,2024-09-30,2024-09-30,contemporaneous,dispersion_breadth,market_breadth,Only 50% of eligible assets rose,50% of 133 eligible assets rose in 2024Q3; the mean return was +3.2% versus a +0.0% median.,market,rally-market,rally-market,,28.15,1.0,The measured result is unusual relative to the available point-in-time comparison set.,"The engine identifies coincidence and extremeness, not causation.",49.6%
96380afbd704,2024Q3,2024-07-01,2024-09-30,2024-09-30,contemporaneous,liquidity_staleness,stale_mark,A 97-day-old price mark,"Jack Kerouac - On the Road (Signed First Edition)'s latest usable mark was 97 days old at 2024Q3 end, limiting volatility and return interpretation.",asset,rally-kerouac,Jack Kerouac - On the Road (Signed First Edition),books,24.86,0.652,The measured result is unusual relative to the available point-in-time comparison set.,"The engine identifies coincidence and extremeness, not causation.",97
303ffb769ccf,2024Q4,2024-10-01,2024-12-31,2024-12-31,contemporaneous,extreme_movers,gained,Dr. Jekyll and Mr. Hyde (First Edition) gained 66.7%,"Dr. Jekyll and Mr. Hyde (First Edition) gained 66.7% during 2024Q4, ranking in the top of 133 eligible assets.",asset,rally-jekyll,Dr. Jekyll and Mr. Hyde (First Edition),books,65.73,0.95,The measured result is unusual relative to the available point-in-time comparison set.,"The engine identifies coincidence and extremeness, not causation.",66.7%
2dd8a943c4a2,2024Q4,2024-10-01,2024-12-31,2024-12-31,contemporaneous,extreme_movers,gained,Theodore Roosevelt - African Game Trails (Signed First Edition) gained 61.5%,"Theodore Roosevelt - African Game Trails (Signed First Edition) gained 61.5% during 2024Q4, ranking in the top of 133 eligible assets.",asset,rally-roosevelt,Theodore Roosevelt - African Game Trails (Signed First Edition),books,65.23,0.95,The measured result is unusual relative to the available point-in-time comparison set.,"The engine identifies coincidence and extremeness, not causation.",61.5%
935fb7aaa9e4,2024Q4,2024-10-01,2024-12-31,2024-12-31,contemporaneous,drawdown_recovery,deep_drawdown,1963 Marvel The Amazing Spider-Man #1 ended 2024Q4 75.6% below its prior peak.,1963 Marvel The Amazing Spider-Man #1 ended 2024Q4 75.6% below its prior peak.,asset,rally-spider1,1963 Marvel The Amazing Spider-Man #1,comics,65.1,1.0,The measured result is unusual relative to the available point-in-time comparison set.,"The engine identifies coincidence and extremeness, not causation.",-75.6%
bc1741dd4b42,2024Q4,2024-10-01,2024-12-31,2024-12-31,contemporaneous,drawdown_recovery,deep_drawdown,1941 DC Comics Batman #6 ended 2024Q4 80.5% below its prior peak.,1941 DC Comics Batman #6 ended 2024Q4 80.5% below its prior peak.,asset,rally-batman6,1941 DC Comics Batman #6,comics,65.1,1.0,The measured result is unusual relative to the available point-in-time comparison set.,"The engine identifies coincidence and extremeness, not causation.",-80.5%
16ff2fb505bd,2024Q4,2024-10-01,2024-12-31,2024-12-31,contemporaneous,extreme_movers,gained,Mosasaur gained 56.2%,"Mosasaur gained 56.2% during 2024Q4, ranking in the top of 133 eligible assets.",asset,rally-mosasaur,Mosasaur,fossils,64.72,0.95,The measured result is unusual relative to the available point-in-time comparison set.,"The engine identifies coincidence and extremeness, not causation.",56.2%
adb5ab11dd70,2024Q4,2024-10-01,2024-12-31,2024-12-31,contemporaneous,drawdown_recovery,deep_drawdown,Charles Dickens - A Tale of Two Cities (First Edition) ended 2024Q4 68.6% below its prior peak.,Charles Dickens - A Tale of Two Cities (First Edition) ended 2024Q4 68.6% below its prior peak.,asset,rally-twocities,Charles Dickens - A Tale of Two Cities (First Edition),books,64.27,1.0,The measured result is unusual relative to the available point-in-time comparison set.,"The engine identifies coincidence and extremeness, not causation.",-68.6%
45f90d3078b3,2024Q4,2024-10-01,2024-12-31,2024-12-31,contemporaneous,drawdown_recovery,deep_drawdown,Theodore Roosevelt - African Game Trails (Signed First Edition) ended 2024Q4 67.5% below its prior peak.,Theodore Roosevelt - African Game Trails (Signed First Edition) ended 2024Q4 67.5% below its prior peak.,asset,rally-roosevelt,Theodore Roosevelt - African Game Trails (Signed First Edition),books,63.6,1.0,The measured result is unusual relative to the available point-in-time comparison set.,"The engine identifies coincidence and extremeness, not causation.",-67.5%
8539065e0480,2024Q4,2024-10-01,2024-12-31,2024-12-31,contemporaneous,drawdown_recovery,deep_drawdown,1940 DC Comics Batman #2 ended 2024Q4 65.8% below its prior peak.,1940 DC Comics Batman #2 ended 2024Q4 65.8% below its prior peak.,asset,rally-batman2,1940 DC Comics Batman #2,comics,62.58,1.0,The measured result is unusual relative to the available point-in-time comparison set.,"The engine identifies coincidence and extremeness, not causation.",-65.8%
63dc7dd04d8f,2024Q4,2024-10-01,2024-12-31,2024-12-31,contemporaneous,extreme_movers,lost,1974 Marvel The Amazing Spider-Man #129 lost 40.0%,"1974 Marvel The Amazing Spider-Man #129 lost 40.0% during 2024Q4, ranking in the bottom of 133 eligible assets.",asset,rally-spider129,1974 Marvel The Amazing Spider-Man #129,comics,61.69,0.95,The measured result is unusual relative to the available point-in-time comparison set.,"The engine identifies coincidence and extremeness, not causation.",-40.0%
eab899df1ca7,2024Q4,2024-10-01,2024-12-31,2024-12-31,contemporaneous,extreme_movers,gained,Megalodon Fossil gained 40.0%,"Megalodon Fossil gained 40.0% during 2024Q4, ranking in the top of 133 eligible assets.",asset,rally-megalodon,Megalodon Fossil,fossils,60.69,0.95,The measured result is unusual relative to the available point-in-time comparison set.,"The engine identifies coincidence and extremeness, not causation.",40.0%
2eb0d2f2666c,2024Q4,2024-10-01,2024-12-31,2024-12-31,contemporaneous,benchmark_divergence,spy_divergence,Dr. Jekyll and Mr. Hyde (First Edition) diverged from SPY by +64.2%,"Dr. Jekyll and Mr. Hyde (First Edition) returned +66.7% while SPY returned +2.5%, a +64.2% spread in 2024Q4.",asset,rally-jekyll,Dr. Jekyll and Mr. Hyde (First Edition),books,42.3,0.72,The measured result is unusual relative to the available point-in-time comparison set.,"The engine identifies coincidence and extremeness, not causation.",66.7%
48868de5f623,2024Q4,2024-10-01,2024-12-31,2024-12-31,contemporaneous,benchmark_divergence,spy_divergence,Mosasaur diverged from SPY by +53.7%,"Mosasaur returned +56.2% while SPY returned +2.5%, a +53.7% spread in 2024Q4.",asset,rally-mosasaur,Mosasaur,fossils,42.3,0.72,The measured result is unusual relative to the available point-in-time comparison set.,"The engine identifies coincidence and extremeness, not causation.",56.2%
40b2bf75abd1,2024Q4,2024-10-01,2024-12-31,2024-12-31,contemporaneous,cross_asset_contrast,category_pair,A 64.3% split inside wine and whiskey,"Within wine and whiskey, 2005 Château Latour beat Macallan 40-Year-Old Whisky by 64.3% in 2024Q4.",asset,rally-05latour,2005 Château Latour,wine and whiskey,40.28,0.65,The measured result is unusual relative to the available point-in-time comparison set.,"The engine identifies coincidence and extremeness, not causation.",64.3%
9904359e6986,2024Q4,2024-10-01,2024-12-31,2024-12-31,contemporaneous,benchmark_divergence,spy_divergence,1974 Marvel The Amazing Spider-Man #129 diverged from SPY by -42.5%,"1974 Marvel The Amazing Spider-Man #129 returned -40.0% while SPY returned +2.5%, a -42.5% spread in 2024Q4.",asset,rally-spider129,1974 Marvel The Amazing Spider-Man #129,comics,37.7,0.72,The measured result is unusual relative to the available point-in-time comparison set.,"The engine identifies coincidence and extremeness, not causation.",-40.0%
5962ff2c1887,2024Q4,2024-10-01,2024-12-31,2024-12-31,contemporaneous,cross_asset_contrast,category_pair,A 51.4% split inside art,"Within art, 1969 Andy Warhol Campbell’s Soup Print, Signed beat Tom Sachs Rocket Factory “Game Changer” by 51.4% in 2024Q4.",asset,rally-warhol2,"1969 Andy Warhol Campbell’s Soup Print, Signed",art,36.0,0.65,The measured result is unusual relative to the available point-in-time comparison set.,"The engine identifies coincidence and extremeness, not causation.",51.4%
2e73f902043d,2024Q4,2024-10-01,2024-12-31,2024-12-31,contemporaneous,cross_asset_contrast,category_pair,A 51.1% split inside comics,"Within comics, 1941 DC Comics Detective Comics #58 beat 1974 Marvel The Amazing Spider-Man #129 by 51.1% in 2024Q4.",asset,rally-penguin,1941 DC Comics Detective Comics #58,comics,35.86,0.65,The measured result is unusual relative to the available point-in-time comparison set.,"The engine identifies coincidence and extremeness, not causation.",51.1%
81af60acd983,2024Q4,2024-10-01,2024-12-31,2024-12-31,contemporaneous,cross_asset_contrast,category_pair,A 38.0% split inside cars,"Within cars, 1999 Shelby Series 1 beat 1994 Ferrari 348 Spider by 38.0% in 2024Q4.",asset,rally-99ss1,1999 Shelby Series 1,cars,29.32,0.65,The measured result is unusual relative to the available point-in-time comparison set.,"The engine identifies coincidence and extremeness, not causation.",38.0%
fdc05131ec6a,2024Q4,2024-10-01,2024-12-31,2024-12-31,contemporaneous,cross_asset_contrast,category_pair,A 37.3% split inside precious minerals,"Within precious minerals, 172 GM Gold Nugget beat Lunar Meteorite by 37.3% in 2024Q4.",asset,rally-gold1,172 GM Gold Nugget,precious minerals,28.99,0.65,The measured result is unusual relative to the available point-in-time comparison set.,"The engine identifies coincidence and extremeness, not causation.",37.3%
502155145dcf,2024Q4,2024-10-01,2024-12-31,2024-12-31,contemporaneous,category,category_return,Comics averaged -8.2%,Comics assets averaged a -8.2% return in 2024Q4 across 24 eligible assets.,category,category:comics,category:comics,comics,28.31,1.0,The measured result is unusual relative to the available point-in-time comparison set.,"The engine identifies coincidence and extremeness, not causation.",-8.2%
b5800246fd76,2024Q4,2024-10-01,2024-12-31,2024-12-31,contemporaneous,category,category_return,Fossils averaged +34.2%,Fossils assets averaged a +34.2% return in 2024Q4 across 3 eligible assets.,category,category:fossils,category:fossils,fossils,27.35,0.6,The measured result is unusual relative to the available point-in-time comparison set.,"The engine identifies coincidence and extremeness, not causation.",34.2%
3168db2fdc19,2025Q1,2025-01-01,2025-03-31,2025-03-31,contemporaneous,extreme_movers,gained,"Damien Hirst, The Currency, Painting gained 61.0%","Damien Hirst, The Currency, Painting gained 61.0% during 2025Q1, ranking in the top of 133 eligible assets.",asset,rally-hirst1,"Damien Hirst, The Currency, Painting",art,65.73,0.95,The measured result is unusual relative to the available point-in-time comparison set.,"The engine identifies coincidence and extremeness, not causation.",61.0%
3f0dba5c2353,2025Q1,2025-01-01,2025-03-31,2025-03-31,contemporaneous,extreme_movers,gained,Treasure Island (First Edition) gained 53.5%,"Treasure Island (First Edition) gained 53.5% during 2025Q1, ranking in the top of 133 eligible assets.",asset,rally-treasure,Treasure Island (First Edition),books,65.23,0.95,The measured result is unusual relative to the available point-in-time comparison set.,"The engine identifies coincidence and extremeness, not causation.",53.5%
2d5f826d32dc,2025Q1,2025-01-01,2025-03-31,2025-03-31,contemporaneous,drawdown_recovery,deep_drawdown,1963 Marvel The Amazing Spider-Man #1 ended 2025Q1 73.8% below its prior peak.,1963 Marvel The Amazing Spider-Man #1 ended 2025Q1 73.8% below its prior peak.,asset,rally-spider1,1963 Marvel The Amazing Spider-Man #1,comics,65.1,1.0,The measured result is unusual relative to the available point-in-time comparison set.,"The engine identifies coincidence and extremeness, not causation.",-73.8%
479d6c6a6af7,2025Q1,2025-01-01,2025-03-31,2025-03-31,contemporaneous,drawdown_recovery,deep_drawdown,1964 Marvel The Amazing Spider-Man #10 ended 2025Q1 70.7% below its prior peak.,1964 Marvel The Amazing Spider-Man #10 ended 2025Q1 70.7% below its prior peak.,asset,rally-spider10,1964 Marvel The Amazing Spider-Man #10,comics,65.1,1.0,The measured result is unusual relative to the available point-in-time comparison set.,"The engine identifies coincidence and extremeness, not causation.",-70.7%
4971f295bef5,2025Q1,2025-01-01,2025-03-31,2025-03-31,contemporaneous,drawdown_recovery,deep_drawdown,1940 DC Comics Batman #2 ended 2025Q1 79.9% below its prior peak.,1940 DC Comics Batman #2 ended 2025Q1 79.9% below its prior peak.,asset,rally-batman2,1940 DC Comics Batman #2,comics,65.1,1.0,The measured result is unusual relative to the available point-in-time comparison set.,"The engine identifies coincidence and extremeness, not causation.",-79.9%
57a5109298e3,2025Q1,2025-01-01,2025-03-31,2025-03-31,contemporaneous,drawdown_recovery,deep_drawdown,1941 DC Comics Batman #6 ended 2025Q1 78.4% below its prior peak.,1941 DC Comics Batman #6 ended 2025Q1 78.4% below its prior peak.,asset,rally-batman6,1941 DC Comics Batman #6,comics,65.1,1.0,The measured result is unusual relative to the available point-in-time comparison set.,"The engine identifies coincidence and extremeness, not causation.",-78.4%
47335e085970,2025Q1,2025-01-01,2025-03-31,2025-03-31,contemporaneous,extreme_movers,gained,"Isaac Asimov - I, Robot (First Edition) gained 50.0%","Isaac Asimov - I, Robot (First Edition) gained 50.0% during 2025Q1, ranking in the top of 133 eligible assets.",asset,rally-irobot,"Isaac Asimov - I, Robot (First Edition)",books,64.72,0.95,The measured result is unusual relative to the available point-in-time comparison set.,"The engine identifies coincidence and extremeness, not causation.",50.0%
121630e4394b,2025Q1,2025-01-01,2025-03-31,2025-03-31,contemporaneous,drawdown_recovery,deep_drawdown,Tom Sachs Rocket Factory “Game Changer” ended 2025Q1 84.0% below its prior peak.,Tom Sachs Rocket Factory “Game Changer” ended 2025Q1 84.0% below its prior peak.,asset,rally-sachs1,Tom Sachs Rocket Factory “Game Changer”,art,64.43,1.0,The measured result is unusual relative to the available point-in-time comparison set.,"The engine identifies coincidence and extremeness, not causation.",-84.0%
cbd123986332,2025Q1,2025-01-01,2025-03-31,2025-03-31,contemporaneous,extreme_movers,lost,Dr. Jekyll and Mr. Hyde (First Edition) lost 41.7%,"Dr. Jekyll and Mr. Hyde (First Edition) lost 41.7% during 2025Q1, ranking in the bottom of 133 eligible assets.",asset,rally-jekyll,Dr. Jekyll and Mr. Hyde (First Edition),books,62.28,0.95,The measured result is unusual relative to the available point-in-time comparison set.,"The engine identifies coincidence and extremeness, not causation.",-41.7%
e8cd9fadb8c8,2025Q1,2025-01-01,2025-03-31,2025-03-31,contemporaneous,extreme_movers,gained,1974 Marvel The Incredible Hulk #180 gained 42.9%,"1974 Marvel The Incredible Hulk #180 gained 42.9% during 2025Q1, ranking in the top of 133 eligible assets.",asset,rally-hulk180,1974 Marvel The Incredible Hulk #180,comics,61.7,0.95,The measured result is unusual relative to the available point-in-time comparison set.,"The engine identifies coincidence and extremeness, not causation.",42.9%
0008d92fa409,2025Q1,2025-01-01,2025-03-31,2025-03-31,contemporaneous,benchmark_divergence,spy_divergence,"Isaac Asimov - I, Robot (First Edition) diverged from SPY by +54.3%","Isaac Asimov - I, Robot (First Edition) returned +50.0% while SPY returned -4.3%, a +54.3% spread in 2025Q1.",asset,rally-irobot,"Isaac Asimov - I, Robot (First Edition)",books,42.3,0.72,The measured result is unusual relative to the available point-in-time comparison set.,"The engine identifies coincidence and extremeness, not causation.",50.0%
27e93d0429a2,2025Q1,2025-01-01,2025-03-31,2025-03-31,contemporaneous,benchmark_divergence,spy_divergence,Treasure Island (First Edition) diverged from SPY by +57.8%,"Treasure Island (First Edition) returned +53.5% while SPY returned -4.3%, a +57.8% spread in 2025Q1.",asset,rally-treasure,Treasure Island (First Edition),books,42.3,0.72,The measured result is unusual relative to the available point-in-time comparison set.,"The engine identifies coincidence and extremeness, not causation.",53.5%
e47128fe8e02,2025Q1,2025-01-01,2025-03-31,2025-03-31,contemporaneous,benchmark_divergence,spy_divergence,"Damien Hirst, The Currency, Painting diverged from SPY by +65.2%","Damien Hirst, The Currency, Painting returned +61.0% while SPY returned -4.3%, a +65.2% spread in 2025Q1.",asset,rally-hirst1,"Damien Hirst, The Currency, Painting",art,42.3,0.72,The measured result is unusual relative to the available point-in-time comparison set.,"The engine identifies coincidence and extremeness, not causation.",61.0%
d76394755f22,2025Q1,2025-01-01,2025-03-31,2025-03-31,contemporaneous,benchmark_divergence,spy_divergence,1974 Marvel The Incredible Hulk #180 diverged from SPY by +47.1%,"1974 Marvel The Incredible Hulk #180 returned +42.9% while SPY returned -4.3%, a +47.1% spread in 2025Q1.",asset,rally-hulk180,1974 Marvel The Incredible Hulk #180,comics,40.54,0.72,The measured result is unusual relative to the available point-in-time comparison set.,"The engine identifies coincidence and extremeness, not causation.",42.9%
ab79ce5495b1,2025Q1,2025-01-01,2025-03-31,2025-03-31,contemporaneous,cross_asset_contrast,category_pair,A 40.4% split inside fossils,"Within fossils, Megalodon Fossil beat Mosasaur by 40.4% in 2025Q1.",asset,rally-megalodon,Megalodon Fossil,fossils,30.55,0.65,The measured result is unusual relative to the available point-in-time comparison set.,"The engine identifies coincidence and extremeness, not causation.",40.4%
6b6cdb5cc88e,2025Q1,2025-01-01,2025-03-31,2025-03-31,contemporaneous,cross_asset_contrast,category_pair,A 40.0% split inside handbags,"Within handbags, Hermès 30cm Himalaya Birkin beat Hermès 35cm Bordeaux Crocodile Birkin by 40.0% in 2025Q1.",asset,rally-himalaya,Hermès 30cm Himalaya Birkin,handbags,30.36,0.65,The measured result is unusual relative to the available point-in-time comparison set.,"The engine identifies coincidence and extremeness, not causation.",40.0%
9cfc904c2568,2025Q1,2025-01-01,2025-03-31,2025-03-31,contemporaneous,cross_asset_contrast,category_pair,A 38.2% split inside cars,"Within cars, 1977 Lotus Esprit S1 beat 1972 Mazda Cosmo Sport by 38.2% in 2025Q1.",asset,rally-77le1,1977 Lotus Esprit S1,cars,29.43,0.65,The measured result is unusual relative to the available point-in-time comparison set.,"The engine identifies coincidence and extremeness, not causation.",38.2%
327938a4c3fb,2025Q1,2025-01-01,2025-03-31,2025-03-31,contemporaneous,cross_asset_contrast,category_pair,A 37.4% split inside watches,"Within watches, Omega Speedmaster Silver Snoopy beat 1979 Rolex Coral Stella Dial Day-Date by 37.4% in 2025Q1.",asset,rally-snoopy,Omega Speedmaster Silver Snoopy,watches,29.02,0.65,The measured result is unusual relative to the available point-in-time comparison set.,"The engine identifies coincidence and extremeness, not causation.",37.4%
fcf383c01713,2025Q1,2025-01-01,2025-03-31,2025-03-31,contemporaneous,category,category_return,Comics averaged -6.8%,Comics assets averaged a -6.8% return in 2025Q1 across 24 eligible assets.,category,category:comics,category:comics,comics,27.51,1.0,The measured result is unusual relative to the available point-in-time comparison set.,"The engine identifies coincidence and extremeness, not causation.",-6.8%
f0065d5d0b9e,2025Q1,2025-01-01,2025-03-31,2025-03-31,contemporaneous,dispersion_breadth,market_breadth,Only 34% of eligible assets rose,34% of 133 eligible assets rose in 2025Q1; the mean return was -1.2% versus a -0.8% median.,market,rally-market,rally-market,,25.94,1.0,The measured result is unusual relative to the available point-in-time comparison set.,"The engine identifies coincidence and extremeness, not causation.",33.8%
a55fa919af7c,2025Q2,2025-04-01,2025-06-30,2025-06-30,contemporaneous,extreme_movers,gained,Hermès 25cm Blue Lizard Birkin gained 120.1%,"Hermès 25cm Blue Lizard Birkin gained 120.1% during 2025Q2, ranking in the top of 133 eligible assets.",asset,rally-birkinblu,Hermès 25cm Blue Lizard Birkin,handbags,65.73,0.95,The measured result is unusual relative to the available point-in-time comparison set.,"The engine identifies coincidence and extremeness, not causation.",120.1%
0dd760b5a793,2025Q2,2025-04-01,2025-06-30,2025-06-30,contemporaneous,extreme_movers,gained,Dr. Jekyll and Mr. Hyde (First Edition) gained 68.6%,"Dr. Jekyll and Mr. Hyde (First Edition) gained 68.6% during 2025Q2, ranking in the top of 133 eligible assets.",asset,rally-jekyll,Dr. Jekyll and Mr. Hyde (First Edition),books,65.23,0.95,The measured result is unusual relative to the available point-in-time comparison set.,"The engine identifies coincidence and extremeness, not causation.",68.6%
2644e2750b7a,2025Q2,2025-04-01,2025-06-30,2025-06-30,contemporaneous,drawdown_recovery,deep_drawdown,1963 Marvel The Amazing Spider-Man #1 ended 2025Q2 72.1% below its prior peak.,1963 Marvel The Amazing Spider-Man #1 ended 2025Q2 72.1% below its prior peak.,asset,rally-spider1,1963 Marvel The Amazing Spider-Man #1,comics,65.1,1.0,The measured result is unusual relative to the available point-in-time comparison set.,"The engine identifies coincidence and extremeness, not causation.",-72.1%
7528a4aedd4f,2025Q2,2025-04-01,2025-06-30,2025-06-30,contemporaneous,drawdown_recovery,deep_drawdown,1940 DC Comics Batman #2 ended 2025Q2 79.9% below its prior peak.,1940 DC Comics Batman #2 ended 2025Q2 79.9% below its prior peak.,asset,rally-batman2,1940 DC Comics Batman #2,comics,65.1,1.0,The measured result is unusual relative to the available point-in-time comparison set.,"The engine identifies coincidence and extremeness, not causation.",-79.9%
874bc97aefa2,2025Q2,2025-04-01,2025-06-30,2025-06-30,contemporaneous,drawdown_recovery,deep_drawdown,1941 DC Comics Batman #6 ended 2025Q2 78.4% below its prior peak.,1941 DC Comics Batman #6 ended 2025Q2 78.4% below its prior peak.,asset,rally-batman6,1941 DC Comics Batman #6,comics,65.1,1.0,The measured result is unusual relative to the available point-in-time comparison set.,"The engine identifies coincidence and extremeness, not causation.",-78.4%
8a9c49626ae8,2025Q2,2025-04-01,2025-06-30,2025-06-30,contemporaneous,drawdown_recovery,deep_drawdown,Tom Sachs Rocket Factory “Game Changer” ended 2025Q2 84.5% below its prior peak.,Tom Sachs Rocket Factory “Game Changer” ended 2025Q2 84.5% below its prior peak.,asset,rally-sachs1,Tom Sachs Rocket Factory “Game Changer”,art,65.1,1.0,The measured result is unusual relative to the available point-in-time comparison set.,"The engine identifies coincidence and extremeness, not causation.",-84.5%
905d0315ffd6,2025Q2,2025-04-01,2025-06-30,2025-06-30,contemporaneous,drawdown_recovery,deep_drawdown,Megalodon Fossil ended 2025Q2 72.0% below its prior peak.,Megalodon Fossil ended 2025Q2 72.0% below its prior peak.,asset,rally-megalodon,Megalodon Fossil,fossils,65.1,1.0,The measured result is unusual relative to the available point-in-time comparison set.,"The engine identifies coincidence and extremeness, not causation.",-72.0%
9ff4c4ffe320,2025Q2,2025-04-01,2025-06-30,2025-06-30,contemporaneous,extreme_movers,gained,Hermès 30cm So Black Birkin gained 56.0%,"Hermès 30cm So Black Birkin gained 56.0% during 2025Q2, ranking in the top of 133 eligible assets.",asset,rally-soblack,Hermès 30cm So Black Birkin,handbags,64.72,0.95,The measured result is unusual relative to the available point-in-time comparison set.,"The engine identifies coincidence and extremeness, not causation.",56.0%
defe6fae45a1,2025Q2,2025-04-01,2025-06-30,2025-06-30,contemporaneous,extreme_movers,lost,1941 DC Comics Detective Comics #58 lost 45.9%,"1941 DC Comics Detective Comics #58 lost 45.9% during 2025Q2, ranking in the bottom of 133 eligible assets.",asset,rally-penguin,1941 DC Comics Detective Comics #58,comics,63.79,0.95,The measured result is unusual relative to the available point-in-time comparison set.,"The engine identifies coincidence and extremeness, not causation.",-45.9%
a70d7e72a6a3,2025Q2,2025-04-01,2025-06-30,2025-06-30,contemporaneous,extreme_movers,gained,1975 Marvel X-Men #94 gained 48.1%,"1975 Marvel X-Men #94 gained 48.1% during 2025Q2, ranking in the top of 133 eligible assets.",asset,rally-xmen94,1975 Marvel X-Men #94,comics,63.57,0.95,The measured result is unusual relative to the available point-in-time comparison set.,"The engine identifies coincidence and extremeness, not causation.",48.1%
3c1f39aa3e05,2025Q2,2025-04-01,2025-06-30,2025-06-30,contemporaneous,benchmark_divergence,spy_divergence,Dr. Jekyll and Mr. Hyde (First Edition) diverged from SPY by +57.8%,"Dr. Jekyll and Mr. Hyde (First Edition) returned +68.6% while SPY returned +10.8%, a +57.8% spread in 2025Q2.",asset,rally-jekyll,Dr. Jekyll and Mr. Hyde (First Edition),books,42.3,0.72,The measured result is unusual relative to the available point-in-time comparison set.,"The engine identifies coincidence and extremeness, not causation.",68.6%
89460072e8b6,2025Q2,2025-04-01,2025-06-30,2025-06-30,contemporaneous,benchmark_divergence,spy_divergence,Hermès 25cm Blue Lizard Birkin diverged from SPY by +109.3%,"Hermès 25cm Blue Lizard Birkin returned +120.1% while SPY returned +10.8%, a +109.3% spread in 2025Q2.",asset,rally-birkinblu,Hermès 25cm Blue Lizard Birkin,handbags,42.3,0.72,The measured result is unusual relative to the available point-in-time comparison set.,"The engine identifies coincidence and extremeness, not causation.",120.1%
ba5676b60797,2025Q2,2025-04-01,2025-06-30,2025-06-30,contemporaneous,benchmark_divergence,spy_divergence,1941 DC Comics Detective Comics #58 diverged from SPY by -56.7%,"1941 DC Comics Detective Comics #58 returned -45.9% while SPY returned +10.8%, a -56.7% spread in 2025Q2.",asset,rally-penguin,1941 DC Comics Detective Comics #58,comics,42.3,0.72,The measured result is unusual relative to the available point-in-time comparison set.,"The engine identifies coincidence and extremeness, not causation.",-45.9%
e41f5915218d,2025Q2,2025-04-01,2025-06-30,2025-06-30,contemporaneous,cross_asset_contrast,category_pair,A 94.1% split inside comics,"Within comics, 1975 Marvel X-Men #94 beat 1941 DC Comics Detective Comics #58 by 94.1% in 2025Q2.",asset,rally-xmen94,1975 Marvel X-Men #94,comics,40.28,0.65,The measured result is unusual relative to the available point-in-time comparison set.,"The engine identifies coincidence and extremeness, not causation.",94.1%
3166b1f2dcbf,2025Q2,2025-04-01,2025-06-30,2025-06-30,contemporaneous,benchmark_divergence,spy_divergence,Hermès 30cm So Black Birkin diverged from SPY by +45.3%,"Hermès 30cm So Black Birkin returned +56.0% while SPY returned +10.8%, a +45.3% spread in 2025Q2.",asset,rally-soblack,Hermès 30cm So Black Birkin,handbags,39.39,0.72,The measured result is unusual relative to the available point-in-time comparison set.,"The engine identifies coincidence and extremeness, not causation.",56.0%
90c795fc3081,2025Q2,2025-04-01,2025-06-30,2025-06-30,contemporaneous,category,category_return,Handbags averaged +30.4%,Handbags assets averaged a +30.4% return in 2025Q2 across 7 eligible assets.,category,category:handbags,category:handbags,handbags,34.41,0.8,The measured result is unusual relative to the available point-in-time comparison set.,"The engine identifies coincidence and extremeness, not causation.",30.4%
f1885625008b,2025Q2,2025-04-01,2025-06-30,2025-06-30,contemporaneous,cross_asset_contrast,category_pair,A 43.5% split inside watches,"Within watches, Domino's Pizza Special Edition Rolex Air-King beat DiMaggio 2 Watch by 43.5% in 2025Q2.",asset,rally-dominos,Domino's Pizza Special Edition Rolex Air-King,watches,32.1,0.65,The measured result is unusual relative to the available point-in-time comparison set.,"The engine identifies coincidence and extremeness, not causation.",43.5%
b0d2a6346ad6,2025Q2,2025-04-01,2025-06-30,2025-06-30,contemporaneous,exit_buyout,realized_exit,2017 Domaine Dujac Wine Collection recorded a confirmed +36.5% exit return in 2025Q2.,2017 Domaine Dujac Wine Collection recorded a confirmed +36.5% exit return in 2025Q2.,asset,rally-17dujac,2017 Domaine Dujac Wine Collection,wine and whiskey,31.94,0.9,The measured result is unusual relative to the available point-in-time comparison set.,"The engine identifies coincidence and extremeness, not causation.",36.5%
37a39e05dcdb,2025Q2,2025-04-01,2025-06-30,2025-06-30,contemporaneous,cross_asset_contrast,category_pair,A 41.7% split inside wine and whiskey,"Within wine and whiskey, Macallan 30-Year-Old Blue Label Scotch Whisky beat 2000 Château Mouton Rothschild by 41.7% in 2025Q2.",asset,rally-macallan1,Macallan 30-Year-Old Blue Label Scotch Whisky,wine and whiskey,31.2,0.65,The measured result is unusual relative to the available point-in-time comparison set.,"The engine identifies coincidence and extremeness, not causation.",41.7%
960c42e70c46,2025Q2,2025-04-01,2025-06-30,2025-06-30,contemporaneous,cross_asset_contrast,category_pair,A 38.3% split inside cars,"Within cars, 1965 Mustang Fastback beat 1983 Ferrari 512 BBi by 38.3% in 2025Q2.",asset,rally-65fm1,1965 Mustang Fastback,cars,29.49,0.65,The measured result is unusual relative to the available point-in-time comparison set.,"The engine identifies coincidence and extremeness, not causation.",38.3%
bc6e29ab647b,2025Q3,2025-07-01,2025-09-30,2025-09-30,contemporaneous,extreme_movers,gained,Tom Sachs Rocket Factory “Game Changer” gained 61.3%,"Tom Sachs Rocket Factory “Game Changer” gained 61.3% during 2025Q3, ranking in the top of 132 eligible assets.",asset,rally-sachs1,Tom Sachs Rocket Factory “Game Changer”,art,65.73,0.95,The measured result is unusual relative to the available point-in-time comparison set.,"The engine identifies coincidence and extremeness, not causation.",61.3%
4cf660aeb42c,2025Q3,2025-07-01,2025-09-30,2025-09-30,contemporaneous,extreme_movers,lost,Dr. Jekyll and Mr. Hyde (First Edition) lost 57.6%,"Dr. Jekyll and Mr. Hyde (First Edition) lost 57.6% during 2025Q3, ranking in the bottom of 132 eligible assets.",asset,rally-jekyll,Dr. Jekyll and Mr. Hyde (First Edition),books,65.22,0.95,The measured result is unusual relative to the available point-in-time comparison set.,"The engine identifies coincidence and extremeness, not causation.",-57.6%
7df17bb6dbcb,2025Q3,2025-07-01,2025-09-30,2025-09-30,contemporaneous,extreme_movers,gained,Hermès 35cm Picnic Kelly gained 53.8%,"Hermès 35cm Picnic Kelly gained 53.8% during 2025Q3, ranking in the top of 132 eligible assets.",asset,rally-picnic,Hermès 35cm Picnic Kelly,handbags,65.22,0.95,The measured result is unusual relative to the available point-in-time comparison set.,"The engine identifies coincidence and extremeness, not causation.",53.8%
0261d220b4c1,2025Q3,2025-07-01,2025-09-30,2025-09-30,contemporaneous,drawdown_recovery,deep_drawdown,1964 Marvel The Amazing Spider-Man #10 ended 2025Q3 72.7% below its prior peak.,1964 Marvel The Amazing Spider-Man #10 ended 2025Q3 72.7% below its prior peak.,asset,rally-spider10,1964 Marvel The Amazing Spider-Man #10,comics,65.1,1.0,The measured result is unusual relative to the available point-in-time comparison set.,"The engine identifies coincidence and extremeness, not causation.",-72.7%
188df95e83ce,2025Q3,2025-07-01,2025-09-30,2025-09-30,contemporaneous,drawdown_recovery,deep_drawdown,Theodore Roosevelt - African Game Trails (Signed First Edition) ended 2025Q3 80.0% below its prior peak.,Theodore Roosevelt - African Game Trails (Signed First Edition) ended 2025Q3 80.0% below its prior peak.,asset,rally-roosevelt,Theodore Roosevelt - African Game Trails (Signed First Edition),books,65.1,1.0,The measured result is unusual relative to the available point-in-time comparison set.,"The engine identifies coincidence and extremeness, not causation.",-80.0%
1ae1de0c9b24,2025Q3,2025-07-01,2025-09-30,2025-09-30,contemporaneous,drawdown_recovery,deep_drawdown,1941 DC Comics Batman #6 ended 2025Q3 75.7% below its prior peak.,1941 DC Comics Batman #6 ended 2025Q3 75.7% below its prior peak.,asset,rally-batman6,1941 DC Comics Batman #6,comics,65.1,1.0,The measured result is unusual relative to the available point-in-time comparison set.,"The engine identifies coincidence and extremeness, not causation.",-75.7%
207955b6581e,2025Q3,2025-07-01,2025-09-30,2025-09-30,contemporaneous,drawdown_recovery,deep_drawdown,Tom Sachs Rocket Factory “Game Changer” ended 2025Q3 75.0% below its prior peak.,Tom Sachs Rocket Factory “Game Changer” ended 2025Q3 75.0% below its prior peak.,asset,rally-sachs1,Tom Sachs Rocket Factory “Game Changer”,art,65.1,1.0,The measured result is unusual relative to the available point-in-time comparison set.,"The engine identifies coincidence and extremeness, not causation.",-75.0%
3e4ba565b710,2025Q3,2025-07-01,2025-09-30,2025-09-30,contemporaneous,drawdown_recovery,deep_drawdown,1940 DC Comics Batman #2 ended 2025Q3 80.6% below its prior peak.,1940 DC Comics Batman #2 ended 2025Q3 80.6% below its prior peak.,asset,rally-batman2,1940 DC Comics Batman #2,comics,65.1,1.0,The measured result is unusual relative to the available point-in-time comparison set.,"The engine identifies coincidence and extremeness, not causation.",-80.6%
677b05476c63,2025Q3,2025-07-01,2025-09-30,2025-09-30,contemporaneous,extreme_movers,lost,1965 Mustang Fastback lost 45.6%,"1965 Mustang Fastback lost 45.6% during 2025Q3, ranking in the bottom of 132 eligible assets.",asset,rally-65fm1,1965 Mustang Fastback,cars,63.17,0.95,The measured result is unusual relative to the available point-in-time comparison set.,"The engine identifies coincidence and extremeness, not causation.",-45.6%
462fbb9cb02f,2025Q3,2025-07-01,2025-09-30,2025-09-30,contemporaneous,extreme_movers,gained,1940 DC Comics Superman #6 gained 40.0%,"1940 DC Comics Superman #6 gained 40.0% during 2025Q3, ranking in the top of 132 eligible assets.",asset,rally-superman6,1940 DC Comics Superman #6,comics,61.18,0.95,The measured result is unusual relative to the available point-in-time comparison set.,"The engine identifies coincidence and extremeness, not causation.",40.0%
18b947547052,2025Q3,2025-07-01,2025-09-30,2025-09-30,contemporaneous,benchmark_divergence,spy_divergence,1965 Mustang Fastback diverged from SPY by -53.8%,"1965 Mustang Fastback returned -45.6% while SPY returned +8.1%, a -53.8% spread in 2025Q3.",asset,rally-65fm1,1965 Mustang Fastback,cars,42.3,0.72,The measured result is unusual relative to the available point-in-time comparison set.,"The engine identifies coincidence and extremeness, not causation.",-45.6%
a29241bdf824,2025Q3,2025-07-01,2025-09-30,2025-09-30,contemporaneous,benchmark_divergence,spy_divergence,Dr. Jekyll and Mr. Hyde (First Edition) diverged from SPY by -65.7%,"Dr. Jekyll and Mr. Hyde (First Edition) returned -57.6% while SPY returned +8.1%, a -65.7% spread in 2025Q3.",asset,rally-jekyll,Dr. Jekyll and Mr. Hyde (First Edition),books,42.3,0.72,The measured result is unusual relative to the available point-in-time comparison set.,"The engine identifies coincidence and extremeness, not causation.",-57.6%
738dab185b47,2025Q3,2025-07-01,2025-09-30,2025-09-30,contemporaneous,cross_asset_contrast,category_pair,A 69.6% split inside comics,"Within comics, 1940 DC Comics Superman #6 beat 1943 DC Comics Superman #21 by 69.6% in 2025Q3.",asset,rally-superman6,1940 DC Comics Superman #6,comics,40.28,0.65,The measured result is unusual relative to the available point-in-time comparison set.,"The engine identifies coincidence and extremeness, not causation.",69.6%
aa05584dc8b1,2025Q3,2025-07-01,2025-09-30,2025-09-30,contemporaneous,cross_asset_contrast,category_pair,A 76.1% split inside books,"Within books, Winston Churchill - The Second World War (Signed First Edition) beat Dr. Jekyll and Mr. Hyde (First Edition) by 76.1% in 2025Q3.",asset,rally-churchill,Winston Churchill - The Second World War (Signed First Edition),books,40.28,0.65,The measured result is unusual relative to the available point-in-time comparison set.,"The engine identifies coincidence and extremeness, not causation.",76.1%
11935368d60f,2025Q3,2025-07-01,2025-09-30,2025-09-30,contemporaneous,benchmark_divergence,spy_divergence,Theodore Roosevelt - African Game Trails (Signed First Edition) diverged from SPY by -46.6%,"Theodore Roosevelt - African Game Trails (Signed First Edition) returned -38.5% while SPY returned +8.1%, a -46.6% spread in 2025Q3.",asset,rally-roosevelt,Theodore Roosevelt - African Game Trails (Signed First Edition),books,40.21,0.72,The measured result is unusual relative to the available point-in-time comparison set.,"The engine identifies coincidence and extremeness, not causation.",-38.5%
af043b5f9be8,2025Q3,2025-07-01,2025-09-30,2025-09-30,contemporaneous,cross_asset_contrast,category_pair,A 53.8% split inside handbags,"Within handbags, Hermès 35cm Picnic Kelly beat Hermès 25cm Blue Lizard Birkin by 53.8% in 2025Q3.",asset,rally-picnic,Hermès 35cm Picnic Kelly,handbags,37.22,0.65,The measured result is unusual relative to the available point-in-time comparison set.,"The engine identifies coincidence and extremeness, not causation.",53.8%
a9e9b2853624,2025Q3,2025-07-01,2025-09-30,2025-09-30,contemporaneous,cross_asset_contrast,category_pair,A 52.0% split inside cars,"Within cars, 1992 Chevrolet Corvette ZR-1 beat 1965 Mustang Fastback by 52.0% in 2025Q3.",asset,rally-92cc1,1992 Chevrolet Corvette ZR-1,cars,36.31,0.65,The measured result is unusual relative to the available point-in-time comparison set.,"The engine identifies coincidence and extremeness, not causation.",52.0%
6a11ad6b1346,2025Q3,2025-07-01,2025-09-30,2025-09-30,contemporaneous,cross_asset_contrast,category_pair,A 49.0% split inside wine and whiskey,"Within wine and whiskey, 1938 Macallan Red Ribbon Whisky beat 2006 Giacomo Conterno Barolo Riserva Monfortino by 49.0% in 2025Q3.",asset,rally-macallan3,1938 Macallan Red Ribbon Whisky,wine and whiskey,34.83,0.65,The measured result is unusual relative to the available point-in-time comparison set.,"The engine identifies coincidence and extremeness, not causation.",49.0%
ca62371f4e2d,2025Q3,2025-07-01,2025-09-30,2025-09-30,contemporaneous,dispersion_breadth,market_breadth,Only 27% of eligible assets rose,27% of 132 eligible assets rose in 2025Q3; the mean return was -3.1% versus a -1.4% median.,market,rally-market,rally-market,,28.69,1.0,The measured result is unusual relative to the available point-in-time comparison set.,"The engine identifies coincidence and extremeness, not causation.",26.5%
6048a51b92fa,2025Q3,2025-07-01,2025-09-30,2025-09-30,contemporaneous,category,category_return,Cars averaged -8.4%,Cars assets averaged a -8.4% return in 2025Q3 across 20 eligible assets.,category,category:cars,category:cars,cars,28.44,1.0,The measured result is unusual relative to the available point-in-time comparison set.,"The engine identifies coincidence and extremeness, not causation.",-8.4%
f1bdbb2ba42e,2025Q4,2025-10-01,2025-12-31,2025-12-31,contemporaneous,extreme_movers,gained,172 GM Gold Nugget gained 192.7%,"172 GM Gold Nugget gained 192.7% during 2025Q4, ranking in the top of 130 eligible assets.",asset,rally-gold1,172 GM Gold Nugget,precious minerals,65.73,0.95,The measured result is unusual relative to the available point-in-time comparison set.,"The engine identifies coincidence and extremeness, not causation.",192.7%
6d7fe9b13d8d,2025Q4,2025-10-01,2025-12-31,2025-12-31,contemporaneous,extreme_movers,gained,Gone with the Wind (Inscribed First Printing) gained 110.5%,"Gone with the Wind (Inscribed First Printing) gained 110.5% during 2025Q4, ranking in the top of 130 eligible assets.",asset,rally-gwtw,Gone with the Wind (Inscribed First Printing),books,65.22,0.95,The measured result is unusual relative to the available point-in-time comparison set.,"The engine identifies coincidence and extremeness, not causation.",110.5%
e579c508b5e4,2025Q4,2025-10-01,2025-12-31,2025-12-31,contemporaneous,extreme_movers,lost,Allen Ginsberg - Howl and Other Poems (Inscribed First Edition) lost 49.9%,"Allen Ginsberg - Howl and Other Poems (Inscribed First Edition) lost 49.9% during 2025Q4, ranking in the bottom of 130 eligible assets.",asset,rally-aghowl,Allen Ginsberg - Howl and Other Poems (Inscribed First Edition),books,65.18,0.95,The measured result is unusual relative to the available point-in-time comparison set.,"The engine identifies coincidence and extremeness, not causation.",-49.9%
01c8cbc7cccb,2025Q4,2025-10-01,2025-12-31,2025-12-31,contemporaneous,drawdown_recovery,deep_drawdown,Theodore Roosevelt - African Game Trails (Signed First Edition) ended 2025Q4 79.8% below its prior peak.,Theodore Roosevelt - African Game Trails (Signed First Edition) ended 2025Q4 79.8% below its prior peak.,asset,rally-roosevelt,Theodore Roosevelt - African Game Trails (Signed First Edition),books,65.1,1.0,The measured result is unusual relative to the available point-in-time comparison set.,"The engine identifies coincidence and extremeness, not causation.",-79.8%
2df6a82560c0,2025Q4,2025-10-01,2025-12-31,2025-12-31,contemporaneous,drawdown_recovery,deep_drawdown,1963 Marvel The Amazing Spider-Man #1 ended 2025Q4 76.8% below its prior peak.,1963 Marvel The Amazing Spider-Man #1 ended 2025Q4 76.8% below its prior peak.,asset,rally-spider1,1963 Marvel The Amazing Spider-Man #1,comics,65.1,1.0,The measured result is unusual relative to the available point-in-time comparison set.,"The engine identifies coincidence and extremeness, not causation.",-76.8%
3da30a7f9764,2025Q4,2025-10-01,2025-12-31,2025-12-31,contemporaneous,drawdown_recovery,deep_drawdown,1973 Marvel Tomb of Dracula #10 ended 2025Q4 71.2% below its prior peak.,1973 Marvel Tomb of Dracula #10 ended 2025Q4 71.2% below its prior peak.,asset,rally-dracula10,1973 Marvel Tomb of Dracula #10,comics,65.1,1.0,The measured result is unusual relative to the available point-in-time comparison set.,"The engine identifies coincidence and extremeness, not causation.",-71.2%
5b2aace7cd7c,2025Q4,2025-10-01,2025-12-31,2025-12-31,contemporaneous,drawdown_recovery,deep_drawdown,Allen Ginsberg - Howl and Other Poems (Inscribed First Edition) ended 2025Q4 76.9% below its prior peak.,Allen Ginsberg - Howl and Other Poems (Inscribed First Edition) ended 2025Q4 76.9% below its prior peak.,asset,rally-aghowl,Allen Ginsberg - Howl and Other Poems (Inscribed First Edition),books,65.1,1.0,The measured result is unusual relative to the available point-in-time comparison set.,"The engine identifies coincidence and extremeness, not causation.",-76.9%
5b61fa6f4fad,2025Q4,2025-10-01,2025-12-31,2025-12-31,contemporaneous,drawdown_recovery,deep_drawdown,Jack Kerouac - On the Road (Signed First Edition) ended 2025Q4 72.2% below its prior peak.,Jack Kerouac - On the Road (Signed First Edition) ended 2025Q4 72.2% below its prior peak.,asset,rally-kerouac,Jack Kerouac - On the Road (Signed First Edition),books,65.1,1.0,The measured result is unusual relative to the available point-in-time comparison set.,"The engine identifies coincidence and extremeness, not causation.",-72.2%
154a902d8177,2025Q4,2025-10-01,2025-12-31,2025-12-31,contemporaneous,extreme_movers,gained,1959 DC Comics The Flash #105 gained 92.0%,"1959 DC Comics The Flash #105 gained 92.0% during 2025Q4, ranking in the top of 130 eligible assets.",asset,rally-59flash,1959 DC Comics The Flash #105,comics,64.7,0.95,The measured result is unusual relative to the available point-in-time comparison set.,"The engine identifies coincidence and extremeness, not causation.",92.0%
09430abf31d7,2025Q4,2025-10-01,2025-12-31,2025-12-31,contemporaneous,extreme_movers,gained,Dr. Jekyll and Mr. Hyde (First Edition) gained 80.0%,"Dr. Jekyll and Mr. Hyde (First Edition) gained 80.0% during 2025Q4, ranking in the top of 130 eligible assets.",asset,rally-jekyll,Dr. Jekyll and Mr. Hyde (First Edition),books,64.19,0.95,The measured result is unusual relative to the available point-in-time comparison set.,"The engine identifies coincidence and extremeness, not causation.",80.0%
1827447a7ae1,2025Q4,2025-10-01,2025-12-31,2025-12-31,contemporaneous,benchmark_divergence,spy_divergence,1959 DC Comics The Flash #105 diverged from SPY by +89.3%,"1959 DC Comics The Flash #105 returned +92.0% while SPY returned +2.7%, a +89.3% spread in 2025Q4.",asset,rally-59flash,1959 DC Comics The Flash #105,comics,42.3,0.72,The measured result is unusual relative to the available point-in-time comparison set.,"The engine identifies coincidence and extremeness, not causation.",92.0%
47f6812261fe,2025Q4,2025-10-01,2025-12-31,2025-12-31,contemporaneous,benchmark_divergence,spy_divergence,Gone with the Wind (Inscribed First Printing) diverged from SPY by +107.9%,"Gone with the Wind (Inscribed First Printing) returned +110.5% while SPY returned +2.7%, a +107.9% spread in 2025Q4.",asset,rally-gwtw,Gone with the Wind (Inscribed First Printing),books,42.3,0.72,The measured result is unusual relative to the available point-in-time comparison set.,"The engine identifies coincidence and extremeness, not causation.",110.5%
626690830a0d,2025Q4,2025-10-01,2025-12-31,2025-12-31,contemporaneous,benchmark_divergence,spy_divergence,172 GM Gold Nugget diverged from SPY by +190.0%,"172 GM Gold Nugget returned +192.7% while SPY returned +2.7%, a +190.0% spread in 2025Q4.",asset,rally-gold1,172 GM Gold Nugget,precious minerals,42.3,0.72,The measured result is unusual relative to the available point-in-time comparison set.,"The engine identifies coincidence and extremeness, not causation.",192.7%
8db9888496b5,2025Q4,2025-10-01,2025-12-31,2025-12-31,contemporaneous,benchmark_divergence,spy_divergence,Dr. Jekyll and Mr. Hyde (First Edition) diverged from SPY by +77.3%,"Dr. Jekyll and Mr. Hyde (First Edition) returned +80.0% while SPY returned +2.7%, a +77.3% spread in 2025Q4.",asset,rally-jekyll,Dr. Jekyll and Mr. Hyde (First Edition),books,42.3,0.72,The measured result is unusual relative to the available point-in-time comparison set.,"The engine identifies coincidence and extremeness, not causation.",80.0%
e4eb8945a2ea,2025Q4,2025-10-01,2025-12-31,2025-12-31,contemporaneous,cross_asset_contrast,category_pair,A 81.5% split inside cars,"Within cars, 1965 Mustang Fastback beat 1969 Boss 302 Mustang by 81.5% in 2025Q4.",asset,rally-65fm1,1965 Mustang Fastback,cars,40.28,0.65,The measured result is unusual relative to the available point-in-time comparison set.,"The engine identifies coincidence and extremeness, not causation.",81.5%
001a20ba400e,2025Q4,2025-10-01,2025-12-31,2025-12-31,contemporaneous,dispersion_breadth,market_breadth,Only 38% of eligible assets rose,38% of 130 eligible assets rose in 2025Q4; the mean return was +1.7% versus a -0.3% median.,market,rally-market,rally-market,,32.53,1.0,The measured result is unusual relative to the available point-in-time comparison set.,"The engine identifies coincidence and extremeness, not causation.",37.7%
3733a674dffc,2025Q4,2025-10-01,2025-12-31,2025-12-31,contemporaneous,cross_asset_contrast,category_pair,A 41.6% split inside watches,"Within watches, 1979 Rolex Coral Stella Dial Day-Date beat 1983 Rolex GMT-Master Nipple Dial by 41.6% in 2025Q4.",asset,rally-79stella,1979 Rolex Coral Stella Dial Day-Date,watches,31.12,0.65,The measured result is unusual relative to the available point-in-time comparison set.,"The engine identifies coincidence and extremeness, not causation.",41.6%
a7843057ecc8,2025Q4,2025-10-01,2025-12-31,2025-12-31,contemporaneous,category,category_return,Comics averaged -8.4%,Comics assets averaged a -8.4% return in 2025Q4 across 24 eligible assets.,category,category:comics,category:comics,comics,28.45,1.0,The measured result is unusual relative to the available point-in-time comparison set.,"The engine identifies coincidence and extremeness, not causation.",-8.4%
012adf2b6732,2025Q4,2025-10-01,2025-12-31,2025-12-31,contemporaneous,cross_asset_contrast,category_pair,A 35.0% split inside art,"Within art, Damien Hirst, The Currency, Painting beat 1977 Andy Warhol Pelé Polaroid by 35.0% in 2025Q4.",asset,rally-hirst1,"Damien Hirst, The Currency, Painting",art,27.85,0.65,The measured result is unusual relative to the available point-in-time comparison set.,"The engine identifies coincidence and extremeness, not causation.",35.0%
1cc8ccab7969,2025Q4,2025-10-01,2025-12-31,2025-12-31,contemporaneous,category,category_return,Precious Minerals averaged +101.7%,Precious Minerals assets averaged a +101.7% return in 2025Q4 across 2 eligible assets.,category,category:precious minerals,category:precious minerals,precious minerals,25.7,0.55,The measured result is unusual relative to the available point-in-time comparison set.,"The engine identifies coincidence and extremeness, not causation.",101.7%
a6596ae94640,2026Q1,2026-01-01,2026-03-31,2026-03-31,contemporaneous,extreme_movers,gained,George Orwell - Animal Farm (First Edition) gained 72.5%,"George Orwell - Animal Farm (First Edition) gained 72.5% during 2026Q1, ranking in the top of 130 eligible assets.",asset,rally-anmlfarm,George Orwell - Animal Farm (First Edition),books,65.73,0.95,The measured result is unusual relative to the available point-in-time comparison set.,"The engine identifies coincidence and extremeness, not causation.",72.5%
fb9dd4489c5b,2026Q1,2026-01-01,2026-03-31,2026-03-31,contemporaneous,extreme_movers,gained,1857 “Ship of Gold” Coin gained 62.1%,"1857 “Ship of Gold” Coin gained 62.1% during 2026Q1, ranking in the top of 130 eligible assets.",asset,rally-1857coin,1857 “Ship of Gold” Coin,coins,65.22,0.95,The measured result is unusual relative to the available point-in-time comparison set.,"The engine identifies coincidence and extremeness, not causation.",62.1%
089f05826235,2026Q1,2026-01-01,2026-03-31,2026-03-31,contemporaneous,drawdown_recovery,deep_drawdown,Allen Ginsberg - Howl and Other Poems (Inscribed First Edition) ended 2026Q1 84.6% below its prior peak.,Allen Ginsberg - Howl and Other Poems (Inscribed First Edition) ended 2026Q1 84.6% below its prior peak.,asset,rally-aghowl,Allen Ginsberg - Howl and Other Poems (Inscribed First Edition),books,65.1,1.0,The measured result is unusual relative to the available point-in-time comparison set.,"The engine identifies coincidence and extremeness, not causation.",-84.6%
35ccd350dabc,2026Q1,2026-01-01,2026-03-31,2026-03-31,contemporaneous,drawdown_recovery,deep_drawdown,1941 DC Comics Batman #6 ended 2026Q1 75.0% below its prior peak.,1941 DC Comics Batman #6 ended 2026Q1 75.0% below its prior peak.,asset,rally-batman6,1941 DC Comics Batman #6,comics,65.1,1.0,The measured result is unusual relative to the available point-in-time comparison set.,"The engine identifies coincidence and extremeness, not causation.",-75.0%
39e816c7025b,2026Q1,2026-01-01,2026-03-31,2026-03-31,contemporaneous,drawdown_recovery,deep_drawdown,1940 DC Comics Batman #2 ended 2026Q1 80.0% below its prior peak.,1940 DC Comics Batman #2 ended 2026Q1 80.0% below its prior peak.,asset,rally-batman2,1940 DC Comics Batman #2,comics,65.1,1.0,The measured result is unusual relative to the available point-in-time comparison set.,"The engine identifies coincidence and extremeness, not causation.",-80.0%
3a1ac79446fa,2026Q1,2026-01-01,2026-03-31,2026-03-31,contemporaneous,drawdown_recovery,deep_drawdown,Theodore Roosevelt - African Game Trails (Signed First Edition) ended 2026Q1 79.8% below its prior peak.,Theodore Roosevelt - African Game Trails (Signed First Edition) ended 2026Q1 79.8% below its prior peak.,asset,rally-roosevelt,Theodore Roosevelt - African Game Trails (Signed First Edition),books,65.1,1.0,The measured result is unusual relative to the available point-in-time comparison set.,"The engine identifies coincidence and extremeness, not causation.",-79.8%
74d275bde02d,2026Q1,2026-01-01,2026-03-31,2026-03-31,contemporaneous,drawdown_recovery,deep_drawdown,Tom Sachs Rocket Factory “Game Changer” ended 2026Q1 76.0% below its prior peak.,Tom Sachs Rocket Factory “Game Changer” ended 2026Q1 76.0% below its prior peak.,asset,rally-sachs1,Tom Sachs Rocket Factory “Game Changer”,art,65.1,1.0,The measured result is unusual relative to the available point-in-time comparison set.,"The engine identifies coincidence and extremeness, not causation.",-76.0%
7379196e6a29,2026Q1,2026-01-01,2026-03-31,2026-03-31,contemporaneous,extreme_movers,gained,1968 Marvel Silver Surfer #4 gained 60.3%,"1968 Marvel Silver Surfer #4 gained 60.3% during 2026Q1, ranking in the top of 130 eligible assets.",asset,rally-surfer4,1968 Marvel Silver Surfer #4,comics,64.7,0.95,The measured result is unusual relative to the available point-in-time comparison set.,"The engine identifies coincidence and extremeness, not causation.",60.3%
9fb5ce7e352d,2026Q1,2026-01-01,2026-03-31,2026-03-31,contemporaneous,extreme_movers,gained,John F. Kennedy - Profiles in Courage (Inscribed to Frank Sinatra) gained 55.7%,"John F. Kennedy - Profiles in Courage (Inscribed to Frank Sinatra) gained 55.7% during 2026Q1, ranking in the top of 130 eligible assets.",asset,rally-59jfk,John F. Kennedy - Profiles in Courage (Inscribed to Frank Sinatra),books,64.19,0.95,The measured result is unusual relative to the available point-in-time comparison set.,"The engine identifies coincidence and extremeness, not causation.",55.7%
099d69dd6d8e,2026Q1,2026-01-01,2026-03-31,2026-03-31,contemporaneous,extreme_movers,gained,1964 Marvel The Amazing Spider-Man #10 gained 52.5%,"1964 Marvel The Amazing Spider-Man #10 gained 52.5% during 2026Q1, ranking in the top of 130 eligible assets.",asset,rally-spider10,1964 Marvel The Amazing Spider-Man #10,comics,63.67,0.95,The measured result is unusual relative to the available point-in-time comparison set.,"The engine identifies coincidence and extremeness, not causation.",52.5%
22e29196cf1a,2026Q1,2026-01-01,2026-03-31,2026-03-31,contemporaneous,benchmark_divergence,spy_divergence,George Orwell - Animal Farm (First Edition) diverged from SPY by +76.9%,"George Orwell - Animal Farm (First Edition) returned +72.5% while SPY returned -4.4%, a +76.9% spread in 2026Q1.",asset,rally-anmlfarm,George Orwell - Animal Farm (First Edition),books,42.3,0.72,The measured result is unusual relative to the available point-in-time comparison set.,"The engine identifies coincidence and extremeness, not causation.",72.5%
42bb7739abc9,2026Q1,2026-01-01,2026-03-31,2026-03-31,contemporaneous,benchmark_divergence,spy_divergence,1857 “Ship of Gold” Coin diverged from SPY by +66.5%,"1857 “Ship of Gold” Coin returned +62.1% while SPY returned -4.4%, a +66.5% spread in 2026Q1.",asset,rally-1857coin,1857 “Ship of Gold” Coin,coins,42.3,0.72,The measured result is unusual relative to the available point-in-time comparison set.,"The engine identifies coincidence and extremeness, not causation.",62.1%
4877b688d4a9,2026Q1,2026-01-01,2026-03-31,2026-03-31,contemporaneous,benchmark_divergence,spy_divergence,John F. Kennedy - Profiles in Courage (Inscribed to Frank Sinatra) diverged from SPY by +60.0%,"John F. Kennedy - Profiles in Courage (Inscribed to Frank Sinatra) returned +55.7% while SPY returned -4.4%, a +60.0% spread in 2026Q1.",asset,rally-59jfk,John F. Kennedy - Profiles in Courage (Inscribed to Frank Sinatra),books,42.3,0.72,The measured result is unusual relative to the available point-in-time comparison set.,"The engine identifies coincidence and extremeness, not causation.",55.7%
e910b36db41b,2026Q1,2026-01-01,2026-03-31,2026-03-31,contemporaneous,benchmark_divergence,spy_divergence,1968 Marvel Silver Surfer #4 diverged from SPY by +64.7%,"1968 Marvel Silver Surfer #4 returned +60.3% while SPY returned -4.4%, a +64.7% spread in 2026Q1.",asset,rally-surfer4,1968 Marvel Silver Surfer #4,comics,42.3,0.72,The measured result is unusual relative to the available point-in-time comparison set.,"The engine identifies coincidence and extremeness, not causation.",60.3%
06039ffd9fca,2026Q1,2026-01-01,2026-03-31,2026-03-31,contemporaneous,cross_asset_contrast,category_pair,A 60.0% split inside wine and whiskey,"Within wine and whiskey, 2006 Giacomo Conterno Barolo Riserva Monfortino beat Macallan 40-Year-Old Whisky by 60.0% in 2026Q1.",asset,rally-06brm,2006 Giacomo Conterno Barolo Riserva Monfortino,wine and whiskey,40.28,0.65,The measured result is unusual relative to the available point-in-time comparison set.,"The engine identifies coincidence and extremeness, not causation.",60.0%
22d62d78fa55,2026Q1,2026-01-01,2026-03-31,2026-03-31,contemporaneous,cross_asset_contrast,category_pair,A 53.0% split inside art,"Within art, 1969 Andy Warhol Campbell’s Soup Print, Signed beat Tom Sachs Rocket Factory “Game Changer” by 53.0% in 2026Q1.",asset,rally-warhol2,"1969 Andy Warhol Campbell’s Soup Print, Signed",art,36.77,0.65,The measured result is unusual relative to the available point-in-time comparison set.,"The engine identifies coincidence and extremeness, not causation.",53.0%
a3a1b1b51bbc,2026Q1,2026-01-01,2026-03-31,2026-03-31,contemporaneous,cross_asset_contrast,category_pair,A 50.4% split inside watches,"Within watches, 1983 Rolex GMT-Master Nipple Dial beat Omega Speedmaster Silver Snoopy by 50.4% in 2026Q1.",asset,rally-gmtblack1,1983 Rolex GMT-Master Nipple Dial,watches,35.5,0.65,The measured result is unusual relative to the available point-in-time comparison set.,"The engine identifies coincidence and extremeness, not causation.",50.4%
5e6d1906a34e,2026Q1,2026-01-01,2026-03-31,2026-03-31,contemporaneous,category,category_return,Comics averaged +13.5%,Comics assets averaged a +13.5% return in 2026Q1 across 24 eligible assets.,category,category:comics,category:comics,comics,31.48,1.0,The measured result is unusual relative to the available point-in-time comparison set.,"The engine identifies coincidence and extremeness, not causation.",13.5%
f3f3912f118b,2026Q1,2026-01-01,2026-03-31,2026-03-31,contemporaneous,cross_asset_contrast,category_pair,A 41.3% split inside cars,"Within cars, 1992 Chevrolet Corvette ZR-1 beat 1991 Mitsubishi 3000GT VR-4 by 41.3% in 2026Q1.",asset,rally-92cc1,1992 Chevrolet Corvette ZR-1,cars,31.0,0.65,The measured result is unusual relative to the available point-in-time comparison set.,"The engine identifies coincidence and extremeness, not causation.",41.3%
ba4cb45a2f1f,2026Q1,2026-01-01,2026-03-31,2026-03-31,contemporaneous,dispersion_breadth,market_breadth,Only 43% of eligible assets rose,43% of 130 eligible assets rose in 2026Q1; the mean return was +4.2% versus a +0.0% median.,market,rally-market,rally-market,,29.87,1.0,The measured result is unusual relative to the available point-in-time comparison set.,"The engine identifies coincidence and extremeness, not causation.",43.1%
2087ea4f89aa,2026Q2,2026-04-01,2026-06-30,2026-06-30,contemporaneous,extreme_movers,gained,Allen Ginsberg - Howl and Other Poems (Inscribed First Edition) gained 199.4%,"Allen Ginsberg - Howl and Other Poems (Inscribed First Edition) gained 199.4% during 2026Q2, ranking in the top of 130 eligible assets.",asset,rally-aghowl,Allen Ginsberg - Howl and Other Poems (Inscribed First Edition),books,65.73,0.95,The measured result is unusual relative to the available point-in-time comparison set.,"The engine identifies coincidence and extremeness, not causation.",199.4%
3ab317f61f71,2026Q2,2026-04-01,2026-06-30,2026-06-30,contemporaneous,extreme_movers,lost,172 GM Gold Nugget lost 64.3%,"172 GM Gold Nugget lost 64.3% during 2026Q2, ranking in the bottom of 130 eligible assets.",asset,rally-gold1,172 GM Gold Nugget,precious minerals,65.22,0.95,The measured result is unusual relative to the available point-in-time comparison set.,"The engine identifies coincidence and extremeness, not causation.",-64.3%
da714ba41692,2026Q2,2026-04-01,2026-06-30,2026-06-30,contemporaneous,extreme_movers,gained,Lewis Carroll - Alice's Adventures in Wonderland (First Edition) gained 150.0%,"Lewis Carroll - Alice's Adventures in Wonderland (First Edition) gained 150.0% during 2026Q2, ranking in the top of 130 eligible assets.",asset,rally-alice,Lewis Carroll - Alice's Adventures in Wonderland (First Edition),books,65.22,0.95,The measured result is unusual relative to the available point-in-time comparison set.,"The engine identifies coincidence and extremeness, not causation.",150.0%
0acfa6ae1b49,2026Q2,2026-04-01,2026-06-30,2026-06-30,contemporaneous,drawdown_recovery,deep_drawdown,1940 DC Comics Batman #2 ended 2026Q2 79.9% below its prior peak.,1940 DC Comics Batman #2 ended 2026Q2 79.9% below its prior peak.,asset,rally-batman2,1940 DC Comics Batman #2,comics,65.1,1.0,The measured result is unusual relative to the available point-in-time comparison set.,"The engine identifies coincidence and extremeness, not causation.",-79.9%
358c0620b55e,2026Q2,2026-04-01,2026-06-30,2026-06-30,contemporaneous,drawdown_recovery,deep_drawdown,Megalodon Fossil ended 2026Q2 70.2% below its prior peak.,Megalodon Fossil ended 2026Q2 70.2% below its prior peak.,asset,rally-megalodon,Megalodon Fossil,fossils,65.1,1.0,The measured result is unusual relative to the available point-in-time comparison set.,"The engine identifies coincidence and extremeness, not causation.",-70.2%
47a8e7122882,2026Q2,2026-04-01,2026-06-30,2026-06-30,contemporaneous,drawdown_recovery,deep_drawdown,Jack Kerouac - On the Road (Signed First Edition) ended 2026Q2 70.2% below its prior peak.,Jack Kerouac - On the Road (Signed First Edition) ended 2026Q2 70.2% below its prior peak.,asset,rally-kerouac,Jack Kerouac - On the Road (Signed First Edition),books,65.1,1.0,The measured result is unusual relative to the available point-in-time comparison set.,"The engine identifies coincidence and extremeness, not causation.",-70.2%
5e7a6286eba1,2026Q2,2026-04-01,2026-06-30,2026-06-30,contemporaneous,drawdown_recovery,deep_drawdown,1941 DC Comics Batman #6 ended 2026Q2 76.5% below its prior peak.,1941 DC Comics Batman #6 ended 2026Q2 76.5% below its prior peak.,asset,rally-batman6,1941 DC Comics Batman #6,comics,65.1,1.0,The measured result is unusual relative to the available point-in-time comparison set.,"The engine identifies coincidence and extremeness, not causation.",-76.5%
8f7e9661aa20,2026Q2,2026-04-01,2026-06-30,2026-06-30,contemporaneous,drawdown_recovery,deep_drawdown,1973 Marvel Tomb of Dracula #10 ended 2026Q2 75.0% below its prior peak.,1973 Marvel Tomb of Dracula #10 ended 2026Q2 75.0% below its prior peak.,asset,rally-dracula10,1973 Marvel Tomb of Dracula #10,comics,65.1,1.0,The measured result is unusual relative to the available point-in-time comparison set.,"The engine identifies coincidence and extremeness, not causation.",-75.0%
328cef454bed,2026Q2,2026-04-01,2026-06-30,2026-06-30,contemporaneous,extreme_movers,gained,Theodore Roosevelt - African Game Trails (Signed First Edition) gained 144.4%,"Theodore Roosevelt - African Game Trails (Signed First Edition) gained 144.4% during 2026Q2, ranking in the top of 130 eligible assets.",asset,rally-roosevelt,Theodore Roosevelt - African Game Trails (Signed First Edition),books,64.7,0.95,The measured result is unusual relative to the available point-in-time comparison set.,"The engine identifies coincidence and extremeness, not causation.",144.4%
703deb1e2dd2,2026Q2,2026-04-01,2026-06-30,2026-06-30,contemporaneous,extreme_movers,gained,1959 DC Comics The Flash #105 gained 58.3%,"1959 DC Comics The Flash #105 gained 58.3% during 2026Q2, ranking in the top of 130 eligible assets.",asset,rally-59flash,1959 DC Comics The Flash #105,comics,64.19,0.95,The measured result is unusual relative to the available point-in-time comparison set.,"The engine identifies coincidence and extremeness, not causation.",58.3%
0853ce6685d2,2026Q2,2026-04-01,2026-06-30,2026-06-30,contemporaneous,benchmark_divergence,spy_divergence,Allen Ginsberg - Howl and Other Poems (Inscribed First Edition) diverged from SPY by +184.3%,"Allen Ginsberg - Howl and Other Poems (Inscribed First Edition) returned +199.4% while SPY returned +15.1%, a +184.3% spread in 2026Q2.",asset,rally-aghowl,Allen Ginsberg - Howl and Other Poems (Inscribed First Edition),books,42.3,0.72,The measured result is unusual relative to the available point-in-time comparison set.,"The engine identifies coincidence and extremeness, not causation.",199.4%
2bdffbe42b1f,2026Q2,2026-04-01,2026-06-30,2026-06-30,contemporaneous,benchmark_divergence,spy_divergence,Theodore Roosevelt - African Game Trails (Signed First Edition) diverged from SPY by +129.3%,"Theodore Roosevelt - African Game Trails (Signed First Edition) returned +144.4% while SPY returned +15.1%, a +129.3% spread in 2026Q2.",asset,rally-roosevelt,Theodore Roosevelt - African Game Trails (Signed First Edition),books,42.3,0.72,The measured result is unusual relative to the available point-in-time comparison set.,"The engine identifies coincidence and extremeness, not causation.",144.4%
319ceeb5eaaf,2026Q2,2026-04-01,2026-06-30,2026-06-30,contemporaneous,benchmark_divergence,spy_divergence,Lewis Carroll - Alice's Adventures in Wonderland (First Edition) diverged from SPY by +134.9%,"Lewis Carroll - Alice's Adventures in Wonderland (First Edition) returned +150.0% while SPY returned +15.1%, a +134.9% spread in 2026Q2.",asset,rally-alice,Lewis Carroll - Alice's Adventures in Wonderland (First Edition),books,42.3,0.72,The measured result is unusual relative to the available point-in-time comparison set.,"The engine identifies coincidence and extremeness, not causation.",150.0%
92f4e93f3a55,2026Q2,2026-04-01,2026-06-30,2026-06-30,contemporaneous,benchmark_divergence,spy_divergence,172 GM Gold Nugget diverged from SPY by -79.5%,"172 GM Gold Nugget returned -64.3% while SPY returned +15.1%, a -79.5% spread in 2026Q2.",asset,rally-gold1,172 GM Gold Nugget,precious minerals,42.3,0.72,The measured result is unusual relative to the available point-in-time comparison set.,"The engine identifies coincidence and extremeness, not causation.",-64.3%
3434b1246baa,2026Q2,2026-04-01,2026-06-30,2026-06-30,contemporaneous,cross_asset_contrast,category_pair,A 83.1% split inside comics,"Within comics, 1959 DC Comics The Flash #105 beat 1968 Marvel Silver Surfer #4 by 83.1% in 2026Q2.",asset,rally-59flash,1959 DC Comics The Flash #105,comics,40.28,0.65,The measured result is unusual relative to the available point-in-time comparison set.,"The engine identifies coincidence and extremeness, not causation.",83.1%
b6d7933dadcf,2026Q2,2026-04-01,2026-06-30,2026-06-30,contemporaneous,cross_asset_contrast,category_pair,A 55.0% split inside precious minerals,"Within precious minerals, Lunar Meteorite beat 172 GM Gold Nugget by 55.0% in 2026Q2.",asset,rally-meteorite,Lunar Meteorite,precious minerals,37.78,0.65,The measured result is unusual relative to the available point-in-time comparison set.,"The engine identifies coincidence and extremeness, not causation.",55.0%
0da66139c703,2026Q2,2026-04-01,2026-06-30,2026-06-30,contemporaneous,dispersion_breadth,market_breadth,Only 35% of eligible assets rose,35% of 130 eligible assets rose in 2026Q2; the mean return was +3.8% versus a +0.0% median.,market,rally-market,rally-market,,35.45,1.0,The measured result is unusual relative to the available point-in-time comparison set.,"The engine identifies coincidence and extremeness, not causation.",34.6%
f870cdf14c56,2026Q2,2026-04-01,2026-06-30,2026-06-30,contemporaneous,category,category_return,Books averaged +16.1%,Books assets averaged a +16.1% return in 2026Q2 across 40 eligible assets.,category,category:books,category:books,books,33.08,1.0,The measured result is unusual relative to the available point-in-time comparison set.,"The engine identifies coincidence and extremeness, not causation.",16.1%
b3669f61380c,2026Q2,2026-04-01,2026-06-30,2026-06-30,contemporaneous,cross_asset_contrast,category_pair,A 40.4% split inside watches,"Within watches, 1979 Rolex Coral Stella Dial Day-Date beat 1965 Rolex 1601 Datejust Joyera Riviera by 40.4% in 2026Q2.",asset,rally-79stella,1979 Rolex Coral Stella Dial Day-Date,watches,30.54,0.65,The measured result is unusual relative to the available point-in-time comparison set.,"The engine identifies coincidence and extremeness, not causation.",40.4%
ab75c165c8a3,2026Q2,2026-04-01,2026-06-30,2026-06-30,contemporaneous,cross_asset_contrast,category_pair,A 33.8% split inside coins,"Within coins, 1857 “Ship of Gold” Coin beat First Depiction of Christ on a Coin by 33.8% in 2026Q2.",asset,rally-1857coin,1857 “Ship of Gold” Coin,coins,27.26,0.65,The measured result is unusual relative to the available point-in-time comparison set.,"The engine identifies coincidence and extremeness, not causation.",33.8%
127cd6256dd7,2026Q3,2026-07-01,2026-07-23,2026-07-23,contemporaneous,extreme_movers,gained,J.R.R. Tolkien - The Lord of the Rings Trilogy (First Edition) gained 108.3%,"J.R.R. Tolkien - The Lord of the Rings Trilogy (First Edition) gained 108.3% during 2026Q3, ranking in the top of 130 eligible assets.",asset,rally-lotr,J.R.R. Tolkien - The Lord of the Rings Trilogy (First Edition),books,65.73,0.95,The measured result is unusual relative to the available point-in-time comparison set.,"The engine identifies coincidence and extremeness, not causation.",108.3%
25fea605ef4c,2026Q3,2026-07-01,2026-07-23,2026-07-23,contemporaneous,extreme_movers,gained,Aldous Huxley - Brave New World (First Edition) gained 96.6%,"Aldous Huxley - Brave New World (First Edition) gained 96.6% during 2026Q3, ranking in the top of 130 eligible assets.",asset,rally-newworld,Aldous Huxley - Brave New World (First Edition),books,65.22,0.95,The measured result is unusual relative to the available point-in-time comparison set.,"The engine identifies coincidence and extremeness, not causation.",96.6%
3b362e031604,2026Q3,2026-07-01,2026-07-23,2026-07-23,contemporaneous,drawdown_recovery,deep_drawdown,Megalodon Fossil ended 2026Q3 70.2% below its prior peak.,Megalodon Fossil ended 2026Q3 70.2% below its prior peak.,asset,rally-megalodon,Megalodon Fossil,fossils,65.1,1.0,The measured result is unusual relative to the available point-in-time comparison set.,"The engine identifies coincidence and extremeness, not causation.",-70.2%
42737352d775,2026Q3,2026-07-01,2026-07-23,2026-07-23,contemporaneous,drawdown_recovery,deep_drawdown,1973 Marvel Tomb of Dracula #10 ended 2026Q3 75.0% below its prior peak.,1973 Marvel Tomb of Dracula #10 ended 2026Q3 75.0% below its prior peak.,asset,rally-dracula10,1973 Marvel Tomb of Dracula #10,comics,65.1,1.0,The measured result is unusual relative to the available point-in-time comparison set.,"The engine identifies coincidence and extremeness, not causation.",-75.0%
4d43bee30534,2026Q3,2026-07-01,2026-07-23,2026-07-23,contemporaneous,drawdown_recovery,deep_drawdown,Tom Sachs Rocket Factory “Game Changer” ended 2026Q3 80.0% below its prior peak.,Tom Sachs Rocket Factory “Game Changer” ended 2026Q3 80.0% below its prior peak.,asset,rally-sachs1,Tom Sachs Rocket Factory “Game Changer”,art,65.1,1.0,The measured result is unusual relative to the available point-in-time comparison set.,"The engine identifies coincidence and extremeness, not causation.",-80.0%
7ad6f6c52d4e,2026Q3,2026-07-01,2026-07-23,2026-07-23,contemporaneous,drawdown_recovery,deep_drawdown,Jack Kerouac - On the Road (Signed First Edition) ended 2026Q3 70.2% below its prior peak.,Jack Kerouac - On the Road (Signed First Edition) ended 2026Q3 70.2% below its prior peak.,asset,rally-kerouac,Jack Kerouac - On the Road (Signed First Edition),books,65.1,1.0,The measured result is unusual relative to the available point-in-time comparison set.,"The engine identifies coincidence and extremeness, not causation.",-70.2%
8619e63a30dc,2026Q3,2026-07-01,2026-07-23,2026-07-23,contemporaneous,drawdown_recovery,deep_drawdown,1964 Marvel The Amazing Spider-Man #10 ended 2026Q3 71.9% below its prior peak.,1964 Marvel The Amazing Spider-Man #10 ended 2026Q3 71.9% below its prior peak.,asset,rally-spider10,1964 Marvel The Amazing Spider-Man #10,comics,65.1,1.0,The measured result is unusual relative to the available point-in-time comparison set.,"The engine identifies coincidence and extremeness, not causation.",-71.9%
f4ebe92524aa,2026Q3,2026-07-01,2026-07-23,2026-07-23,contemporaneous,extreme_movers,gained,The Tale of Peter Rabbit (First Edition) gained 93.9%,"The Tale of Peter Rabbit (First Edition) gained 93.9% during 2026Q3, ranking in the top of 130 eligible assets.",asset,rally-rabbit,The Tale of Peter Rabbit (First Edition),books,64.7,0.95,The measured result is unusual relative to the available point-in-time comparison set.,"The engine identifies coincidence and extremeness, not causation.",93.9%
a823caf9629e,2026Q3,2026-07-01,2026-07-23,2026-07-23,contemporaneous,extreme_movers,gained,Allen Ginsberg - Howl and Other Poems (Inscribed First Edition) gained 62.8%,"Allen Ginsberg - Howl and Other Poems (Inscribed First Edition) gained 62.8% during 2026Q3, ranking in the top of 130 eligible assets.",asset,rally-aghowl,Allen Ginsberg - Howl and Other Poems (Inscribed First Edition),books,64.19,0.95,The measured result is unusual relative to the available point-in-time comparison set.,"The engine identifies coincidence and extremeness, not causation.",62.8%
3e009ea2b7ca,2026Q3,2026-07-01,2026-07-23,2026-07-23,contemporaneous,extreme_movers,gained,Robert Frost - A Boy's Will (First Edition) gained 62.7%,"Robert Frost - A Boy's Will (First Edition) gained 62.7% during 2026Q3, ranking in the top of 130 eligible assets.",asset,rally-frost,Robert Frost - A Boy's Will (First Edition),books,63.67,0.95,The measured result is unusual relative to the available point-in-time comparison set.,"The engine identifies coincidence and extremeness, not causation.",62.7%
174bb5abe255,2026Q3,2026-07-01,2026-07-23,2026-07-23,contemporaneous,benchmark_divergence,spy_divergence,Allen Ginsberg - Howl and Other Poems (Inscribed First Edition) diverged from SPY by +64.0%,"Allen Ginsberg - Howl and Other Poems (Inscribed First Edition) returned +62.8% while SPY returned -1.2%, a +64.0% spread in 2026Q3.",asset,rally-aghowl,Allen Ginsberg - Howl and Other Poems (Inscribed First Edition),books,42.3,0.72,The measured result is unusual relative to the available point-in-time comparison set.,"The engine identifies coincidence and extremeness, not causation.",62.8%
a299506aaab9,2026Q3,2026-07-01,2026-07-23,2026-07-23,contemporaneous,benchmark_divergence,spy_divergence,J.R.R. Tolkien - The Lord of the Rings Trilogy (First Edition) diverged from SPY by +109.5%,"J.R.R. Tolkien - The Lord of the Rings Trilogy (First Edition) returned +108.3% while SPY returned -1.2%, a +109.5% spread in 2026Q3.",asset,rally-lotr,J.R.R. Tolkien - The Lord of the Rings Trilogy (First Edition),books,42.3,0.72,The measured result is unusual relative to the available point-in-time comparison set.,"The engine identifies coincidence and extremeness, not causation.",108.3%
a9588f09366b,2026Q3,2026-07-01,2026-07-23,2026-07-23,contemporaneous,benchmark_divergence,spy_divergence,The Tale of Peter Rabbit (First Edition) diverged from SPY by +95.0%,"The Tale of Peter Rabbit (First Edition) returned +93.9% while SPY returned -1.2%, a +95.0% spread in 2026Q3.",asset,rally-rabbit,The Tale of Peter Rabbit (First Edition),books,42.3,0.72,The measured result is unusual relative to the available point-in-time comparison set.,"The engine identifies coincidence and extremeness, not causation.",93.9%
cdebcf825b50,2026Q3,2026-07-01,2026-07-23,2026-07-23,contemporaneous,benchmark_divergence,spy_divergence,Aldous Huxley - Brave New World (First Edition) diverged from SPY by +97.8%,"Aldous Huxley - Brave New World (First Edition) returned +96.6% while SPY returned -1.2%, a +97.8% spread in 2026Q3.",asset,rally-newworld,Aldous Huxley - Brave New World (First Edition),books,42.3,0.72,The measured result is unusual relative to the available point-in-time comparison set.,"The engine identifies coincidence and extremeness, not causation.",96.6%
604f399a0f27,2026Q3,2026-07-01,2026-07-23,2026-07-23,contemporaneous,dispersion_breadth,market_breadth,Only 8% of eligible assets rose,8% of 130 eligible assets rose in 2026Q3; the mean return was +4.3% versus a +0.0% median.,market,rally-market,rally-market,,35.07,1.0,The measured result is unusual relative to the available point-in-time comparison set.,"The engine identifies coincidence and extremeness, not causation.",7.7%
09bc1f00f149,2026Q3,2026-07-01,2026-07-23,2026-07-23,contemporaneous,category,category_return,Books averaged +13.5%,Books assets averaged a +13.5% return in 2026Q3 across 40 eligible assets.,category,category:books,category:books,books,31.49,1.0,The measured result is unusual relative to the available point-in-time comparison set.,"The engine identifies coincidence and extremeness, not causation.",13.5%
b36ca84334b9,2026Q3,2026-07-01,2026-07-23,2026-07-23,contemporaneous,exit_buyout,realized_exit,J.D. Salinger's The Catcher in the Rye recorded a confirmed +11.8% exit return in 2026Q3.,J.D. Salinger's The Catcher in the Rye recorded a confirmed +11.8% exit return in 2026Q3.,asset,rally-catcher,J.D. Salinger's The Catcher in the Rye,books,25.8,0.9,The measured result is unusual relative to the available point-in-time comparison set.,"The engine identifies coincidence and extremeness, not causation.",11.8%
4011e29e4297,2026Q3,2026-07-01,2026-07-23,2026-07-23,contemporaneous,category,category_return,Comics averaged +0.7%,Comics assets averaged a +0.7% return in 2026Q3 across 24 eligible assets.,category,category:comics,category:comics,comics,23.84,1.0,The measured result is unusual relative to the available point-in-time comparison set.,"The engine identifies coincidence and extremeness, not causation.",0.7%
81a610bd684b,2026Q3,2026-07-01,2026-07-23,2026-07-23,contemporaneous,category,category_return,Cars averaged +0.0%,Cars assets averaged a +0.0% return in 2026Q3 across 20 eligible assets.,category,category:cars,category:cars,cars,23.4,1.0,The measured result is unusual relative to the available point-in-time comparison set.,"The engine identifies coincidence and extremeness, not causation.",0.0%
be351d21d595,2026Q3,2026-07-01,2026-07-23,2026-07-23,contemporaneous,category,category_return,Art averaged +0.0%,Art assets averaged a +0.0% return in 2026Q3 across 6 eligible assets.,category,category:art,category:art,art,16.15,0.75,The measured result is unusual relative to the available point-in-time comparison set.,"The engine identifies coincidence and extremeness, not causation.",0.0%
